critic/q_loss,critic/q_mean,critic/q_max,critic/q_min,actor/total_loss,actor/q_loss,actor/bc_loss,actor/entropy_loss,actor/mse,beta/beta_loss,beta/beta,encoder/encoder_loss,encoder/dot_mean,encoder/kl_target_mean,encoder/nll_raw_mean,step
452.5390625,-0.01119971927255392,0.09357224404811859,-0.108396515250206,-1.5354366302490234,-0.16842180490493774,9.694526672363281,-11.061541557312012,0.37805336713790894,19.372241973876953,0.9997000694274902,0.22545398771762848,0.054478488862514496,-0.4201442003250122,8.958333015441895,0
21.117626190185547,59.99422836303711,60.00230407714844,59.98462677001953,-65.96037292480469,-59.99925994873047,-8.704907417297363,2.7437946796417236,0.08211503177881241,3.8864853382110596,0.7989763617515564,0.16528365015983582,0.02791963703930378,0.4085659980773926,-8.88961124420166,1000
8.693720817565918,87.0037612915039,87.5919189453125,84.47727966308594,-93.6989974975586,-86.60734558105469,-11.412409782409668,4.320756912231445,0.06709139794111252,1.438583254814148,0.695681095123291,0.040999725461006165,0.6450883746147156,0.512844443321228,-11.673551559448242,2000
12.318552017211914,105.13735961914062,108.08030700683594,94.44146728515625,-111.55294036865234,-103.97936248779297,-12.858339309692383,5.2847580909729,0.0593014620244503,-0.05683012306690216,0.6466243863105774,0.023049086332321167,0.6119304895401001,0.5596380233764648,-12.999016761779785,3000
15.840356826782227,119.62079620361328,122.15181732177734,95.0500259399414,-126.19144439697266,-118.8177261352539,-12.747220993041992,5.373497009277344,0.060617826879024506,0.3665933609008789,0.6385819315910339,0.024285849183797836,0.5219048261642456,0.5474851131439209,-12.755033493041992,4000
21.0384578704834,131.30072021484375,134.70025634765625,96.01895141601562,-137.72906494140625,-129.8798065185547,-13.677109718322754,5.827850818634033,0.058947522193193436,0.0623442567884922,0.6561156511306763,0.0199241042137146,0.5874462127685547,0.5825361013412476,-13.819284439086914,5000
13.230478286743164,142.9320068359375,145.76712036132812,98.00467681884766,-149.83628845214844,-141.9231719970703,-14.022541999816895,6.109426021575928,0.05950272083282471,-0.4227330684661865,0.6760414242744446,0.012995845638215542,0.5870933532714844,0.594414472579956,-14.219077110290527,6000
24.32230567932129,153.18893432617188,156.0938262939453,80.04524993896484,-159.92674255371094,-152.04669189453125,-13.486443519592285,5.606404781341553,0.05772506818175316,-0.027066446840763092,0.6865976452827454,0.01322673074901104,0.5751566290855408,0.5803182125091553,-13.753634452819824,7000
11.212275505065918,163.02845764160156,165.97201538085938,134.20957946777344,-169.7919464111328,-161.95680236816406,-14.03032398223877,6.1951751708984375,0.05679731070995331,-0.2742152810096741,0.690934419631958,0.011530567891895771,0.5773453712463379,0.6005605459213257,-14.322765350341797,8000
27.361364364624023,170.11306762695312,173.63230895996094,114.79769134521484,-176.32034301757812,-168.8951416015625,-13.737797737121582,6.312588214874268,0.06167154386639595,-0.06468852609395981,0.698310136795044,0.016796628013253212,0.5643700361251831,0.581229567527771,-13.903335571289062,9000
20.49456024169922,178.3610382080078,181.63758850097656,152.5871124267578,-184.8135223388672,-176.85238647460938,-13.9921236038208,6.030986309051514,0.057808466255664825,-0.3877789080142975,0.704818069934845,0.014018205925822258,0.5902079939842224,0.5941845178604126,-14.269781112670898,10000
20.020915985107422,184.90158081054688,188.54714965820312,153.2707061767578,-191.7976837158203,-184.0106201171875,-13.649956703186035,5.862903594970703,0.05956567823886871,0.2672416865825653,0.7130044102668762,0.014607073739171028,0.6148301362991333,0.5757187008857727,-13.71814250946045,11000
28.534759521484375,191.65635681152344,194.80026245117188,96.21307373046875,-197.9857940673828,-190.3704833984375,-13.397529602050781,5.782211780548096,0.06204536557197571,-0.005396139807999134,0.7096450924873352,0.010044042021036148,0.5776161551475525,0.5784894824028015,-13.686450958251953,12000
127.28424835205078,196.3814697265625,200.82492065429688,96.96537780761719,-202.0981903076172,-194.4081268310547,-13.841012954711914,6.150957107543945,0.05950123444199562,0.008550739847123623,0.714744508266449,0.010829505510628223,0.5666400194168091,0.5914180874824524,-14.081933975219727,13000
17.495849609375,201.80653381347656,205.37063598632812,174.70843505859375,-208.91661071777344,-200.6934814453125,-14.269782066345215,6.046650409698486,0.05717980116605759,0.016434792429208755,0.7229174971580505,0.009862963110208511,0.6056946516036987,0.6027542352676392,-14.498298645019531,14000
136.458251953125,205.8251953125,209.92160034179688,110.33061218261719,-211.97811889648438,-204.14694213867188,-14.188763618469238,6.357594013214111,0.0590001679956913,0.05277673900127411,0.7254360318183899,0.009727196767926216,0.5953387022018433,0.5940876007080078,-14.343910217285156,15000
36.45561981201172,210.30105590820312,214.45745849609375,107.90719604492188,-216.37606811523438,-208.62213134765625,-14.154316902160645,6.400382995605469,0.05713174492120743,0.02788347378373146,0.7231223583221436,0.010710774920880795,0.5950907468795776,0.5929932594299316,-14.185539245605469,16000
48.339054107666016,214.66848754882812,218.4888916015625,107.60600280761719,-220.75587463378906,-213.06629943847656,-13.488408088684082,5.798828601837158,0.059129029512405396,0.3643169701099396,0.7192963361740112,0.013109022751450539,0.5805352926254272,0.5782302618026733,-13.77917194366455,17000
40.854896545410156,218.57736206054688,222.4827423095703,98.58491516113281,-225.16192626953125,-217.28097534179688,-13.043164253234863,5.162208557128906,0.06436340510845184,0.5336387753486633,0.724190890789032,0.009693702682852745,0.5854477882385254,0.5652121901512146,-13.32243537902832,18000
166.4228057861328,221.15640258789062,225.1023406982422,117.24311065673828,-227.14125061035156,-219.31207275390625,-13.970293045043945,6.141112804412842,0.05916580185294151,0.04945150390267372,0.7295488715171814,0.012563614174723625,0.6345832347869873,0.5867688655853271,-14.006635665893555,19000
15.456711769104004,225.056884765625,228.68093872070312,194.48818969726562,-231.525390625,-223.82586669921875,-13.830056190490723,6.130543231964111,0.05774926394224167,0.048405908048152924,0.7258996367454529,0.011650237254798412,0.5481747388839722,0.5961549878120422,-14.27532958984375,20000
20.8309383392334,228.56674194335938,232.01446533203125,193.2078857421875,-234.84127807617188,-227.22860717773438,-13.84021282196045,6.227531433105469,0.05770459026098251,0.2689342498779297,0.729676365852356,0.010566852055490017,0.6214035153388977,0.5923115015029907,-14.142327308654785,21000
13.312359809875488,232.2841796875,234.82713317871094,218.940185546875,-238.8702850341797,-231.0733642578125,-14.073036193847656,6.276108264923096,0.05759110674262047,-0.23646879196166992,0.7271137833595276,0.009844241663813591,0.5971275568008423,0.5952661037445068,-14.269190788269043,22000
38.07302474975586,236.40098571777344,239.79310607910156,172.82498168945312,-242.74122619628906,-234.86312866210938,-13.742971420288086,5.864873886108398,0.059902459383010864,0.05870601534843445,0.7315762639045715,0.010526042431592941,0.5738290548324585,0.5900108218193054,-14.147319793701172,23000
62.95684814453125,239.177734375,243.40774536132812,137.52084350585938,-245.55419921875,-237.52215576171875,-14.379409790039062,6.347360134124756,0.05451863631606102,-0.3886964023113251,0.7331557869911194,0.007767459377646446,0.6064474582672119,0.6056286096572876,-14.66433334350586,24000
61.21311950683594,241.192138671875,245.4287109375,84.4841537475586,-247.55702209472656,-239.83938598632812,-13.39484977722168,5.677212238311768,0.06199871748685837,0.12710298597812653,0.7260155081748962,0.02106327936053276,0.6003884077072144,0.5719892978668213,-13.70572280883789,25000
21.991519927978516,242.81564331054688,247.0515594482422,207.78407287597656,-249.24948120117188,-241.53257751464844,-14.322992324829102,6.606097221374512,0.05537271499633789,-0.2404632270336151,0.7262333035469055,0.009866131469607353,0.59067702293396,0.6004233956336975,-14.45020580291748,26000
16.798858642578125,245.02072143554688,249.08474731445312,212.4752197265625,-251.4445037841797,-243.67196655273438,-14.118000030517578,6.345479965209961,0.057603392750024796,0.09296765178442001,0.7295679450035095,0.009387291967868805,0.5892528295516968,0.5994553565979004,-14.292630195617676,27000
33.885475158691406,246.470458984375,251.02781677246094,122.58891296386719,-252.54978942871094,-244.8450927734375,-13.769371032714844,6.064685344696045,0.058649539947509766,0.2505798041820526,0.7283950448036194,0.009480485692620277,0.5755809545516968,0.5883388519287109,-14.003692626953125,28000
16.7436580657959,248.14315795898438,252.23426818847656,213.15975952148438,-254.90003967285156,-247.08901977539062,-14.2883939743042,6.477375030517578,0.056199733167886734,-0.37154513597488403,0.7191499471664429,0.00923587754368782,0.5948653221130371,0.6041432619094849,-14.635479927062988,29000
14.958174705505371,250.07492065429688,253.9804229736328,227.32669067382812,-256.7542724609375,-248.93896484375,-13.871676445007324,6.056378364562988,0.06069435924291611,0.18430745601654053,0.7270932197570801,0.009559616446495056,0.6067448854446411,0.592395007610321,-14.24889850616455,30000
29.634809494018555,251.61624145507812,256.0339050292969,163.2214813232422,-258.22625732421875,-250.36627197265625,-14.262774467468262,6.402800559997559,0.05773594230413437,0.024096602573990822,0.7268471717834473,0.01252357941120863,0.6090709567070007,0.6043646335601807,-14.665925025939941,31000
16.72114372253418,254.22836303710938,257.8199462890625,222.56373596191406,-261.0108947753906,-253.16836547851562,-13.807759284973145,5.9652299880981445,0.06065788120031357,0.14822030067443848,0.7150879502296448,0.013692237436771393,0.6042759418487549,0.5850841999053955,-14.081460952758789,32000
214.84463500976562,254.72064208984375,259.63763427734375,103.76823425292969,-260.2730407714844,-252.69554138183594,-13.326794624328613,5.749307632446289,0.060800399631261826,0.5371648669242859,0.7206946611404419,0.013390082865953445,0.5692813396453857,0.570610761642456,-13.610688209533691,33000
21.63115692138672,257.3031921386719,262.1046142578125,227.07969665527344,-263.815185546875,-255.9730224609375,-14.174826622009277,6.33266019821167,0.05763361603021622,-0.31489720940589905,0.7157616019248962,0.009192055091261864,0.5724098682403564,0.6090070009231567,-14.71942138671875,34000
62.01112365722656,259.619140625,264.00335693359375,132.0901336669922,-265.9896545410156,-258.157470703125,-13.655982971191406,5.823800086975098,0.06402592360973358,0.31942281126976013,0.7128259539604187,0.010447835549712181,0.5817467570304871,0.5868669152259827,-14.031961441040039,35000
20.229751586914062,261.70269775390625,265.6308898925781,224.26168823242188,-267.8810119628906,-260.13653564453125,-13.676908493041992,5.932438373565674,0.05946320667862892,0.14711812138557434,0.7084740400314331,0.007168279029428959,0.5857378840446472,0.5939919352531433,-14.1292724609375,36000
15.828584671020508,265.27545166015625,268.382080078125,248.009521484375,-272.1264953613281,-264.09698486328125,-14.078641891479492,6.049120903015137,0.057531487196683884,0.18064963817596436,0.7159985303878784,0.012053907848894596,0.61402827501297,0.5989292860031128,-14.424030303955078,37000
21.13956642150879,267.9962463378906,271.7487487792969,241.3523406982422,-274.47979736328125,-266.5998229980469,-13.999695777893066,6.119735240936279,0.057473208755254745,-0.09551861137151718,0.7097796201705933,0.008293863385915756,0.6156198978424072,0.6028501987457275,-14.606167793273926,38000
42.35649871826172,269.9973449707031,273.8883361816406,199.5482177734375,-276.5804138183594,-268.76177978515625,-13.640937805175781,5.822300910949707,0.06031192094087601,0.15023356676101685,0.7129021883010864,0.012659404426813126,0.6047274470329285,0.5828389525413513,-13.8914794921875,39000
66.27627563476562,272.88421630859375,276.6352844238281,128.95639038085938,-279.5068359375,-271.56402587890625,-13.644439697265625,5.701623916625977,0.05876847356557846,0.13361512124538422,0.7112327814102173,0.009354554116725922,0.5839400291442871,0.5904796123504639,-14.056326866149902,40000
12.336296081542969,275.3284912109375,278.7710266113281,254.49143981933594,-282.1984558105469,-274.2338562011719,-13.977813720703125,6.0132246017456055,0.05448419228196144,-0.21684442460536957,0.707719624042511,0.007103614509105682,0.6090948581695557,0.6088811755180359,-14.604684829711914,41000
20.577144622802734,276.6217041015625,280.246826171875,239.46083068847656,-283.13421630859375,-275.20703125,-14.4352445602417,6.508047103881836,0.054363638162612915,-0.3932846486568451,0.7098304033279419,0.009992348030209541,0.58855140209198,0.6166558265686035,-14.978684425354004,42000
17.04055404663086,277.9785461425781,282.3766784667969,248.35366821289062,-284.6632080078125,-276.7687683105469,-14.125825881958008,6.231398582458496,0.05687842518091202,-0.02157224528491497,0.7085695266723633,0.006751204840838909,0.6032559871673584,0.6042594909667969,-14.512689590454102,43000
13.311613082885742,280.043212890625,283.49737548828125,255.7554168701172,-286.9669189453125,-278.6929931640625,-14.445549964904785,6.171629905700684,0.057115375995635986,-0.32332202792167664,0.7039760947227478,0.009199776686728,0.5979585647583008,0.6156508922576904,-15.044312477111816,44000
15.981237411499023,280.76336669921875,285.19354248046875,258.3016357421875,-287.2597961425781,-279.5008544921875,-13.960331916809082,6.201371192932129,0.054807379841804504,0.04025951027870178,0.7083647847175598,0.008775345981121063,0.5946354866027832,0.5963453650474548,-14.354019165039062,45000
80.5962142944336,282.185546875,286.1297912597656,133.28750610351562,-290.25274658203125,-282.1988525390625,-13.64348030090332,5.589590072631836,0.06295187026262283,0.2058698832988739,0.6943808197975159,0.015339422971010208,0.6226681470870972,0.5832928419113159,-14.060232162475586,46000
27.653348922729492,283.9536437988281,288.25933837890625,221.8943634033203,-290.6676025390625,-282.692138671875,-14.165215492248535,6.189752578735352,0.057327356189489365,-0.19010786712169647,0.6963251829147339,0.010645005851984024,0.5763683319091797,0.6085537075996399,-14.716024398803711,47000
13.010944366455078,285.512939453125,289.31494140625,249.687744140625,-292.37451171875,-284.2122802734375,-14.313135147094727,6.150911808013916,0.056156087666749954,-0.5984401106834412,0.7009471654891968,0.01049527432769537,0.58838951587677,0.620262086391449,-15.079299926757812,48000
15.270241737365723,287.10064697265625,290.9308166503906,262.1893615722656,-293.7978515625,-285.9110107421875,-14.073040962219238,6.186189651489258,0.05634232982993126,0.12774614989757538,0.6954115629196167,0.009780584834516048,0.6038394570350647,0.6032740473747253,-14.447099685668945,49000
25.81888198852539,288.71905517578125,292.5414123535156,228.87344360351562,-295.8617248535156,-287.67626953125,-14.210270881652832,6.024812698364258,0.05778798088431358,-0.14649835228919983,0.697070837020874,0.013301927596330643,0.647088348865509,0.6037586331367493,-14.62038803100586,50000
15.10287094116211,291.28009033203125,294.6973571777344,276.9913330078125,-298.2642517089844,-290.2656555175781,-13.68968391418457,5.691089153289795,0.057419389486312866,-0.0641397163271904,0.692133903503418,0.008946716785430908,0.5829585194587708,0.5986824035644531,-14.36567497253418,51000
189.9351348876953,293.2254333496094,297.3966064453125,69.2976303100586,-299.491455078125,-291.377685546875,-14.154151916503906,6.040370464324951,0.05747534707188606,-0.0628732219338417,0.6922426223754883,0.01000688225030899,0.6034107208251953,0.6009961366653442,-14.55072021484375,52000
17.689334869384766,294.53448486328125,298.7060241699219,267.2196960449219,-301.29132080078125,-293.1907653808594,-13.789163589477539,5.688613414764404,0.05742497369647026,0.4896382987499237,0.695774495601654,0.009466573596000671,0.5998082160949707,0.5880634784698486,-14.026289939880371,53000
16.146080017089844,296.5162658691406,300.6972351074219,262.7842712402344,-303.276611328125,-295.1492004394531,-14.052475929260254,5.9250640869140625,0.05895153060555458,0.03512432426214218,0.6900677680969238,0.007729721255600452,0.6055462956428528,0.5961757302284241,-14.336761474609375,54000
20.96048927307129,298.98016357421875,302.9238586425781,266.16986083984375,-305.980712890625,-297.7425842285156,-14.166156768798828,5.928045749664307,0.055593010038137436,-0.23363158106803894,0.6833133697509766,0.007739458233118057,0.6134240031242371,0.6098901033401489,-14.81209659576416,55000
14.351115226745605,300.5744934082031,304.3602600097656,279.8790588378906,-307.03814697265625,-299.15234375,-13.586212158203125,5.700406551361084,0.06080501154065132,0.11610075831413269,0.6833512783050537,0.010434300638735294,0.556894838809967,0.5909931659698486,-14.137853622436523,56000
29.52531623840332,302.348388671875,306.3238220214844,181.57908630371094,-309.42010498046875,-301.1563415527344,-13.892322540283203,5.628582954406738,0.06093796715140343,0.1326017677783966,0.6797054409980774,0.012713983654975891,0.6120305061340332,0.5985932946205139,-14.433511734008789,57000
17.356794357299805,304.5675048828125,308.50244140625,279.6263427734375,-311.35357666015625,-303.3960266113281,-14.004164695739746,6.046604156494141,0.0561334528028965,0.017770035192370415,0.6794096827507019,0.008866204880177975,0.6129090189933777,0.6012371778488159,-14.507978439331055,58000
117.90348052978516,305.7733154296875,310.23748779296875,148.4735565185547,-312.7264099121094,-304.658203125,-13.984651565551758,5.916445732116699,0.06056435778737068,-0.22235998511314392,0.6798718571662903,0.012404211796820164,0.6039973497390747,0.5938329100608826,-14.483731269836426,59000
20.57556915283203,307.90753173828125,312.0745544433594,271.6503601074219,-314.6994323730469,-306.50457763671875,-14.34359359741211,6.148743152618408,0.05425533652305603,-0.21402214467525482,0.6788221001625061,0.006972357630729675,0.6062259674072266,0.6151760816574097,-14.91808032989502,60000
21.28710174560547,310.343017578125,314.0650329589844,271.0208435058594,-316.9120178222656,-308.90057373046875,-13.941174507141113,5.929708003997803,0.055436547845602036,-0.0347820408642292,0.6763377785682678,0.010314298793673515,0.5867113471031189,0.5952537059783936,-14.36085319519043,61000
77.8577880859375,311.552490234375,316.0653076171875,86.28652954101562,-318.0268859863281,-309.76849365234375,-13.564233779907227,5.3058390617370605,0.06160309910774231,0.058094367384910583,0.6754499673843384,0.011971777305006981,0.5916008949279785,0.5863125920295715,-14.073233604431152,62000
16.96981430053711,313.66815185546875,317.4945983886719,283.56536865234375,-320.47137451171875,-312.20611572265625,-14.164352416992188,5.899120330810547,0.05725094676017761,-0.2953990697860718,0.6737574934959412,0.007180331274867058,0.5894755125045776,0.6161448359489441,-14.85721206665039,63000
45.21342468261719,314.9613342285156,318.7222595214844,244.36329650878906,-322.21728515625,-313.8348388671875,-13.991496086120605,5.609046936035156,0.05825711041688919,0.11297864466905594,0.6718948483467102,0.009065798483788967,0.6320400238037109,0.6006834506988525,-14.473538398742676,64000
17.143741607666016,316.0908508300781,319.9480285644531,292.4333190917969,-322.84527587890625,-314.718994140625,-13.9489164352417,5.822643756866455,0.057554129511117935,0.2348293513059616,0.6755848526954651,0.009413681924343109,0.589752197265625,0.6058226823806763,-14.59597396850586,65000
13.688274383544922,318.079833984375,321.700439453125,291.98907470703125,-324.87420654296875,-316.8558044433594,-13.373871803283691,5.355453968048096,0.06134442612528801,0.2465147227048874,0.6693830490112305,0.01166930329054594,0.5358070135116577,0.594653844833374,-14.278732299804688,66000
12.797918319702148,320.62945556640625,324.3374938964844,302.548095703125,-327.5735168457031,-319.18768310546875,-13.923824310302734,5.537987232208252,0.05969664826989174,-0.11814162880182266,0.6661378741264343,0.007796830497682095,0.5921939611434937,0.6075432300567627,-14.683858871459961,67000
128.9136505126953,320.8589172363281,325.4273376464844,66.71286010742188,-327.6009826660156,-319.27392578125,-13.961199760437012,5.634150981903076,0.05901644006371498,-0.08928102254867554,0.6678110361099243,0.010183067992329597,0.581425666809082,0.6040924191474915,-14.662922859191895,68000
11.583377838134766,321.90704345703125,326.267578125,299.64306640625,-328.9059753417969,-320.740966796875,-14.314456939697266,6.14943265914917,0.05436167120933533,-0.598904550075531,0.6617045402526855,0.01114710420370102,0.5830472707748413,0.6197307705879211,-15.165679931640625,69000
390.4029541015625,322.978271484375,327.2874755859375,86.23672485351562,-328.92333984375,-320.9775390625,-13.633193969726562,5.68736457824707,0.0605158656835556,-0.13980023562908173,0.6624135971069336,0.013597410172224045,0.5456843376159668,0.5887305736541748,-14.233442306518555,70000
15.743654251098633,326.11669921875,329.7866516113281,290.9451904296875,-333.2574157714844,-324.9029541015625,-13.639201164245605,5.284715175628662,0.06304803490638733,0.2296125441789627,0.6577267646789551,0.009377574548125267,0.6131689548492432,0.5895841717720032,-14.090420722961426,71000
33.0128059387207,327.4515380859375,331.74072265625,205.35650634765625,-333.98870849609375,-326.265625,-13.102291107177734,5.379209041595459,0.06432321667671204,0.45135942101478577,0.6618533730506897,0.014837902970612049,0.5776505470275879,0.5757591724395752,-13.795833587646484,72000
94.75328063964844,329.1148681640625,333.5346984863281,115.76292419433594,-335.6622314453125,-327.36785888671875,-14.16036605834961,5.8659844398498535,0.05723053589463234,-0.5319833159446716,0.6557376980781555,0.008499753661453724,0.5971637964248657,0.6175981163978577,-14.992509841918945,73000
63.39775085449219,330.0809326171875,334.2724304199219,178.50814819335938,-336.92462158203125,-328.50079345703125,-14.22522258758545,5.8013916015625,0.055988606065511703,-0.05050724744796753,0.6554239392280579,0.008937329985201359,0.6205252408981323,0.611777126789093,-14.868268966674805,74000
16.239097595214844,332.43682861328125,335.6380310058594,305.8343811035156,-339.5657958984375,-331.3139343261719,-13.860188484191895,5.608334541320801,0.0551329031586647,-0.14320604503154755,0.659286379814148,0.010612884536385536,0.6172240972518921,0.5965114235877991,-14.447481155395508,75000
13.214624404907227,333.516845703125,337.10333251953125,309.2066650390625,-340.7211608886719,-332.5622253417969,-13.854301452636719,5.695371150970459,0.05610156059265137,-0.026670124381780624,0.6537675857543945,0.009444054216146469,0.5770659446716309,0.5990983247756958,-14.461896896362305,76000
13.181403160095215,334.29949951171875,337.7510681152344,304.986083984375,-341.8145446777344,-333.113037109375,-14.245552062988281,5.54404878616333,0.05968860164284706,-0.23595556616783142,0.6437740921974182,0.008246125653386116,0.6086333990097046,0.6240547895431519,-15.202093124389648,77000
67.63964080810547,334.4892883300781,338.5014343261719,168.24903869628906,-341.28973388671875,-333.139892578125,-13.861298561096191,5.711447238922119,0.05569261685013771,-0.09159731864929199,0.6539797186851501,0.0072867851704359055,0.5882470011711121,0.6080418825149536,-14.75654411315918,78000
19.276912689208984,335.78790283203125,339.8197937011719,304.7052307128906,-342.6847229003906,-334.55828857421875,-13.439857482910156,5.31342887878418,0.05759303644299507,0.04636402055621147,0.6490898728370667,0.012201455421745777,0.5879852175712585,0.5912224054336548,-14.12315845489502,79000
132.2528076171875,336.46331787109375,340.488037109375,83.17955780029297,-343.32647705078125,-334.85369873046875,-13.810077667236328,5.337307929992676,0.05837515369057655,0.05832948908209801,0.6479148864746094,0.00868794322013855,0.6087889075279236,0.5990011692047119,-14.478302001953125,80000
119.11221313476562,337.833251953125,342.0481872558594,101.49762725830078,-344.3241271972656,-336.1972351074219,-14.039834022521973,5.912923812866211,0.05619022622704506,-0.40047377347946167,0.6466062664985657,0.012785974889993668,0.5783518552780151,0.6144232749938965,-15.00204086303711,81000
99.48802947998047,338.855712890625,343.4145202636719,155.0267333984375,-345.5185241699219,-337.3616027832031,-14.20857048034668,6.051621437072754,0.05531174689531326,-0.6419891715049744,0.6440312266349792,0.012832628563046455,0.5627918243408203,0.6249122619628906,-15.305566787719727,82000
14.682604789733887,340.89678955078125,344.3293151855469,306.6582336425781,-347.9583740234375,-339.6219177246094,-13.199374198913574,4.8629045486450195,0.0585782416164875,0.2354990690946579,0.6349613070487976,0.010434858500957489,0.5670120716094971,0.5882329940795898,-14.04670524597168,83000
86.3426284790039,340.68890380859375,344.91180419921875,150.47418212890625,-347.9914855957031,-339.5625,-13.995841026306152,5.5668625831604,0.05643482133746147,-0.17591150104999542,0.639152467250824,0.009468836709856987,0.5908393859863281,0.609920859336853,-14.793781280517578,84000
129.57814025878906,341.1341552734375,346.2044982910156,107.75508880615234,-347.5197448730469,-338.94873046875,-13.64416217803955,5.0731520652771,0.06147438660264015,-0.01553596742451191,0.6385322213172913,0.01359778642654419,0.6202054023742676,0.5946635007858276,-14.453632354736328,85000
19.10167121887207,341.96002197265625,346.19110107421875,310.3077697753906,-348.5218505859375,-340.45843505859375,-13.53687858581543,5.473462104797363,0.056137844920158386,0.14443014562129974,0.6378449201583862,0.008984646759927273,0.5697312355041504,0.5984185338020325,-14.352123260498047,86000
15.847597122192383,342.04547119140625,346.765380859375,302.75537109375,-349.4418640136719,-340.81732177734375,-14.209110260009766,5.584560871124268,0.05670503154397011,-0.2937959134578705,0.6358098983764648,0.006854021456092596,0.6088854670524597,0.6198100447654724,-15.143421173095703,87000
15.562860488891602,341.954833984375,346.5987854003906,319.4770812988281,-349.0732116699219,-340.519287109375,-14.168401718139648,5.614475727081299,0.055523380637168884,-0.07198274880647659,0.6326860785484314,0.007409334182739258,0.6300613880157471,0.6116129755973816,-14.903873443603516,88000
11.785513877868652,343.3046875,347.3197326660156,335.2124328613281,-350.2814636230469,-342.07745361328125,-13.793781280517578,5.589788913726807,0.05560437962412834,-0.1140330582857132,0.6322757005691528,0.009510831907391548,0.5798667073249817,0.607190728187561,-14.765830993652344,89000
117.07489776611328,342.70977783203125,346.8924255371094,114.12203979492188,-349.8044738769531,-341.34942626953125,-13.77012825012207,5.315079689025879,0.058745723217725754,0.07443022727966309,0.6310563087463379,0.008368205279111862,0.5876739025115967,0.6012477278709412,-14.531489372253418,90000
122.52855682373047,343.90057373046875,348.24957275390625,104.02143859863281,-350.5190124511719,-342.17333984375,-13.543192863464355,5.1975016593933105,0.05590936914086342,0.42168548703193665,0.6309534311294556,0.009565208107233047,0.6113945245742798,0.582339882850647,-13.986440658569336,91000
52.473533630371094,345.2641906738281,349.4577331542969,185.30990600585938,-352.768310546875,-344.0218200683594,-13.984552383422852,5.238062381744385,0.0609125941991806,-0.04173077270388603,0.6270283460617065,0.008578067645430565,0.6168232560157776,0.6032021641731262,-14.594386100769043,92000
140.62094116210938,346.6676330566406,351.6441955566406,100.08260345458984,-352.9533386230469,-344.53955078125,-13.298571586608887,4.884784698486328,0.06106045842170715,0.2071576565504074,0.6250282526016235,0.008478928357362747,0.5762603282928467,0.5893394947052002,-14.078628540039062,93000
20.627971649169922,348.22900390625,352.05975341796875,312.0854797363281,-355.2474060058594,-346.8193664550781,-13.80229377746582,5.3742780685424805,0.05984300747513771,-0.06923450529575348,0.6209540367126465,0.007141703274101019,0.5886636972427368,0.6129264831542969,-14.816859245300293,94000
14.30510139465332,349.430419921875,353.3854675292969,321.6036376953125,-356.6085205078125,-348.3079833984375,-13.100672721862793,4.800140380859375,0.06094570830464363,0.4597225785255432,0.6139949560165405,0.009286164306104183,0.5780184268951416,0.5812431573867798,-13.776739120483398,95000
13.40096664428711,351.28875732421875,355.0047607421875,329.8017272949219,-358.3989562988281,-350.1245422363281,-13.298271179199219,5.023854732513428,0.05882963165640831,0.3271363079547882,0.6207849979400635,0.01094287820160389,0.5839208960533142,0.58266282081604,-13.9403076171875,96000
86.99974060058594,351.92144775390625,356.3442077636719,90.77009582519531,-359.0768737792969,-350.27288818359375,-14.26547908782959,5.461493968963623,0.05420445650815964,-0.42014965415000916,0.618789553642273,0.008616357110440731,0.629120945930481,0.6183658838272095,-15.086743354797363,97000
151.27784729003906,352.9220275878906,357.5558776855469,77.79672241210938,-359.7352294921875,-351.2374267578125,-13.947017669677734,5.449214458465576,0.05853543058037758,-0.25938335061073303,0.6147944927215576,0.010766816325485706,0.599574089050293,0.6092908382415771,-14.827949523925781,98000
100.24117279052734,353.8133850097656,358.1154479980469,134.3440704345703,-360.7899169921875,-352.72021484375,-13.123663902282715,5.053943634033203,0.0599658340215683,0.2749252915382385,0.6177415251731873,0.011832363903522491,0.5543686151504517,0.585073709487915,-14.091107368469238,99000
10.30827522277832,356.9233093261719,360.4555358886719,333.6105041503906,-364.46502685546875,-355.8108825683594,-13.68188190460205,5.027747631072998,0.05642230063676834,0.16572225093841553,0.6168655753135681,0.008534980937838554,0.6243734359741211,0.5930385589599609,-14.274060249328613,100000
113.5232925415039,358.2538757324219,363.01434326171875,135.46490478515625,-366.11602783203125,-357.2294921875,-13.879302024841309,4.992754936218262,0.06213599070906639,-0.04144391417503357,0.6135373711585999,0.009413540363311768,0.6269878149032593,0.6014988422393799,-14.695450782775879,101000
13.272438049316406,360.07513427734375,363.4559631347656,323.656494140625,-367.5617370605469,-358.92755126953125,-13.506568908691406,4.872377395629883,0.05742755904793739,0.20029327273368835,0.6124817132949829,0.006839686539024115,0.5864956974983215,0.600523054599762,-14.367508888244629,102000
93.18721771240234,359.6900939941406,363.86871337890625,175.4419403076172,-367.38409423828125,-358.71673583984375,-13.58684253692627,4.919500827789307,0.059035737067461014,0.13233682513237,0.609296977519989,0.012921894900500774,0.6132662296295166,0.5870753526687622,-14.089675903320312,103000
25.90975570678711,360.66302490234375,364.5691223144531,324.0588073730469,-367.979248046875,-359.2326354980469,-13.795479774475098,5.048858642578125,0.05969245359301567,0.09138823300600052,0.6093708872795105,0.009635552763938904,0.62158203125,0.5944204330444336,-14.33085823059082,104000
62.78890609741211,361.46868896484375,366.0036315917969,185.494384765625,-368.18035888671875,-359.762451171875,-13.612814903259277,5.194919109344482,0.056549955159425735,-0.15395618975162506,0.6065047979354858,0.008841186761856079,0.5681967735290527,0.6039578914642334,-14.569246292114258,105000
15.83814525604248,363.10748291015625,367.4201354980469,321.6911315917969,-370.4719543457031,-362.0864562988281,-13.47510814666748,5.089610576629639,0.05956299975514412,-0.08316317945718765,0.6067484021186829,0.012429522350430489,0.5901281833648682,0.589021623134613,-14.215754508972168,106000
157.76409912109375,363.7038879394531,368.0679931640625,91.66470336914062,-370.3548889160156,-361.809814453125,-13.600784301757812,5.055706977844238,0.06002609059214592,0.09944590926170349,0.6090222597122192,0.007706397213041782,0.5971289277076721,0.590021014213562,-14.218260765075684,107000
446.4647521972656,365.673095703125,370.2456359863281,73.94181060791016,-371.8152160644531,-363.88641357421875,-12.915084838867188,4.986282825469971,0.060708362609148026,0.30568671226501465,0.6052871346473694,0.013096584007143974,0.5393978953361511,0.5756533145904541,-13.86555290222168,108000
12.322198867797852,368.0721130371094,372.30548095703125,341.72320556640625,-375.3880920410156,-366.63958740234375,-13.712179183959961,4.963689804077148,0.0596374049782753,-0.02570652775466442,0.6053948998451233,0.008845360949635506,0.6325300931930542,0.5940383076667786,-14.279342651367188,109000
18.791152954101562,368.5386657714844,372.7215576171875,328.6477355957031,-375.69647216796875,-367.048828125,-13.966413497924805,5.318743705749512,0.05999666079878807,-0.2974533438682556,0.5979182720184326,0.01023983396589756,0.6053420305252075,0.6086943745613098,-14.891861915588379,110000
151.3424072265625,368.7212829589844,373.2970275878906,89.20817565917969,-376.28289794921875,-367.5442199707031,-13.974790573120117,5.236122131347656,0.05883083492517471,-0.23283596336841583,0.6009239554405212,0.009053630754351616,0.6204416155815125,0.6130240559577942,-14.859302520751953,111000
12.411046981811523,369.77288818359375,373.36248779296875,340.22088623046875,-377.493896484375,-368.82574462890625,-14.085500717163086,5.417346477508545,0.055313047021627426,-0.2731797695159912,0.5995988845825195,0.008794331923127174,0.5983918905258179,0.6138246059417725,-15.013969421386719,112000
16.1435546875,370.45782470703125,374.49786376953125,341.1208190917969,-377.7765808105469,-369.1595458984375,-13.736570358276367,5.119541168212891,0.05757733806967735,-0.04832625389099121,0.5941658616065979,0.008968633599579334,0.5740019083023071,0.6108995676040649,-14.840660095214844,113000
219.47935485839844,370.736572265625,375.7251892089844,74.64512634277344,-377.7471008300781,-369.087890625,-14.180737495422363,5.52150297164917,0.058656103909015656,-0.6379340887069702,0.597598671913147,0.006698024924844503,0.6088403463363647,0.6190032362937927,-15.256131172180176,114000
71.1740951538086,372.98114013671875,377.53076171875,243.57843017578125,-380.19659423828125,-371.6871032714844,-13.34383487701416,4.83433723449707,0.06259854882955551,0.1560993492603302,0.5943021178245544,0.010807330720126629,0.5802589654922485,0.5917917490005493,-14.239461898803711,115000
84.07380676269531,374.0130920410156,378.5718688964844,150.7178192138672,-381.6535339355469,-372.9251708984375,-13.792390823364258,5.064019680023193,0.06027387082576752,0.08308729529380798,0.5931100845336914,0.009964268654584885,0.6123050451278687,0.5988017916679382,-14.535576820373535,116000
15.390438079833984,375.43890380859375,379.3255615234375,338.53741455078125,-382.7661437988281,-374.32318115234375,-13.758710861206055,5.3157243728637695,0.058067116886377335,-0.22144395112991333,0.5949355363845825,0.010284537449479103,0.5937372446060181,0.5975814461708069,-14.52845287322998,117000
38.2884521484375,375.9779357910156,380.7786865234375,283.89208984375,-383.2759704589844,-374.88446044921875,-13.156354904174805,4.76483154296875,0.06087395176291466,0.5455663204193115,0.5935844779014587,0.011398205533623695,0.5833679437637329,0.5791845321655273,-13.868343353271484,118000
12.560997009277344,376.8424072265625,380.44097900390625,350.9329833984375,-384.26617431640625,-375.6875,-13.494895935058594,4.916235446929932,0.05756315961480141,0.06602291017770767,0.5842180252075195,0.010505808517336845,0.6118255853652954,0.5887805223464966,-14.214202880859375,119000
12.893274307250977,377.37286376953125,381.6774597167969,347.7002868652344,-384.77392578125,-376.0240478515625,-13.620368957519531,4.870487689971924,0.05890817567706108,-0.010973467491567135,0.5872927308082581,0.00804632157087326,0.6168509125709534,0.5951811075210571,-14.349363327026367,120000
65.61335754394531,377.526123046875,381.96063232421875,181.47740173339844,-385.34967041015625,-376.736328125,-13.552706718444824,4.9393510818481445,0.0607747957110405,0.015449283644557,0.5861948728561401,0.01205123495310545,0.6045501232147217,0.5974891781806946,-14.44388198852539,121000
15.719419479370117,380.0392761230469,383.47314453125,355.7588806152344,-387.5596618652344,-378.8804931640625,-12.987552642822266,4.308389663696289,0.0624365396797657,0.27655908465385437,0.5797135829925537,0.008151824586093426,0.5811440348625183,0.584381103515625,-13.881195068359375,122000
12.776222229003906,381.00921630859375,384.63446044921875,351.79876708984375,-388.3388366699219,-379.5254821777344,-13.518240928649902,4.704899787902832,0.05853118747472763,0.024791667237877846,0.5857669711112976,0.0084308460354805,0.6115020513534546,0.594865083694458,-14.293146133422852,123000
485.35626220703125,381.65484619140625,386.6152038574219,67.64936828613281,-388.4778747558594,-379.92608642578125,-13.346781730651855,4.794976711273193,0.06348075717687607,0.08828428387641907,0.5841628313064575,0.011798841878771782,0.612739086151123,0.5839543342590332,-14.10805606842041,124000
15.211559295654297,383.7733154296875,388.0885314941406,357.1469421386719,-391.1806335449219,-382.42529296875,-13.64045524597168,4.885110378265381,0.05785857141017914,-0.18946069478988647,0.5807729959487915,0.011387277394533157,0.5883578658103943,0.6081275939941406,-14.751734733581543,125000
20.3660831451416,384.003173828125,387.823974609375,341.210205078125,-391.9377136230469,-383.4019775390625,-13.458356857299805,4.922596454620361,0.057501982897520065,0.06943940371274948,0.5746986865997314,0.007208347786217928,0.6029531359672546,0.600454568862915,-14.388387680053711,126000
93.72833251953125,385.18560791015625,389.8941955566406,148.34043884277344,-392.19927978515625,-383.58209228515625,-13.948982238769531,5.331775188446045,0.058893632143735886,-0.27663204073905945,0.5798162817955017,0.00869420263916254,0.6034425497055054,0.6084356307983398,-14.894079208374023,127000
14.430811882019043,386.95721435546875,390.8424987792969,345.495361328125,-394.34893798828125,-385.5889892578125,-13.958395957946777,5.19845724105835,0.054771773517131805,-0.6064777970314026,0.5792549252510071,0.008594926446676254,0.5880118012428284,0.6202642917633057,-15.210042953491211,128000
130.20741271972656,387.29705810546875,391.7975769042969,64.25206756591797,-394.3127136230469,-385.8756103515625,-13.353426933288574,4.916316509246826,0.05900808051228523,-0.027285996824502945,0.5745366215705872,0.011984875425696373,0.5601459741592407,0.5941967964172363,-14.530484199523926,129000
12.701501846313477,389.51727294921875,393.5421447753906,360.7554626464844,-396.82147216796875,-388.1522216796875,-13.726444244384766,5.057185649871826,0.05578459054231644,0.04039037227630615,0.5740239024162292,0.00718348752707243,0.6043938398361206,0.5982458591461182,-14.443267822265625,130000
342.9993896484375,388.67706298828125,393.942138671875,79.43915557861328,-395.0726013183594,-386.7431945800781,-13.026605606079102,4.697193622589111,0.06263783574104309,0.2757771909236908,0.5773809552192688,0.010116951540112495,0.5884798765182495,0.577293336391449,-13.846955299377441,131000
306.0221862792969,388.92315673828125,394.0812683105469,64.64093780517578,-395.45465087890625,-386.82122802734375,-13.32801628112793,4.694588661193848,0.061841096729040146,0.21486438810825348,0.5722004771232605,0.008248343132436275,0.601168155670166,0.5839986205101013,-14.053180694580078,132000
14.700234413146973,389.885009765625,394.3147277832031,357.65118408203125,-397.44915771484375,-388.8311767578125,-13.416351318359375,4.7983784675598145,0.05623403936624527,0.2145814299583435,0.5730594992637634,0.008964172564446926,0.5841559767723083,0.5963438749313354,-14.41118335723877,133000
16.31422233581543,390.8992614746094,395.0208435058594,352.6571044921875,-398.2433166503906,-389.5453186035156,-13.241597175598145,4.543600559234619,0.06084877625107765,0.19102272391319275,0.5683320164680481,0.01062910445034504,0.6018640398979187,0.5805076360702515,-13.922797203063965,134000
211.69384765625,390.53277587890625,395.60150146484375,103.6552734375,-397.7167053222656,-388.91387939453125,-13.734088897705078,4.931267738342285,0.05803920701146126,-0.17158152163028717,0.5691330432891846,0.009590845555067062,0.6112257242202759,0.600111722946167,-14.632855415344238,135000
13.09912395477295,392.18402099609375,396.56317138671875,360.1619567871094,-399.637939453125,-390.99456787109375,-13.10033130645752,4.456979751586914,0.059979867190122604,0.2030729055404663,0.5706321597099304,0.008276278153061867,0.5629473328590393,0.5973567962646484,-14.338471412658691,136000
31.53732681274414,393.4678955078125,397.38031005859375,266.4253845214844,-401.12774658203125,-392.293701171875,-13.787027359008789,4.9529852867126465,0.05421312525868416,-0.08062878996133804,0.5647567510604858,0.008725319057703018,0.6118873357772827,0.6077799797058105,-14.722931861877441,137000
87.87798309326172,393.5207824707031,398.49798583984375,165.3505859375,-400.86334228515625,-392.26544189453125,-13.656440734863281,5.058533191680908,0.05764304846525192,-0.1939198225736618,0.5624666213989258,0.012360475026071072,0.6093686819076538,0.5970386266708374,-14.568914413452148,138000
58.17403793334961,393.6583251953125,398.79638671875,298.3007507324219,-400.7075500488281,-392.0848693847656,-13.393538475036621,4.770842552185059,0.0588119812309742,0.046951521188020706,0.5617773532867432,0.009969308972358704,0.5783924460411072,0.5977625846862793,-14.56995964050293,139000
16.237051010131836,394.8610534667969,399.1837158203125,361.4370422363281,-402.24847412109375,-393.5126647949219,-13.797639846801758,5.061831951141357,0.0548851303756237,-0.33641505241394043,0.5611250996589661,0.009314162656664848,0.60005122423172,0.6101274490356445,-15.028509140014648,140000
17.681739807128906,395.873046875,400.2547912597656,362.650390625,-403.1936950683594,-394.4099426269531,-13.477410316467285,4.693674087524414,0.055375438183546066,0.0684409886598587,0.5589029788970947,0.008668076246976852,0.5958751440048218,0.5994654297828674,-14.436492919921875,141000
326.844482421875,396.81500244140625,401.0476989746094,92.78739166259766,-404.17791748046875,-395.5426940917969,-13.284124374389648,4.648881912231445,0.06300923228263855,0.08664717525243759,0.5601561069488525,0.008418366312980652,0.5651215314865112,0.5968400239944458,-14.491044998168945,142000
83.34606170654297,398.11407470703125,403.1204833984375,132.85606384277344,-405.574951171875,-396.8075866699219,-13.639824867248535,4.87245512008667,0.05727115646004677,0.1411861926317215,0.5591131448745728,0.00973055325448513,0.6222466230392456,0.5951330661773682,-14.266239166259766,143000
77.66654205322266,399.8426818847656,404.2165222167969,149.24465942382812,-408.18157958984375,-399.152587890625,-13.66800308227539,4.6389923095703125,0.056530777364969254,0.10215850174427032,0.5538573861122131,0.009309737011790276,0.637354850769043,0.5976808667182922,-14.384157180786133,144000
246.60073852539062,400.8490295410156,405.33978271484375,127.51568603515625,-407.63250732421875,-399.1745300292969,-12.78561019897461,4.327640056610107,0.06352091580629349,0.6071323752403259,0.5549747943878174,0.012543708086013794,0.5855742692947388,0.5668152570724487,-13.472832679748535,145000
21.301555633544922,402.42376708984375,406.644775390625,363.52752685546875,-409.9365539550781,-401.0416564941406,-13.46424674987793,4.569343566894531,0.05894367769360542,0.15001094341278076,0.54889315366745,0.008653842844069004,0.6115890145301819,0.5908635854721069,-14.168638229370117,146000
1078.341064453125,401.0814208984375,407.66644287109375,59.86960983276367,-406.7202453613281,-398.0687255859375,-13.016505241394043,4.364991188049316,0.06500125676393509,0.2625046372413635,0.5495097041130066,0.012099847197532654,0.5974276661872864,0.5741159319877625,-13.741775512695312,147000
18.97130012512207,403.5376892089844,407.14691162109375,364.92913818359375,-411.0903015136719,-402.4503173828125,-13.354393005371094,4.714419364929199,0.05499119684100151,0.09922854602336884,0.5561202764511108,0.00879829004406929,0.5879372358322144,0.5969797372817993,-14.44813346862793,148000
11.89882755279541,405.2723388671875,408.9478759765625,373.8812255859375,-412.5682067871094,-404.02996826171875,-12.92138671875,4.383140563964844,0.06064995750784874,0.03734561428427696,0.5515462160110474,0.009783018380403519,0.5635184049606323,0.5867931246757507,-14.037132263183594,149000
13.384458541870117,405.35137939453125,409.3153991699219,380.8582458496094,-412.6162109375,-403.9341735839844,-13.06721305847168,4.385176658630371,0.05702963098883629,0.3255005180835724,0.5481610298156738,0.00849371962249279,0.5717594623565674,0.5862832069396973,-13.939264297485352,150000
16.744842529296875,406.1880187988281,409.9611511230469,368.81573486328125,-413.7342224121094,-404.76611328125,-13.735246658325195,4.767159461975098,0.056402381509542465,-0.1422647386789322,0.5470712780952454,0.006416349671781063,0.612165093421936,0.6085954308509827,-14.771373748779297,151000
18.800689697265625,407.55035400390625,411.4395751953125,373.21038818359375,-414.7838134765625,-406.08843994140625,-13.183721542358398,4.488330841064453,0.06029057502746582,0.04054878279566765,0.5476976037025452,0.008615706115961075,0.5837069749832153,0.590153694152832,-14.221757888793945,152000
14.537220001220703,409.4527893066406,413.0155029296875,381.32843017578125,-416.82525634765625,-408.3522033691406,-12.89258098602295,4.4195380210876465,0.05853021889925003,0.4364341199398041,0.5480899810791016,0.006709273438900709,0.5742378830909729,0.5691102743148804,-13.612886428833008,153000
26.110271453857422,411.7423400878906,415.7509765625,368.14691162109375,-419.4714660644531,-410.64581298828125,-12.861335754394531,4.035685062408447,0.0636223778128624,0.5012320280075073,0.5465003252029419,0.008905910886824131,0.5986920595169067,0.5716341733932495,-13.66167163848877,154000
148.3067169189453,411.7712707519531,416.3007507324219,163.91357421875,-418.68170166015625,-409.9398498535156,-13.294767379760742,4.552903175354004,0.058182381093502045,0.20392514765262604,0.5418573617935181,0.008947214111685753,0.6052054166793823,0.5852833986282349,-14.024019241333008,155000
16.881610870361328,412.8585510253906,416.97076416015625,365.14349365234375,-420.6747131347656,-411.6941223144531,-13.138503074645996,4.157895565032959,0.06110178679227829,0.2161630392074585,0.5407875776290894,0.007977066561579704,0.5881856679916382,0.5829628705978394,-13.905914306640625,156000
210.9921875,413.4921569824219,418.382080078125,109.53843688964844,-421.12286376953125,-412.58465576171875,-12.75472640991211,4.216534614562988,0.06193440034985542,0.2738005518913269,0.5450994968414307,0.007817305624485016,0.5647028684616089,0.5811582803726196,-13.859468460083008,157000
13.208934783935547,415.142578125,419.279052734375,382.93463134765625,-422.9714050292969,-414.0906982421875,-13.526276588439941,4.645582675933838,0.057085879147052765,0.022696303203701973,0.5421055555343628,0.009132144972682,0.5895826816558838,0.6016424894332886,-14.518730163574219,158000
11.288862228393555,416.34478759765625,419.814453125,391.57952880859375,-424.4604187011719,-415.25885009765625,-13.26155948638916,4.060005187988281,0.058956168591976166,0.3835081160068512,0.5373159646987915,0.011933843605220318,0.6306772232055664,0.5791165828704834,-13.763579368591309,159000
13.378637313842773,417.0111389160156,420.7245788574219,381.4173889160156,-425.03131103515625,-415.83575439453125,-13.562286376953125,4.366737365722656,0.060206398367881775,-0.14906883239746094,0.5373948216438293,0.007557600736618042,0.6075426340103149,0.6080250144004822,-14.74044418334961,160000
19.84896469116211,417.6600341796875,421.60986328125,375.3968505859375,-425.4983825683594,-416.585693359375,-13.212038040161133,4.299343585968018,0.05837350711226463,0.1693272441625595,0.5350932478904724,0.005733654834330082,0.5980983972549438,0.5852428674697876,-14.009069442749023,161000
372.3707275390625,419.07757568359375,424.14251708984375,117.77483367919922,-425.87939453125,-417.3229675292969,-12.928108215332031,4.371687889099121,0.0579204335808754,0.29906225204467773,0.5396773219108582,0.007498844526708126,0.5821279287338257,0.5809407234191895,-13.907632827758789,162000
183.3893585205078,419.7251892089844,424.66290283203125,123.92506408691406,-427.3104553222656,-418.21893310546875,-13.607270240783691,4.515732765197754,0.05796029418706894,0.053838152438402176,0.5348203778266907,0.009786981157958508,0.6402148604393005,0.5943707227706909,-14.361204147338867,163000
16.64013671875,421.6080322265625,425.5847473144531,382.9470520019531,-429.0249938964844,-420.29400634765625,-12.98452091217041,4.253532886505127,0.05683891847729683,0.10133448243141174,0.5335937738418579,0.008400830440223217,0.5750734806060791,0.5911576747894287,-14.174259185791016,164000
329.586181640625,420.8470458984375,426.5078430175781,64.85272216796875,-427.3882141113281,-418.87762451171875,-12.77686595916748,4.266263008117676,0.06087246537208557,0.42192965745925903,0.5331235527992249,0.007744581438601017,0.5626569390296936,0.5770010948181152,-13.765161514282227,165000
102.60736083984375,422.2646179199219,427.3408508300781,157.3074188232422,-429.8811340332031,-420.6807556152344,-13.56702995300293,4.366647720336914,0.0601770393550396,-0.04641175642609596,0.530297040939331,0.009405024349689484,0.6325463056564331,0.5944138765335083,-14.311437606811523,166000
12.447765350341797,423.6185302734375,427.8531494140625,390.4523620605469,-431.1743469238281,-422.38214111328125,-12.86295223236084,4.070747375488281,0.061172161251306534,0.5686809420585632,0.5328050255775452,0.007459517568349838,0.5840317010879517,0.5776501893997192,-13.687257766723633,167000
194.8394317626953,423.66961669921875,428.9781799316406,50.05094528198242,-430.98236083984375,-422.36138916015625,-13.155128479003906,4.534158706665039,0.05950944498181343,0.35128018260002136,0.5303990244865417,0.007473456673324108,0.5817034840583801,0.5839366316795349,-13.995366096496582,168000
14.86325454711914,425.34759521484375,429.1253662109375,395.5323181152344,-433.08514404296875,-423.92315673828125,-13.443316459655762,4.281355381011963,0.058686137199401855,0.21068933606147766,0.5317452549934387,0.00959400087594986,0.6159561276435852,0.5879889726638794,-14.226333618164062,169000
123.82029724121094,425.4433898925781,430.9388122558594,146.0512237548828,-432.7573547363281,-424.08441162109375,-13.178215026855469,4.505265235900879,0.05695905536413193,0.15452930331230164,0.5323291420936584,0.0076092262752354145,0.5891925096511841,0.5916285514831543,-14.287857055664062,170000
16.197370529174805,427.0870056152344,431.24554443359375,393.65081787109375,-435.1148376464844,-426.01708984375,-13.56228256225586,4.464532852172852,0.05632289499044418,-0.061958350241184235,0.5264889001846313,0.008948149159550667,0.6100748181343079,0.5981930494308472,-14.43655776977539,171000
10.808695793151855,428.60125732421875,432.7042541503906,400.81072998046875,-436.1825866699219,-427.1493225097656,-13.332830429077148,4.299551010131836,0.06053810194134712,0.026884550228714943,0.5220627784729004,0.008689215406775475,0.6059730052947998,0.5928777456283569,-14.400193214416504,172000
125.2942886352539,428.50634765625,433.5340881347656,88.5271224975586,-435.7027893066406,-426.7334899902344,-13.58711051940918,4.617798328399658,0.05762024223804474,-0.20668689906597137,0.5215519070625305,0.009209280833601952,0.5967342853546143,0.6164093613624573,-15.004405975341797,173000
272.2449035644531,428.9305725097656,433.8863830566406,82.32707977294922,-435.7851257324219,-426.9288330078125,-13.237658500671387,4.381370544433594,0.06375057250261307,-0.014042041264474392,0.5247689485549927,0.007653007749468088,0.6066644787788391,0.5860026478767395,-14.195508003234863,174000
14.021533966064453,430.1944580078125,434.1911315917969,387.6521911621094,-437.94329833984375,-428.9487609863281,-13.339408874511719,4.344874382019043,0.05774763226509094,0.3077528178691864,0.5197559595108032,0.009535121731460094,0.6218294501304626,0.5821454524993896,-13.842742919921875,175000
280.3448486328125,430.36468505859375,434.8387451171875,55.31456756591797,-437.74151611328125,-428.4831237792969,-13.906862258911133,4.6484599113464355,0.055884040892124176,-0.37313008308410645,0.5196614861488342,0.008678169921040535,0.6174530982971191,0.6181219220161438,-15.0845308303833,176000
16.867244720458984,432.40460205078125,435.8587951660156,388.2583312988281,-440.245849609375,-431.39404296875,-13.534025192260742,4.682217597961426,0.05665479600429535,-0.37325701117515564,0.5201271176338196,0.008290953002870083,0.6035819053649902,0.6041218638420105,-14.690218925476074,177000
11.436532974243164,433.7039794921875,438.25506591796875,401.9135437011719,-441.5054626464844,-432.4316101074219,-13.601675987243652,4.527826309204102,0.05595967918634415,-0.24413327872753143,0.5129847526550293,0.009255046024918556,0.6083201169967651,0.6062077879905701,-14.712611198425293,178000
28.119272232055664,434.5129699707031,438.3454284667969,331.1134033203125,-441.3854675292969,-432.9237365722656,-12.521885871887207,4.0601606369018555,0.06206921115517616,0.35160958766937256,0.5190805792808533,0.01045597717165947,0.5486723184585571,0.5714789628982544,-13.598066329956055,179000
11.223573684692383,435.90167236328125,440.1463317871094,407.9230041503906,-443.8752136230469,-434.7523193359375,-13.641491889953613,4.5185747146606445,0.05763912945985794,-0.10981618613004684,0.5150551199913025,0.0074004135094583035,0.606124758720398,0.609154224395752,-14.759033203125,180000
13.313007354736328,438.14959716796875,441.5275573730469,410.59619140625,-445.7420654296875,-436.6466064453125,-13.619241714477539,4.523769855499268,0.055186305195093155,-0.12186343222856522,0.519164502620697,0.006166145671159029,0.5909772515296936,0.6156604290008545,-14.873457908630371,181000
139.4349365234375,441.15777587890625,445.12408447265625,111.79179382324219,-448.7897033691406,-439.69171142578125,-13.310270309448242,4.212265491485596,0.06317486613988876,0.17335303127765656,0.5224211812019348,0.011545347981154919,0.6065828204154968,0.5869187116622925,-14.204061508178711,182000
13.989656448364258,443.4281921386719,446.470458984375,417.545654296875,-451.1996765136719,-442.26983642578125,-13.052228927612305,4.1223835945129395,0.059707436710596085,0.19134560227394104,0.5169947147369385,0.00845259241759777,0.5837799906730652,0.587110161781311,-14.142215728759766,183000
328.802490234375,445.9625244140625,449.9826354980469,56.17189025878906,-453.37066650390625,-444.31890869140625,-13.369327545166016,4.317555904388428,0.057076454162597656,-0.316002756357193,0.5109078288078308,0.008632929995656013,0.5948737859725952,0.6025024652481079,-14.675525665283203,184000
397.1497802734375,448.3126220703125,452.8695373535156,18.389339447021484,-455.1444091796875,-446.17608642578125,-12.782998085021973,3.81467604637146,0.06064236909151077,0.42112892866134644,0.5080456733703613,0.011338324286043644,0.5903110504150391,0.5670454502105713,-13.557891845703125,185000
155.42947387695312,448.91998291015625,453.5396728515625,180.4309539794922,-455.9917907714844,-447.354736328125,-12.897282600402832,4.260220050811768,0.06074868142604828,0.12291805446147919,0.5135728120803833,0.007753404323011637,0.5662310123443604,0.5837782025337219,-14.094072341918945,186000
9.45305061340332,451.07000732421875,454.3796081542969,425.9760437011719,-458.7861633300781,-449.8262939453125,-13.08698844909668,4.12709379196167,0.054618436843156815,0.208975151181221,0.5040853023529053,0.007015523035079241,0.6047732830047607,0.5943654775619507,-14.168630599975586,187000
70.83551788330078,451.8630676269531,455.704833984375,220.7024688720703,-459.8989562988281,-450.57806396484375,-13.809301376342773,4.4883904457092285,0.05676320567727089,-0.048287369310855865,0.5086936950683594,0.00912177748978138,0.6359195709228516,0.6083275079727173,-14.713481903076172,188000
650.87158203125,452.7963562011719,457.2297668457031,73.07830047607422,-460.2356262207031,-451.37921142578125,-13.156269073486328,4.29985237121582,0.05906796455383301,0.12767596542835236,0.5095683932304382,0.006989187560975552,0.5855304002761841,0.5935101509094238,-14.28752326965332,189000
10.944028854370117,455.7830810546875,458.6274108886719,427.2696838378906,-464.0011901855469,-454.7276306152344,-13.77922248840332,4.505671501159668,0.056096117943525314,-0.10842367261648178,0.5089090466499329,0.006101679988205433,0.613404393196106,0.6088568568229675,-14.712858200073242,190000
12.10400104522705,459.0618591308594,462.3458251953125,433.44293212890625,-466.54327392578125,-457.7781982421875,-12.931442260742188,4.166379451751709,0.06184123456478119,0.1588895469903946,0.5031687021255493,0.008168903179466724,0.5815830826759338,0.5833708047866821,-14.063610076904297,191000
8.537172317504883,461.2076416015625,464.0247802734375,445.58856201171875,-469.62115478515625,-460.3768310546875,-13.950162887573242,4.705841541290283,0.05551239475607872,-0.4380810558795929,0.5040137767791748,0.00713341124355793,0.6236852407455444,0.6156837940216064,-15.110605239868164,192000
7.796375751495361,465.30133056640625,467.57080078125,460.872314453125,-473.5026550292969,-464.4404296875,-13.329750061035156,4.267517566680908,0.05694199353456497,0.033236272633075714,0.506830096244812,0.006951941642910242,0.5952222943305969,0.5955572128295898,-14.390959739685059,193000
90.25867462158203,467.52587890625,469.8462219238281,243.823974609375,-474.8595886230469,-466.15997314453125,-13.204728126525879,4.505112648010254,0.058823056519031525,-0.3236563205718994,0.5075938105583191,0.01169374119490385,0.5531907081604004,0.6070312261581421,-14.956927299499512,194000
7.011907577514648,471.6568603515625,473.9697570800781,463.7645568847656,-480.10302734375,-470.848388671875,-13.566933631896973,4.3122944831848145,0.05414053052663803,0.0748082622885704,0.501396894454956,0.007419514004141092,0.6215023398399353,0.5990673303604126,-14.31446647644043,195000
7.388255596160889,476.3210144042969,479.2334899902344,468.3368225097656,-484.3390197753906,-475.2423095703125,-13.06721019744873,3.9704854488372803,0.05826013535261154,0.2875218987464905,0.5035273432731628,0.008621050976216793,0.6025238037109375,0.5831766128540039,-14.020980834960938,196000
739.9520263671875,479.1350402832031,481.8456726074219,392.9013977050781,-486.2528076171875,-477.62884521484375,-13.055416107177734,4.431445121765137,0.058023665100336075,-0.23296169936656952,0.4988870918750763,0.012429608032107353,0.5652832984924316,0.5926376581192017,-14.426169395446777,197000
8.190439224243164,481.9652099609375,484.2254333496094,475.05889892578125,-489.9022521972656,-480.8189697265625,-13.118915557861328,4.035658836364746,0.05896344035863876,0.0010399110615253448,0.49583199620246887,0.008429769426584244,0.5779870748519897,0.5933662056922913,-14.418773651123047,198000
6.304952621459961,486.2678527832031,487.9877624511719,481.8142395019531,-494.46807861328125,-485.1955261230469,-13.28252124786377,4.009993553161621,0.056884221732616425,0.4723648130893707,0.5002102255821228,0.011961525306105614,0.6345975399017334,0.5742216110229492,-13.715192794799805,199000
8.139154434204102,489.4110107421875,491.5999450683594,484.2384338378906,-497.2124328613281,-488.503662109375,-13.031803131103516,4.323038101196289,0.05301128327846527,-0.05519295111298561,0.4968163073062897,0.009480349719524384,0.5503158569335938,0.6024808883666992,-14.622834205627441,200000
7.237010478973389,492.5130615234375,494.7771911621094,487.1180419921875,-500.9261779785156,-491.6328430175781,-13.770727157592773,4.477389335632324,0.055549878627061844,-0.1256437748670578,0.49636414647102356,0.0070158932358026505,0.6126552224159241,0.6101523041725159,-14.949585914611816,201000
8.852115631103516,494.88018798828125,497.7154235839844,485.2785339355469,-502.7660217285156,-493.965087890625,-12.971185684204102,4.1702446937561035,0.05599937215447426,-0.1272135078907013,0.4953538477420807,0.00769398408010602,0.5597545504570007,0.6041572093963623,-14.652420043945312,202000
8.725391387939453,496.71624755859375,499.2877502441406,483.0605163574219,-505.0301513671875,-495.8543395996094,-13.319778442382812,4.143995761871338,0.059063173830509186,0.200786754488945,0.49943795800209045,0.010737571865320206,0.6109743118286133,0.5846349000930786,-14.088945388793945,203000
8.461139678955078,498.67584228515625,500.4665832519531,494.550537109375,-506.8746032714844,-497.95587158203125,-12.531299591064453,3.612575054168701,0.061640627682209015,0.5832073092460632,0.49531394243240356,0.00695618474856019,0.5728262662887573,0.5701571702957153,-13.494291305541992,204000
109.3043212890625,499.844482421875,503.3780517578125,253.20477294921875,-507.5368957519531,-498.26934814453125,-13.461187362670898,4.193629741668701,0.05898332595825195,-0.25049448013305664,0.4933197498321533,0.007151295430958271,0.598900318145752,0.6106629371643066,-14.786191940307617,205000
6.140786647796631,502.691650390625,504.7826843261719,497.9159240722656,-510.9624938964844,-501.79742431640625,-13.143893241882324,3.978839635848999,0.05816147103905678,0.252618670463562,0.4879554212093353,0.007372071035206318,0.5976406335830688,0.590366542339325,-14.182136535644531,206000
242.548095703125,502.71209716796875,505.712158203125,366.8720397949219,-511.45257568359375,-502.25689697265625,-13.599515914916992,4.403802871704102,0.0577998012304306,-0.3583882749080658,0.4804570972919464,0.007015795912593603,0.5944638252258301,0.6149263381958008,-15.038000106811523,207000
54.4111328125,504.74102783203125,507.5427551269531,468.2734680175781,-512.2669677734375,-503.5057373046875,-12.676190376281738,3.9149844646453857,0.06042643263936043,0.25158077478408813,0.4878722131252289,0.00966838002204895,0.5631345510482788,0.5801182389259338,-14.080482482910156,208000
9.293983459472656,506.4736328125,507.73956298828125,490.8436279296875,-515.5667724609375,-505.9690856933594,-13.882908821105957,4.285243511199951,0.05576087906956673,-0.18440952897071838,0.4941016137599945,0.008471664041280746,0.6301870942115784,0.608507513999939,-14.93952751159668,209000
7.4366841316223145,508.12042236328125,509.8323669433594,500.20123291015625,-516.5023193359375,-507.253662109375,-13.865099906921387,4.616464614868164,0.05493833124637604,-0.35175198316574097,0.49464553594589233,0.008777561597526073,0.6246852278709412,0.6125060319900513,-14.970738410949707,210000
171.36917114257812,509.5553894042969,512.1325073242188,128.189208984375,-517.1426391601562,-508.34539794921875,-12.836594581604004,4.039371490478516,0.06081201881170273,0.13912402093410492,0.4876766800880432,0.007345511578023434,0.5832765102386475,0.5789791345596313,-13.802720069885254,211000
538.034912109375,509.6138916015625,513.4456176757812,133.1652374267578,-517.0359497070312,-507.98504638671875,-13.02034854888916,3.96942400932312,0.060171324759721756,0.1334778517484665,0.48949313163757324,0.007682759314775467,0.6036039590835571,0.5780197381973267,-13.93407917022705,212000
6.818236351013184,512.3114013671875,514.2901000976562,503.58404541015625,-521.1383056640625,-511.6047058105469,-13.467460632324219,3.93385910987854,0.05950054153800011,0.022512851282954216,0.4891853928565979,0.008787915110588074,0.6163538694381714,0.5992105603218079,-14.480098724365234,213000
8.896462440490723,513.7373046875,515.4610595703125,505.74884033203125,-521.8740844726562,-513.0852661132812,-12.895320892333984,4.106482982635498,0.05749970301985741,0.07121670246124268,0.48482292890548706,0.008119039237499237,0.5599772334098816,0.5960384607315063,-14.498334884643555,214000
287.11541748046875,515.4080200195312,517.8837280273438,76.18315124511719,-523.2149047851562,-513.9049682617188,-13.607264518737793,4.297303676605225,0.056770239025354385,-0.10884685069322586,0.48169535398483276,0.011165941134095192,0.6187132596969604,0.6014517545700073,-14.758252143859863,215000
7.236199378967285,517.6798095703125,520.57958984375,502.13031005859375,-525.898193359375,-516.71044921875,-13.334619522094727,4.146851062774658,0.058116935193538666,-0.11725222319364548,0.4826718270778656,0.007268537767231464,0.591423511505127,0.5979771018028259,-14.543478012084961,216000
7.424379825592041,520.2171630859375,522.2276000976562,512.0704345703125,-528.5966186523438,-519.4120483398438,-13.534390449523926,4.349804401397705,0.05826360732316971,-0.23929789662361145,0.48558521270751953,0.008528705686330795,0.6000791788101196,0.6091911792755127,-14.990511894226074,217000
7.5676727294921875,522.4564819335938,524.4364624023438,515.612548828125,-530.3724975585938,-521.1500244140625,-13.027957916259766,3.805487632751465,0.057433027774095535,0.2271835207939148,0.48100101947784424,0.007425157818943262,0.5986526012420654,0.5832162499427795,-14.071435928344727,218000
9.231532096862793,524.3243408203125,526.320068359375,489.2168884277344,-532.65771484375,-523.3623657226562,-13.64846134185791,4.353089332580566,0.05332211032509804,-0.3670800030231476,0.48139581084251404,0.007328972686082125,0.5925776958465576,0.6236830353736877,-15.279716491699219,219000
6.681733131408691,526.2996215820312,528.4126586914062,518.0673828125,-534.2749633789062,-525.3546142578125,-12.893421173095703,3.9730968475341797,0.05712476745247841,0.3608124256134033,0.4846597909927368,0.0052909646183252335,0.580862283706665,0.5898162126541138,-14.076485633850098,220000
7.637851715087891,527.654052734375,529.0947265625,521.052001953125,-536.01171875,-526.8380126953125,-13.111899375915527,3.938199520111084,0.05860857293009758,0.17828047275543213,0.48256224393844604,0.005396276246756315,0.5977169871330261,0.5877910256385803,-14.189467430114746,221000
7.948095798492432,528.9237670898438,530.9733276367188,513.0747680664062,-537.2662353515625,-527.9183959960938,-13.53465461730957,4.186856746673584,0.0541486032307148,-0.21955376863479614,0.48296472430229187,0.007003203500062227,0.5983504056930542,0.6109449863433838,-14.905532836914062,222000
7.147037506103516,531.2852783203125,534.1614379882812,525.1229248046875,-539.5012817382812,-530.153076171875,-13.675357818603516,4.327147483825684,0.05516764149069786,-0.42092078924179077,0.4790993332862854,0.00503174401819706,0.6065847277641296,0.6153097152709961,-15.112539291381836,223000
10.263326644897461,532.0137939453125,532.3604736328125,530.3497314453125,-541.0039672851562,-531.8991088867188,-13.442227363586426,4.337369918823242,0.052651066333055496,-0.06333871930837631,0.4779433012008667,0.006186068989336491,0.587995171546936,0.6046755909919739,-14.793619155883789,224000
7.390347480773926,532.981689453125,535.7984008789062,525.8250122070312,-541.5033569335938,-531.9603881835938,-13.718774795532227,4.17579460144043,0.055935122072696686,-0.17735888063907623,0.47951915860176086,0.0077064186334609985,0.625526487827301,0.6054642200469971,-14.815437316894531,225000
8.154701232910156,534.149658203125,536.380126953125,499.16473388671875,-542.3218994140625,-533.397705078125,-12.736629486083984,3.81243896484375,0.05732095241546631,0.39650505781173706,0.4764150083065033,0.008246751502156258,0.5728733539581299,0.5839159488677979,-14.014805793762207,226000
7.729673385620117,536.1312866210938,538.4310913085938,528.7756958007812,-544.4341430664062,-535.2329711914062,-13.418569564819336,4.217430591583252,0.05550435185432434,-0.1581905335187912,0.4747896194458008,0.006822335999459028,0.5947632193565369,0.6093214154243469,-14.868688583374023,227000
7.9517107009887695,538.3321533203125,540.2616577148438,531.1663818359375,-546.7300415039062,-537.5843505859375,-13.22365665435791,4.077937126159668,0.056191571056842804,-0.032089848071336746,0.4762426018714905,0.008324085734784603,0.5992432832717896,0.5987820029258728,-14.53725814819336,228000
7.537220001220703,540.1464233398438,541.7858276367188,534.2299194335938,-548.440673828125,-539.405029296875,-12.990829467773438,3.955207109451294,0.055200520902872086,0.13967731595039368,0.4810079336166382,0.005297157913446426,0.5929661393165588,0.5911560654640198,-14.196296691894531,229000
7.152752876281738,541.0458984375,543.3674926757812,532.4666137695312,-549.434814453125,-540.141845703125,-13.489705085754395,4.196712970733643,0.05271495133638382,0.06483524292707443,0.4800434112548828,0.0059648919850587845,0.6206782460212708,0.6058648228645325,-14.583934783935547,230000
7.614982604980469,542.87939453125,543.7537231445312,537.5195922851562,-551.5138549804688,-542.4607543945312,-13.09756851196289,4.044500827789307,0.051151975989341736,-0.008827675133943558,0.4766693711280823,0.0071549429558217525,0.5821661353111267,0.6024175882339478,-14.50485610961914,231000
7.995828628540039,544.5469970703125,544.994140625,544.1505737304688,-553.450927734375,-544.2208251953125,-13.02330207824707,3.7931902408599854,0.057528357952833176,0.04981679469347,0.47410720586776733,0.0072539327666163445,0.5864211916923523,0.5951485633850098,-14.256243705749512,232000
7.342075347900391,545.2261962890625,547.1930541992188,535.4290161132812,-553.7157592773438,-544.5089111328125,-12.878312110900879,3.6714422702789307,0.05967668071389198,0.2091149240732193,0.4723162055015564,0.007806470617651939,0.5924303531646729,0.5829387903213501,-13.996502876281738,233000
10.60406494140625,546.1238403320312,547.2127685546875,543.3821411132812,-554.3792724609375,-544.908935546875,-13.430643081665039,3.9602973461151123,0.05565784126520157,-0.009103914722800255,0.46931585669517517,0.007982327602803707,0.622922420501709,0.5920736789703369,-14.367471694946289,234000
30.077510833740234,548.2509765625,550.5040893554688,433.5980529785156,-556.7103881835938,-547.291259765625,-13.672624588012695,4.253487586975098,0.05772516876459122,-0.2688094973564148,0.4697536826133728,0.005340692587196827,0.6301913261413574,0.6128246784210205,-14.851531982421875,235000
114.06661987304688,548.5843505859375,551.2081909179688,453.3094482421875,-556.1410522460938,-546.8811645507812,-13.451189041137695,4.191290855407715,0.05455465614795685,-0.2812252342700958,0.47260820865631104,0.007589838933199644,0.6024434566497803,0.6121417284011841,-15.013437271118164,236000
328.4987487792969,548.997314453125,552.187744140625,284.4826354980469,-556.9126586914062,-548.17822265625,-12.423795700073242,3.689352035522461,0.06302545219659805,0.019367001950740814,0.4704923629760742,0.007460903376340866,0.5612761974334717,0.5723444223403931,-13.625354766845703,237000
139.998291015625,549.72265625,551.8963623046875,240.7725372314453,-558.429443359375,-549.3043212890625,-12.96457290649414,3.8394596576690674,0.06080508977174759,0.09094571322202682,0.472598135471344,0.006366402842104435,0.5900552868843079,0.5840442180633545,-14.108992576599121,238000
8.727642059326172,552.0975341796875,554.6820068359375,533.5046997070312,-560.04248046875,-551.04345703125,-12.784344673156738,3.785353422164917,0.058241043239831924,0.1792096197605133,0.4735562801361084,0.0088930269703269,0.5868226289749146,0.5843989849090576,-14.015161514282227,239000
7.525681018829346,553.2175903320312,555.324462890625,543.8782348632812,-561.7075805664062,-552.6597900390625,-12.742300033569336,3.6945395469665527,0.05918657034635544,0.1602831482887268,0.46587637066841125,0.006604691967368126,0.592838704586029,0.5767934322357178,-13.749112129211426,240000
24.55142593383789,554.229248046875,555.3921508789062,468.6748962402344,-562.5223999023438,-553.443603515625,-12.914463996887207,3.8356921672821045,0.05809171870350838,0.028220640495419502,0.4659425914287567,0.005656666122376919,0.5787999629974365,0.5887960195541382,-14.185056686401367,241000
6.99711275100708,557.3709106445312,559.3607177734375,552.907958984375,-565.9168090820312,-556.54541015625,-13.366329193115234,3.994905948638916,0.05367206782102585,0.007589084096252918,0.47132232785224915,0.005699755623936653,0.6183758974075317,0.6019415855407715,-14.568950653076172,242000
377.7767639160156,557.3350219726562,560.5647583007812,68.48894500732422,-564.4683227539062,-555.490234375,-13.158673286437988,4.180613994598389,0.05541658028960228,-0.17012685537338257,0.46754857897758484,0.0055503156036138535,0.5815633535385132,0.6042160987854004,-14.730278968811035,243000
9.94334602355957,560.1727294921875,560.3772583007812,556.919921875,-569.1332397460938,-560.0042724609375,-12.872721672058105,3.743793249130249,0.05667874589562416,0.07524409145116806,0.4657241702079773,0.006948441732674837,0.5839716196060181,0.5878170728683472,-14.173704147338867,244000
7.742756366729736,561.3470458984375,563.1574096679688,525.4542846679688,-569.9100341796875,-560.8544921875,-13.06130313873291,4.005712509155273,0.05668650567531586,-0.04347827658057213,0.46667423844337463,0.0066942377015948296,0.5904958248138428,0.5982061624526978,-14.511407852172852,245000
7.643125534057617,563.0460815429688,563.994384765625,561.853515625,-571.911865234375,-562.6470947265625,-13.170881271362305,3.906125068664551,0.056022368371486664,0.05925428122282028,0.46358442306518555,0.00606660358607769,0.5948073863983154,0.6017446517944336,-14.49859619140625,246000
7.662380218505859,564.343505859375,566.8651123046875,541.6033325195312,-572.5897827148438,-563.310791015625,-12.939489364624023,3.660493850708008,0.06067899987101555,0.20665352046489716,0.46323925256729126,0.007253348361700773,0.6026114821434021,0.5763930082321167,-13.866371154785156,247000
51.04313659667969,564.4129028320312,567.5130004882812,383.2012939453125,-573.2328491210938,-564.1004028320312,-12.933428764343262,3.8009467124938965,0.06123271957039833,0.027425479143857956,0.45756202936172485,0.007151415105909109,0.5886836051940918,0.5851386189460754,-14.102399826049805,248000
9.693328857421875,564.83935546875,567.76806640625,548.1852416992188,-573.2454223632812,-563.896728515625,-13.307947158813477,3.9592325687408447,0.053528062999248505,0.15141981840133667,0.46193820238113403,0.0058393836952745914,0.6058864593505859,0.5983215570449829,-14.450387954711914,249000
11.70254898071289,566.6541748046875,569.085693359375,496.47894287109375,-575.3726196289062,-565.7574462890625,-13.804389953613281,4.189191818237305,0.055954694747924805,-0.18492434918880463,0.46286076307296753,0.0052181268110871315,0.6251428127288818,0.6125117540359497,-15.00767707824707,250000
7.0330047607421875,568.1671142578125,570.2730102539062,558.8219604492188,-576.9038696289062,-567.372802734375,-13.410186767578125,3.87907338142395,0.05395299941301346,-0.008341175504028797,0.45618659257888794,0.004590210970491171,0.6097380518913269,0.606741189956665,-14.669651985168457,251000
7.683112144470215,569.7138671875,571.720947265625,565.42041015625,-578.2549438476562,-568.9032592773438,-13.210906982421875,3.8591647148132324,0.05498407036066055,0.11759252846240997,0.46020907163619995,0.0062774610705673695,0.6007931232452393,0.5961942672729492,-14.45920467376709,252000
6.099103927612305,569.656982421875,571.8731689453125,565.2460327148438,-577.9857788085938,-568.8674926757812,-12.990619659423828,3.8722949028015137,0.05849897861480713,0.11973585188388824,0.4586160182952881,0.005342353135347366,0.589626669883728,0.5939767360687256,-14.285752296447754,253000
6.962103843688965,570.07177734375,572.611328125,559.4144287109375,-577.8075561523438,-568.9141235351562,-12.769163131713867,3.875723123550415,0.054514456540346146,-0.1301257312297821,0.4588904082775116,0.007883631624281406,0.5594550371170044,0.5950665473937988,-14.4463472366333,254000
7.152891159057617,570.74755859375,572.88232421875,566.7841186523438,-578.9417724609375,-569.8462524414062,-12.99130630493164,3.895805597305298,0.054668933153152466,0.13012000918388367,0.4589405059814453,0.006336758844554424,0.5897949934005737,0.6003333330154419,-14.569472312927246,255000
7.811192035675049,570.1622924804688,572.9109497070312,563.9531860351562,-578.284423828125,-568.8837280273438,-13.128926277160645,3.72820782661438,0.05670015513896942,-0.010808276012539864,0.4556916654109955,0.006654783152043819,0.6080422401428223,0.5927407741546631,-14.260942459106445,256000
1126.947265625,570.7409057617188,573.2732543945312,511.3526611328125,-577.8975219726562,-568.7238159179688,-13.222921371459961,4.04918909072876,0.05700990930199623,-0.16127178072929382,0.45876580476760864,0.004906160291284323,0.5959343910217285,0.6022267937660217,-14.503009796142578,257000
162.6690216064453,570.132568359375,573.6074829101562,235.20619201660156,-577.809326171875,-568.7252197265625,-13.117233276367188,4.0331220626831055,0.055617500096559525,-0.13973405957221985,0.4555722177028656,0.006002229638397694,0.5940233469009399,0.5987330675125122,-14.533502578735352,258000
6.692067623138428,570.9888916015625,572.6481323242188,568.0991821289062,-579.7813720703125,-570.206298828125,-13.368663787841797,3.7935588359832764,0.05392557755112648,0.07287070155143738,0.45784318447113037,0.006058293394744396,0.6210620999336243,0.5974187850952148,-14.418876647949219,259000
6.584390640258789,571.6689453125,573.5773315429688,564.4984130859375,-580.3812255859375,-570.79248046875,-13.597546577453613,4.008758544921875,0.056029193103313446,-0.1424933671951294,0.45758384466171265,0.0048940349370241165,0.6231483221054077,0.6070476174354553,-14.759231567382812,260000
6.885355472564697,572.7879638671875,575.3650512695312,567.1474609375,-581.2283935546875,-571.8788452148438,-12.966146469116211,3.6165926456451416,0.05721873417496681,0.22779041528701782,0.45335474610328674,0.0068328846246004105,0.5865952968597412,0.5866001844406128,-14.070466995239258,261000
5.8015546798706055,573.740234375,575.5166625976562,569.8213500976562,-582.2289428710938,-572.906494140625,-13.377805709838867,4.055361747741699,0.05477511137723923,-0.2930139899253845,0.4489458203315735,0.00597742572426796,0.5969864130020142,0.6133730411529541,-15.019076347351074,262000
6.535691261291504,573.8482055664062,576.0692749023438,568.114013671875,-581.9624633789062,-573.0137939453125,-12.90584659576416,3.9571423530578613,0.05621227249503136,-0.07631370425224304,0.4528026282787323,0.006288604810833931,0.5749475955963135,0.5942760705947876,-14.382747650146484,263000
1038.2978515625,573.1707763671875,576.4251708984375,213.1083526611328,-580.7014770507812,-571.6184692382812,-13.027961730957031,3.944959878921509,0.05671582370996475,-0.05130401626229286,0.45174726843833923,0.006344231776893139,0.5795505046844482,0.6060329675674438,-14.727272033691406,264000
441.34588623046875,574.2694091796875,576.9978637695312,302.6316833496094,-582.6982421875,-573.5670166015625,-12.928316116333008,3.7971417903900146,0.05874196067452431,0.13007444143295288,0.4536198377609253,0.005930971819907427,0.5937576293945312,0.5864279866218567,-14.10708999633789,265000
7.131983757019043,576.1053466796875,578.5245361328125,569.9209594726562,-584.8165283203125,-575.172119140625,-13.506048202514648,3.8616626262664795,0.05787322670221329,0.02498628757894039,0.4489474594593048,0.007172438316047192,0.6391362547874451,0.5954997539520264,-14.476358413696289,266000
710.7827758789062,573.9542236328125,577.9495239257812,82.45789337158203,-580.5465087890625,-571.5848999023438,-12.662363052368164,3.7007341384887695,0.06118820607662201,0.03562090918421745,0.44842958450317383,0.006966882385313511,0.5719289779663086,0.5833184719085693,-14.052654266357422,267000
6.25050687789917,575.2835693359375,577.2734985351562,558.7643432617188,-583.58056640625,-574.4502563476562,-12.845762252807617,3.715442180633545,0.05779961124062538,0.15125571191310883,0.4482264220714569,0.00571091566234827,0.5865323543548584,0.5849291086196899,-13.992636680603027,268000
10.03896713256836,572.8186645507812,575.602783203125,555.0469970703125,-581.1014404296875,-571.8309326171875,-13.308152198791504,4.037676811218262,0.05197295546531677,-0.012658263556659222,0.4498685598373413,0.005708678625524044,0.5991369485855103,0.6089707612991333,-14.834147453308105,269000
9.366156578063965,571.1953125,573.8056030273438,563.5372924804688,-580.2386474609375,-570.8504028320312,-13.177684783935547,3.789436101913452,0.052574217319488525,0.11210385710000992,0.4483366310596466,0.005291713401675224,0.5911605358123779,0.6086919903755188,-14.728589057922363,270000
7.202411651611328,572.175048828125,574.3997192382812,558.4209594726562,-580.7503051757812,-571.1038818359375,-13.351400375366211,3.704941987991333,0.055331021547317505,0.05630113556981087,0.4468269944190979,0.005449709016829729,0.6207304000854492,0.6004024744033813,-14.458035469055176,271000
99.05812072753906,572.4095458984375,574.47509765625,278.47430419921875,-580.3406372070312,-571.0321655273438,-12.90386962890625,3.595426082611084,0.05744386464357376,-0.17134685814380646,0.4411255419254303,0.0063896821811795235,0.5900754928588867,0.5895043611526489,-14.31977653503418,272000
7.522441387176514,574.4629516601562,576.6019897460938,545.1705322265625,-582.6106567382812,-573.5181884765625,-12.742496490478516,3.6500251293182373,0.057062119245529175,0.15400683879852295,0.4465523362159729,0.005752578843384981,0.5841725468635559,0.5823099613189697,-14.008336067199707,273000
6.944482326507568,575.822265625,577.33984375,568.4956665039062,-584.5919189453125,-575.0635986328125,-13.084664344787598,3.5563504695892334,0.053415264934301376,0.0258198045194149,0.44157734513282776,0.005319326184689999,0.5994422435760498,0.6057650446891785,-14.5382080078125,274000
6.513583183288574,576.91796875,577.1373901367188,572.8070068359375,-586.1072387695312,-576.8023681640625,-13.171985626220703,3.8670997619628906,0.054008498787879944,-0.1935240626335144,0.44388851523399353,0.0054452731274068356,0.5993403792381287,0.5992763042449951,-14.479608535766602,275000
6.507279872894287,578.1249389648438,581.0137939453125,573.576416015625,-586.55078125,-576.8355102539062,-13.953414916992188,4.238156795501709,0.05000793933868408,-0.5350384712219238,0.4395362436771393,0.004541417583823204,0.6205665469169617,0.6328043341636658,-15.819953918457031,276000
744.5523071289062,578.5984497070312,580.2291259765625,222.60040283203125,-587.5736694335938,-578.3798217773438,-12.70119857788086,3.5073297023773193,0.05775144323706627,0.031554173678159714,0.44244489073753357,0.00579689210280776,0.5766037106513977,0.5843095779418945,-14.029833793640137,277000
6.6203131675720215,580.4019775390625,582.5978393554688,576.1630249023438,-588.4425659179688,-579.1988525390625,-13.081891059875488,3.838181972503662,0.05557170882821083,-0.025846775621175766,0.44334229826927185,0.004751112312078476,0.5915302634239197,0.6019778251647949,-14.518732070922852,278000
7.9325056076049805,581.1095581054688,582.2235107421875,578.9952392578125,-590.0855102539062,-580.6302490234375,-12.967995643615723,3.5127787590026855,0.05562199652194977,0.12555907666683197,0.4401928782463074,0.005682188551872969,0.5988416075706482,0.5937882661819458,-14.270576477050781,279000
9.480794906616211,581.8041381835938,583.364013671875,576.1607666015625,-591.03857421875,-581.2227783203125,-13.451638221740723,3.635845422744751,0.05354711040854454,-0.01841367781162262,0.4412665069103241,0.004822437651455402,0.6293245553970337,0.6037216186523438,-14.669044494628906,280000
7.324920177459717,583.3301391601562,584.2703247070312,580.2477416992188,-592.5689697265625,-582.962646484375,-13.202302932739258,3.595986843109131,0.054971445351839066,0.12541215121746063,0.43690189719200134,0.005435377825051546,0.6098641157150269,0.5942850708961487,-14.290002822875977,281000
8.5056734085083,584.283447265625,586.9879760742188,579.1336669921875,-592.5642700195312,-583.1588134765625,-13.220122337341309,3.814624547958374,0.05593740940093994,0.005897098686546087,0.43366387486457825,0.006525561213493347,0.6009567975997925,0.5992547869682312,-14.569597244262695,282000
7.402693748474121,583.351318359375,586.2122192382812,572.9202880859375,-591.8678588867188,-582.2570190429688,-13.050981521606445,3.4401021003723145,0.05899670720100403,0.28418734669685364,0.43881314992904663,0.006699343211948872,0.612095832824707,0.5899195075035095,-14.123666763305664,283000
8.916107177734375,581.354736328125,584.0112915039062,566.6143188476562,-589.7411499023438,-580.1785888671875,-13.317106246948242,3.7544994354248047,0.05716581270098686,0.07091952115297318,0.4332852363586426,0.005922463722527027,0.6067180633544922,0.6032606959342957,-14.685975074768066,284000
63.313716888427734,579.739501953125,583.24365234375,356.9829406738281,-588.2311401367188,-579.0234375,-12.818714141845703,3.611020565032959,0.06006385385990143,0.02257188968360424,0.4276809096336365,0.006578334607183933,0.5773178339004517,0.5922572612762451,-14.211162567138672,285000
658.0496826171875,578.468017578125,582.691162109375,35.52199935913086,-585.3333129882812,-576.2739868164062,-12.880451202392578,3.8211309909820557,0.061349790543317795,0.0588313490152359,0.4374813139438629,0.005920009687542915,0.5864027738571167,0.5856244564056396,-14.156001091003418,286000
797.8745727539062,579.2130126953125,581.8521728515625,279.9671936035156,-587.4503173828125,-578.3754272460938,-12.487796783447266,3.4128997325897217,0.05816885456442833,0.2207856923341751,0.43122562766075134,0.00486869877204299,0.5691278576850891,0.5814065337181091,-13.910598754882812,287000
5.990325450897217,580.9061279296875,583.477783203125,576.22265625,-589.7183227539062,-579.9021606445312,-13.392568588256836,3.576413631439209,0.05173089727759361,0.11255104839801788,0.43657222390174866,0.005116334185004234,0.6330335736274719,0.5977830290794373,-14.253011703491211,288000
684.7999267578125,581.2723999023438,584.01953125,111.7545166015625,-589.01123046875,-579.8004150390625,-12.54064655303955,3.329845428466797,0.0608707033097744,0.3138028085231781,0.4302848279476166,0.008816085755825043,0.5983041524887085,0.5633090734481812,-13.361051559448242,289000
64.59211730957031,582.45458984375,585.2506103515625,341.9228820800781,-591.2974853515625,-581.9298095703125,-13.081487655639648,3.713803768157959,0.05541279539465904,0.03351929783821106,0.4333602488040924,0.005811417941004038,0.5977262854576111,0.5937094688415527,-14.278067588806152,290000
6.682280540466309,583.9718627929688,586.2579345703125,577.58837890625,-592.0340576171875,-582.9832763671875,-12.740362167358398,3.6895954608917236,0.05269836634397507,-0.0936528816819191,0.4248441755771637,0.00654633529484272,0.5575212240219116,0.602390468120575,-14.505186080932617,291000
5.606723785400391,584.67431640625,585.7470703125,580.1751708984375,-593.9609985351562,-584.341552734375,-13.150688171386719,3.531247615814209,0.054540254175662994,0.10558027774095535,0.4314309358596802,0.004533945582807064,0.624106764793396,0.5946178436279297,-14.233519554138184,292000
668.42333984375,583.3776245117188,586.9234619140625,59.29157257080078,-590.9761352539062,-581.1201782226562,-13.479150772094727,3.6231894493103027,0.05955520644783974,-0.3053557574748993,0.4265756607055664,0.008310221135616302,0.6325041055679321,0.5994055271148682,-14.54845142364502,293000
7.885476589202881,584.4050903320312,586.9318237304688,570.8285522460938,-592.9187622070312,-583.534423828125,-12.898111343383789,3.513808012008667,0.05219469219446182,0.06902477145195007,0.428221732378006,0.006615752354264259,0.5916507840156555,0.5926047563552856,-14.212289810180664,294000
77.49525451660156,584.7703247070312,586.5149536132812,317.6771545410156,-593.5000610351562,-584.1939697265625,-12.839540481567383,3.533426284790039,0.05777284875512123,0.08886352181434631,0.4312673807144165,0.0055841561406850815,0.5921823978424072,0.5855024456977844,-14.024093627929688,295000
6.894351959228516,585.8450927734375,588.0723876953125,578.4208984375,-594.54345703125,-585.1640014648438,-13.105396270751953,3.725965976715088,0.05748496204614639,-0.047929633408784866,0.43360263109207153,0.005142774432897568,0.5892273187637329,0.6036114692687988,-14.76202392578125,296000
35.20875549316406,587.6909790039062,588.5859985351562,525.2119750976562,-596.2841186523438,-587.1549072265625,-12.907767295837402,3.7785897254943848,0.055775005370378494,0.07787100225687027,0.4340668022632599,0.0073903705924749374,0.5886431932449341,0.5846279263496399,-14.103901863098145,297000
5.26207160949707,589.9520263671875,592.0308227539062,581.2244262695312,-598.7308959960938,-589.319580078125,-12.940216064453125,3.528855562210083,0.05284855514764786,0.15000246465206146,0.42457345128059387,0.006059485487639904,0.5964691042900085,0.5927526950836182,-14.263140678405762,298000
5.297204971313477,591.761962890625,593.2135009765625,588.093017578125,-600.4189453125,-590.8726196289062,-13.213743209838867,3.6674234867095947,0.05260058492422104,-0.3034878671169281,0.4249587953090668,0.0047561232931911945,0.6039142608642578,0.6038578748703003,-14.687395095825195,299000
8.503555297851562,593.0419921875,593.1196899414062,592.9702758789062,-602.412353515625,-593.004638671875,-13.120037078857422,3.7123215198516846,0.05058052018284798,0.02142222598195076,0.42471206188201904,0.004867149516940117,0.5914145708084106,0.6055018901824951,-14.58698844909668,300000
6.554362773895264,595.081298828125,597.226318359375,591.814697265625,-603.8060302734375,-594.2664794921875,-13.169570922851562,3.6300313472747803,0.05376772955060005,0.09273213148117065,0.427670419216156,0.006250589154660702,0.6104292869567871,0.601454496383667,-14.494903564453125,301000
38.164554595947266,595.4265747070312,597.385498046875,512.1942749023438,-604.47705078125,-594.641357421875,-13.49271011352539,3.6570210456848145,0.05723356455564499,-0.09765025973320007,0.42695721983909607,0.006192133761942387,0.6339966058731079,0.6022087335586548,-14.5338134765625,302000
125.3974609375,595.794189453125,598.26708984375,262.4884033203125,-603.4952392578125,-594.6221923828125,-12.57351016998291,3.7004101276397705,0.05807523801922798,0.051170121878385544,0.4266672730445862,0.004097569268196821,0.5769699811935425,0.581592321395874,-13.853768348693848,303000
25.45662498474121,597.5498046875,599.29833984375,593.9210205078125,-606.2149658203125,-596.7911376953125,-12.687461853027344,3.263598918914795,0.061306267976760864,0.12128470093011856,0.4201712906360626,0.005788339767605066,0.5955275297164917,0.5773958563804626,-13.843408584594727,304000
6.043580055236816,598.626953125,600.579345703125,594.8827514648438,-607.3108520507812,-597.6954956054688,-13.250232696533203,3.634915590286255,0.053118180483579636,-0.04321856424212456,0.42261040210723877,0.0042314655147492886,0.6106591820716858,0.6048593521118164,-14.577651977539062,305000
7.078231334686279,599.6151733398438,601.2691650390625,584.762939453125,-608.2837524414062,-598.9550170898438,-12.817947387695312,3.489192247390747,0.056068308651447296,0.13087153434753418,0.4243759512901306,0.005591780878603458,0.5844026803970337,0.5926860570907593,-14.271345138549805,306000
5.919500827789307,600.8466796875,602.7215576171875,597.1159057617188,-609.4252319335938,-599.9736938476562,-13.016730308532715,3.5651626586914062,0.054415807127952576,0.12357175350189209,0.4206801950931549,0.005166865885257721,0.6023011207580566,0.5865776538848877,-14.122340202331543,307000
6.337163925170898,602.0455322265625,603.8985595703125,595.35205078125,-610.6546630859375,-601.211669921875,-13.104022979736328,3.6610002517700195,0.05293981358408928,0.03011818788945675,0.42675328254699707,0.00491449236869812,0.6082860827445984,0.5955992937088013,-14.341276168823242,308000
24.867389678955078,602.7308349609375,604.536376953125,506.7245178222656,-611.641845703125,-602.200439453125,-12.986319541931152,3.5449039936065674,0.056081995368003845,0.17064829170703888,0.4224616289138794,0.004606178030371666,0.5952578783035278,0.5954086184501648,-14.399245262145996,309000
5.9269819259643555,603.8712158203125,605.7966918945312,601.5863647460938,-612.4207763671875,-603.0633544921875,-12.958023071289062,3.600615978240967,0.05541064590215683,0.05035807937383652,0.41911277174949646,0.004657932557165623,0.5910255908966064,0.5951352119445801,-14.425479888916016,310000
5.602502346038818,604.8034057617188,607.1111450195312,598.70068359375,-613.3867797851562,-604.06884765625,-12.70541000366211,3.387446165084839,0.057946063578128815,0.10616839677095413,0.42400145530700684,0.007030324544757605,0.5806644558906555,0.5900605916976929,-14.185527801513672,311000
5.634395599365234,606.023193359375,607.8035278320312,603.3012084960938,-615.0657348632812,-605.3403930664062,-13.32377815246582,3.5984346866607666,0.05327525734901428,0.12714336812496185,0.42087098956108093,0.0045713623985648155,0.6225845813751221,0.6005021333694458,-14.448437690734863,312000
6.241577625274658,607.0541381835938,609.2736206054688,602.2860717773438,-615.9150390625,-606.4622802734375,-12.748564720153809,3.29577898979187,0.05922170355916023,0.13427770137786865,0.41427740454673767,0.00553284864872694,0.5965036749839783,0.5801538228988647,-13.83780288696289,313000
69.5459976196289,607.489990234375,609.7085571289062,426.821044921875,-615.4481811523438,-606.4599609375,-12.20619010925293,3.217944622039795,0.062045447528362274,0.3456009030342102,0.4139856696128845,0.007722880691289902,0.5653749704360962,0.5680416226387024,-13.503816604614258,314000
5.356198787689209,609.2073974609375,611.2484130859375,605.8919677734375,-617.9224243164062,-608.323486328125,-12.901895523071289,3.3029768466949463,0.05658993497490883,0.1511404663324356,0.4178074300289154,0.005060447379946709,0.6087211966514587,0.5889350175857544,-14.110944747924805,315000
6.057604789733887,609.2469482421875,611.3129272460938,595.3988647460938,-617.8928833007812,-608.571533203125,-12.887748718261719,3.566431760787964,0.059922799468040466,-0.11072000116109848,0.41938015818595886,0.00520792743191123,0.6060754060745239,0.5909437537193298,-14.133142471313477,316000
121.61534118652344,609.400634765625,611.1395263671875,356.5724182128906,-618.0955810546875,-608.6085205078125,-13.121209144592285,3.6341850757598877,0.05556757375597954,-0.2592419385910034,0.4164660573005676,0.004771964158862829,0.5989590287208557,0.6098716855049133,-14.861518859863281,317000
7.0807390213012695,610.2802734375,612.5733032226562,604.9088134765625,-618.7299194335938,-609.448486328125,-12.68466567993164,3.403273582458496,0.05460309982299805,0.20003534853458405,0.4123639166355133,0.00503750704228878,0.5747137665748596,0.5871557593345642,-14.118906021118164,318000
227.2606201171875,608.20703125,610.8299560546875,506.5040588378906,-616.2642822265625,-606.5391235351562,-13.475433349609375,3.7502453327178955,0.05048542469739914,-0.11134197562932968,0.41765469312667847,0.005701043643057346,0.6198994517326355,0.6084449291229248,-14.890512466430664,319000
88.51152038574219,608.328369140625,610.7496337890625,417.6025695800781,-617.2808227539062,-608.0302124023438,-12.696615219116211,3.445955753326416,0.05520482361316681,0.07913927733898163,0.418330579996109,0.006216320209205151,0.591231107711792,0.5822734832763672,-13.934394836425781,320000
737.7164916992188,607.7542724609375,610.7796020507812,86.66043853759766,-615.7317504882812,-606.3302001953125,-12.68807315826416,3.286487340927124,0.060208600014448166,0.10552684962749481,0.4148868918418884,0.007036609575152397,0.5948485732078552,0.5760205984115601,-13.60599136352539,321000
5.376670837402344,609.0233764648438,610.9141845703125,602.5507202148438,-617.7952880859375,-608.277587890625,-12.952455520629883,3.434760332107544,0.053956810384988785,0.11535003781318665,0.4131692051887512,0.006264868658035994,0.6036815047264099,0.5925991535186768,-14.14399528503418,322000
906.2130126953125,608.7918090820312,611.08740234375,318.6376037597656,-616.9273071289062,-607.5568237304688,-12.999658584594727,3.629175901412964,0.05654459074139595,-0.23273056745529175,0.4155106544494629,0.0051800766959786415,0.6072173118591309,0.5936613082885742,-14.35262680053711,323000
7.217491149902344,610.5433959960938,612.1448974609375,601.4235229492188,-619.342529296875,-610.105224609375,-12.66679573059082,3.429495334625244,0.05477028712630272,0.13006283342838287,0.4117787480354309,0.004840589128434658,0.579109787940979,0.5863438248634338,-14.0006103515625,324000
8.879005432128906,610.2462158203125,612.20166015625,580.55322265625,-618.913330078125,-609.4066162109375,-13.105340957641602,3.5986380577087402,0.0556325688958168,-0.29537445306777954,0.4134785532951355,0.007958928123116493,0.6030292510986328,0.6036399602890015,-14.58269214630127,325000
7.327802658081055,611.4071044921875,611.8609008789062,611.01953125,-620.6952514648438,-611.0654907226562,-13.408945083618164,3.7791826725006104,0.05088227987289429,-0.31097427010536194,0.4102321267127991,0.005426309537142515,0.6075040102005005,0.6166986227035522,-15.086280822753906,326000
55.8958740234375,611.97265625,614.7137451171875,451.9288635253906,-620.5994873046875,-611.3480224609375,-12.698273658752441,3.446864604949951,0.06203354895114899,-0.07865597307682037,0.40602007508277893,0.0087745301425457,0.5855743288993835,0.5837111473083496,-13.998658180236816,327000
72.94871520996094,612.5001220703125,615.2340087890625,433.0071105957031,-621.1470947265625,-611.7099609375,-13.034997940063477,3.597862958908081,0.05303794518113136,0.07513238489627838,0.41093960404396057,0.004849985241889954,0.5989738702774048,0.6002811193466187,-14.529158592224121,328000
247.83038330078125,612.386474609375,615.1273803710938,189.34173583984375,-620.5624389648438,-611.4970092773438,-12.563718795776367,3.498262882232666,0.056111034005880356,0.02329057827591896,0.4070601165294647,0.007793394848704338,0.577085018157959,0.593907356262207,-14.019858360290527,329000
58.31816482543945,613.410400390625,615.5669555664062,421.8699645996094,-621.9700927734375,-612.3316040039062,-13.149271011352539,3.5108025074005127,0.05730113387107849,-0.2794739603996277,0.4000593423843384,0.004124132450670004,0.6041345000267029,0.6055879592895508,-14.661340713500977,330000
8.629755020141602,614.2526245117188,616.1824951171875,580.12158203125,-622.482666015625,-613.2997436523438,-12.319826126098633,3.1369166374206543,0.05916479229927063,0.14428925514221191,0.4029967784881592,0.006756088230758905,0.5680024027824402,0.5746914148330688,-13.757637023925781,331000
919.9790649414062,611.70166015625,614.8782958984375,29.62031364440918,-619.22216796875,-610.0565795898438,-12.746380805969238,3.5808053016662598,0.06130128726363182,-0.07276173681020737,0.40926045179367065,0.0061889588832855225,0.5868762731552124,0.59147047996521,-14.134885787963867,332000
738.6062622070312,613.12744140625,615.2198486328125,74.97454071044922,-621.1661376953125,-611.7796020507812,-12.771040916442871,3.3844926357269287,0.058278657495975494,0.14787887036800385,0.4073498845100403,0.005512484349310398,0.599026083946228,0.5789244174957275,-13.716575622558594,333000
8.955535888671875,614.8089599609375,616.0316162109375,593.7953491210938,-623.6193237304688,-614.251953125,-12.828044891357422,3.4606847763061523,0.05736992508172989,-0.10699222981929779,0.4045734405517578,0.010681936517357826,0.5791131258010864,0.6031373739242554,-14.641899108886719,334000
6.570830345153809,615.5484619140625,615.7927856445312,613.6654663085938,-624.7046508789062,-615.4212646484375,-12.580924034118652,3.297569513320923,0.05436797812581062,0.15394529700279236,0.4014558792114258,0.004455223213881254,0.5692689418792725,0.5954492092132568,-14.251089096069336,335000
4.954835891723633,617.2235717773438,619.628173828125,612.8517456054688,-626.1055297851562,-616.4735107421875,-12.854565620422363,3.222519636154175,0.054323550313711166,0.1050158143043518,0.40156540274620056,0.007379443850368261,0.6090638637542725,0.5786023139953613,-13.757787704467773,336000
921.43896484375,617.0679931640625,620.5743408203125,262.83251953125,-625.1864013671875,-616.010009765625,-12.45002555847168,3.2736101150512695,0.061493903398513794,0.15474233031272888,0.4007780849933624,0.005190462805330753,0.581897497177124,0.5820288062095642,-13.797264099121094,337000
5.535638809204102,619.0965576171875,621.0945434570312,614.4107055664062,-627.7372436523438,-618.2496948242188,-12.817281723022461,3.3297154903411865,0.054842568933963776,0.1154775619506836,0.40280354022979736,0.004183436278253794,0.5882872939109802,0.5977465510368347,-14.391359329223633,338000
350.14801025390625,617.4366455078125,619.7728881835938,27.26256561279297,-626.0250854492188,-616.7357788085938,-12.57073974609375,3.2814090251922607,0.058253925293684006,0.032345958054065704,0.4071497619152069,0.004439800977706909,0.5887565016746521,0.5785436630249023,-13.770320892333984,339000
159.07139587402344,617.9473876953125,620.63427734375,428.7702331542969,-626.494140625,-617.0108642578125,-12.77906608581543,3.2958030700683594,0.059702612459659576,-0.04913816228508949,0.4030698835849762,0.006202921271324158,0.5959405899047852,0.5873689651489258,-14.155242919921875,340000
895.6736450195312,618.118896484375,619.770751953125,285.4547424316406,-627.448974609375,-618.0797119140625,-12.82992935180664,3.4607157707214355,0.05700579658150673,-0.12546393275260925,0.39922595024108887,0.006157771218568087,0.590171754360199,0.5988836884498596,-14.310160636901855,341000
6.362337589263916,619.9624633789062,622.0339965820312,614.8938598632812,-628.3883056640625,-618.9100341796875,-12.981840133666992,3.5035412311553955,0.05321577563881874,-0.07372306287288666,0.39806079864501953,0.0050541069358587265,0.5898873209953308,0.6022006273269653,-14.541433334350586,342000
6.728331565856934,620.4884033203125,622.8941650390625,615.0445556640625,-629.2946166992188,-619.7166748046875,-12.784322738647461,3.206336259841919,0.05718187242746353,0.1579819619655609,0.40273159742355347,0.005293800495564938,0.5955182313919067,0.5838823318481445,-13.982707977294922,343000
206.834228515625,619.8605346679688,623.4363403320312,381.14617919921875,-628.144775390625,-619.1644287109375,-12.518831253051758,3.538483142852783,0.06183350831270218,-0.03187766298651695,0.4022844433784485,0.00660723727196455,0.576324999332428,0.5845299959182739,-13.95213794708252,344000
12.72753620147705,621.4431762695312,623.6998291015625,556.353515625,-630.0550537109375,-620.7073974609375,-12.614700317382812,3.2670187950134277,0.059412311762571335,0.19907505810260773,0.3955426514148712,0.006805505137890577,0.5863261222839355,0.5827259421348572,-14.058975219726562,345000
7.53576135635376,620.1384887695312,621.9693603515625,604.822265625,-628.8845825195312,-618.8980712890625,-13.241416931152344,3.254861354827881,0.05560531094670296,0.027457550168037415,0.3964112102985382,0.004695868585258722,0.6211453080177307,0.6013668775558472,-14.352349281311035,346000
6.263080596923828,621.3184814453125,623.5908203125,608.7867431640625,-629.6135864257812,-620.3790893554688,-11.844484329223633,2.6100010871887207,0.06423909217119217,0.5056012868881226,0.3929436504840851,0.0053722127340734005,0.5747533440589905,0.5428907871246338,-12.6368989944458,347000
6.115102767944336,621.468017578125,623.4281616210938,610.7586059570312,-629.9833374023438,-620.41357421875,-12.975675582885742,3.4058761596679688,0.05447068065404892,-0.1312694549560547,0.39445599913597107,0.004968874156475067,0.5913968086242676,0.6012399196624756,-14.531919479370117,348000
6.555338382720947,621.07861328125,623.5048828125,613.8704833984375,-629.5571899414062,-619.8262939453125,-13.013011932373047,3.282109022140503,0.055110130459070206,-0.07704273611307144,0.39506053924560547,0.004869622178375721,0.6054913997650146,0.6034650206565857,-14.59650707244873,349000
6.088085651397705,621.3612060546875,623.5872802734375,612.800537109375,-630.164306640625,-620.52734375,-12.995534896850586,3.3586037158966064,0.056191690266132355,0.029637411236763,0.3930891752243042,0.00482109235599637,0.598623514175415,0.5987291932106018,-14.415367126464844,350000
27.443267822265625,621.4991455078125,622.6538696289062,520.2506103515625,-631.1806030273438,-621.3507080078125,-12.870048522949219,3.040175199508667,0.06059269979596138,0.28033506870269775,0.3934769332408905,0.005837693810462952,0.61711585521698,0.5775219202041626,-13.801420211791992,351000
7.204042911529541,622.0911865234375,622.4610595703125,619.1494140625,-631.35302734375,-621.7227172851562,-12.752703666687012,3.122373580932617,0.05758248269557953,0.29020094871520996,0.3957548439502716,0.006133067421615124,0.607836127281189,0.57740318775177,-13.734537124633789,352000
5.661668300628662,623.0208129882812,625.0092163085938,618.4313354492188,-631.7985229492188,-622.287841796875,-13.03213882446289,3.521475315093994,0.051438573747873306,-0.12946447730064392,0.3944421112537384,0.0040537044405937195,0.5897693634033203,0.6072932481765747,-14.800848960876465,353000
461.0481262207031,622.44775390625,625.2068481445312,256.2203369140625,-631.5305786132812,-622.01123046875,-12.80041790008545,3.2810866832733154,0.056259479373693466,-0.006992025300860405,0.3903697729110718,0.005144327878952026,0.6064026355743408,0.5835503339767456,-13.96668815612793,354000
5.809011459350586,623.7822265625,625.8756713867188,619.9803466796875,-632.5303344726562,-622.7625732421875,-13.105497360229492,3.3377182483673096,0.05534788593649864,0.062373533844947815,0.3939516246318817,0.00528556015342474,0.6143471598625183,0.6022886037826538,-14.549798965454102,355000
5.146432399749756,623.4769897460938,625.3551025390625,618.2760620117188,-632.3267822265625,-622.4669799804688,-13.199541091918945,3.3397068977355957,0.053078070282936096,-0.012501796707510948,0.38902804255485535,0.00656402762979269,0.6146175861358643,0.6009165048599243,-14.512279510498047,356000
5.114587783813477,623.943359375,625.9639892578125,617.8522338867188,-632.4808349609375,-623.3106689453125,-12.445768356323242,3.2755961418151855,0.05443781241774559,-0.011467436328530312,0.3875914216041565,0.005617208778858185,0.56290203332901,0.5940638780593872,-14.172210693359375,357000
6.897428035736084,622.9970703125,624.8131103515625,617.988525390625,-631.9287719726562,-621.9637451171875,-13.406829833984375,3.4418182373046875,0.05248069763183594,-0.2619308829307556,0.3896379768848419,0.003953476436436176,0.6241430044174194,0.6187136769294739,-15.135123252868652,358000
6.897369384765625,623.8866577148438,626.1001586914062,617.8522338867188,-632.3665161132812,-622.8096923828125,-12.812902450561523,3.2561230659484863,0.053282372653484344,-0.08389674872159958,0.39197832345962524,0.005442313849925995,0.584443211555481,0.6020669341087341,-14.538779258728027,359000
455.92529296875,621.9826049804688,625.7214965820312,69.76494598388672,-629.485595703125,-620.2891845703125,-12.594375610351562,3.3979332447052,0.05743196979165077,-0.20278774201869965,0.3894558548927307,0.005368715152144432,0.5795850157737732,0.5983105301856995,-14.34157657623291,360000
993.1944580078125,620.51171875,625.141357421875,71.13497161865234,-627.5619506835938,-618.3397827148438,-12.655139923095703,3.4329967498779297,0.05597178637981415,-0.08178462833166122,0.39179712533950806,0.0048203244805336,0.5850385427474976,0.5863922834396362,-13.995396614074707,361000
6.250925064086914,620.5587158203125,623.2651977539062,602.3931274414062,-628.9259643554688,-619.616455078125,-12.944820404052734,3.635342597961426,0.05306908115744591,-0.37895703315734863,0.3884936571121216,0.005505201406776905,0.5827555060386658,0.6145329475402832,-15.006270408630371,362000
8.002135276794434,618.5975341796875,621.0310668945312,598.7825317382812,-627.1817016601562,-617.505859375,-13.120935440063477,3.445094108581543,0.05428643524646759,-0.046499140560626984,0.3936959207057953,0.004695656709372997,0.6082361936569214,0.6085110306739807,-14.676374435424805,363000
7.277019500732422,618.792236328125,620.5060424804688,607.5436401367188,-627.6300659179688,-617.8551025390625,-13.095693588256836,3.3207149505615234,0.05396242067217827,-0.16598458588123322,0.39016231894493103,0.005066743586212397,0.6036286354064941,0.6025409698486328,-14.613814353942871,364000
9.542181015014648,619.1544189453125,621.0240478515625,611.6453857421875,-627.2718505859375,-617.637451171875,-12.842497825622559,3.2080605030059814,0.053439512848854065,0.04583453759551048,0.37911924719810486,0.004177802242338657,0.5926516056060791,0.5943154096603394,-14.29779052734375,365000
5.969810962677002,619.168701171875,621.4718627929688,610.4378051757812,-627.7499389648438,-618.0436401367188,-12.889616012573242,3.1832919120788574,0.05563808232545853,0.1802087426185608,0.3874890208244324,0.004243506118655205,0.6001987457275391,0.5899909734725952,-14.076045989990234,366000
109.08777618408203,618.0468139648438,620.620849609375,417.2445983886719,-626.54296875,-617.2061767578125,-12.357444763183594,3.0206143856048584,0.06103948876261711,0.2385248988866806,0.38521701097488403,0.006597433239221573,0.5763571262359619,0.574943482875824,-13.590129852294922,367000
613.0680541992188,616.1263427734375,619.9774780273438,85.98397827148438,-624.6958618164062,-615.2352905273438,-12.806312561035156,3.3457372188568115,0.05605264753103256,-0.036568596959114075,0.38684242963790894,0.005365210585296154,0.5852041840553284,0.5993531942367554,-14.463337898254395,368000
5.178606033325195,618.05615234375,620.3827514648438,605.9594116210938,-626.8311767578125,-617.15673828125,-12.949880599975586,3.2754619121551514,0.05470512434840202,-0.012417689897119999,0.3873615264892578,0.006057346239686012,0.5998984575271606,0.6000121235847473,-14.388591766357422,369000
5.243076801300049,619.2747802734375,621.4896240234375,610.648193359375,-628.072265625,-618.275146484375,-13.128954887390137,3.331820487976074,0.05402592197060585,-0.021387968212366104,0.37874817848205566,0.004477500915527344,0.6036224961280823,0.603876531124115,-14.562248229980469,370000
5.84096097946167,618.7752075195312,620.8015747070312,612.360107421875,-627.2764892578125,-617.7551879882812,-12.703861236572266,3.1825857162475586,0.054944392293691635,0.11821845918893814,0.3903745114803314,0.005121008493006229,0.5920036435127258,0.5905429124832153,-14.097026824951172,371000
5.267377853393555,618.7816772460938,620.9067993164062,613.2844848632812,-627.4768676757812,-618.1517333984375,-12.65464973449707,3.3295440673828125,0.054335713386535645,-0.11372560262680054,0.38393110036849976,0.0054936483502388,0.5695187449455261,0.5991063714027405,-14.36172103881836,372000
6.557428359985352,619.59765625,622.00732421875,610.59716796875,-628.104248046875,-618.507080078125,-12.90239143371582,3.3052515983581543,0.051158733665943146,-0.027634114027023315,0.3850023150444031,0.005684670060873032,0.5886495113372803,0.6028758883476257,-14.603477478027344,373000
6.320097923278809,619.7056884765625,621.86474609375,609.0103759765625,-628.3877563476562,-618.8500366210938,-13.032350540161133,3.4946062564849854,0.05355577543377876,-0.25093787908554077,0.3827036917209625,0.0055037494748830795,0.5905801653862,0.6040688753128052,-14.703970909118652,374000
779.64501953125,619.474365234375,621.2975463867188,142.51007080078125,-627.6709594726562,-618.3472900390625,-12.577723503112793,3.254030227661133,0.06069168820977211,0.021128814667463303,0.379448264837265,0.006724092178046703,0.5935831069946289,0.578658938407898,-13.821853637695312,375000
6.09324836730957,621.247314453125,623.0847778320312,618.683349609375,-630.04541015625,-620.5335693359375,-12.546982765197754,3.0351343154907227,0.056710049510002136,0.11779924482107162,0.38127848505973816,0.004826163873076439,0.5872102975845337,0.5849077701568604,-13.960142135620117,376000
70.6103744506836,621.9578247070312,624.1480712890625,528.5866088867188,-630.3624267578125,-621.2369384765625,-12.338117599487305,3.212672710418701,0.0608927421271801,0.08609694987535477,0.3828493356704712,0.004173696972429752,0.5709432363510132,0.5789918303489685,-13.705301284790039,377000
390.0048828125,622.7887573242188,626.0242309570312,185.87925720214844,-631.115234375,-621.4326782226562,-13.02623176574707,3.343672275543213,0.05579216405749321,-0.1839839369058609,0.3791167736053467,0.004278361331671476,0.60791015625,0.5973386764526367,-14.425188064575195,378000
23.636823654174805,623.1226196289062,625.9627685546875,515.9775390625,-631.122802734375,-621.8338623046875,-12.253108978271484,2.9641873836517334,0.05889756605029106,0.1655905842781067,0.3776869773864746,0.007779125589877367,0.5646257400512695,0.5856316089630127,-14.086078643798828,379000
589.8671264648438,622.5517578125,625.775146484375,432.6559143066406,-631.123046875,-621.4832153320312,-13.0169038772583,3.3771016597747803,0.05238158255815506,-0.1971045881509781,0.37880992889404297,0.006961633916944265,0.6020483374595642,0.6011948585510254,-14.554234504699707,380000
5.0696210861206055,623.817626953125,625.583251953125,610.178466796875,-632.7763671875,-622.9923706054688,-12.978763580322266,3.1947479248046875,0.05556897446513176,0.024049950763583183,0.38357582688331604,0.00503091886639595,0.6051870584487915,0.5933167934417725,-14.272369384765625,381000
756.3712768554688,623.646728515625,626.5823974609375,44.77849197387695,-631.3153076171875,-622.2269897460938,-12.209196090698242,3.1208794116973877,0.05649615079164505,0.11110106855630875,0.38094067573547363,0.0046822307631373405,0.5618810653686523,0.5784114003181458,-13.677019119262695,382000
769.2651977539062,625.1867065429688,628.4020385742188,51.407447814941406,-632.8012084960938,-623.3375854492188,-12.575218200683594,3.1115784645080566,0.057372186332941055,0.11183904856443405,0.3780969977378845,0.00555996410548687,0.5857799053192139,0.5804519653320312,-13.833662033081055,383000
57.27994918823242,625.8489379882812,628.0774536132812,546.94091796875,-634.6234741210938,-624.6275634765625,-13.283447265625,3.287523031234741,0.05774916708469391,-0.19243551790714264,0.37730181217193604,0.0044176653027534485,0.6275781393051147,0.6020651459693909,-14.516786575317383,384000
58.959529876708984,625.5462036132812,627.766357421875,436.29852294921875,-634.0279541015625,-624.6795654296875,-12.514861106872559,3.1664156913757324,0.05951559543609619,-0.012317588552832603,0.37473103404045105,0.0064185988157987595,0.5754546523094177,0.5896743535995483,-14.251935005187988,385000
1024.537353515625,625.143310546875,628.5135498046875,43.741241455078125,-632.225830078125,-622.7197875976562,-12.742013931274414,3.2359519004821777,0.05295822396874428,0.14253787696361542,0.3801858425140381,0.003986821975558996,0.5891294479370117,0.5947785973548889,-14.32508373260498,386000
5.131584167480469,628.0415649414062,629.9075927734375,623.6932373046875,-636.9678955078125,-627.1737670898438,-12.973906517028809,3.1797497272491455,0.053451601415872574,0.06512559950351715,0.37873125076293945,0.005107712931931019,0.6092140674591064,0.5923730134963989,-14.109108924865723,387000
80.11686706542969,627.8233032226562,630.0411987304688,350.061767578125,-636.6558837890625,-627.2479248046875,-12.651823043823242,3.2438483238220215,0.05517399311065674,0.052038878202438354,0.37563419342041016,0.0037544628139585257,0.5809915661811829,0.5922366380691528,-14.205157279968262,388000
6.113108158111572,627.450927734375,629.0925903320312,621.1237182617188,-636.1070556640625,-626.67138671875,-12.405460357666016,2.9698009490966797,0.05679614469408989,0.13721904158592224,0.37582528591156006,0.004490972496569157,0.5796458721160889,0.5805391073226929,-13.914649963378906,389000
857.4639892578125,626.4039306640625,629.752197265625,150.656005859375,-635.2582397460938,-626.328369140625,-11.948543548583984,3.0186502933502197,0.06682787090539932,0.04608221352100372,0.3717021048069,0.004532091785222292,0.547646164894104,0.5650316476821899,-13.324437141418457,390000
5.801429271697998,628.7701416015625,630.6356201171875,621.7755126953125,-637.6056518554688,-627.9688720703125,-12.750986099243164,3.1142261028289795,0.05605868995189667,-0.09544829279184341,0.3727676570415497,0.006436614319682121,0.5934720039367676,0.5962786674499512,-14.319900512695312,391000
6.393526077270508,628.6889038085938,630.9977416992188,614.614501953125,-637.2503662109375,-627.7027587890625,-12.464086532592773,2.9164977073669434,0.05862211063504219,0.20911797881126404,0.371332049369812,0.00445166602730751,0.5811553001403809,0.5769694447517395,-13.868297576904297,392000
5.615260601043701,628.9527587890625,630.7772216796875,617.7119140625,-637.6334228515625,-628.164306640625,-12.622591018676758,3.1534745693206787,0.05549313500523567,0.02816983126103878,0.37134915590286255,0.005259181372821331,0.5819337368011475,0.5955783724784851,-14.257366180419922,393000
54.68970489501953,630.0091552734375,632.0595703125,486.76104736328125,-639.5187377929688,-629.8111572265625,-12.873233795166016,3.165648937225342,0.05867355316877365,-0.07706108689308167,0.37433481216430664,0.0052642012014985085,0.6032384037971497,0.5929776430130005,-14.401817321777344,394000
30.320959091186523,631.66845703125,632.388427734375,523.4562377929688,-641.2240600585938,-631.49658203125,-13.054306030273438,3.326831340789795,0.051466647535562515,-0.18944071233272552,0.37717291712760925,0.004051756113767624,0.6008267402648926,0.6130772829055786,-14.827646255493164,395000
7.528547286987305,632.841064453125,634.7244873046875,622.0559692382812,-641.1780395507812,-631.95361328125,-12.463764190673828,3.2393288612365723,0.05683160573244095,-0.17948399484157562,0.36483728885650635,0.005365084391087294,0.5651082992553711,0.5933071374893188,-14.479032516479492,396000
4.897541046142578,634.7197875976562,636.806640625,628.0513916015625,-643.861083984375,-633.941650390625,-13.030231475830078,3.1107659339904785,0.0566379614174366,-0.06558329612016678,0.3718778192996979,0.005879731383174658,0.6080977320671082,0.6004924178123474,-14.464773178100586,397000
23.525787353515625,633.5528564453125,634.1751708984375,546.9007568359375,-642.5047607421875,-632.9690551757812,-12.658792495727539,3.123126745223999,0.05431923642754555,0.03811575472354889,0.3773980140686035,0.0047312285751104355,0.5910226106643677,0.5885915756225586,-14.096741676330566,398000
851.4326171875,633.1724853515625,635.8917236328125,37.84811019897461,-640.1718139648438,-631.1524658203125,-12.382274627685547,3.3629186153411865,0.05754482373595238,-0.03663133457303047,0.37539809942245483,0.00544753298163414,0.5613660216331482,0.5891673564910889,-14.145105361938477,399000
4.7305097579956055,634.1466674804688,635.535400390625,629.4019775390625,-643.119873046875,-633.43115234375,-12.789289474487305,3.100558042526245,0.05595280975103378,0.0639047846198082,0.3710373044013977,0.00430480670183897,0.591282069683075,0.5927822589874268,-14.25030517578125,400000
665.1298217773438,633.9093017578125,636.9307861328125,30.898324966430664,-641.3526000976562,-632.0450439453125,-12.43549919128418,3.1279027462005615,0.06164327636361122,0.06540457159280777,0.37044185400009155,0.005040610674768686,0.5825095176696777,0.5800962448120117,-13.798362731933594,401000
1624.839111328125,636.267578125,638.8359985351562,319.2587585449219,-644.6862182617188,-635.294921875,-12.549223899841309,3.1578962802886963,0.06452734768390656,-0.08765227347612381,0.3713814914226532,0.003363275434821844,0.5829637050628662,0.5861437916755676,-14.083385467529297,402000
3.8327431678771973,637.863037109375,639.5919799804688,632.6165771484375,-646.9959106445312,-637.3196411132812,-13.020523071289062,3.3442113399505615,0.05241392180323601,-0.20181220769882202,0.36828872561454773,0.0038378271274268627,0.5969783067703247,0.6150336265563965,-14.917606353759766,403000
5.9899678230285645,638.580810546875,639.8509521484375,635.404296875,-647.6134643554688,-638.0028686523438,-12.675436019897461,3.064818859100342,0.056078024208545685,0.09068448841571808,0.3732507824897766,0.004717857111245394,0.5917360186576843,0.5830552577972412,-13.945450782775879,404000
6.409501075744629,639.6961669921875,641.6845703125,633.0958251953125,-648.136962890625,-638.635009765625,-12.619108200073242,3.1171512603759766,0.0535089336335659,0.03446262702345848,0.36967912316322327,0.0060809822753071785,0.578812837600708,0.589637279510498,-14.109752655029297,405000
7.29088020324707,640.7099609375,641.0660400390625,640.1444091796875,-650.2639770507812,-640.5051879882812,-12.965866088867188,3.2071027755737305,0.05068833753466606,0.0405280701816082,0.37179985642433167,0.004078428260982037,0.6097327470779419,0.5910191535949707,-14.1712646484375,406000
6.477896690368652,640.8792114257812,643.133544921875,633.5125122070312,-649.6766967773438,-639.842041015625,-12.955750465393066,3.1210708618164062,0.05434342101216316,0.0348992757499218,0.368544340133667,0.004886631388217211,0.6004981994628906,0.6011143326759338,-14.487911224365234,407000
6.33009147644043,642.0852661132812,644.2207641601562,600.5354614257812,-651.322998046875,-641.2322998046875,-13.243964195251465,3.153280735015869,0.052463505417108536,-0.10515207052230835,0.36306458711624146,0.0030505883041769266,0.6176967024803162,0.6081798076629639,-14.74086856842041,408000
821.727783203125,642.914794921875,645.2567749023438,260.4137878417969,-652.1554565429688,-642.459716796875,-12.904505729675293,3.208735227584839,0.05748072639107704,-0.06466691941022873,0.36578187346458435,0.005813444033265114,0.6111373901367188,0.5954927206039429,-14.182535171508789,409000
3.9882750511169434,644.5975952148438,646.2333984375,639.9735717773438,-653.3466186523438,-643.767822265625,-12.677797317504883,3.098970890045166,0.05558811500668526,0.08369126915931702,0.3678523600101471,0.004347953945398331,0.585595965385437,0.6038585305213928,-14.492526054382324,410000
70.96378326416016,644.890380859375,647.1848754882812,547.1160888671875,-653.1668701171875,-643.8145751953125,-12.279218673706055,2.926959753036499,0.056347426027059555,0.10622088611125946,0.3590022921562195,0.004714671056717634,0.5740681886672974,0.5792621374130249,-13.7813138961792,411000
78.27838897705078,645.3515625,647.9242553710938,443.2393798828125,-654.1712036132812,-644.6619873046875,-12.551701545715332,3.0425078868865967,0.05629622936248779,0.18106654286384583,0.36432114243507385,0.005033018998801708,0.5916136503219604,0.5758405327796936,-13.710376739501953,412000
5.370688438415527,645.7823486328125,647.7503051757812,639.8778686523438,-654.95361328125,-644.9934692382812,-13.024820327758789,3.0646860599517822,0.05315561592578888,-0.08096375316381454,0.36658722162246704,0.004591426812112331,0.6065129041671753,0.5996391177177429,-14.543253898620605,413000
4.691102504730225,646.3202514648438,647.778076171875,643.3107299804688,-655.4458618164062,-645.7277221679688,-12.908992767333984,3.190869092941284,0.053473565727472305,-0.09457192569971085,0.3646228015422821,0.005031850654631853,0.5975261926651001,0.6076208353042603,-14.703943252563477,414000
1103.099609375,644.2581787109375,649.0574951171875,39.15017318725586,-653.0652465820312,-644.348876953125,-11.760198593139648,3.043795585632324,0.06403178721666336,0.07230598479509354,0.3631752133369446,0.00452835951000452,0.5568963885307312,0.5662749409675598,-13.06255054473877,415000
5.062668800354004,646.5575561523438,648.732421875,638.7738647460938,-655.5250244140625,-645.427001953125,-13.261245727539062,3.1632325649261475,0.05019005015492439,0.008267300203442574,0.36368435621261597,0.0042472537606954575,0.6197795271873474,0.6092061400413513,-14.712567329406738,416000
5.303110122680664,646.652587890625,648.9185791015625,643.2787475585938,-655.518798828125,-645.5936889648438,-13.218161582946777,3.293006658554077,0.04957759007811546,-0.26665419340133667,0.36336153745651245,0.003543933155015111,0.6127322912216187,0.6168894171714783,-14.944472312927246,417000
8.40180778503418,646.833740234375,649.1683349609375,629.470947265625,-655.5721435546875,-645.9924926757812,-12.467710494995117,2.888090133666992,0.05823032557964325,0.2753007411956787,0.36198776960372925,0.004583373200148344,0.5891255736351013,0.5745847225189209,-13.620800018310547,418000
4.547164440155029,646.415283203125,647.7175903320312,643.0625610351562,-655.3982543945312,-645.739013671875,-12.923182487487793,3.2639412879943848,0.05090731009840965,-0.007496925070881844,0.36598584055900574,0.004172862507402897,0.5932419896125793,0.6015457510948181,-14.482992172241211,419000
5.813440322875977,646.2499389648438,648.5841064453125,635.2335205078125,-654.915771484375,-645.194580078125,-12.648578643798828,2.9273641109466553,0.05404553934931755,0.09378235042095184,0.3563383221626282,0.005559414625167847,0.5920950174331665,0.5906223058700562,-14.178196907043457,420000
4.939647674560547,646.9108276367188,648.8900146484375,641.6190185546875,-655.9421997070312,-646.0849609375,-12.676919937133789,2.819723606109619,0.0599956251680851,0.16461746394634247,0.35724684596061707,0.005857617128640413,0.6026065349578857,0.5844491124153137,-14.01078987121582,421000
496.433349609375,647.19091796875,649.6771850585938,276.4530334472656,-656.0503540039062,-646.48681640625,-12.560667037963867,2.9971256256103516,0.057348400354385376,0.09447411447763443,0.36206740140914917,0.008382647298276424,0.5951021909713745,0.5797143578529358,-13.790640830993652,422000
6.30558967590332,648.3743896484375,650.605712890625,640.4829711914062,-657.2484130859375,-647.433837890625,-13.196432113647461,3.3818554878234863,0.050830282270908356,-0.2597770392894745,0.36356496810913086,0.007415725849568844,0.6070773601531982,0.6139072179794312,-14.998878479003906,423000
4.011946678161621,649.4077758789062,650.9853515625,646.7529296875,-658.339599609375,-648.8121337890625,-12.652426719665527,3.12494158744812,0.053604550659656525,-0.014569197781383991,0.36219877004623413,0.004324428737163544,0.5853455066680908,0.5959909558296204,-14.342519760131836,424000
353.957275390625,648.6348266601562,651.3842163085938,314.20892333984375,-657.1707153320312,-648.0140380859375,-12.387939453125,3.2312686443328857,0.05941031128168106,-0.21397274732589722,0.3529931306838989,0.005948621314018965,0.5802106857299805,0.5836110711097717,-13.919925689697266,425000
659.3812866210938,647.8717041015625,650.6480712890625,189.8802947998047,-656.4511108398438,-646.6927490234375,-12.763162612915039,3.004807949066162,0.056616123765707016,0.03655044734477997,0.357345312833786,0.0055388761684298515,0.6018185019493103,0.5943174362182617,-14.136430740356445,426000
6.5102996826171875,648.6726684570312,650.8460693359375,640.976806640625,-657.1741943359375,-647.3742065429688,-12.883142471313477,3.0831398963928223,0.05181092396378517,-0.1210414469242096,0.36506736278533936,0.003896968439221382,0.603427529335022,0.5999187231063843,-14.354879379272461,427000
6.24616813659668,648.4923095703125,650.8259887695312,637.6016845703125,-657.1221313476562,-647.597412109375,-12.460926055908203,2.9362332820892334,0.05163334310054779,-0.009233011864125729,0.35523509979248047,0.003593180328607559,0.5821865797042847,0.5956777334213257,-14.207900047302246,428000
5.773421287536621,650.164794921875,651.0679931640625,646.2078247070312,-658.9381713867188,-649.5147094726562,-12.507889747619629,3.08439564704895,0.054533593356609344,0.2172543704509735,0.357199102640152,0.004755658563226461,0.5741737484931946,0.584293782711029,-14.023078918457031,429000
8.83001708984375,649.1622924804688,653.3623657226562,639.3888549804688,-657.6634521484375,-647.8809204101562,-12.923200607299805,3.140676498413086,0.05243292450904846,-0.07423173636198044,0.35180768370628357,0.004575404338538647,0.5977871417999268,0.5982608795166016,-14.547300338745117,430000
5.880035877227783,651.1202392578125,653.4398193359375,647.1038208007812,-659.8525390625,-650.3326416015625,-12.510765075683594,2.990875244140625,0.054605092853307724,0.09474996477365494,0.3562767207622528,0.004739479161798954,0.5718759894371033,0.5929746627807617,-14.316811561584473,431000
846.5740356445312,649.6878662109375,653.3173217773438,106.85057830810547,-657.77392578125,-648.2960815429688,-12.780994415283203,3.3031833171844482,0.05478823930025101,-0.042703233659267426,0.3611167073249817,0.005319022107869387,0.5974040627479553,0.5913074016571045,-14.34143352508545,432000
5.648220062255859,649.5159912109375,651.9214477539062,638.9640502929688,-658.0143432617188,-648.5155029296875,-12.202710151672363,2.703883647918701,0.05773548036813736,0.19918711483478546,0.35968896746635437,0.006103240419179201,0.5845688581466675,0.5649971961975098,-13.259833335876465,433000
5.133638381958008,649.1839599609375,650.7748413085938,640.2582397460938,-658.1102905273438,-648.248779296875,-12.700904846191406,2.8394408226013184,0.05607013404369354,0.01967170275747776,0.35377317667007446,0.003829764202237129,0.5946474671363831,0.5894917249679565,-14.151143074035645,434000
11.493931770324707,648.6241455078125,651.4095458984375,632.1663818359375,-657.4298095703125,-647.795166015625,-12.44951057434082,2.814856767654419,0.055655304342508316,0.14203298091888428,0.3529652953147888,0.004907247610390186,0.5837088823318481,0.5782497525215149,-13.745849609375,435000
835.7118530273438,647.6522827148438,650.9781494140625,94.42617797851562,-656.2353515625,-646.4395751953125,-13.01727294921875,3.2215206623077393,0.05328187718987465,-0.1879817247390747,0.34891992807388306,0.004852618090808392,0.6043077707290649,0.6056643724441528,-14.670547485351562,436000
31.715513229370117,648.9343872070312,651.6099853515625,533.0477294921875,-657.8320922851562,-647.8431396484375,-13.068638801574707,3.0796921253204346,0.05424778535962105,-0.16240254044532776,0.3542634844779968,0.007525037974119186,0.6069239377975464,0.6034954786300659,-14.758817672729492,437000
6.702102184295654,648.2890014648438,650.358154296875,633.7841796875,-657.076171875,-647.3956298828125,-12.69965648651123,3.019118547439575,0.05311703681945801,-0.09813715517520905,0.354729026556015,0.0033371364697813988,0.5882014036178589,0.5989309549331665,-14.332207679748535,438000
5.317992210388184,648.7378540039062,650.6133422851562,640.81689453125,-657.3421020507812,-647.6552124023438,-12.690088272094727,3.003152370452881,0.05382024496793747,-0.09621316939592361,0.3578268885612488,0.004045605659484863,0.5903048515319824,0.5993239283561707,-14.348278045654297,439000
32.98323059082031,649.1228637695312,651.2050170898438,531.0110473632812,-657.975830078125,-648.470703125,-12.535514831542969,3.0303666591644287,0.054805390536785126,0.06181523948907852,0.35365161299705505,0.003957565873861313,0.5832682847976685,0.587781548500061,-14.15760612487793,440000
37.45571517944336,649.98193359375,651.845703125,544.787353515625,-658.7782592773438,-649.4890747070312,-12.355371475219727,3.066174268722534,0.05524167791008949,-0.0035230759531259537,0.358553409576416,0.005322039593011141,0.5717673897743225,0.585893452167511,-14.07849407196045,441000
5.645885944366455,651.00048828125,653.1627197265625,641.1759033203125,-659.7653198242188,-650.257080078125,-12.342391967773438,2.8341481685638428,0.054705556482076645,0.08493266254663467,0.3502086102962494,0.0050836242735385895,0.5833954215049744,0.5806904435157776,-13.893683433532715,442000
5.816866874694824,650.5701904296875,652.725341796875,636.0538940429688,-659.7694702148438,-649.6354370117188,-13.039405822753906,2.9054102897644043,0.054926250129938126,-0.07185198366641998,0.3534127473831177,0.004708475898951292,0.6201913952827454,0.5979025363922119,-14.334847450256348,443000
820.4535522460938,648.9949951171875,652.242919921875,39.90828323364258,-656.62109375,-646.9894409179688,-12.473427772521973,2.8417770862579346,0.06000518798828125,0.11828871816396713,0.3495166301727295,0.005364688113331795,0.5982633829116821,0.5772740840911865,-13.74033260345459,444000
1663.0054931640625,647.544189453125,651.54638671875,56.348876953125,-654.1964111328125,-644.4134521484375,-12.80690860748291,3.0239126682281494,0.05683663487434387,-0.016861040145158768,0.35375532507896423,0.004404946230351925,0.5965802669525146,0.5956794023513794,-14.327324867248535,445000
931.6321411132812,650.0806274414062,653.2520141601562,249.9591827392578,-659.2982177734375,-649.7042236328125,-12.760183334350586,3.166229009628296,0.054503194987773895,-0.06315557658672333,0.35767504572868347,0.0052812304347753525,0.5933927893638611,0.5940446853637695,-14.192367553710938,446000
3.9759433269500732,651.18701171875,653.4356079101562,647.2534790039062,-660.0984497070312,-650.4586181640625,-12.81538200378418,3.175509214401245,0.05041085183620453,-0.2005869299173355,0.34818434715270996,0.00501388031989336,0.5879095792770386,0.6040587425231934,-14.61016845703125,447000
6.543401718139648,651.74365234375,654.5720825195312,643.6449584960938,-660.11572265625,-650.5656127929688,-12.562381744384766,3.012249708175659,0.053116969764232635,-0.04826492443680763,0.3490716814994812,0.004690059460699558,0.586942195892334,0.5952434539794922,-14.233941078186035,448000
355.0200500488281,651.9257202148438,653.68603515625,611.1431274414062,-660.3258056640625,-650.7718505859375,-12.386846542358398,2.832855463027954,0.05626141279935837,0.0015220135683193803,0.3474488854408264,0.0046738386154174805,0.5774753093719482,0.5831441283226013,-13.99424934387207,449000
1059.6470947265625,652.6597900390625,654.79736328125,350.8397216796875,-661.202392578125,-651.278076171875,-12.843564987182617,2.9192588329315186,0.05436183512210846,0.05222594365477562,0.35337790846824646,0.007352401502430439,0.6142783761024475,0.5863338708877563,-14.050056457519531,450000
858.0438842773438,652.854736328125,655.7066650390625,135.50091552734375,-660.4920654296875,-651.1070556640625,-12.393735885620117,3.008714199066162,0.05600879713892937,0.033206794410943985,0.3511746823787689,0.004014863166958094,0.5806620121002197,0.5824365615844727,-13.807167053222656,451000
4.465123176574707,654.1072998046875,656.089599609375,645.2808837890625,-662.7646484375,-653.3554077148438,-12.36613941192627,2.956892967224121,0.05306650698184967,0.054847318679094315,0.34548723697662354,0.00418356666341424,0.574571430683136,0.59278804063797,-14.128049850463867,452000
5.690929412841797,654.0631713867188,656.2876586914062,641.5612182617188,-662.900146484375,-653.1661376953125,-12.732301712036133,2.9983127117156982,0.053633421659469604,0.07028788328170776,0.3457813262939453,0.004795742221176624,0.5984054803848267,0.5926753282546997,-14.219176292419434,453000
5.643372535705566,652.9451904296875,654.9420166015625,649.9810791015625,-662.2125244140625,-652.1795654296875,-12.909372329711914,2.876391887664795,0.05293092876672745,0.028751404955983162,0.347670316696167,0.004165614023804665,0.6110413670539856,0.5965882539749146,-14.347014427185059,454000
19.425127029418945,654.9737548828125,657.3939208984375,572.7864379882812,-663.3229370117188,-653.9425659179688,-12.262096405029297,2.8817293643951416,0.05595602095127106,0.049399323761463165,0.3463224172592163,0.006342501845210791,0.5699034929275513,0.5797035694122314,-13.855562210083008,455000
5.894661903381348,654.2357788085938,656.4043579101562,642.8283081054688,-662.9656372070312,-653.5469360351562,-12.226814270019531,2.808134078979492,0.05474650487303734,0.1713995337486267,0.34906628727912903,0.004685060121119022,0.5758419036865234,0.5788038969039917,-13.752887725830078,456000
4.583043098449707,655.7325439453125,657.6768798828125,649.7926025390625,-664.8017578125,-654.8933715820312,-12.796926498413086,2.888521671295166,0.05493319034576416,0.23824062943458557,0.35510873794555664,0.0051217637956142426,0.6076302528381348,0.5818735361099243,-13.835443496704102,457000
203.61048889160156,655.1873168945312,656.5585327148438,327.694580078125,-664.6718139648438,-654.71728515625,-12.842315673828125,2.887751817703247,0.05492349714040756,-0.03310197964310646,0.3460431694984436,0.004962022416293621,0.6068177223205566,0.5875281691551208,-14.043246269226074,458000
1668.967529296875,655.9984130859375,658.5965576171875,630.973388671875,-664.0027465820312,-654.5264892578125,-12.330699920654297,2.854417085647583,0.05678427219390869,0.09797940403223038,0.34575575590133667,0.006677210796624422,0.5813602805137634,0.578742504119873,-13.82365894317627,459000
1194.4609375,652.590576171875,657.5037841796875,67.39424133300781,-661.1122436523438,-651.7393188476562,-12.537883758544922,3.1649587154388428,0.06139001622796059,-0.34185007214546204,0.34136489033699036,0.004462717566639185,0.5814697742462158,0.5902506113052368,-14.150459289550781,460000
6.689476490020752,654.5819702148438,656.7429809570312,638.707275390625,-663.0840454101562,-653.501220703125,-12.471963882446289,2.889155864715576,0.054346684366464615,0.14795663952827454,0.342202752828598,0.004793401807546616,0.5763168931007385,0.5871925354003906,-14.123872756958008,461000
4.8661088943481445,655.8876342773438,657.3405151367188,646.2117309570312,-665.227294921875,-655.2205810546875,-12.982810974121094,2.976055145263672,0.052436623722314835,-0.09663636237382889,0.3434637784957886,0.004753533285111189,0.6062170267105103,0.598179817199707,-14.508648872375488,462000
4.292384147644043,656.7454833984375,659.5264282226562,654.2887573242188,-665.2188720703125,-655.9957275390625,-12.037290573120117,2.8141586780548096,0.05730912834405899,0.05273386836051941,0.3420429825782776,0.005636968649923801,0.5513964295387268,0.5852826833724976,-13.959423065185547,463000
959.1917724609375,655.7059326171875,659.6718139648438,99.31587982177734,-665.4818115234375,-655.9613647460938,-12.541467666625977,3.0210084915161133,0.06213872507214546,-0.3298475742340088,0.3441525399684906,0.0050134481862187386,0.5856610536575317,0.5918266177177429,-14.065765380859375,464000
5.170905590057373,658.2645263671875,660.3463134765625,650.5526733398438,-667.00537109375,-657.2632446289062,-12.522071838378906,2.7799930572509766,0.05581491068005562,0.09080636501312256,0.34501445293426514,0.005160156637430191,0.5991895198822021,0.5790910720825195,-13.76434326171875,465000
4.186739921569824,659.8521118164062,661.5262451171875,652.5367431640625,-668.8140869140625,-658.9786376953125,-12.791385650634766,2.9559524059295654,0.05256453529000282,0.02633809857070446,0.3423803150653839,0.0037979925982654095,0.5882101655006409,0.5996975898742676,-14.391770362854004,466000
831.0396118164062,660.8790283203125,662.9615478515625,431.58636474609375,-669.3092041015625,-659.6810302734375,-12.711959838867188,3.0837817192077637,0.05433223024010658,-0.00894099473953247,0.33568695187568665,0.007089561782777309,0.5895538926124573,0.5934808254241943,-14.333252906799316,467000
846.8392944335938,660.8140869140625,664.0454711914062,32.26838684082031,-668.9494018554688,-659.1795654296875,-12.744405746459961,2.9745187759399414,0.060391321778297424,-0.1086919829249382,0.3436581492424011,0.005848202854394913,0.6008771657943726,0.5852354168891907,-13.971038818359375,468000
228.9756317138672,662.0406494140625,664.6852416992188,191.76513671875,-669.9375610351562,-661.0852661132812,-11.73183822631836,2.879542112350464,0.055918630212545395,0.14366988837718964,0.3503386080265045,0.005947686266154051,0.5530604124069214,0.5681183338165283,-13.272276878356934,469000
5.56483268737793,663.5112915039062,665.6227416992188,659.6121826171875,-672.7119750976562,-662.656982421875,-13.047968864440918,2.992966890335083,0.0534067302942276,0.06978359818458557,0.3409859240055084,0.00428171269595623,0.6135472655296326,0.6015201210975647,-14.470510482788086,470000
591.2549438476562,662.415771484375,666.776611328125,43.55514144897461,-669.8438720703125,-660.84423828125,-11.938888549804688,2.939283847808838,0.061585161834955215,0.06777917593717575,0.3404839038848877,0.005722528323531151,0.5577320456504822,0.5659958124160767,-13.321784019470215,471000
4.10661506652832,665.7783203125,668.4382934570312,662.3241577148438,-674.7919311523438,-664.784423828125,-13.11492919921875,3.1074376106262207,0.051610834896564484,-0.16991862654685974,0.33670008182525635,0.003972507081925869,0.6081763505935669,0.6157538294792175,-14.945307731628418,472000
6.1919450759887695,665.8495483398438,667.3660888671875,661.8766479492188,-674.8062133789062,-664.968994140625,-12.611740112304688,2.7745070457458496,0.05411500111222267,0.057538848370313644,0.335379421710968,0.00456872908398509,0.5972422957420349,0.5870685577392578,-13.965498924255371,473000
3.674868583679199,666.420654296875,668.4596557617188,661.6785278320312,-675.1744995117188,-665.5459594726562,-12.699284553527832,3.070725679397583,0.053534090518951416,-0.1675117015838623,0.34055808186531067,0.005255707539618015,0.5857564210891724,0.6050974130630493,-14.584966659545898,474000
5.6071248054504395,666.713623046875,668.602783203125,661.549072265625,-675.7880249023438,-665.782958984375,-12.773218154907227,2.768111228942871,0.05359412729740143,0.025963682681322098,0.3391430675983429,0.004640229046344757,0.6034889221191406,0.594648003578186,-14.286489486694336,475000
1995.721923828125,665.0537719726562,669.3181762695312,114.10018920898438,-672.0288696289062,-662.5360717773438,-12.398706436157227,2.9058613777160645,0.06238851696252823,-0.16719262301921844,0.3303709328174591,0.006438779179006815,0.597739577293396,0.5738617181777954,-13.548791885375977,476000
1218.9068603515625,664.6005859375,668.295654296875,28.44542694091797,-672.3281860351562,-663.008056640625,-12.380342483520508,3.060256004333496,0.059386126697063446,-0.2669715881347656,0.3357556164264679,0.007317929528653622,0.5655827522277832,0.5978944301605225,-14.416324615478516,477000
4.422756195068359,665.9056396484375,667.905517578125,658.4034423828125,-674.793701171875,-665.1073608398438,-12.724365234375,3.0380492210388184,0.051192305982112885,-0.019858265295624733,0.33373624086380005,0.005225161090493202,0.5877752900123596,0.5905099511146545,-14.273265838623047,478000
5.468855857849121,665.8858642578125,667.1453857421875,663.19189453125,-674.9157104492188,-665.1229248046875,-12.589221954345703,2.7964580059051514,0.056337498128414154,0.038615234196186066,0.3421781361103058,0.004947782959789038,0.59633469581604,0.5866556167602539,-14.059167861938477,479000
601.4794921875,666.223388671875,668.6874389648438,246.81912231445312,-675.3424682617188,-665.3966064453125,-12.826937675476074,2.8810839653015137,0.05612090602517128,-0.08577622473239899,0.33515408635139465,0.004542526789009571,0.6112120747566223,0.5947396159172058,-14.148195266723633,480000
6.481428623199463,667.705078125,669.8746337890625,631.165771484375,-676.777099609375,-666.861083984375,-12.666753768920898,2.7507214546203613,0.05659336596727371,0.0016039999900385737,0.3278055489063263,0.005024517886340618,0.5922908186912537,0.6013715267181396,-14.452465057373047,481000
4.400887489318848,669.401123046875,671.2978515625,665.4442138671875,-678.1981811523438,-668.538330078125,-12.463322639465332,2.803447961807251,0.05380842834711075,-0.044055789709091187,0.32807037234306335,0.005551815964281559,0.5753328800201416,0.5942707061767578,-14.302457809448242,482000
5.802304267883301,669.4851684570312,671.6986083984375,656.87451171875,-678.4358520507812,-668.4974365234375,-12.826592445373535,2.88816237449646,0.05447245389223099,-0.07911330461502075,0.3413846492767334,0.0059556132182478905,0.6181248426437378,0.5849573612213135,-13.953411102294922,483000
932.841796875,670.1381225585938,671.3568115234375,187.18968200683594,-679.690673828125,-670.5181274414062,-11.792780876159668,2.6202430725097656,0.06006498262286186,0.2712707221508026,0.3354600965976715,0.005599799565970898,0.5594398379325867,0.5577871203422546,-13.042255401611328,484000
4.907256126403809,672.1279907226562,673.892822265625,668.665283203125,-681.0452270507812,-671.14599609375,-12.689266204833984,2.7900424003601074,0.0550093874335289,0.11313902586698532,0.33234071731567383,0.006172902882099152,0.6059941053390503,0.581393837928772,-13.924450874328613,485000
142.96139526367188,671.4986572265625,674.2984619140625,452.19854736328125,-680.4032592773438,-670.6714477539062,-12.50894546508789,2.777151107788086,0.05697629600763321,-0.006599654909223318,0.3348112404346466,0.005280841141939163,0.5905071496963501,0.5874837636947632,-13.94303035736084,486000
5.8391618728637695,672.46240234375,674.670166015625,669.852294921875,-681.2138061523438,-671.5917358398438,-12.331487655639648,2.7094340324401855,0.05594687536358833,0.016611473634839058,0.33082109689712524,0.004261917434632778,0.5775715112686157,0.5825895071029663,-13.921375274658203,487000
5.707821846008301,673.2385864257812,673.3767700195312,672.7323608398438,-683.223876953125,-673.1251831054688,-13.11812973022461,3.0193865299224854,0.05163584649562836,-0.15764567255973816,0.33091214299201965,0.005886140279471874,0.6207491755485535,0.5989755988121033,-14.459131240844727,488000
5.313783645629883,673.60498046875,675.9834594726562,666.9285278320312,-682.2420654296875,-672.5157470703125,-12.346307754516602,2.620013952255249,0.054365068674087524,0.1486809104681015,0.32690665125846863,0.0041936589404940605,0.5721606016159058,0.5869537591934204,-13.960216522216797,489000
5.025442123413086,673.5260009765625,676.105712890625,667.6639404296875,-682.1573486328125,-672.640869140625,-12.373687744140625,2.8571555614471436,0.05507645383477211,0.10874088853597641,0.33264222741127014,0.005299001932144165,0.5727747678756714,0.5887349843978882,-14.098308563232422,490000
4.546669006347656,673.141845703125,675.3604125976562,667.1283569335938,-682.3781127929688,-672.339111328125,-12.873769760131836,2.8347926139831543,0.05533066764473915,-0.1130228191614151,0.3363802433013916,0.003885518293827772,0.6061416864395142,0.6020584106445312,-14.550687789916992,491000
4.627135276794434,673.07958984375,675.2249755859375,670.527587890625,-682.0444946289062,-672.2645874023438,-12.60910415649414,2.829242706298828,0.05181850492954254,0.022288881242275238,0.32931289076805115,0.004671812057495117,0.5926206111907959,0.5889332294464111,-14.100749969482422,492000
3.905214309692383,672.4903564453125,674.4110107421875,666.9862060546875,-681.55517578125,-671.733154296875,-12.617585182189941,2.79561185836792,0.05391376465559006,0.15305371582508087,0.3350720703601837,0.005186393857002258,0.5976622700691223,0.5863642692565918,-13.963685989379883,493000
3.903761148452759,672.4453735351562,674.3961791992188,664.0038452148438,-681.1891479492188,-671.5606689453125,-12.328405380249023,2.6999399662017822,0.05461449921131134,-0.010770918801426888,0.32819488644599915,0.0030637001618742943,0.5809726119041443,0.588822603225708,-14.046236038208008,494000
907.5418701171875,671.303466796875,674.3426513671875,141.42398071289062,-679.8429565429688,-670.0550537109375,-12.596213340759277,2.808314323425293,0.05638710781931877,-0.1572088599205017,0.3299162685871124,0.0043623135425150394,0.5964374542236328,0.5871521234512329,-14.005346298217773,495000
5.29581880569458,672.5217895507812,674.6061401367188,668.4202270507812,-681.332275390625,-671.6580200195312,-12.66916275024414,2.994910955429077,0.05448143929243088,-0.07020058482885361,0.3327493667602539,0.004887426272034645,0.5918737649917603,0.5981729626655579,-14.365710258483887,496000
50.13478088378906,671.9078979492188,674.0093994140625,537.3229370117188,-680.9220581054688,-671.2015380859375,-12.558268547058105,2.837751626968384,0.05718591436743736,-0.023066392168402672,0.3263038694858551,0.00467628613114357,0.5974507331848145,0.5843895673751831,-13.90325927734375,497000
5.997555255889893,671.03125,674.119873046875,661.8409423828125,-680.2732543945312,-670.2611083984375,-12.898691177368164,2.8865389823913574,0.05370074138045311,-0.05638974532485008,0.3306366205215454,0.0044909254647791386,0.606694757938385,0.593193769454956,-14.313621520996094,498000
935.81201171875,668.7205810546875,672.5145874023438,181.37489318847656,-676.5977783203125,-667.4060668945312,-11.96122932434082,2.769505739212036,0.06097644940018654,0.09895624220371246,0.329149067401886,0.004721425008028746,0.5705915689468384,0.5623003244400024,-13.22842025756836,499000
6.596268653869629,668.7886352539062,671.4976196289062,651.914794921875,-677.501953125,-667.7845458984375,-12.662945747375488,2.945558547973633,0.050059620290994644,-0.06627368927001953,0.3323677182197571,0.004140329547226429,0.5911567211151123,0.6017676591873169,-14.336393356323242,500000
