critic/q_loss,critic/q_mean,critic/q_max,critic/q_min,actor/total_loss,actor/q_loss,actor/bc_loss,actor/entropy_loss,actor/mse,beta/beta_loss,beta/beta,encoder/encoder_loss,encoder/dot_mean,encoder/log_dot_mean,encoder/kl_target_mean,encoder/nll_raw_mean,step
452.5390625,-0.01119971927255392,0.09357224404811859,-0.108396515250206,-1.5354366302490234,-0.16842180490493774,9.694526672363281,-11.061541557312012,0.37805336713790894,19.372241973876953,0.9997000694274902,0.18151500821113586,0.9563915133476257,-0.022099994122982025,-0.4479166269302368,8.958333015441895,0
21.575332641601562,59.635841369628906,59.63701629638672,59.6341552734375,-65.5962142944336,-59.65009689331055,-8.713560104370117,2.7674388885498047,0.08315011113882065,3.960799217224121,0.7989041805267334,0.000697717594448477,0.9998891949653625,-5.541411155718379e-05,-0.002343016443774104,-8.837566375732422,1000
9.134058952331543,86.93388366699219,86.93750762939453,86.93026733398438,-93.98773193359375,-87.00296020507812,-11.411050796508789,4.426275730133057,0.06658697128295898,1.3404704332351685,0.6955190896987915,3.068310616072267e-05,0.9999682903289795,-1.5883942978689447e-05,-0.0003465262125246227,-11.802526473999023,2000
10.986740112304688,108.29969787597656,108.30067443847656,108.29833221435547,-115.7922592163086,-108.31039428710938,-12.750640869140625,5.268779277801514,0.05928536131978035,-0.05957570672035217,0.6474584341049194,4.491675364981518e-10,0.99997478723526,-1.2608468750840984e-05,0.0,-13.050277709960938,3000
13.228018760681152,126.71014404296875,126.71112823486328,126.70916748046875,-133.8253173828125,-126.66144561767578,-12.623379707336426,5.45950984954834,0.06089852750301361,0.3376975953578949,0.6397489905357361,0.004940888844430447,0.9999672174453735,-1.6388283256674185e-05,-0.004754045512527227,-12.779478073120117,4000
8.832015991210938,143.33786010742188,143.338134765625,143.33755493164062,-150.9501953125,-143.39329528808594,-13.379576683044434,5.8226823806762695,0.06021970137953758,0.12925367057323456,0.6571840047836304,0.0007193035562522709,0.9999099373817444,-4.50486913905479e-05,-0.002775221597403288,-13.68259048461914,5000
8.387443542480469,158.55426025390625,158.555419921875,158.55313110351562,-166.10195922851562,-158.50677490234375,-13.650035858154297,6.054858207702637,0.05950281396508217,-0.34187230467796326,0.6729606986045837,1.2127753734603175e-07,0.9997249841690063,-0.00013757665874436498,0.0,-14.092464447021484,6000
12.124016761779785,172.25042724609375,172.2505340576172,172.25030517578125,-179.8253936767578,-172.27911376953125,-13.21782112121582,5.671541690826416,0.05799059942364693,-0.0593530610203743,0.6893783211708069,8.196453563869e-05,0.9992474317550659,-0.00037676235660910606,-0.0005667932564392686,-13.810144424438477,7000
8.846566200256348,185.17526245117188,185.17872619628906,185.17185974121094,-192.6920928955078,-185.1629638671875,-13.705452919006348,6.176334381103516,0.05718260630965233,-0.300085186958313,0.6909016966819763,1.428247401236149e-06,0.9990440607070923,-0.00047868292313069105,0.0,-14.38034439086914,8000
13.030228614807129,196.96034240722656,196.97366333007812,196.947021484375,-204.04441833496094,-196.88589477539062,-13.46834945678711,6.309832572937012,0.060481633991003036,-0.061022549867630005,0.6984153389930725,0.0007573968032374978,0.9982323050498962,-0.0008865635609254241,-0.0030990943778306246,-14.000539779663086,9000
14.161054611206055,207.98867797851562,208.0601348876953,207.91720581054688,-215.40342712402344,-207.9105682373047,-13.45999526977539,5.967129707336426,0.05807199329137802,-0.24152281880378723,0.7100000381469727,0.0002764693053904921,0.9965708255767822,-0.0017218345310539007,-0.001152925193309784,-14.16421127319336,10000
13.305097579956055,218.43023681640625,218.43597412109375,218.4245147705078,-225.65525817871094,-218.341796875,-13.170003890991211,5.8565354347229,0.05890420451760292,0.3107338547706604,0.7143996357917786,0.000208216646569781,0.9961494207382202,-0.0019386200001463294,-0.0019140541553497314,-13.736579895019531,11000
11.009400367736816,228.275634765625,228.2760467529297,228.27517700195312,-235.4331817626953,-228.26852416992188,-13.000471115112305,5.835821628570557,0.06079396232962608,-0.06687866896390915,0.7083681225776672,8.836648703436367e-06,0.9973483085632324,-0.0013299166457727551,-6.946684152353555e-05,-13.769009590148926,12000
223.84230041503906,236.85385131835938,236.8548126220703,236.85287475585938,-244.01132202148438,-236.78131103515625,-13.430455207824707,6.200439453125,0.05817130208015442,-0.03268396481871605,0.716269314289093,3.2067071060737362e-06,0.9981058835983276,-0.0009490104275755584,-5.95525634707883e-05,-14.204676628112793,13000
12.053780555725098,245.47067260742188,245.47999572753906,245.46136474609375,-252.96609497070312,-245.4218292236328,-13.556596755981445,6.012329578399658,0.05710801109671593,0.07466668635606766,0.7222532033920288,7.454948354279622e-05,0.9984821081161499,-0.0007601574761793017,-0.0007414608844555914,-14.410694122314453,14000
252.4472198486328,253.28387451171875,253.28477478027344,253.2830047607422,-260.4182434082031,-253.2427978515625,-13.538703918457031,6.363239765167236,0.05809306353330612,0.04522579535841942,0.724722683429718,0.00023091991897672415,0.9984294176101685,-0.0007869744440540671,-0.0010223680874332786,-14.403189659118652,15000
14.678630828857422,260.8756408691406,260.8954162597656,260.8558654785156,-267.8332824707031,-260.8525085449219,-13.410591125488281,6.429810523986816,0.05693557858467102,-0.015419937670230865,0.7238588333129883,5.784795939689502e-05,0.9988000988960266,-0.0006006670300848782,-0.00048079597763717175,-14.231194496154785,16000
12.646224021911621,268.39154052734375,268.3917236328125,268.3913269042969,-275.40509033203125,-268.4333801269531,-12.762760162353516,5.791032314300537,0.05859343335032463,0.41101762652397156,0.7217393517494202,3.95355846194434e-06,0.9982074499130249,-0.0008982487488538027,0.0,-13.778844833374023,17000
13.893157958984375,274.759033203125,274.7591552734375,274.7589416503906,-282.02874755859375,-274.8406677246094,-12.518537521362305,5.330455780029297,0.062415990978479385,0.3320603668689728,0.7251277565956116,2.1077659766888246e-05,0.998247504234314,-0.0008784701931290329,-0.000280876673059538,-13.625463485717773,18000
310.5048828125,281.7684326171875,281.79974365234375,281.7371520996094,-288.68231201171875,-281.6444396972656,-13.206199645996094,6.168334007263184,0.05897032469511032,-0.013547521084547043,0.7298426032066345,0.0003037792048417032,0.9971455931663513,-0.0014360768254846334,-0.0016041933558881283,-14.181940078735352,19000
13.54136848449707,287.8668518066406,287.867919921875,287.86578369140625,-294.86676025390625,-287.91448974609375,-13.21817684173584,6.265890598297119,0.05598650872707367,-0.04245440289378166,0.7208512425422668,0.00014740032202098519,0.9977767467498779,-0.0011175551917403936,-0.0009006347390823066,-14.394067764282227,20000
14.113950729370117,293.5304260253906,293.5309143066406,293.5299377441406,-300.29254150390625,-293.5570373535156,-12.878561973571777,6.1430792808532715,0.057448696345090866,0.38918599486351013,0.7318022847175598,0.00020174500241409987,0.9965077638626099,-0.001769641530700028,-0.0014146814355626702,-14.141851425170898,21000
12.049751281738281,298.9564208984375,298.9564514160156,298.9564208984375,-305.8070983886719,-298.9508361816406,-12.959697723388672,6.103425025939941,0.05831223353743553,-0.12859882414340973,0.7259305715560913,5.56127488380298e-05,0.9976922273635864,-0.001159686129540205,-0.00042113204835914075,-14.186741828918457,22000
13.844250679016113,304.22772216796875,304.22772216796875,304.22772216796875,-311.2301025390625,-304.2506103515625,-12.756714820861816,5.777210712432861,0.06152697280049324,0.13260425627231598,0.7337239384651184,1.3552549717132933e-05,0.9979063868522644,-0.0010534774046391249,0.0,-14.14069938659668,23000
14.823344230651855,309.3701171875,309.3701477050781,309.3700866699219,-316.3796081542969,-309.35858154296875,-13.286888122558594,6.2658586502075195,0.054149921983480453,-0.4481866657733917,0.7231512069702148,1.0849039426830132e-06,0.998998761177063,-0.0005011755274608731,0.0,-14.720417022705078,24000
11.099315643310547,313.8348388671875,313.8348693847656,313.8348388671875,-320.7387390136719,-313.86883544921875,-12.543488502502441,5.673585891723633,0.0610828697681427,0.19203899800777435,0.7313721776008606,0.0008478190284222364,0.9990007877349854,-0.0005003069527447224,-0.0018442467553541064,-13.871980667114258,25000
13.967708587646484,318.2091979980469,318.2091979980469,318.2091979980469,-324.8829345703125,-318.2127380371094,-13.290361404418945,6.620170593261719,0.05400066450238228,-0.262634813785553,0.7209434509277344,5.330430667527253e-06,0.9986400008201599,-0.0006826621247455478,0.0,-14.499598503112793,26000
13.690696716308594,322.845703125,322.8457336425781,322.845703125,-329.51824951171875,-322.83673095703125,-13.084806442260742,6.403288841247559,0.05707654356956482,-0.02146032266318798,0.7254892587661743,1.7997689383264515e-06,0.9989404082298279,-0.0005307079991325736,0.0,-14.447742462158203,27000
13.700167655944824,326.91046142578125,326.9104919433594,326.91046142578125,-333.4989929199219,-326.8918762207031,-12.247302055358887,5.640206813812256,0.06043711677193642,0.5628668665885925,0.7294830679893494,1.3917187970946543e-06,0.9989898800849915,-0.0005057434318587184,0.0,-13.740304946899414,28000
13.470658302307129,330.6353759765625,330.6354064941406,330.6353759765625,-337.2174377441406,-330.6576843261719,-12.854986190795898,6.295233249664307,0.05696480721235275,0.008790888823568821,0.7225667834281921,9.9213830253575e-05,0.9990978837013245,-0.00045179470907896757,-0.0006183760706335306,-14.220174789428711,29000
13.962299346923828,334.617919921875,334.617919921875,334.6178894042969,-341.2642822265625,-334.6590881347656,-12.558185577392578,5.953004837036133,0.06008515506982803,0.2577384114265442,0.7251717448234558,0.00012399832485243678,0.9989825487136841,-0.0005094015505164862,-0.000960477686021477,-14.24499797821045,30000
15.615240097045898,337.8988037109375,337.8988037109375,337.8987731933594,-344.5334167480469,-337.9007873535156,-13.138527870178223,6.5058913230896,0.056133732199668884,-0.06925080716609955,0.7255135774612427,0.00029314326820895076,0.9981852769851685,-0.0009102558251470327,-0.001148357754573226,-14.891505241394043,31000
15.170219421386719,341.6636962890625,341.6637268066406,341.6636962890625,-348.28082275390625,-341.68389892578125,-12.74380874633789,6.146872520446777,0.05890452116727829,-0.09906626492738724,0.71698397397995,0.0009856068063527346,0.997201681137085,-0.0014277456793934107,-0.0028475297149270773,-14.530130386352539,32000
464.0103454589844,345.10345458984375,345.10345458984375,345.1034240722656,-351.5101318359375,-345.0304260253906,-12.331554412841797,5.851828098297119,0.05679335445165634,0.32312625646591187,0.7215708494186401,7.010017725406215e-05,0.9958086013793945,-0.0021297321654856205,0.0,-14.093975067138672,33000
14.891136169433594,348.06182861328125,348.0618591308594,348.061767578125,-354.6727294921875,-348.1234130859375,-12.656291961669922,6.106950283050537,0.05793784186244011,-0.21460393071174622,0.7163302302360535,0.00013023903011344373,0.9983370304107666,-0.0008366197580471635,-0.001109530683606863,-14.693460464477539,34000
11.429752349853516,351.63470458984375,351.63470458984375,351.6346740722656,-358.15191650390625,-351.61614990234375,-12.541022300720215,6.005255222320557,0.060372088104486465,-0.03389895334839821,0.7098756432533264,1.4695388017571531e-06,0.999154269695282,-0.0004235939704813063,0.0,-14.564571380615234,35000
13.10248851776123,354.077392578125,354.0774230957031,354.077392578125,-360.415771484375,-354.0784912109375,-12.30693531036377,5.9696502685546875,0.05879848450422287,0.2176581472158432,0.7126181125640869,5.452507707559562e-07,0.9994587898254395,-0.0002708529063966125,0.0,-14.127988815307617,36000
15.220298767089844,357.3013610839844,357.3013610839844,357.3013610839844,-363.6822204589844,-357.2528076171875,-12.432930946350098,6.003514289855957,0.056849654763936996,0.2189975082874298,0.7133998274803162,0.00012982219050172716,0.9991894960403442,-0.00040644826367497444,-0.0007211126503534615,-14.378498077392578,37000
15.159669876098633,359.978759765625,359.9787902832031,359.978759765625,-366.3408508300781,-359.9960021972656,-12.435417175292969,6.090574264526367,0.05538544803857803,-0.014174924232065678,0.7054368853569031,7.925802492536604e-05,0.9982523918151855,-0.0008929368923418224,-0.0005543639417737722,-14.556488990783691,38000
16.898128509521484,362.91876220703125,362.91876220703125,362.9187316894531,-369.1827697753906,-362.9461364746094,-11.713629722595215,5.476974964141846,0.060379210859537125,0.5487171411514282,0.7109412550926208,0.0017880721716210246,0.9983378052711487,-0.0008428910514339805,-0.0029316421132534742,-13.452178001403809,39000
10.954694747924805,365.57525634765625,365.5752868652344,365.57525634765625,-371.9512939453125,-365.6269836425781,-12.299972534179688,5.975647926330566,0.05717659741640091,-0.06628646701574326,0.712532639503479,1.6806909115985036e-05,0.9978851079940796,-0.001065775053575635,0.0,-14.295446395874023,40000
10.645992279052734,368.2554931640625,368.2554931640625,368.2554626464844,-374.6192321777344,-368.3001708984375,-12.230778694152832,5.911697864532471,0.05402558669447899,-0.10777223855257034,0.7081974148750305,2.35762581723975e-06,0.9987594485282898,-0.0006214596796780825,0.0,-14.564582824707031,41000
17.17993927001953,370.67254638671875,370.67254638671875,370.6725158691406,-377.0348205566406,-370.6805114746094,-13.109014511108398,6.754693508148193,0.05262977257370949,-0.4897661805152893,0.7101404070854187,9.041181101565599e-07,0.9994032979011536,-0.0002988158375956118,0.0,-15.241264343261719,42000
14.100038528442383,373.1134338378906,373.1138610839844,373.1130065917969,-379.3642578125,-373.1357727050781,-12.44218921661377,6.2137041091918945,0.05687517672777176,-0.0015187372919172049,0.7065579891204834,2.1991781977703795e-06,0.9992614984512329,-0.00037035299465060234,0.0,-14.644949913024902,43000
13.85860824584961,375.5160827636719,375.5168762207031,375.5152893066406,-382.1134338378906,-375.54345703125,-12.815237998962402,6.245258331298828,0.055191587656736374,-0.343961626291275,0.7082789540290833,0.00010305068281013519,0.9993116855621338,-0.0003456690174061805,-0.0007268193294294178,-15.16946029663086,44000
14.827613830566406,377.79180908203125,377.7921142578125,377.79150390625,-383.83001708984375,-377.8046875,-12.510090827941895,6.48477029800415,0.05285979062318802,-0.22259730100631714,0.7082419395446777,0.0003358490648679435,0.9964240193367004,-0.0018792960327118635,-0.000743022421374917,-14.797807693481445,45000
12.868635177612305,380.85675048828125,380.857177734375,380.8562927246094,-387.16485595703125,-380.9398498535156,-12.050663948059082,5.825656414031982,0.05948808789253235,-0.09160541743040085,0.6967453360557556,9.344791760668159e-05,0.9975236654281616,-0.0012441216967999935,-0.0006291998433880508,-14.57312297821045,46000
13.456500053405762,382.14630126953125,382.14630126953125,382.14630126953125,-388.3846435546875,-382.1278991699219,-12.243571281433105,5.986806392669678,0.05647077038884163,-0.12668143212795258,0.7015076875686646,9.543690794089343e-06,0.9986907243728638,-0.000659374229144305,0.0,-14.757335662841797,47000
13.758474349975586,384.52862548828125,384.5286560058594,384.52862548828125,-390.8854675292969,-384.4707336425781,-12.78342056274414,6.36868953704834,0.05373094975948334,-0.884053111076355,0.7005179524421692,7.866747750995273e-07,0.9994941353797913,-0.0002533251536078751,0.0,-15.576910018920898,48000
13.656794548034668,386.7535705566406,386.7545166015625,386.75262451171875,-392.6976013183594,-386.72735595703125,-12.203797340393066,6.233550071716309,0.054898619651794434,0.054929181933403015,0.6970531940460205,7.43516138754785e-05,0.9996156692504883,-0.00019232125487178564,-0.0005458809901028872,-14.668123245239258,49000
13.283310890197754,388.236083984375,388.236572265625,388.2356262207031,-394.3217468261719,-388.2008972167969,-12.357462882995605,6.236602306365967,0.05439324676990509,-0.3437049090862274,0.69722980260849,1.1863556892421911e-07,0.9997168779373169,-0.00014160542923491448,-1.5949714224916534e-06,-14.999958038330078,50000
15.17667007446289,390.66021728515625,390.6609802246094,390.659423828125,-396.73956298828125,-390.6453552246094,-11.922699928283691,5.828487396240234,0.056423068046569824,-0.09472639113664627,0.6909196972846985,3.923692304397264e-07,0.9995899200439453,-0.0002052949130302295,-5.4390402510762215e-06,-14.452850341796875,51000
602.928955078125,392.9332275390625,392.9358215332031,392.9306640625,-399.0627746582031,-392.9172668457031,-12.058282852172852,5.912785530090332,0.05749162659049034,-0.14803346991539001,0.692034125328064,0.00037037531728856266,0.9970344305038452,-0.0017258694861084223,-0.0002613018441479653,-14.776880264282227,52000
13.50826358795166,394.95355224609375,394.95477294921875,394.9523620605469,-400.9789733886719,-394.966796875,-11.64140510559082,5.629237174987793,0.05817655101418495,0.538229763507843,0.6964457631111145,4.0152326619136147e-07,0.9994146823883057,-0.0002928568283095956,0.0,-14.03316593170166,53000
14.845219612121582,397.12322998046875,397.1237487792969,397.1227111816406,-403.2758483886719,-397.1497497558594,-11.710184097290039,5.584066867828369,0.06021296977996826,0.28919553756713867,0.6894692778587341,5.867038908036193e-06,0.9992116689682007,-0.0003949365927837789,-0.00013399565068539232,-14.206674575805664,54000
14.612733840942383,399.0132751464844,399.0133056640625,399.01324462890625,-405.11163330078125,-399.04541015625,-12.007328987121582,5.9411091804504395,0.05377253517508507,-0.247623011469841,0.6844643354415894,3.0703932907272247e-07,0.999541699886322,-0.0002292976132594049,0.0,-14.955801010131836,55000
14.901444435119629,400.9447326660156,400.9447326660156,400.9447326660156,-406.8765869140625,-400.96136474609375,-11.701769828796387,5.786558151245117,0.0602850504219532,0.050059571862220764,0.6818867921829224,1.168649532701238e-06,0.999380886554718,-0.0003101388574577868,0.0,-14.352153778076172,56000
14.095529556274414,403.21539306640625,403.2154541015625,403.2153625488281,-409.34124755859375,-403.28485107421875,-11.609724998474121,5.553313255310059,0.060610707849264145,0.1675112098455429,0.6819822788238525,0.00013330327055882663,0.9995370507240295,-0.0002317761827725917,-0.0007226333837024868,-14.46690559387207,57000
15.419445991516113,404.7962646484375,404.7962646484375,404.7962341308594,-410.6429748535156,-404.8235778808594,-11.799786567687988,5.980376243591309,0.05435561016201973,0.0047193425707519054,0.6813432574272156,3.7749745729342976e-07,0.999553382396698,-0.00022349688515532762,0.0,-14.7389497756958,58000
14.623710632324219,406.21246337890625,406.2124938964844,406.21246337890625,-412.07403564453125,-406.20721435546875,-11.616083145141602,5.749266147613525,0.05992076173424721,-0.026991022750735283,0.6782994866371155,3.1157621833699523e-06,0.9992071390151978,-0.0003979512257501483,0.0,-14.358746528625488,59000
12.66008186340332,408.30596923828125,408.30596923828125,408.3059387207031,-414.174072265625,-408.30511474609375,-12.037919998168945,6.168970108032227,0.053386442363262177,-0.24229256808757782,0.6813283562660217,7.232765142362041e-07,0.9994251728057861,-0.0002877736696973443,0.0,-15.02931022644043,60000
13.669668197631836,410.48193359375,410.48193359375,410.48193359375,-416.40142822265625,-410.46942138671875,-11.644885063171387,5.712896823883057,0.05383528023958206,0.1632944792509079,0.6742570400238037,1.793495584934135e-06,0.9992391467094421,-0.0003813314251601696,0.0,-14.378005981445312,61000
14.067481994628906,412.15179443359375,412.1518249511719,412.15179443359375,-418.1551513671875,-412.1274108886719,-11.358412742614746,5.330646991729736,0.05975959077477455,0.09930169582366943,0.6743472218513489,0.0010419503087177873,0.9991387128829956,-0.00043124918011017144,-0.0028407848440110683,-14.141548156738281,62000
15.488471984863281,414.1434326171875,414.1434631347656,414.1434326171875,-420.0828857421875,-414.1260070800781,-11.436634063720703,5.479762554168701,0.059065960347652435,0.1579490751028061,0.6694298386573792,0.00014923901471775025,0.9977598190307617,-0.0011422631796449423,-0.0011493893107399344,-14.311807632446289,63000
13.927497863769531,415.51629638671875,415.51629638671875,415.5162658691406,-421.5802001953125,-415.5845642089844,-11.670455932617188,5.674797058105469,0.055765245109796524,0.10170343518257141,0.6709495186805725,1.1928270396310836e-05,0.9986014366149902,-0.0007051731226965785,0.0,-14.712907791137695,64000
13.732975959777832,417.71185302734375,417.71185302734375,417.7118225097656,-423.45068359375,-417.762451171875,-11.06972599029541,5.381504058837891,0.059770919382572174,0.6154229640960693,0.671496570110321,0.000153288638102822,0.999154806137085,-0.00042407718137837946,-0.0010511293075978756,-14.112994194030762,65000
13.72385025024414,419.1514587402344,419.1514892578125,419.15142822265625,-425.1198425292969,-419.17156982421875,-11.584392547607422,5.63612174987793,0.05815766379237175,-0.04389660432934761,0.6682214736938477,1.9611984498624224e-06,0.9991337656974792,-0.0004340938467066735,0.0,-14.841007232666016,66000
13.508134841918945,420.5756530761719,420.5756530761719,420.5756530761719,-426.6305847167969,-420.6669006347656,-11.18881607055664,5.225121974945068,0.060066673904657364,0.06549669802188873,0.6666432023048401,1.3332626167539274e-06,0.9991830587387085,-0.00040914653800427914,0.0,-14.57107162475586,67000
13.056013107299805,422.66815185546875,422.6681823730469,422.66815185546875,-428.6309814453125,-422.6714172363281,-11.488391876220703,5.528839588165283,0.057551003992557526,-0.10618302971124649,0.6652082204818726,3.8084981497377157e-06,0.9993413686752319,-0.00032981231925077736,-0.00013903729268349707,-14.804832458496094,68000
13.097832679748535,423.65118408203125,423.6512145996094,423.65118408203125,-429.361572265625,-423.6259460449219,-11.612364768981934,5.876743316650391,0.05494561046361923,-0.38885697722435,0.6631446480751038,2.3384241103485692e-06,0.9981930255889893,-0.0009550068061798811,-0.000731766049284488,-15.030640602111816,69000
700.9244995117188,425.45074462890625,425.4507751464844,425.45074462890625,-431.2486572265625,-425.4010314941406,-11.704968452453613,5.857343673706055,0.05630345642566681,-0.3060677647590637,0.6636508703231812,1.5290434021153487e-05,0.9986861944198608,-0.0006662819068878889,-0.00014188725617714226,-14.796473503112793,70000
13.517871856689453,427.61358642578125,427.6136169433594,427.61358642578125,-433.35382080078125,-427.6269836425781,-11.021838188171387,5.295008182525635,0.061371173709630966,0.20599745213985443,0.6581493616104126,1.7232470781891607e-05,0.9983948469161987,-0.0008258002926595509,-0.0006738267256878316,-14.220427513122559,71000
15.428647994995117,428.739013671875,428.7390441894531,428.73895263671875,-434.1775817871094,-428.73828125,-11.06411361694336,5.624824523925781,0.058399494737386703,0.18476985394954681,0.6611817479133606,5.411334313976113e-06,0.9994474649429321,-0.00027671895804814994,-0.0001321662712143734,-14.49556827545166,72000
12.684605598449707,430.5418701171875,430.5418701171875,430.5418395996094,-436.31793212890625,-430.5342102050781,-11.836827278137207,6.053098678588867,0.05485856533050537,-0.7207011580467224,0.6536726355552673,2.7936994229094125e-06,0.9993897080421448,-0.00030654488364234567,0.0,-15.430670738220215,73000
13.043886184692383,432.24005126953125,432.24005126953125,432.2400207519531,-438.00347900390625,-432.2260437011719,-11.522655487060547,5.745210647583008,0.054288819432258606,0.013766112737357616,0.6517980098724365,4.543286195257679e-06,0.9991755485534668,-0.000414497044403106,0.0,-14.975042343139648,74000
15.340482711791992,434.0500183105469,434.050048828125,434.04998779296875,-439.6107177734375,-434.0599060058594,-11.145736694335938,5.594904899597168,0.05340771749615669,-0.10990586131811142,0.6561487913131714,4.755536065204069e-05,0.9986845254898071,-0.0006674721371382475,-0.0003742707776837051,-14.583979606628418,75000
14.456798553466797,435.31024169921875,435.3102722167969,435.31024169921875,-440.8603210449219,-435.2968444824219,-11.19410228729248,5.63060188293457,0.05592891201376915,-0.004181718919426203,0.6499343514442444,1.5243037410073157e-07,0.9996986389160156,-0.00015076505951583385,0.0,-14.558834075927734,76000
12.67464828491211,437.01300048828125,437.0130310058594,437.01300048828125,-442.9628601074219,-437.0848083496094,-11.500799179077148,5.622739315032959,0.05822150781750679,-0.1903015673160553,0.6484837532043457,2.1771680280835426e-07,0.9996380805969238,-0.00018107265350408852,0.0,-15.2626953125,77000
15.843877792358398,438.4358215332031,438.43585205078125,438.435791015625,-444.0080261230469,-438.5029602050781,-11.227961540222168,5.722902774810791,0.0549013689160347,-0.07930222153663635,0.6483948230743408,1.896582034532912e-05,0.9995898008346558,-0.00020522373961284757,-0.00027719148783944547,-14.931833267211914,78000
12.413290023803711,439.812744140625,439.812744140625,439.812744140625,-445.28094482421875,-439.84320068359375,-10.548877716064453,5.111155033111572,0.05773705989122391,0.2288164496421814,0.6487430930137634,3.899234070559032e-05,0.9991415739059448,-0.0004332014359533787,-0.0003504379710648209,-14.024478912353516,79000
14.031905174255371,440.8844299316406,440.88446044921875,440.8843994140625,-446.4182434082031,-440.85247802734375,-10.635873794555664,5.070097923278809,0.05892850458621979,0.4115401804447174,0.6485156416893005,7.61935154969251e-08,0.9997330904006958,-0.00013348404900170863,0.0,-14.144648551940918,80000
13.584983825683594,442.70269775390625,442.70269775390625,442.70269775390625,-448.15985107421875,-442.70867919921875,-11.144713401794434,5.6935577392578125,0.05488245561718941,-0.15253278613090515,0.6447192430496216,0.00014966163143981248,0.9997448325157166,-0.000127645384054631,-0.0007770279771648347,-14.852203369140625,81000
15.872879981994629,444.44110107421875,444.441162109375,444.4410705566406,-449.9929504394531,-444.4158935546875,-11.573539733886719,5.996484279632568,0.05370757356286049,-0.5523208379745483,0.6403194069862366,6.230673932350328e-08,0.9986699819564819,-0.0007103211246430874,-0.0006135419826023281,-15.437724113464355,82000
13.943931579589844,445.547119140625,445.547119140625,445.5470886230469,-451.1842346191406,-445.6117858886719,-10.220734596252441,4.648283958435059,0.06024514138698578,0.3693822920322418,0.6350924372673035,1.3539865051370725e-07,0.9997347593307495,-0.00013270523049868643,0.0,-13.951333999633789,83000
12.213010787963867,447.11248779296875,447.11248779296875,447.1124572753906,-452.7347106933594,-447.1371154785156,-11.041108131408691,5.443508625030518,0.05506747588515282,-0.13099513947963715,0.6378853917121887,1.8925589984064572e-07,0.999629020690918,-0.0001855753653217107,0.0,-14.866679191589355,84000
15.520516395568848,449.01068115234375,449.0107116699219,449.0106506347656,-454.7169494628906,-449.04254150390625,-10.7012357711792,5.026824474334717,0.05747107043862343,0.04039189592003822,0.6370704770088196,1.6807842257549055e-05,0.9989932775497437,-0.0005116029060445726,0.0,-14.590004920959473,85000
16.99862289428711,450.3190002441406,450.3190002441406,450.3190002441406,-455.557373046875,-450.3134765625,-10.78105354309082,5.537185192108154,0.05563077703118324,0.11431436240673065,0.6344186067581177,1.0005378499045037e-06,0.9992989301681519,-0.0003510169335640967,0.0,-14.50574779510498,86000
14.222208976745605,451.29510498046875,451.29510498046875,451.2950744628906,-457.0313720703125,-451.3055419921875,-11.640263557434082,5.914417743682861,0.05246320739388466,-0.60856693983078,0.6352628469467163,2.4520500119251665e-07,0.9996684789657593,-0.00016587832942605019,0.0,-15.916875839233398,87000
16.03759765625,452.4747314453125,452.4747619628906,452.4747314453125,-457.8994140625,-452.4437255859375,-11.567826271057129,6.11214542388916,0.05082271993160248,-0.528976321220398,0.6319348216056824,2.3449817945220275e-06,0.9982688426971436,-0.0009243701351806521,-0.0006230043363757432,-15.774618148803711,88000
15.151180267333984,454.05010986328125,454.05010986328125,454.0500793457031,-459.2976989746094,-454.00323486328125,-10.839781761169434,5.545325756072998,0.05412986874580383,-0.0757187083363533,0.6279372572898865,9.055525538315123e-07,0.9993780851364136,-0.0003113943093921989,0.0,-14.851850509643555,89000
14.734394073486328,455.431396484375,455.4314270019531,455.431396484375,-460.91375732421875,-455.44921875,-10.894230842590332,5.429701805114746,0.05629570409655571,-0.017853254452347755,0.6272339224815369,3.48067915183492e-05,0.997787594795227,-0.001157916965894401,-0.0002930148912128061,-14.847013473510742,90000
15.454336166381836,456.7384033203125,456.7384338378906,456.7384033203125,-461.9694519042969,-456.74871826171875,-10.396018981933594,5.175291061401367,0.05540020391345024,0.4504375159740448,0.6273201704025269,7.351269232458435e-06,0.9991302490234375,-0.0004384912026580423,0.0,-14.111726760864258,91000
14.907386779785156,458.84716796875,458.8471984863281,458.8471374511719,-464.4218444824219,-458.8744812011719,-10.699923515319824,5.152566432952881,0.06070033833384514,-0.00554491626098752,0.6230747103691101,2.755147647803824e-07,0.999622106552124,-0.00018909008940681815,0.0,-14.703967094421387,92000
12.919609069824219,460.2827453613281,460.2827453613281,460.2827453613281,-465.72039794921875,-460.26739501953125,-10.273341178894043,4.820333003997803,0.0589275099337101,0.23517583310604095,0.6180986762046814,8.54776303071958e-08,0.999748170375824,-0.0001259675482288003,0.0,-14.173869132995605,93000
14.464653015136719,461.8783874511719,461.8783874511719,461.8783874511719,-467.17718505859375,-461.8675231933594,-10.733392715454102,5.423741817474365,0.05780012533068657,0.02337961457669735,0.6229982972145081,1.8547818399383686e-05,0.9997544288635254,-0.00012287846766412258,-0.00026777113089337945,-14.813634872436523,94000
14.050251007080078,462.87921142578125,462.8792419433594,462.87921142578125,-468.1105651855469,-462.9083251953125,-9.964617729187012,4.7624006271362305,0.06033940240740776,0.5386812090873718,0.6146672368049622,9.619932825444266e-06,0.9997349977493286,-0.00013254102668724954,-0.00020051449246238917,-13.823148727416992,95000
13.868255615234375,464.35504150390625,464.3551025390625,464.3550109863281,-469.6125183105469,-464.3719482421875,-10.437421798706055,5.19684362411499,0.05753794312477112,0.027834312990307808,0.6180257797241211,5.040577525505796e-05,0.999796986579895,-0.00010152855975320563,-0.0006263223476707935,-14.62016487121582,96000
14.540962219238281,466.0927734375,466.0927734375,466.0927429199219,-471.4538269042969,-466.05712890625,-10.878046035766602,5.4813432693481445,0.05322239547967911,-0.26382413506507874,0.6185598373413086,1.756877878733576e-07,0.9997530579566956,-0.00012356878141872585,0.0,-15.06009292602539,97000
15.124494552612305,467.19110107421875,467.1911315917969,467.19110107421875,-472.58056640625,-467.1963195800781,-10.514485359191895,5.130254745483398,0.058455388993024826,0.023136669769883156,0.6117596626281738,7.728302620080285e-08,0.999801516532898,-9.92796485661529e-05,0.0,-14.785820007324219,98000
13.741806030273438,468.83758544921875,468.8376159667969,468.83758544921875,-474.07696533203125,-468.8532409667969,-10.328143119812012,5.1044158935546875,0.05567184090614319,0.16032637655735016,0.6147301197052002,1.1530973864637417e-07,0.9998070001602173,-9.656378824729472e-05,0.0,-14.519262313842773,99000
13.168327331542969,469.60113525390625,469.6011657714844,469.60113525390625,-474.8007507324219,-469.56219482421875,-10.189618110656738,4.951035022735596,0.05673862621188164,0.10708530992269516,0.6138696670532227,2.2832031731923053e-07,0.9997902512550354,-0.00010492914589121938,-2.3412007067236118e-05,-14.510780334472656,100000
12.306772232055664,471.0938720703125,471.0938720703125,471.0938720703125,-476.5434875488281,-471.0726013183594,-10.513867378234863,5.0429792404174805,0.057918645441532135,-0.23214508593082428,0.610935389995575,6.228044640010921e-07,0.9992034435272217,-0.00041088773286901414,-0.00027195108123123646,-15.276144027709961,101000
12.603729248046875,472.2767333984375,472.2767333984375,472.2767028808594,-477.7109069824219,-472.3335876464844,-10.630145072937012,5.2528462409973145,0.05524912476539612,-0.18952053785324097,0.6104101538658142,2.4847938817629256e-08,0.9998706579208374,-6.468554784078151e-05,0.0,-15.142419815063477,102000
11.989355087280273,473.4367370605469,473.4367370605469,473.4367370605469,-478.7364501953125,-473.4384765625,-10.490720748901367,5.1927618980407715,0.05570867285132408,-0.14037926495075226,0.6079582571983337,0.00027299238718114793,0.9998043775558472,-9.783728455659002e-05,-0.001033381442539394,-14.743824005126953,103000
12.713951110839844,475.11309814453125,475.11309814453125,475.11309814453125,-480.3533630371094,-475.1029968261719,-10.437463760375977,5.187115669250488,0.05791943147778511,0.014699039049446583,0.6091087460517883,4.1238244818941894e-08,0.9998308420181274,-8.459517266601324e-05,0.0,-14.652788162231445,104000
13.58536148071289,476.4819030761719,476.48193359375,476.48187255859375,-481.6536560058594,-476.49151611328125,-10.52086353302002,5.358719825744629,0.05388793349266052,-0.32648515701293945,0.604801595211029,1.9849645127578697e-07,0.9998143911361694,-9.290417074225843e-05,0.0,-14.985350608825684,105000
11.920445442199707,477.871826171875,477.8718566894531,477.8717956542969,-482.97216796875,-477.9131774902344,-10.046820640563965,4.987811088562012,0.058634594082832336,0.0188499316573143,0.6010766625404358,0.0006609170231968164,0.9998384118080139,-8.081944542936981e-05,-0.0016068998957052827,-14.298489570617676,106000
11.957558631896973,479.63592529296875,479.63592529296875,479.6358947753906,-484.80914306640625,-479.606201171875,-10.266284942626953,5.06335973739624,0.05563955754041672,-0.08753568679094315,0.598827600479126,7.853710570771e-08,0.999840259552002,-7.988686411408707e-05,0.0,-14.798956871032715,107000
907.1326904296875,480.3597412109375,480.3597412109375,480.3597412109375,-485.2383117675781,-480.3247375488281,-9.651442527770996,4.737846374511719,0.059063926339149475,0.337374210357666,0.599575936794281,0.0002443525299895555,0.999577522277832,-0.00021193348220549524,-0.0015645775711163878,-14.115175247192383,108000
12.043633460998535,482.00091552734375,482.0009460449219,482.00091552734375,-487.0785827636719,-482.0269775390625,-9.880179405212402,4.8285932540893555,0.05909024924039841,-0.029616590589284897,0.598823070526123,2.0366012876138484e-08,0.9998680353164673,-6.60009027342312e-05,0.0,-14.448898315429688,109000
13.737881660461426,483.3404235839844,483.3404541015625,483.34039306640625,-488.5413513183594,-483.3957824707031,-10.395817756652832,5.250255584716797,0.05708199739456177,-0.17833642661571503,0.5981318354606628,7.897260445588472e-08,0.9997678995132446,-0.00011608599743340164,0.0,-15.006508827209473,110000
12.872123718261719,484.5400390625,484.5400695800781,484.5400085449219,-489.70684814453125,-484.5010681152344,-10.491655349731445,5.2858734130859375,0.05552852898836136,-0.2236497402191162,0.5945284366607666,1.1234365615564457e-07,0.9997504353523254,-0.00012485359911806881,0.0,-15.055441856384277,111000
11.842424392700195,486.1766357421875,486.1766357421875,486.1766052246094,-491.378173828125,-486.19720458984375,-10.57218074798584,5.391207218170166,0.05393507331609726,-0.4771866500377655,0.595130980014801,0.00013745774049311876,0.9998137950897217,-9.312614565715194e-05,-0.000733035325538367,-15.591876983642578,112000
11.718658447265625,487.40234375,487.40234375,487.4023132324219,-492.6542663574219,-487.4180908203125,-10.047987937927246,4.8117899894714355,0.0585947185754776,0.20286977291107178,0.5902033448219299,0.0004520561487879604,0.9995964765548706,-0.00020193941600155085,-0.0013469072291627526,-14.699026107788086,113000
16.992168426513672,488.270751953125,488.2707824707031,488.270751953125,-493.41851806640625,-488.2994689941406,-10.524065971374512,5.405029773712158,0.05556575581431389,-0.5485337376594543,0.5922062993049622,5.538725872611394e-06,0.9997984766960144,-0.00010078976629301906,-0.00014700340398121625,-15.456812858581543,114000
12.824029922485352,489.44775390625,489.4477844238281,489.44775390625,-494.7022705078125,-489.4685363769531,-10.081753730773926,4.848011493682861,0.057420406490564346,0.035193756222724915,0.590700626373291,1.0471168110370854e-07,0.9997292160987854,-0.00013545219553634524,0.0,-14.839242935180664,115000
12.204544067382812,491.12701416015625,491.12701416015625,491.1269836425781,-496.17578125,-491.1535949707031,-9.953692436218262,4.931506156921387,0.0564216673374176,0.1256706714630127,0.5865495800971985,1.3130521665516426e-06,0.9994927048683167,-0.0002543063019402325,0.0,-14.674322128295898,116000
13.046339988708496,492.04010009765625,492.04010009765625,492.04010009765625,-496.7890930175781,-492.01422119140625,-10.177617073059082,5.402741432189941,0.05421238765120506,-0.20825040340423584,0.5886281132698059,3.3926474429790687e-07,0.999671220779419,-0.00016457938181702048,0.0,-14.885091781616211,117000
12.653518676757812,493.00299072265625,493.00299072265625,493.0029602050781,-497.8898620605469,-493.01019287109375,-9.708877563476562,4.829184532165527,0.0591418594121933,0.49022799730300903,0.5896380543708801,6.75455510190659e-07,0.9994548559188843,-0.0002729182015173137,0.0,-14.226991653442383,118000
12.01039981842041,494.2623596191406,494.26239013671875,494.2623291015625,-499.1167907714844,-494.2984619140625,-9.468705177307129,4.65038537979126,0.057690441608428955,0.3290722966194153,0.5856384634971619,7.277756594703533e-06,0.999548614025116,-0.0002259218308608979,-0.000166470228577964,-14.13912582397461,119000
13.529699325561523,495.3158264160156,495.3158264160156,495.3158264160156,-500.2319030761719,-495.35986328125,-10.005498886108398,5.1334662437438965,0.05725057050585747,-0.16844159364700317,0.5837574601173401,0.00014951298362575471,0.9992178678512573,-0.0003930524690076709,-0.000785308366175741,-14.812812805175781,120000
14.61557388305664,496.9698181152344,496.9698181152344,496.9698181152344,-501.95574951171875,-496.9518127441406,-10.21091079711914,5.20696496963501,0.05636726692318916,-0.2822543680667877,0.581192672252655,1.3538475513996673e-06,0.9998229146003723,-8.855931082507595e-05,-7.632863707840443e-05,-15.269868850708008,121000
13.620474815368652,498.060546875,498.060546875,498.060546875,-503.201171875,-498.1365051269531,-9.004395484924316,3.9397213459014893,0.06350061297416687,0.654144823551178,0.5803413391113281,0.00012175869778729975,0.9998224973678589,-8.879138476913795e-05,-0.0006898657302372158,-13.555198669433594,122000
10.46884822845459,499.15228271484375,499.1523132324219,499.15228271484375,-504.0978088378906,-499.11688232421875,-9.453791618347168,4.472857475280762,0.05897116661071777,0.12339652329683304,0.5809907913208008,5.3295792667995556e-08,0.9998388886451721,-8.0576486652717e-05,0.0,-14.267119407653809,123000
970.059814453125,500.996826171875,500.996826171875,500.996826171875,-505.76763916015625,-500.97479248046875,-9.624555587768555,4.8316802978515625,0.05839436873793602,-0.03476223722100258,0.5772696733474731,1.9314501997769185e-08,0.9998753070831299,-6.233352905837819e-05,0.0,-14.619586944580078,124000
14.526067733764648,501.47259521484375,501.4726257324219,501.47259521484375,-506.4209289550781,-501.4300231933594,-9.89047908782959,4.899574279785156,0.05599056929349899,-0.21052317321300507,0.5751385688781738,3.501385137383295e-08,0.9998602867126465,-6.983643106650561e-05,0.0,-14.984600067138672,125000
11.838748931884766,503.19488525390625,503.1949157714844,503.19488525390625,-507.9001159667969,-503.1720275878906,-9.932648658752441,5.204568862915039,0.054282061755657196,-0.24104349315166473,0.5734118223190308,2.992243963717556e-08,0.9998674392700195,-6.630370626226068e-05,0.0,-15.155513763427734,126000
14.199615478515625,504.3904724121094,504.3904724121094,504.3904724121094,-509.2363586425781,-504.41143798828125,-9.965225219726562,5.140287399291992,0.056832604110240936,-0.1564839780330658,0.5760560631752014,4.301994849242874e-08,0.9998334050178528,-8.332062134286389e-05,0.0,-14.992721557617188,127000
12.708765983581543,505.84686279296875,505.84686279296875,505.84686279296875,-510.82513427734375,-505.826416015625,-10.33027172088623,5.3315324783325195,0.053119588643312454,-0.6897709369659424,0.5700153708457947,1.026238827250836e-08,0.999901294708252,-4.934008029522374e-05,0.0,-15.597963333129883,128000
13.261978149414062,506.78509521484375,506.78509521484375,506.7850646972656,-511.6593322753906,-506.7788391113281,-9.831266403198242,4.9507622718811035,0.05624619126319885,-0.07485020905733109,0.5678211450576782,0.0004763582837767899,0.9998751878738403,-6.241467781364918e-05,-0.0013644167920574546,-14.913718223571777,129000
11.792795181274414,507.8795166015625,507.8795166015625,507.8794860839844,-512.5578002929688,-507.88519287109375,-9.465130805969238,4.792546272277832,0.05748295038938522,0.17523318529129028,0.568291425704956,1.6649922329747824e-08,0.9998835325241089,-5.826557753607631e-05,0.0,-14.403385162353516,130000
14.386175155639648,509.43450927734375,509.4345397949219,509.4344787597656,-514.1981811523438,-509.48150634765625,-9.495067596435547,4.77839994430542,0.05813245102763176,0.12353011965751648,0.570563793182373,1.1723344783831635e-07,0.9998134970664978,-9.331585897598416e-05,0.0,-14.572046279907227,131000
13.380861282348633,510.356201171875,510.3562316894531,510.3561706542969,-515.0325927734375,-510.3150329589844,-9.505160331726074,4.787575721740723,0.056786082684993744,0.06309954077005386,0.5679076313972473,3.7333788895921316e-06,0.9998266696929932,-8.668101509101689e-05,-0.00011963181896135211,-14.627665519714355,132000
12.452189445495605,511.61309814453125,511.61309814453125,511.61309814453125,-516.457763671875,-511.6476135253906,-9.613905906677246,4.803791046142578,0.05489735305309296,0.1687134951353073,0.5656973719596863,4.888611471187687e-08,0.999839186668396,-8.044995774980634e-05,0.0,-14.808273315429688,133000
10.755739212036133,512.3857421875,512.3858032226562,512.3857421875,-517.123046875,-512.4220581054688,-8.84751033782959,4.1465582847595215,0.061578091233968735,0.5052295327186584,0.5618366003036499,6.565996045537759e-06,0.9997825026512146,-0.00010877780732698739,-0.0001599123061168939,-13.665698051452637,134000
12.211687088012695,513.882080078125,513.882080078125,513.8820190429688,-518.725830078125,-513.8734741210938,-9.936971664428711,5.08457612991333,0.05414726585149765,-0.3182147145271301,0.5611678957939148,2.2763730157748796e-05,0.9997402429580688,-0.0001299968280363828,-0.0003168442635796964,-15.203337669372559,135000
10.33293342590332,514.74951171875,514.74951171875,514.7494506835938,-519.6118774414062,-514.7835083007812,-9.374738693237305,4.546382904052734,0.05911339074373245,0.060307640582323074,0.562993586063385,2.1131782546035538e-07,0.9997175931930542,-0.00014130266208667308,0.0,-14.728562355041504,136000
11.841684341430664,516.2523193359375,516.2523193359375,516.2522583007812,-520.9830322265625,-516.25048828125,-10.034287452697754,5.301761627197266,0.05230487883090973,-0.42347580194473267,0.559665322303772,1.0807461592321488e-07,0.9997962713241577,-0.0001019052870105952,0.0,-15.58747673034668,137000
11.688506126403809,517.2957763671875,517.2958374023438,517.2957763671875,-521.9356079101562,-517.3057250976562,-9.690857887268066,5.060983180999756,0.05425895005464554,-0.2530599534511566,0.557893693447113,1.252770653081825e-05,0.9995790123939514,-0.0002113003865815699,-0.00026028224965557456,-15.124456405639648,138000
12.406564712524414,518.2894287109375,518.2894287109375,518.2893676757812,-523.1371459960938,-518.28271484375,-9.747843742370605,4.89345121383667,0.053511690348386765,-0.0573546327650547,0.5548515319824219,4.449464540812187e-06,0.9996894001960754,-0.00015545616042800248,-0.00012725606211461127,-15.158482551574707,139000
14.093311309814453,519.2973022460938,519.2973022460938,519.2973022460938,-524.0145874023438,-519.288818359375,-9.848007202148438,5.122258186340332,0.05391461402177811,-0.4456876516342163,0.5572758913040161,2.341354132795459e-08,0.9998450875282288,-7.747189374640584e-05,0.0,-15.501921653747559,140000
14.19654655456543,520.4842529296875,520.4842529296875,520.4842529296875,-525.1718139648438,-520.5203247070312,-9.090254783630371,4.438770294189453,0.05688352510333061,0.3210265636444092,0.5542673468589783,1.0025132013424809e-07,0.9997442960739136,-0.00012792021152563393,0.0,-14.313061714172363,141000
1056.6416015625,522.013427734375,522.013427734375,522.013427734375,-526.8348388671875,-521.992431640625,-9.308221817016602,4.4658403396606445,0.06105789169669151,0.08570078760385513,0.5532684326171875,2.5916742742992938e-06,0.9997898936271667,-0.00010509869025554508,-0.00011742900096578524,-14.821406364440918,142000
13.380874633789062,522.7306518554688,522.7306518554688,522.7306518554688,-527.1663208007812,-522.7096557617188,-9.144464492797852,4.68781852722168,0.05558641627430916,0.26923874020576477,0.5541146397590637,9.955904261005344e-07,0.9997512102127075,-0.00012443918967619538,-6.802566349506378e-05,-14.333280563354492,143000
10.423778533935547,524.49853515625,524.49853515625,524.4984741210938,-529.2161865234375,-524.4880981445312,-9.508621215820312,4.780495643615723,0.05183808133006096,-0.1623348444700241,0.5481719374656677,2.4883455296276225e-08,0.9998452067375183,-7.740534783806652e-05,0.0,-15.160978317260742,144000
12.41749095916748,525.5479736328125,525.5480346679688,525.5479736328125,-530.0252075195312,-525.5989990234375,-8.739142417907715,4.312929630279541,0.05982493609189987,0.49264243245124817,0.5497240424156189,0.000725407327990979,0.9989820718765259,-0.0005296998424455523,-0.0020925290882587433,-13.951467514038086,145000
12.68204116821289,526.7752685546875,526.7753295898438,526.7752685546875,-531.2879028320312,-526.7487182617188,-9.212629318237305,4.673470973968506,0.055644333362579346,0.06840947270393372,0.5476227402687073,4.6575354417655035e-07,0.9995274543762207,-0.0002364872198086232,0.0,-14.580374717712402,146000
2137.645263671875,527.5851440429688,527.5851440429688,527.5851440429688,-532.0909423828125,-527.5466918945312,-8.608925819396973,4.064706802368164,0.06092231348156929,0.5892322659492493,0.5499458312988281,2.616106576169841e-05,0.9994691610336304,-0.0002656667202245444,-0.00031660316744819283,-13.700118064880371,147000
11.850573539733887,528.6343994140625,528.6344604492188,528.6343383789062,-533.1500854492188,-528.6337890625,-9.204620361328125,4.688320636749268,0.05453037843108177,0.07081235200166702,0.544320821762085,0.0003512098337523639,0.9996037483215332,-0.0001982442627195269,-0.0011804105015471578,-14.740880012512207,148000
10.506321907043457,529.6695556640625,529.6695556640625,529.6695556640625,-534.2774047851562,-529.7103271484375,-8.789556503295898,4.222460746765137,0.059919245541095734,0.07379037141799927,0.5433661937713623,1.002174485620344e-05,0.9994741678237915,-0.0002632511022966355,-0.00021383601415436715,-14.281807899475098,149000
12.590835571289062,530.6956787109375,530.6956787109375,530.6956176757812,-535.24658203125,-530.7096557617188,-8.609702110290527,4.072755336761475,0.05790827050805092,0.5966039896011353,0.5441263914108276,3.237139765133179e-07,0.9996368288993835,-0.00018174177967011929,0.0,-13.777914047241211,150000
13.127345085144043,531.5648193359375,531.5648803710938,531.5648193359375,-536.2464599609375,-531.5895385742188,-9.572670936584473,4.915771961212158,0.053129713982343674,-0.3598165810108185,0.5402687191963196,7.480882402433053e-08,0.9998207092285156,-8.970045746536925e-05,0.0,-15.466988563537598,151000
13.898561477661133,532.7730102539062,532.7730102539062,532.7730102539062,-537.2896118164062,-532.7661743164062,-8.851953506469727,4.328464984893799,0.059866763651371,0.10035348683595657,0.5437158942222595,4.0354429131639336e-08,0.9998348355293274,-8.261171751655638e-05,0.0,-14.427968978881836,152000
13.394754409790039,534.1951904296875,534.1951904296875,534.1951904296875,-538.6383666992188,-534.1987915039062,-8.781797409057617,4.34220027923584,0.05584967881441116,0.34191790223121643,0.5406492948532104,1.779339072527364e-05,0.9998131990432739,-9.344267164124176e-05,-0.00026561037520878017,-14.20829963684082,153000
12.349103927612305,535.3197021484375,535.3197631835938,535.3197021484375,-539.841796875,-535.3018798828125,-8.695958137512207,4.156081676483154,0.05858519673347473,0.346585214138031,0.5385236144065857,3.822733197011985e-05,0.9998331069946289,-8.348241681233048e-05,-0.0003876057162415236,-14.20659351348877,154000
10.560953140258789,536.2376708984375,536.2376708984375,536.2376708984375,-540.6053466796875,-536.258056640625,-8.892504692077637,4.545228004455566,0.05580734461545944,0.21279855072498322,0.5369831323623657,0.00021008039766456932,0.9998669028282166,-6.655027391389012e-05,-0.0009060848387889564,-14.40953254699707,155000
10.884611129760742,537.2360229492188,537.236083984375,537.2359619140625,-541.8681640625,-537.227783203125,-8.503308296203613,3.8629117012023926,0.061921149492263794,0.2890295088291168,0.5355554819107056,6.004150776561801e-08,0.9997975826263428,-0.0001012521970551461,0.0,-14.061054229736328,156000
11.803762435913086,538.388427734375,538.3884887695312,538.388427734375,-542.8589477539062,-538.3453369140625,-8.534258842468262,4.020616054534912,0.06109809875488281,0.39277133345603943,0.5347036719322205,7.555830961791798e-05,0.999483585357666,-0.0002585865731816739,-0.0005414834595285356,-14.034358978271484,157000
11.625580787658691,539.5253295898438,539.5253295898438,539.5253295898438,-544.05517578125,-539.5305786132812,-8.943775177001953,4.419159889221191,0.05704338476061821,0.2530381381511688,0.5364552736282349,9.293028142565163e-07,0.9994460344314575,-0.000277442391961813,0.0,-14.397329330444336,158000
9.544228553771973,540.6204833984375,540.6205444335938,540.6204833984375,-545.1339721679688,-540.5949096679688,-8.564716339111328,4.025612831115723,0.058028124272823334,0.14882992208003998,0.522587239742279,1.1802655563997178e-07,0.9996811151504517,-0.0001595242356415838,0.0,-14.327102661132812,159000
10.336419105529785,541.9312744140625,541.9312744140625,541.9312744140625,-546.592529296875,-541.9281616210938,-9.136281967163086,4.471902370452881,0.05647904798388481,-0.22443948686122894,0.5255478024482727,4.4403296328709985e-07,0.999512791633606,-0.00024383663549087942,0.0,-15.080538749694824,160000
11.668722152709961,542.4671630859375,542.4672241210938,542.4671630859375,-546.907958984375,-542.5106811523438,-8.565757751464844,4.168455123901367,0.058366719633340836,0.23462820053100586,0.5293772220611572,1.4147101410344476e-06,0.9992616772651672,-0.00036986067425459623,0.0,-14.071783065795898,161000
1142.02294921875,543.8052368164062,543.8052368164062,543.8052368164062,-548.1412963867188,-543.8103637695312,-8.509050369262695,4.178096294403076,0.05723949149250984,0.39473801851272583,0.5296267867088318,0.0001910517894430086,0.999608039855957,-0.00019614867051132023,-0.0008783589000813663,-14.080199241638184,162000
11.853099822998047,545.0342407226562,545.0342407226562,545.0342407226562,-549.4522705078125,-545.0337524414062,-9.042876243591309,4.624343395233154,0.05357371270656586,0.00341976759955287,0.523186981678009,1.234228147950489e-05,0.9995640516281128,-0.00021815011859871447,-0.00021658775222022086,-14.8750638961792,163000
10.054035186767578,545.78076171875,545.78076171875,545.78076171875,-550.1864013671875,-545.7957153320312,-8.310768127441406,3.9201319217681885,0.05909416824579239,0.45183005928993225,0.5260123014450073,2.3697930373600684e-07,0.9996379613876343,-0.0001811537513276562,0.0,-13.79267692565918,164000
12.28766918182373,547.0586547851562,547.0586547851562,547.0586547851562,-551.3551635742188,-547.0684814453125,-8.828340530395508,4.541682720184326,0.055134400725364685,0.027783682569861412,0.5245202779769897,2.5512226784485392e-06,0.9994747638702393,-0.0002638715668581426,0.0,-14.82430648803711,165000
10.722798347473145,548.1177978515625,548.1177978515625,548.1177368164062,-552.58984375,-548.1512451171875,-8.574738502502441,4.136180400848389,0.060594938695430756,0.0949402004480362,0.5191316604614258,1.3434598713502055e-06,0.9995715022087097,-0.0002149143983842805,0.0,-14.33903694152832,166000
9.813092231750488,549.5626220703125,549.5626220703125,549.5625610351562,-553.8974609375,-549.5389404296875,-8.256388664245605,3.897895574569702,0.06211245059967041,0.549451470375061,0.5202783346176147,5.6544540711911395e-05,0.9996041059494019,-0.000198578170966357,-0.00046534050488844514,-13.947580337524414,167000
13.30240249633789,550.5342407226562,550.5342407226562,550.5342407226562,-554.8394165039062,-550.5462646484375,-8.84185791015625,4.548704624176025,0.05696355551481247,0.19719786942005157,0.5217859148979187,2.1166403030292713e-07,0.999620795249939,-0.00018971557437907904,0.0,-14.793055534362793,168000
11.547536849975586,551.0400390625,551.0400390625,551.0400390625,-555.5175170898438,-551.0607299804688,-8.876362800598145,4.4195637702941895,0.05858165770769119,-0.015199036337435246,0.5206806063652039,9.865443644230254e-07,0.9994946122169495,-0.0002531926438678056,0.0,-14.923001289367676,169000
11.680296897888184,552.0965576171875,552.0965576171875,552.0965576171875,-556.3599243164062,-552.1382446289062,-8.542825698852539,4.321165561676025,0.05471687391400337,0.20028753578662872,0.5216248631477356,2.0519540555596905e-07,0.9996376633644104,-0.0001812617265386507,0.0,-14.580644607543945,170000
10.283421516418457,553.380859375,553.380859375,553.3807983398438,-557.7606811523438,-553.3707885742188,-8.663004875183105,4.2731451988220215,0.05504186078906059,0.07636670768260956,0.5153530836105347,6.688023859169334e-07,0.9994532465934753,-0.00027371931355446577,0.0,-14.575103759765625,171000
11.048847198486328,554.0869140625,554.0869140625,554.0868530273438,-558.4847412109375,-554.109619140625,-8.820219993591309,4.445087432861328,0.057781632989645004,-0.18323470652103424,0.5149024724960327,2.85564674413763e-05,0.999337375164032,-0.00033267377875745296,-0.0003710007877089083,-15.120094299316406,172000
10.615030288696289,555.1737060546875,555.1737670898438,555.1737060546875,-559.4959716796875,-555.1785888671875,-8.746726989746094,4.429335594177246,0.058510035276412964,-0.02851664461195469,0.515643835067749,5.842093742103316e-07,0.999528706073761,-0.00023593922378495336,0.0,-14.99577522277832,173000
12.922754287719727,556.0323486328125,556.0323486328125,556.0323486328125,-560.4537963867188,-556.05078125,-8.559233665466309,4.156179428100586,0.057883359491825104,0.0733807310461998,0.513751208782196,1.572789471993019e-07,0.9996954202651978,-0.00015238591004163027,0.0,-14.619032859802246,174000
9.477937698364258,556.9246215820312,556.9246826171875,556.924560546875,-561.1536254882812,-556.963134765625,-8.531760215759277,4.341274738311768,0.054749105125665665,0.32653069496154785,0.515572726726532,3.834371113953239e-07,0.999579668045044,-0.0002103774604620412,0.0,-14.250497817993164,175000
11.651284217834473,557.717041015625,557.717041015625,557.7169799804688,-562.0917358398438,-557.7206420898438,-8.902615547180176,4.531476974487305,0.05360213667154312,-0.27985283732414246,0.5121217966079712,7.230689789139433e-07,0.999670147895813,-0.0001653052750043571,0.0,-15.234299659729004,176000
11.440357208251953,558.841064453125,558.841064453125,558.841064453125,-563.147705078125,-558.8244018554688,-8.986848831176758,4.663549423217773,0.051970068365335464,-0.494015097618103,0.5115801692008972,1.2965074347448535e-07,0.9996811747550964,-0.00015947833890095353,0.0,-15.449687957763672,177000
9.357251167297363,559.6533203125,559.6534423828125,559.6532592773438,-563.8753051757812,-559.657958984375,-8.575943946838379,4.358561992645264,0.055053696036338806,-0.06332089006900787,0.5064074993133545,4.859409818891436e-05,0.9995049238204956,-0.00024887113249860704,-0.0005346382386051118,-14.717246055603027,178000
11.189617156982422,560.595703125,560.595703125,560.5956420898438,-564.7420654296875,-560.5648803710938,-8.452479362487793,4.275270462036133,0.056937847286462784,0.0006160354823805392,0.5092446208000183,1.8282511859979422e-07,0.99965900182724,-0.00017060973914340138,0.0,-14.584550857543945,179000
12.459114074707031,562.0555419921875,562.0555419921875,562.0555419921875,-566.39990234375,-562.044677734375,-8.910228729248047,4.554965496063232,0.05421004816889763,-0.267666757106781,0.5039591789245605,1.0109346959552568e-07,0.9997373819351196,-0.0001313434768235311,0.0,-15.401379585266113,180000
11.637137413024902,563.00146484375,563.0015258789062,563.00146484375,-567.3358154296875,-562.9952392578125,-8.568785667419434,4.2282328605651855,0.056084729731082916,-0.004338146187365055,0.5070586800575256,1.0065832611871883e-07,0.9996861815452576,-0.00015697325579822063,0.0,-14.903671264648438,181000
12.451501846313477,563.62841796875,563.6284790039062,563.62841796875,-568.0000610351562,-563.6465454101562,-8.52203369140625,4.168501377105713,0.05928754061460495,0.13689415156841278,0.5069695711135864,7.36998554202728e-05,0.9995010495185852,-0.0002497502719052136,-0.0005551723879761994,-14.803827285766602,182000
12.475919723510742,564.680419921875,564.680419921875,564.6803588867188,-568.9783935546875,-564.670166015625,-8.421036720275879,4.112816333770752,0.05747184529900551,0.09170854091644287,0.5050463676452637,6.763935402887e-07,0.9994673728942871,-0.00026666087796911597,0.0,-14.673859596252441,183000
9.330275535583496,565.4527587890625,565.4528198242188,565.4527587890625,-569.7612915039062,-565.4771118164062,-8.64709758758545,4.362899303436279,0.05504470691084862,-0.3676334619522095,0.5027853846549988,1.6712174328858964e-05,0.9989999532699585,-0.000508200260810554,0.0,-15.135278701782227,184000
1241.5869140625,567.175537109375,567.1755981445312,567.175537109375,-571.33984375,-567.1373291015625,-8.084956169128418,3.8824167251586914,0.0557553693652153,0.3546372354030609,0.5029435753822327,8.97354693734087e-05,0.9981540441513062,-0.000988040934316814,-0.0005092257051728666,-14.054610252380371,185000
11.557222366333008,568.1553344726562,568.1553344726562,568.1553344726562,-572.29638671875,-568.1768188476562,-8.35062026977539,4.231058597564697,0.057162102311849594,0.03434998169541359,0.5009909272193909,0.0003072488761972636,0.9995236396789551,-0.00024112961546052247,-0.001600031740963459,-14.659329414367676,186000
9.67561149597168,568.2510986328125,568.2510986328125,568.2510986328125,-572.3140869140625,-568.2650146484375,-8.411870002746582,4.362766742706299,0.05375734344124794,-0.003200723323971033,0.49960455298423767,1.1232507546310444e-07,0.9997789859771729,-0.0001105661503970623,0.0,-14.94708251953125,187000
12.628021240234375,569.7876586914062,569.7876586914062,569.7876586914062,-574.1327514648438,-569.8623657226562,-8.662485122680664,4.392115116119385,0.05267765000462532,-0.20430618524551392,0.49842220544815063,2.507690410880059e-08,0.9998409748077393,-7.949974678922445e-05,0.0,-15.450738906860352,188000
1278.38525390625,571.0936889648438,571.0936889648438,571.0936889648438,-575.2109985351562,-571.083251953125,-8.282610893249512,4.1548638343811035,0.05698934569954872,0.17169877886772156,0.4984883666038513,8.378523830288032e-08,0.9997473955154419,-0.00012634271115530282,0.0,-14.63357162475586,189000
10.805414199829102,571.3353271484375,571.3353881835938,571.3353271484375,-575.5177001953125,-571.3206787109375,-8.323636054992676,4.126569747924805,0.058311961591243744,0.11572718620300293,0.49876338243484497,1.5153501919940027e-07,0.9997596740722656,-0.00012025491741951555,0.0,-14.617021560668945,190000
11.083563804626465,572.1209716796875,572.1209716796875,572.1209716796875,-576.2053833007812,-572.1056518554688,-8.097783088684082,3.9980432987213135,0.06082184985280037,0.29140281677246094,0.4964660406112671,3.125265720882453e-05,0.9993017911911011,-0.0003519511956255883,-0.0006171553395688534,-14.237785339355469,191000
11.244538307189941,573.218505859375,573.218505859375,573.2184448242188,-577.2850952148438,-573.2380981445312,-8.589136123657227,4.5421366691589355,0.05576975271105766,-0.2122184932231903,0.4964616298675537,0.00012676927144639194,0.9996063709259033,-0.00019704169244505465,-0.0007387795485556126,-15.061100959777832,192000
11.046916007995605,574.5123291015625,574.5123291015625,574.5123291015625,-578.6338500976562,-574.52734375,-8.226222038269043,4.119699001312256,0.055963847786188126,0.05697128549218178,0.49272382259368896,9.248881838175294e-07,0.999464213848114,-0.00026833562878891826,0.0,-14.587357521057129,193000
13.229362487792969,574.438720703125,574.438720703125,574.4386596679688,-578.7764282226562,-574.45947265625,-8.607463836669922,4.290511131286621,0.055792223662137985,-0.41196081042289734,0.49049025774002075,3.463277607806958e-05,0.9996361136436462,-0.00018209152040071785,-0.0003913382242899388,-15.619339942932129,194000
9.518970489501953,576.0233764648438,576.0234375,576.0233154296875,-579.998291015625,-576.0298461914062,-8.04445743560791,4.075990200042725,0.055035240948200226,0.26792779564857483,0.49146193265914917,4.16216408893888e-07,0.99953293800354,-0.0002337336482014507,0.0,-14.24406623840332,195000
10.676789283752441,576.7925415039062,576.7925415039062,576.7925415039062,-580.9067993164062,-576.7670288085938,-8.145288467407227,4.005496025085449,0.057642098516225815,0.17510917782783508,0.49361181259155273,4.279013865016168e-06,0.9993410110473633,-0.0003305555146653205,-0.00010845889482880011,-14.5803861618042,196000
1291.6461181640625,578.1572875976562,578.1573486328125,578.1572265625,-582.1557006835938,-578.1091918945312,-8.206925392150879,4.160411357879639,0.055582381784915924,-0.12139445543289185,0.48496925830841064,9.717355169414077e-06,0.999565839767456,-0.000217263528611511,-0.00025268358876928687,-14.724602699279785,197000
11.50377368927002,578.2929077148438,578.2929077148438,578.2929077148438,-582.4959106445312,-578.2230834960938,-8.444565773010254,4.171781539916992,0.058397326618433,-0.1749418079853058,0.4884032607078552,5.927587608312024e-06,0.9992685317993164,-0.0003686408163048327,0.0,-15.155847549438477,198000
8.45449447631836,579.634033203125,579.634033203125,579.6339721679688,-583.6194458007812,-579.632568359375,-7.7247514724731445,3.7378337383270264,0.056931983679533005,0.47549787163734436,0.48938822746276855,0.00020808365661650896,0.9995980262756348,-0.00020113290520384908,-0.000904470682144165,-14.041040420532227,199000
10.79704475402832,580.4810180664062,580.4810180664062,580.4810180664062,-584.543701171875,-580.4963989257812,-8.1649808883667,4.117652893066406,0.05484084039926529,0.09031341224908829,0.48456835746765137,2.633953499753261e-07,0.9995635747909546,-0.000218351895455271,0.0,-14.598800659179688,200000
10.00417709350586,581.4389038085938,581.4389038085938,581.4389038085938,-585.4633178710938,-581.4340209960938,-8.102071762084961,4.072731018066406,0.05854996666312218,0.12351849675178528,0.48251858353614807,2.704942403397581e-07,0.9995796084403992,-0.00021033649682067335,0.0,-14.783227920532227,201000
11.101485252380371,582.2723999023438,582.2724609375,582.2723388671875,-586.2840576171875,-582.2415161132812,-8.096138954162598,4.053610801696777,0.05660596489906311,-0.1067095622420311,0.48253482580184937,1.3378641483541287e-07,0.9996137619018555,-0.00019317101396154612,0.0,-14.893353462219238,202000
11.63961410522461,583.4171142578125,583.4171142578125,583.4171142578125,-587.3994140625,-583.4152221679688,-7.808630466461182,3.8244917392730713,0.05805923789739609,0.35808098316192627,0.4855627715587616,1.2618291123089875e-07,0.9996999502182007,-0.00015009657363407314,0.0,-14.195634841918945,203000
9.924535751342773,583.8521728515625,583.8521728515625,583.8521728515625,-587.9071655273438,-583.868896484375,-7.681224822998047,3.6429383754730225,0.05987875536084175,0.477068692445755,0.4843255281448364,1.9816921792426e-07,0.9996699094772339,-0.00016514078015461564,0.0,-13.951393127441406,204000
11.668539047241211,584.7002563476562,584.7002563476562,584.7002563476562,-588.882568359375,-584.6950073242188,-8.170166015625,3.9825856685638428,0.057480551302433014,-0.22354410588741302,0.48057177662849426,1.4261827629979962e-07,0.9997192025184631,-0.0001404937356710434,0.0,-15.117841720581055,205000
8.641870498657227,585.3607177734375,585.3607788085938,585.360595703125,-589.3693237304688,-585.3595581054688,-7.829845905303955,3.820087432861328,0.05773300677537918,0.30092236399650574,0.47681599855422974,1.6522733403689926e-07,0.9996921420097351,-0.00015400360280182213,0.0,-14.412338256835938,206000
11.055946350097656,586.0955810546875,586.0955810546875,586.0955810546875,-590.2880249023438,-586.1345825195312,-8.422256469726562,4.268771171569824,0.055242691189050674,-0.2888335585594177,0.47886911034584045,2.7304179184284294e-07,0.9995677471160889,-0.00021628261310979724,0.0,-15.51491641998291,207000
11.413717269897461,587.220458984375,587.220458984375,587.2203979492188,-591.2508544921875,-587.2686157226562,-7.838737487792969,3.8564884662628174,0.05952909588813782,0.23404128849506378,0.4786756634712219,3.378584665369999e-07,0.9995415210723877,-0.0002294135047122836,0.0,-14.440195083618164,208000
11.60549545288086,587.9578857421875,587.9579467773438,587.9578857421875,-592.1729736328125,-588.0000610351562,-8.160679817199707,3.9877943992614746,0.057711467146873474,-0.03331140801310539,0.4794030785560608,0.00014539937546942383,0.9994394779205322,-0.00028090988053008914,-0.0007608345476910472,-15.0126314163208,209000
10.06766128540039,588.893798828125,588.893798828125,588.8937377929688,-592.8214721679688,-588.8973999023438,-8.258052825927734,4.333954811096191,0.0563659705221653,-0.2404627948999405,0.4768592119216919,1.1710443459378439e-07,0.9996296763420105,-0.00018520824960432947,0.0,-15.150947570800781,210000
9.538030624389648,589.9349365234375,589.9349975585938,589.9349365234375,-593.8084106445312,-590.0036010742188,-7.460808753967285,3.65602970123291,0.05956059321761131,0.3619910776615143,0.4744517207145691,9.874092029349413e-06,0.9995956420898438,-0.00020231143571436405,-0.0001943210809258744,-13.814422607421875,211000
1342.3848876953125,590.264404296875,590.2644653320312,590.2643432617188,-594.1527709960938,-590.2103271484375,-7.690567493438721,3.748117208480835,0.058975156396627426,0.19200120866298676,0.4763500392436981,1.9333297984758246e-07,0.9996710419654846,-0.00016456906450912356,0.0,-14.31251335144043,212000
10.00651741027832,591.382568359375,591.382568359375,591.3825073242188,-595.4560546875,-591.3605346679688,-8.028107643127441,3.932615041732788,0.05983381345868111,-0.025676850229501724,0.47295621037483215,1.6476718656122102e-07,0.9995561838150024,-0.00022200396051630378,0.0,-14.859350204467773,213000
11.958721160888672,591.9915771484375,591.9915771484375,591.9915161132812,-595.9224853515625,-591.9969482421875,-8.016816139221191,4.091315746307373,0.05664566531777382,0.028395313769578934,0.4715764820575714,2.867554655949789e-07,0.9995123744010925,-0.00024397284141741693,0.0,-14.893966674804688,214000
10.74100112915039,593.07177734375,593.07177734375,593.0717163085938,-597.0411987304688,-593.0845947265625,-8.202757835388184,4.2461771965026855,0.05454308167099953,-0.2045220136642456,0.47111332416534424,8.943410648498684e-05,0.9993781447410583,-0.00031177440541796386,-0.0005859501543454826,-15.440610885620117,215000
9.890079498291016,593.4445190429688,593.4445190429688,593.4445190429688,-597.4578857421875,-593.4295043945312,-8.044597625732422,4.016205787658691,0.056744128465652466,-0.13587012887001038,0.4727945923805237,3.0165739417498116e-07,0.9995714426040649,-0.00021445707534439862,0.0,-15.059738159179688,216000
10.260540008544922,594.300048828125,594.300048828125,594.2999877929688,-598.2781982421875,-594.3162231445312,-8.127153396606445,4.165151119232178,0.05548659712076187,-0.21216122806072235,0.47054651379585266,1.5839745515222603e-07,0.9995983839035034,-0.00020089559257030487,0.0,-15.32484245300293,217000
11.927765846252441,595.5064086914062,595.5064086914062,595.5064086914062,-599.5223999023438,-595.5121459960938,-7.690948009490967,3.680657148361206,0.059143178164958954,0.20244044065475464,0.46910542249679565,7.996396789167193e-07,0.999424159526825,-0.00028832766111008823,0.0,-14.604768753051758,218000
9.191246032714844,596.22216796875,596.2222290039062,596.22216796875,-600.2564697265625,-596.2139892578125,-8.396453857421875,4.353994369506836,0.05439368262887001,-0.4489067792892456,0.4669416844844818,1.401365494757556e-07,0.9996298551559448,-0.00018513918621465564,0.0,-15.698624610900879,219000
9.714427947998047,597.1647338867188,597.164794921875,597.1646728515625,-600.9476318359375,-597.1944580078125,-7.2896857261657715,3.536489963531494,0.058863360434770584,0.6230412125587463,0.4704497754573822,4.767231075675227e-06,0.9993137717247009,-0.00034548103576526046,0.0,-13.84908676147461,220000
9.084836959838867,597.8961181640625,597.8961791992188,597.8960571289062,-601.7412719726562,-597.8853759765625,-7.6710028648376465,3.815117597579956,0.05868149921298027,0.20703265070915222,0.4657341241836548,5.447333251140662e-07,0.9995203614234924,-0.00024008112086448818,0.0,-14.442615509033203,221000
10.52827262878418,598.32080078125,598.3208618164062,598.32080078125,-602.3364868164062,-598.31884765625,-7.992379188537598,3.974747657775879,0.05373792722821236,-0.19152042269706726,0.46336084604263306,2.94432368264097e-07,0.9996143579483032,-0.0001929468708112836,0.0,-15.199028968811035,222000
10.0498685836792,599.8182373046875,599.8182373046875,599.8181762695312,-603.7305297851562,-599.7908935546875,-8.10634994506836,4.166682243347168,0.05435577780008316,-0.34152376651763916,0.46355459094047546,1.3749213678693195e-07,0.9997052550315857,-0.00014743837527930737,0.0,-15.327922821044922,223000
11.208780288696289,600.363525390625,600.3635864257812,600.363525390625,-604.22607421875,-600.370849609375,-7.974930286407471,4.11967658996582,0.05252555385231972,-0.08498445898294449,0.460186630487442,8.578393135394435e-06,0.9992162585258484,-0.00039608689257875085,0.0,-15.219314575195312,224000
11.930538177490234,600.9293823242188,600.929443359375,600.9293212890625,-604.8619995117188,-600.8936157226562,-7.964321613311768,3.9959065914154053,0.05609314516186714,-0.25102177262306213,0.461164265871048,2.2140997657515982e-07,0.9996049404144287,-0.0001976401690626517,0.0,-15.315877914428711,225000
8.296022415161133,601.6659545898438,601.6659545898438,601.6659545898438,-605.4859619140625,-601.6712646484375,-7.497795104980469,3.6830976009368896,0.057283200323581696,0.4119856059551239,0.46299082040786743,0.00013696553651243448,0.999462366104126,-0.00026920641539618373,-0.0007348783547058702,-14.413549423217773,226000
10.935354232788086,602.267578125,602.2676391601562,602.267578125,-606.155517578125,-602.2955322265625,-7.895524978637695,4.035550594329834,0.05604984983801842,-0.048268865793943405,0.46004006266593933,1.1204742804693524e-06,0.999397337436676,-0.00030188148957677186,0.0,-15.057413101196289,227000
11.255640983581543,603.076904296875,603.076904296875,603.076904296875,-606.864990234375,-603.0814819335938,-7.608340740203857,3.8248190879821777,0.057568952441215515,0.13631382584571838,0.46004030108451843,3.405558288704924e-07,0.9995777606964111,-0.00021129388187546283,0.0,-14.598028182983398,228000
9.54771900177002,604.1065673828125,604.1065673828125,604.1065063476562,-607.828369140625,-604.1099243164062,-7.440513610839844,3.7220466136932373,0.05664534866809845,0.26479971408843994,0.4601961076259613,2.3148840000430937e-07,0.9995863437652588,-0.0002069393522106111,0.0,-14.26994514465332,229000
9.444175720214844,604.4168701171875,604.4168701171875,604.4168701171875,-608.1699829101562,-604.44189453125,-7.763420104980469,4.035358905792236,0.05261828377842903,0.02158927731215954,0.4576033651828766,9.974272074941837e-08,0.9996935129165649,-0.00015332040493376553,0.0,-14.961080551147461,230000
8.286046981811523,606.0455932617188,606.0455932617188,606.0455932617188,-609.8956909179688,-606.0758056640625,-7.529462814331055,3.709597110748291,0.054915282875299454,0.16516807675361633,0.46057501435279846,7.276234015307637e-08,0.999727725982666,-0.00013616593787446618,0.0,-14.527936935424805,231000
8.657865524291992,606.9096069335938,606.9096069335938,606.9096069335938,-610.8087768554688,-606.9228515625,-7.427918910980225,3.5419912338256836,0.05976239964365959,0.12951883673667908,0.4541933834552765,1.6972728644759627e-07,0.9996675252914429,-0.00016633796622045338,0.0,-14.400232315063477,232000
9.413871765136719,607.4076538085938,607.4076538085938,607.4076538085938,-611.31494140625,-607.463134765625,-7.469737529754639,3.61790132522583,0.05897388607263565,0.11000598222017288,0.45508867502212524,1.922721111213832e-07,0.9996614456176758,-0.00016935300664044917,0.0,-14.524253845214844,233000
11.179410934448242,607.9619140625,607.9619140625,607.9619140625,-611.7071533203125,-607.9363403320312,-7.799553871154785,4.028765678405762,0.054433438926935196,-0.20290496945381165,0.45434629917144775,8.10357669251971e-05,0.9995688199996948,-0.0002159579744329676,-0.000560429529286921,-15.17115592956543,234000
10.594593048095703,608.8848876953125,608.8848876953125,608.8848266601562,-612.7659912109375,-608.8632202148438,-8.124300003051758,4.221556663513184,0.055512435734272,-0.33879441022872925,0.45609956979751587,1.4066112896671257e-07,0.9997120499610901,-0.00014403925160877407,0.0,-15.80131721496582,235000
9.788006782531738,609.5740966796875,609.5740966796875,609.5740356445312,-613.4341430664062,-609.574951171875,-7.919650077819824,4.060483932495117,0.05503122881054878,-0.3019593060016632,0.4460984170436859,1.245911818159584e-07,0.9997111558914185,-0.0001444866502424702,0.0,-15.444109916687012,236000
9.772882461547852,610.024169921875,610.024169921875,610.0241088867188,-613.7874145507812,-610.0187377929688,-6.993162155151367,3.224498987197876,0.06158294528722763,0.35717806220054626,0.45155107975006104,3.753726332433871e-06,0.9997217655181885,-0.0001392180856782943,-0.00014402622764464468,-13.679859161376953,237000
7.666271209716797,611.744873046875,611.7449340820312,611.744873046875,-615.4935913085938,-611.7716064453125,-7.282567977905273,3.5606038570404053,0.05969342216849327,0.17651860415935516,0.4468807280063629,8.028726006159559e-05,0.9997268915176392,-0.00013661714910995215,-0.000560348154976964,-14.347000122070312,238000
9.985170364379883,612.35546875,612.3555297851562,612.35546875,-616.0341186523438,-612.3694458007812,-7.132309913635254,3.4676294326782227,0.059825897216796875,0.33238840103149414,0.44746506214141846,3.936818029615097e-05,0.9996880888938904,-0.00015602909843437374,-0.00039924876182340086,-14.064448356628418,239000
10.668794631958008,613.1635131835938,613.1635131835938,613.1635131835938,-616.8240966796875,-613.2051391601562,-7.0626068115234375,3.4436686038970947,0.061825837939977646,0.22230949997901917,0.4465847909450531,1.8638434085005429e-07,0.9997189044952393,-0.00014062339323572814,0.0,-13.983821868896484,240000
9.414098739624023,614.21240234375,614.21240234375,614.2123413085938,-617.9280395507812,-614.190185546875,-7.3125386238098145,3.5746910572052,0.05786984786391258,0.13337591290473938,0.4479333460330963,9.017085034201955e-08,0.9997681975364685,-0.0001159358216682449,0.0,-14.36213493347168,241000
10.99622917175293,614.8436279296875,614.8436889648438,614.8436279296875,-618.5734252929688,-614.8635864257812,-7.489902019500732,3.7800710201263428,0.05543649196624756,0.05385566130280495,0.4486314058303833,4.6776384010627226e-07,0.9997433423995972,-0.00012857469846494496,0.0,-14.877685546875,242000
10.30626106262207,615.8717041015625,615.8717041015625,615.8716430664062,-619.6018676757812,-615.912109375,-7.715465068817139,4.025705337524414,0.05503009259700775,-0.20367707312107086,0.4440000057220459,2.587527170305748e-08,0.9998321533203125,-8.393697498831898e-05,0.0,-15.297713279724121,243000
10.600773811340332,617.0122680664062,617.0122680664062,617.0122680664062,-620.7000122070312,-617.0006103515625,-7.4141459465026855,3.7147316932678223,0.058716073632240295,-0.1095912829041481,0.4427920877933502,0.00023747670638840646,0.9992845058441162,-0.0003685267292894423,-0.0016502600628882647,-14.831705093383789,244000
8.330215454101562,617.4796142578125,617.4796142578125,617.4796142578125,-621.19287109375,-617.483154296875,-7.398685455322266,3.688960313796997,0.05619059503078461,0.10942348092794418,0.44237518310546875,5.096799782222661e-08,0.9998047947883606,-9.764112473931164e-05,0.0,-14.724599838256836,245000
10.292285919189453,618.4466552734375,618.4466552734375,618.4465942382812,-622.1105346679688,-618.4763793945312,-7.599757671356201,3.9655568599700928,0.05630265548825264,-0.12313579767942429,0.4429756700992584,2.3791351395630045e-06,0.9997678995132446,-0.00011609870853135362,-9.559267346048728e-05,-15.094393730163574,246000
9.510238647460938,618.7333984375,618.7333984375,618.7333984375,-622.40380859375,-618.7719116210938,-7.050621032714844,3.418700933456421,0.06076446548104286,0.21054571866989136,0.4430416524410248,1.2590879805429722e-06,0.9995840787887573,-0.0002085888118017465,0.0,-14.212823867797852,247000
11.057921409606934,619.346435546875,619.346435546875,619.3463745117188,-623.0996704101562,-619.407958984375,-7.356607913970947,3.664900541305542,0.05738932639360428,-0.11662062257528305,0.4399901032447815,2.7941126745645306e-07,0.9996591210365295,-0.00017056598153430969,0.0,-14.967082023620605,248000
11.374143600463867,620.4788818359375,620.4789428710938,620.4788818359375,-624.1532592773438,-620.4813232421875,-7.532969951629639,3.8610455989837646,0.05399208143353462,-0.0010559377260506153,0.4416223168373108,2.696656054013147e-07,0.9996168613433838,-0.00019169655570294708,0.0,-15.084120750427246,249000
8.201322555541992,621.5029296875,621.5029907226562,621.5029296875,-625.2666015625,-621.5068969726562,-7.60216760635376,3.842454433441162,0.056794922798871994,-0.17278562486171722,0.43130558729171753,5.8067222141744423e-08,0.9997873306274414,-0.00010636114166118205,0.0,-15.271196365356445,250000
9.70946216583252,622.2725830078125,622.2726440429688,622.2725219726562,-626.0046997070312,-622.2490234375,-7.493924617767334,3.7381937503814697,0.05496322363615036,-0.028815068304538727,0.4360843300819397,5.704921932192519e-06,0.9998185634613037,-9.07716021174565e-05,-0.0001579417585162446,-15.082147598266602,251000
11.336261749267578,623.089599609375,623.089599609375,623.0895385742188,-626.7833862304688,-623.103515625,-7.359701156616211,3.6797897815704346,0.0557665079832077,0.1426878273487091,0.43745607137680054,3.075032850574644e-08,0.999836802482605,-8.164369501173496e-05,0.0,-14.726825714111328,252000
9.535886764526367,623.6695556640625,623.6695556640625,623.6694946289062,-627.232177734375,-623.6961059570312,-7.10373067855835,3.567676067352295,0.06008831039071083,0.20495609939098358,0.43704313039779663,5.701240297639742e-07,0.9997377395629883,-0.00013139587827026844,0.0,-14.401241302490234,253000
11.497307777404785,624.41015625,624.4102172851562,624.41015625,-628.0103759765625,-624.3512573242188,-7.252105712890625,3.592991828918457,0.05659153312444687,-0.0037859196309000254,0.43732956051826477,1.1124567578235656e-07,0.9997676014900208,-0.00011626159539446235,0.0,-14.691834449768066,254000
9.761751174926758,624.7342529296875,624.7343139648438,624.7342529296875,-628.3974609375,-624.7618408203125,-7.5177154541015625,3.8820531368255615,0.054955046623945236,-0.059196799993515015,0.43709054589271545,5.5704802548461885e-08,0.9998079538345337,-9.605092054698616e-05,0.0,-15.242798805236816,255000
9.075246810913086,625.0389404296875,625.0390014648438,625.0389404296875,-628.6866455078125,-625.0175170898438,-7.2626543045043945,3.5934805870056152,0.05819131061434746,-0.03295799717307091,0.4299256205558777,2.811767352284278e-08,0.9998331665992737,-8.343075751326978e-05,0.0,-14.731090545654297,256000
1512.2861328125,626.5343017578125,626.5343017578125,626.5342407226562,-630.0264892578125,-626.4747314453125,-7.292326927185059,3.740544319152832,0.059319574385881424,-0.12141578644514084,0.4326697885990143,4.472946102396236e-08,0.9998269081115723,-8.656294085085392e-05,0.0,-14.879222869873047,257000
11.262996673583984,627.0413818359375,627.0413818359375,627.0413208007812,-630.62255859375,-627.0676879882812,-7.468554496765137,3.9136691093444824,0.05434393137693405,-0.20358043909072876,0.4327784478664398,9.121767874376019e-08,0.9998082518577576,-9.592871356289834e-05,0.0,-15.319952964782715,258000
8.601707458496094,627.708251953125,627.708251953125,627.7081909179688,-631.3295288085938,-627.7028198242188,-7.328876972198486,3.702153444290161,0.05629768595099449,-0.09055614471435547,0.4323127865791321,3.9898427672824255e-08,0.999809741973877,-9.513172699371353e-05,0.0,-15.04238224029541,259000
10.148689270019531,628.3493041992188,628.3493041992188,628.3493041992188,-632.0142822265625,-628.3839111328125,-7.454991817474365,3.824622869491577,0.057385046035051346,-0.2402675598859787,0.4316442310810089,3.551216920527622e-08,0.9998246431350708,-8.770083513809368e-05,0.0,-15.269994735717773,260000
9.352876663208008,629.3819580078125,629.3819580078125,629.3818969726562,-633.0311279296875,-629.4052124023438,-7.10212516784668,3.4761722087860107,0.0582406260073185,0.16277672350406647,0.43238499760627747,3.110755386614983e-08,0.9998341202735901,-8.294493454741314e-05,0.0,-14.565185546875,261000
9.001383781433105,630.0631103515625,630.0631103515625,630.0631103515625,-633.58935546875,-630.0155639648438,-7.515566825866699,3.9417552947998047,0.05454550310969353,-0.2957494556903839,0.43030568957328796,5.6453465901995514e-08,0.9998079538345337,-9.604570368537679e-05,0.0,-15.39569091796875,262000
9.435404777526855,630.263916015625,630.2639770507812,630.2637939453125,-633.6358032226562,-630.2078857421875,-7.175981521606445,3.748074531555176,0.05714114010334015,-0.09865749627351761,0.4303406774997711,3.2619819734236444e-08,0.9998247623443604,-8.764398808125407e-05,0.0,-14.81450366973877,263000
1552.3939208984375,630.990234375,630.990234375,630.9901733398438,-634.5450439453125,-630.91796875,-7.413902282714844,3.786792039871216,0.056595467031002045,-0.15830323100090027,0.428959459066391,7.178533678597887e-08,0.9998132586479187,-9.340631368104368e-05,0.0,-15.440199851989746,264000
8.37065315246582,632.0380859375,632.0381469726562,632.0380859375,-635.5183715820312,-632.0629272460938,-7.0324387550354,3.5769712924957275,0.05792236328125,0.1290614902973175,0.4281174838542938,2.08464925322005e-08,0.9998463988304138,-7.679866394028068e-05,0.0,-14.538433074951172,265000
9.970626831054688,632.4122314453125,632.4122924804688,632.4122314453125,-635.9247436523438,-632.4279174804688,-7.438228607177734,3.9414358139038086,0.05658872053027153,-0.16456808149814606,0.42762720584869385,3.0560400432477763e-08,0.9998669624328613,-6.655920878984034e-05,0.0,-15.317227363586426,266000
8.803276062011719,633.4151611328125,633.4152221679688,633.4151611328125,-637.0848999023438,-633.44580078125,-7.048263072967529,3.4091837406158447,0.056922946125268936,0.13372230529785156,0.42375412583351135,8.363370795905212e-08,0.9998490810394287,-7.550475129391998e-05,0.0,-14.660350799560547,267000
7.247369766235352,634.5321655273438,634.5321655273438,634.5321655273438,-637.9876098632812,-634.5554809570312,-7.056344032287598,3.6241869926452637,0.057810377329587936,-0.023076653480529785,0.4247676134109497,1.09522613200852e-08,0.9999063014984131,-4.6845179895171896e-05,0.0,-14.80171012878418,268000
9.644608497619629,634.6046142578125,634.6046752929688,634.6046142578125,-638.07080078125,-634.5869140625,-7.350866317749023,3.867018461227417,0.05457744374871254,-0.07009104639291763,0.4259774684906006,1.3012867228212599e-08,0.9999059438705444,-4.703154263552278e-05,0.0,-15.358473777770996,269000
7.637362957000732,635.3943481445312,635.3943481445312,635.3943481445312,-638.9816284179688,-635.3902587890625,-7.175498008728027,3.584136486053467,0.05521276593208313,0.017881279811263084,0.4219323396682739,8.5363502932978e-09,0.999897837638855,-5.109103585709818e-05,0.0,-15.14523696899414,270000
8.830204010009766,636.071044921875,636.0711059570312,636.071044921875,-639.581298828125,-636.039306640625,-6.868092060089111,3.3260953426361084,0.05960533395409584,0.1948321908712387,0.42191529273986816,3.470964671237198e-08,0.9998650550842285,-6.750260945409536e-05,0.0,-14.431174278259277,271000
9.280498504638672,636.6329345703125,636.6329345703125,636.6329345703125,-640.1500854492188,-636.6309814453125,-7.027466773986816,3.508350133895874,0.059280071407556534,-0.18958741426467896,0.42100149393081665,9.480393359240225e-09,0.9999013543128967,-4.93229235871695e-05,0.0,-14.782588005065918,272000
9.964518547058105,637.0491943359375,637.0492553710938,637.0491943359375,-640.5113525390625,-637.0794677734375,-6.724451541900635,3.2925586700439453,0.06049799174070358,0.27071866393089294,0.4223406910896301,1.0083450519005055e-08,0.9998995661735535,-5.021124525228515e-05,0.0,-14.167208671569824,273000
9.517391204833984,637.340087890625,637.340087890625,637.3400268554688,-640.91015625,-637.338134765625,-6.900346755981445,3.328281879425049,0.05612960085272789,0.09820050746202469,0.4205237329006195,2.2629143003882746e-08,0.9998574256896973,-7.128123979782686e-05,0.0,-14.768708229064941,274000
8.384207725524902,637.9645385742188,637.9645385742188,637.9645385742188,-641.3353881835938,-637.94970703125,-6.87988805770874,3.494198799133301,0.05653272569179535,0.032777339220047,0.42003166675567627,1.1898185547920548e-08,0.9998951554298401,-5.2431027143029496e-05,0.0,-14.385567665100098,275000
9.85856819152832,638.0706787109375,638.0707397460938,638.0706787109375,-641.6669921875,-638.0518798828125,-7.734816551208496,4.119691848754883,0.05207090824842453,-0.6598354578018188,0.417827844619751,1.0496707503193647e-08,0.999900221824646,-4.987081774743274e-05,0.0,-16.49655532836914,276000
1582.3460693359375,639.4832763671875,639.4833374023438,639.4832763671875,-643.046875,-639.4706420898438,-6.935190200805664,3.3589377403259277,0.05779747664928436,-0.06849884241819382,0.41770777106285095,3.23418873904302e-08,0.999866783618927,-6.662901432719082e-05,0.0,-14.761079788208008,277000
9.336654663085938,639.565185546875,639.565185546875,639.565185546875,-643.0202026367188,-639.5564575195312,-7.070555686950684,3.6068196296691895,0.05867014825344086,-0.03117951937019825,0.41746342182159424,1.8348920605149033e-08,0.999870777130127,-6.462199962697923e-05,0.0,-14.955072402954102,278000
10.368291854858398,640.6439208984375,640.6439819335938,640.6439208984375,-644.1388549804688,-640.644287109375,-6.661983489990234,3.1674070358276367,0.06001703068614006,0.32527172565460205,0.4158148765563965,2.2269105670602585e-08,0.9998528361320496,-7.35760695533827e-05,0.0,-14.086807250976562,279000
9.541893005371094,641.279296875,641.2793579101562,641.279296875,-644.8421020507812,-641.2852172851562,-6.939455986022949,3.3825807571411133,0.05594928190112114,0.015731552615761757,0.4149138331413269,1.1095194452082069e-07,0.9998414516448975,-7.93372601037845e-05,0.0,-14.875704765319824,280000
10.244171142578125,642.32275390625,642.32275390625,642.3226928710938,-645.7593994140625,-642.3218383789062,-7.04469108581543,3.6071090698242188,0.05528346076607704,-0.07161568105220795,0.4174102246761322,2.336049576001642e-08,0.9998424649238586,-7.87585013313219e-05,0.0,-15.066731452941895,281000
9.585762023925781,642.3240356445312,642.3240966796875,642.323974609375,-645.6695556640625,-642.343017578125,-6.908107757568359,3.5815138816833496,0.05784310773015022,0.05447792634367943,0.41492730379104614,3.4374075141840876e-08,0.999859094619751,-7.046404789434746e-05,0.0,-14.866283416748047,282000
8.377216339111328,643.3861083984375,643.3861083984375,643.3861083984375,-646.9268798828125,-643.4412231445312,-6.715215682983398,3.229581594467163,0.06223337724804878,0.28812164068222046,0.4123295843601227,0.00011915945651708171,0.9998397827148438,-8.010205783648416e-05,-0.0006828095647506416,-14.365930557250977,283000
8.860733985900879,644.0439453125,644.0439453125,644.0439453125,-647.5261840820312,-644.0220947265625,-7.146479606628418,3.642411708831787,0.057089462876319885,-0.006774515844881535,0.40899670124053955,1.0141028639054639e-07,0.9997687339782715,-0.00011570757487788796,-1.0367703907832038e-05,-15.220645904541016,284000
7.460684776306152,644.8311767578125,644.8311767578125,644.8311767578125,-648.2978515625,-644.8566284179688,-6.868070602416992,3.4268436431884766,0.05651971325278282,0.016321774572134018,0.40948256850242615,7.03682019320695e-08,0.9998418092727661,-7.912726141512394e-05,0.0,-14.71865463256836,285000
1620.6824951171875,645.2000732421875,645.2000732421875,645.2000122070312,-648.4710693359375,-645.189453125,-6.900178909301758,3.6185946464538574,0.056533899158239365,-0.00965236034244299,0.4060508906841278,2.2782707276292058e-08,0.9998520612716675,-7.396072760457173e-05,0.0,-14.818072319030762,286000
1610.306884765625,646.19970703125,646.1997680664062,646.1996459960938,-649.7117919921875,-646.213134765625,-6.653929233551025,3.155264377593994,0.05841366574168205,0.2700613737106323,0.410471647977829,1.105683899993437e-08,0.99988853931427,-5.573307862505317e-05,0.0,-14.373437881469727,287000
8.222280502319336,646.1851196289062,646.1851196289062,646.1851196289062,-649.6851806640625,-646.2278442382812,-7.0800299644470215,3.622666597366333,0.05087973177433014,-0.19150950014591217,0.41038236021995544,1.3335565540728567e-08,0.9998751282691956,-6.243647658266127e-05,0.0,-15.37618637084961,288000
1628.66015625,646.7393798828125,646.7394409179688,646.7393798828125,-649.9739990234375,-646.7125854492188,-6.5690813064575195,3.3076882362365723,0.060231152921915054,0.1829020380973816,0.40875014662742615,0.0001380442554363981,0.9998283386230469,-8.58453568071127e-05,-0.0011355520691722631,-14.206547737121582,289000
9.803116798400879,647.76220703125,647.76220703125,647.76220703125,-651.1594848632812,-647.7894287109375,-6.839930057525635,3.4698686599731445,0.05650510638952255,0.045304808765649796,0.41014716029167175,2.8291665898905194e-08,0.9998617172241211,-6.915576523169875e-05,0.0,-14.805028915405273,290000
10.479294776916504,648.201171875,648.201171875,648.2011108398438,-651.4895629882812,-648.159912109375,-6.930108547210693,3.600435733795166,0.05419013649225235,-0.18228308856487274,0.4066616892814636,3.5984957236223636e-08,0.9998183846473694,-9.080820018425584e-05,0.0,-15.093958854675293,291000
8.50263786315918,648.865234375,648.865234375,648.8651733398438,-652.291015625,-648.8974609375,-6.903359413146973,3.509798288345337,0.05477067455649376,-0.08372107148170471,0.40626105666160583,1.913580227608236e-08,0.9998665452003479,-6.672415474895388e-05,0.0,-15.127988815307617,292000
1623.185302734375,649.0164184570312,649.0164184570312,649.0164184570312,-652.5375366210938,-648.9943237304688,-7.089601993560791,3.5463922023773193,0.05922776833176613,-0.41560718417167664,0.4047246277332306,3.407532744859054e-08,0.9998396635055542,-8.017410436877981e-05,0.0,-15.558469772338867,293000
9.59577751159668,650.1678466796875,650.1678466796875,650.1678466796875,-653.4744873046875,-650.1580810546875,-6.5579986572265625,3.2415482997894287,0.05479612201452255,0.14487481117248535,0.40387797355651855,3.554917782366829e-08,0.9998427629470825,-7.863582868594676e-05,0.0,-14.38387680053711,294000
9.731254577636719,650.6903076171875,650.6903076171875,650.6902465820312,-654.0112915039062,-650.6841430664062,-6.818130016326904,3.490995407104492,0.05549416318535805,-0.07877852767705917,0.40556439757347107,4.244849804990736e-08,0.9997987747192383,-0.00010063688387162983,0.0,-15.020414352416992,295000
9.48213005065918,651.1873168945312,651.1873168945312,651.1873168945312,-654.6021728515625,-651.2232666015625,-6.947843551635742,3.5689291954040527,0.05670281872153282,-0.11447059363126755,0.4026714861392975,4.505884731997867e-08,0.9998313188552856,-8.43521484057419e-05,0.0,-15.20382308959961,296000
7.985867977142334,652.1195678710938,652.1195678710938,652.1195678710938,-655.3668212890625,-652.1277465820312,-6.709616184234619,3.470492124557495,0.05672752857208252,0.08015597611665726,0.402630090713501,6.297717902725708e-08,0.9997767210006714,-0.0001116740022553131,0.0,-14.645699501037598,297000
7.686878204345703,653.0608520507812,653.0608520507812,653.0608520507812,-656.4271850585938,-653.1116333007812,-6.460239410400391,3.1446874141693115,0.057014331221580505,0.292673259973526,0.40378162264823914,8.590694022814205e-08,0.9997806549072266,-0.00010970731091219932,0.0,-14.281915664672852,298000
8.568729400634766,653.9117431640625,653.9117431640625,653.9116821289062,-657.3035278320312,-653.9231567382812,-6.927863121032715,3.547463893890381,0.056079234927892685,-0.35032543540000916,0.40054258704185486,1.0645542715792544e-05,0.9997246861457825,-0.00013773735554423183,-0.00020266089995857328,-15.143656730651855,299000
9.768381118774414,654.6497802734375,654.6497802734375,654.6497192382812,-657.8754272460938,-654.6292114257812,-6.9018940925598145,3.655726909637451,0.05139493942260742,-0.14476639032363892,0.4004703760147095,1.3652837083100167e-07,0.9997172355651855,-0.00014145438035484403,0.0,-15.26076889038086,300000
8.863207817077637,655.25341796875,655.2534790039062,655.25341796875,-658.4749145507812,-655.2244262695312,-6.612751483917236,3.3622474670410156,0.05535118281841278,0.10430260747671127,0.40059882402420044,4.513258033966849e-08,0.9997726678848267,-0.00011368581908755004,0.0,-14.743846893310547,301000
7.800812244415283,655.268798828125,655.268798828125,655.268798828125,-658.6146850585938,-655.2491455078125,-6.829479217529297,3.46390438079834,0.05635896697640419,-0.12651611864566803,0.3989347815513611,1.8341512486585998e-07,0.9997420310974121,-0.00012902272283099592,-2.8749625926138833e-05,-15.118544578552246,302000
7.911867618560791,656.25244140625,656.25244140625,656.2523803710938,-659.4754638671875,-656.2886352539062,-6.418249130249023,3.2314302921295166,0.05599087104201317,0.2937386929988861,0.40090543031692505,8.75677130807162e-08,0.9997267723083496,-0.00013663992285728455,0.0,-14.201433181762695,303000
8.075072288513184,657.2730712890625,657.2731323242188,657.2730102539062,-660.5574951171875,-657.2813720703125,-6.183328628540039,2.907219648361206,0.06377547234296799,0.263921320438385,0.3919450044631958,0.0002809210564009845,0.9996858835220337,-0.0001572596374899149,-0.0018365279538556933,-13.82890796661377,304000
8.946920394897461,657.8114013671875,657.8114624023438,657.8114013671875,-661.0828247070312,-657.8426513671875,-6.590129852294922,3.3499650955200195,0.05579120293259621,0.09238697588443756,0.39740872383117676,2.078581502473753e-07,0.9996594786643982,-0.0001703710004221648,0.0,-14.56439208984375,305000
9.464469909667969,658.150146484375,658.150146484375,658.150146484375,-661.435791015625,-658.14892578125,-6.555059432983398,3.268176555633545,0.05727103725075722,0.12378965318202972,0.3987029194831848,1.6264093005702307e-07,0.9996469616889954,-0.00017658923752605915,0.0,-14.65694522857666,306000
8.839109420776367,658.6648559570312,658.6648559570312,658.6648559570312,-661.7975463867188,-658.6444702148438,-6.473673343658447,3.3206262588500977,0.05633007735013962,0.13858987390995026,0.3956880569458008,1.5034783018563758e-07,0.9996832609176636,-0.0001584549027029425,0.0,-14.44378662109375,307000
9.65530776977539,659.51953125,659.5195922851562,659.51953125,-662.6799926757812,-659.5056762695312,-6.329094886779785,3.1547727584838867,0.058056410402059555,0.2760506570339203,0.396218478679657,1.233072168815852e-07,0.9996636509895325,-0.00016822472389321774,0.0,-14.172531127929688,308000
8.288660049438477,660.2882080078125,660.288330078125,660.2881469726562,-663.5914306640625,-660.3286743164062,-6.630259990692139,3.3674652576446533,0.058337219059467316,0.10429143160581589,0.39141130447387695,8.746895474587291e-08,0.9997177124023438,-0.0001411986886523664,0.0,-14.890149116516113,309000
9.74337387084961,660.6468505859375,660.6469116210938,660.6467895507812,-663.862060546875,-660.6795654296875,-6.601039886474609,3.418515205383301,0.05576430261135101,-0.0015115543501451612,0.3949432671070099,2.1092927227073233e-07,0.9996054172515869,-0.000197375105926767,0.0,-14.929709434509277,310000
7.221641540527344,661.5120849609375,661.5121459960938,661.5120239257812,-664.78662109375,-661.5308227539062,-6.405543804168701,3.1496903896331787,0.05962669104337692,0.1094648614525795,0.3957262933254242,3.5111344232063857e-07,0.999420166015625,-0.00029006728436797857,0.0,-14.518518447875977,311000
7.80301570892334,661.7913208007812,661.7913208007812,661.7913208007812,-664.9767456054688,-661.7192993164062,-6.595125198364258,3.337704658508301,0.05567127466201782,0.16611281037330627,0.3937690258026123,3.3039671620826994e-07,0.9993526935577393,-0.00032380459015257657,0.0,-14.832061767578125,312000
9.46519660949707,662.6558837890625,662.6559448242188,662.6558227539062,-665.8572998046875,-662.642578125,-6.247089862823486,3.032374620437622,0.05959684029221535,0.23102056980133057,0.3941943049430847,0.00024501894949935377,0.9993749260902405,-0.000312739604851231,-0.0009784199064597487,-14.069124221801758,313000
7.878648281097412,663.1624755859375,663.1625366210938,663.1624145507812,-666.3244018554688,-663.1731567382812,-6.072620391845703,2.921414852142334,0.06273256987333298,0.4465152323246002,0.39248907566070557,0.00016338251589331776,0.9994226694107056,-0.0002888445742428303,-0.0010610059835016727,-13.791252136230469,314000
8.155346870422363,663.7954711914062,663.7954711914062,663.7954711914062,-667.0814208984375,-663.820068359375,-6.438214302062988,3.1768970489501953,0.0594242587685585,0.11869306117296219,0.39126431941986084,2.8921982675456093e-07,0.9994763135910034,-0.0002619930892251432,0.0,-14.578433990478516,315000
8.412519454956055,663.9339599609375,663.9340209960938,663.9339599609375,-667.1189575195312,-663.879150390625,-6.547662258148193,3.3078346252441406,0.05745059624314308,-0.11918523907661438,0.38882720470428467,2.322345977745499e-07,0.9995627403259277,-0.00021875191305298358,0.0,-14.912128448486328,316000
9.237013816833496,664.253662109375,664.2537231445312,664.253662109375,-667.5630493164062,-664.2337036132812,-6.90326452255249,3.5739128589630127,0.05651652067899704,-0.3940490484237671,0.389010488986969,1.4653306834588875e-07,0.9995867013931274,-0.0002067092718789354,0.0,-15.785727500915527,317000
10.681818008422852,665.2310791015625,665.2311401367188,665.2310791015625,-668.3829345703125,-665.2437744140625,-6.488431930541992,3.3492486476898193,0.05552305653691292,0.01277182251214981,0.38687217235565186,4.528595241026778e-07,0.9993500709533691,-0.00032518868101760745,0.0,-14.792020797729492,318000
8.292000770568848,666.06689453125,666.06689453125,666.06689453125,-669.2080078125,-666.070068359375,-6.867905139923096,3.7299742698669434,0.052415840327739716,-0.277972549200058,0.3891955316066742,3.922634448372264e-07,0.9993990659713745,-0.0003006744082085788,0.0,-15.71432113647461,319000
8.425453186035156,666.3793334960938,666.3793334960938,666.3793334960938,-669.584716796875,-666.4027099609375,-6.251589775085449,3.0695831775665283,0.05615683272480965,0.12774327397346497,0.3877074718475342,9.0340256519994e-07,0.9992404580116272,-0.00038022451917640865,0.0,-14.35842514038086,320000
1733.0264892578125,666.6397705078125,666.6397705078125,666.6397094726562,-669.8195190429688,-666.6327514648438,-6.123866558074951,2.9370999336242676,0.058981265872716904,0.23261097073554993,0.38876229524612427,2.230446170869982e-06,0.9989582300186157,-0.0005219876184128225,0.0,-13.997488975524902,321000
9.045534133911133,667.6387939453125,667.6388549804688,667.6387939453125,-670.7339477539062,-667.643798828125,-6.439713001251221,3.349532127380371,0.056637801229953766,-0.00902210921049118,0.38719305396080017,4.4226030126992555e-07,0.9994815587997437,-0.00025942863430827856,0.0,-14.831838607788086,322000
1716.7388916015625,667.2891845703125,667.2891845703125,667.2891235351562,-670.37353515625,-667.1976928710938,-6.567584991455078,3.3917219638824463,0.05575547739863396,-0.23472830653190613,0.38637715578079224,2.2581781422559288e-07,0.9996058940887451,-0.00019715297094080597,0.0,-15.182695388793945,323000
8.694551467895508,668.47607421875,668.47607421875,668.4760131835938,-671.5997924804688,-668.5404663085938,-6.3028788566589355,3.2435154914855957,0.05541972070932388,0.05257835611701012,0.38273701071739197,3.963770325299265e-07,0.999596357345581,-0.00020202009181957692,0.0,-14.650714874267578,324000
9.296667098999023,669.0512084960938,669.0512084960938,669.0512084960938,-672.2666015625,-669.0726318359375,-6.439793109893799,3.245823621749878,0.05968751758337021,-0.12497638165950775,0.3841266334056854,1.0623036359902471e-05,0.9996918439865112,-0.00015413336222991347,-0.00020475425117183477,-14.816448211669922,325000
8.870072364807129,669.728759765625,669.7288208007812,669.728759765625,-672.8931274414062,-669.7576904296875,-6.56338357925415,3.4279043674468994,0.05572105944156647,-0.11066509783267975,0.3857366144657135,7.800838943694544e-07,0.9995747208595276,-0.0002130432112608105,0.0,-15.139836311340332,326000
9.310181617736816,669.9164428710938,669.9164428710938,669.9164428710938,-673.012939453125,-669.8734130859375,-6.545334815979004,3.4058327674865723,0.05792247876524925,-0.21371948719024658,0.38348081707954407,9.30376131691446e-08,0.999728262424469,-0.00013589434092864394,0.0,-15.177606582641602,327000
8.55618667602539,670.683349609375,670.683349609375,670.6832885742188,-673.7974243164062,-670.6780395507812,-6.397618293762207,3.2782812118530273,0.05439743399620056,0.14929188787937164,0.38341912627220154,2.1394396299001528e-07,0.9996535778045654,-0.00017331447452306747,0.0,-14.788150787353516,328000
7.442494869232178,671.1401977539062,671.1401977539062,671.1401977539062,-674.233642578125,-671.144287109375,-6.444799900054932,3.355441093444824,0.057054877281188965,-0.020390832796692848,0.3809668719768524,2.5083028276640107e-07,0.9996194839477539,-0.00019041195628233254,0.0,-14.944136619567871,329000
8.53713607788086,671.5789794921875,671.5789794921875,671.5789184570312,-674.9149169921875,-671.6347045898438,-6.594857692718506,3.3146419525146484,0.057036466896533966,-0.2562260031700134,0.38207170367240906,1.0220122703685774e-07,0.9997093677520752,-0.00014537372044287622,0.0,-15.38947868347168,330000
8.800491333007812,672.2818603515625,672.2818603515625,672.2818603515625,-675.4557495117188,-672.3040161132812,-6.110395908355713,2.9586992263793945,0.05708461254835129,0.1907879263162613,0.38192951679229736,1.351316285536086e-07,0.9996662735939026,-0.00016692282224539667,0.0,-14.252717971801758,331000
1751.9046630859375,672.15673828125,672.15673828125,672.1566772460938,-675.2479248046875,-672.1422729492188,-6.543564319610596,3.437903881072998,0.05518487095832825,-0.1723807156085968,0.3798122704029083,1.306157741964853e-07,0.9996795058250427,-0.00016031702398322523,0.0,-15.281373977661133,332000
1745.8731689453125,673.083251953125,673.0833129882812,673.083251953125,-676.1024169921875,-673.0514526367188,-6.1933441162109375,3.142421007156372,0.05732627585530281,0.16219979524612427,0.3797893226146698,6.985899858591438e-07,0.9995784759521484,-0.0002111167850671336,0.0,-14.501293182373047,333000
9.820899963378906,673.4550170898438,673.455078125,673.4549560546875,-676.6578369140625,-673.4448852539062,-6.432896137237549,3.2199878692626953,0.06068173423409462,-0.07563644647598267,0.37980175018310547,0.0007198232342489064,0.9996640086174011,-0.00016807240899652243,-0.0016828611260280013,-15.125704765319824,334000
7.44489860534668,673.947021484375,673.947021484375,673.9469604492188,-677.0350952148438,-673.943603515625,-6.189022541046143,3.0975253582000732,0.05816446244716644,0.18518158793449402,0.3782234191894531,2.3767286450038227e-07,0.9995903968811035,-0.0002048984169960022,0.0,-14.558492660522461,335000
7.3670878410339355,674.830322265625,674.8303833007812,674.830322265625,-677.8643798828125,-674.8003540039062,-6.130810260772705,3.0667483806610107,0.056877169758081436,0.026302019134163857,0.3773265480995178,1.6295135196742194e-07,0.9996508359909058,-0.00017467341967858374,0.0,-14.55662727355957,336000
1756.4822998046875,675.0859375,675.0859985351562,675.0859375,-678.0848999023438,-675.0508422851562,-5.954506874084473,2.9205002784729004,0.0593339279294014,0.3282432556152344,0.37778347730636597,2.310469653821201e-06,0.99928218126297,-0.0003600555064622313,0.0,-14.108064651489258,337000
7.455566883087158,675.8541870117188,675.8541870117188,675.8541870117188,-678.9993896484375,-675.8566284179688,-6.3637871742248535,3.2209815979003906,0.055796343833208084,-0.0002723076322581619,0.37650614976882935,7.653922580175276e-07,0.9993367195129395,-0.0003320365212857723,0.0,-15.055295944213867,338000
7.1255645751953125,676.437744140625,676.4378051757812,676.437744140625,-679.4884033203125,-676.4443969726562,-6.231391429901123,3.187370538711548,0.056978851556777954,-0.04204970970749855,0.3779967427253723,2.114354487048331e-07,0.9995142221450806,-0.00024298667267430574,0.0,-14.670785903930664,339000
8.728080749511719,677.2265014648438,677.2265625,677.2264404296875,-680.4336547851562,-677.2411499023438,-6.236372470855713,3.043910026550293,0.059221766889095306,-0.07277140021324158,0.3759761154651642,8.144234016072005e-07,0.999527096748352,-0.0002365888503845781,-4.9092261178884655e-05,-14.879098892211914,340000
1774.2342529296875,677.3228759765625,677.3228759765625,677.3228149414062,-680.3768920898438,-677.2833251953125,-6.390732765197754,3.2971673011779785,0.05650760233402252,-0.16711518168449402,0.37309592962265015,6.445345661632018e-07,0.9995760917663574,-0.00021230167476460338,0.0,-15.144128799438477,341000
9.962535858154297,678.471435546875,678.4714965820312,678.471435546875,-681.4859619140625,-678.4512329101562,-6.45810079574585,3.423412561416626,0.055088646709918976,-0.1797056794166565,0.37377336621284485,7.824178283044603e-08,0.9997321963310242,-0.000133938854560256,0.0,-15.331396102905273,342000
9.124496459960938,678.478759765625,678.4788208007812,678.478759765625,-681.6554565429688,-678.5546875,-6.105095386505127,3.0043065547943115,0.05922418460249901,0.08156055957078934,0.37309467792510986,8.145168095552435e-08,0.9997811913490295,-0.00010944479436147958,0.0,-14.537206649780273,343000
8.93722915649414,678.924560546875,678.924560546875,678.9244995117188,-682.0101318359375,-678.9564208984375,-6.151082992553711,3.0973711013793945,0.056120891124010086,0.15549981594085693,0.3743581175804138,3.141142883578141e-07,0.9997881650924683,-0.0001060892318491824,0.0,-14.565101623535156,344000
8.375146865844727,679.9559326171875,679.9559326171875,679.9559326171875,-682.9806518554688,-679.9684448242188,-6.118776798248291,3.1065587997436523,0.059762198477983475,0.1757994443178177,0.3711642920970917,1.4518803936880431e-08,0.9998854398727417,-5.729267650167458e-05,0.0,-14.61799430847168,345000
8.479172706604004,680.0540771484375,680.0541381835938,680.0540161132812,-683.3153686523438,-680.1070556640625,-6.291840553283691,3.083571434020996,0.05659864470362663,-0.05516042187809944,0.3694359362125397,7.002226709573733e-08,0.9998432397842407,-7.83971554483287e-05,0.0,-15.081281661987305,346000
8.978860855102539,680.895751953125,680.895751953125,680.895751953125,-684.0877075195312,-680.917236328125,-6.257705211639404,3.087235450744629,0.058212921023368835,-0.06914015114307404,0.36918699741363525,1.0793991478408316e-08,0.9998937845230103,-5.3100098739378154e-05,0.0,-14.938270568847656,347000
8.501091003417969,681.5326538085938,681.53271484375,681.5325927734375,-684.591064453125,-681.5437622070312,-6.348476886749268,3.3011550903320312,0.05598534271121025,-0.19460172951221466,0.37008848786354065,3.452623431599022e-08,0.9998725652694702,-6.374347140081227e-05,0.0,-15.12044906616211,348000
8.996248245239258,681.2158813476562,681.2158813476562,681.2158813476562,-684.3534545898438,-681.1984252929688,-6.30973482131958,3.1547398567199707,0.05603848397731781,-0.13716523349285126,0.36979940533638,1.8789634737004235e-08,0.99988853931427,-5.574718306888826e-05,0.0,-15.171825408935547,349000
8.166666030883789,682.5485229492188,682.5485229492188,682.5485229492188,-685.5338745117188,-682.4961547851562,-6.0401129722595215,3.0023512840270996,0.05925244465470314,0.20004971325397491,0.36945560574531555,6.446677502935927e-08,0.9998461008071899,-7.699856359977275e-05,0.0,-14.40560245513916,350000
7.729483604431152,682.6177978515625,682.6177978515625,682.6177368164062,-685.7342529296875,-682.6090087890625,-5.982842922210693,2.857574701309204,0.06035931780934334,0.20232850313186646,0.3680972158908844,2.994028847069785e-08,0.9998461008071899,-7.696013199165463e-05,0.0,-14.51768684387207,351000
7.616171836853027,683.35986328125,683.35986328125,683.3598022460938,-686.3530883789062,-683.3718872070312,-5.727688312530518,2.7464489936828613,0.060985732823610306,0.4399808347225189,0.3695846199989319,4.838606670887202e-08,0.9998478889465332,-7.606550207128748e-05,0.0,-13.833051681518555,352000
8.694252014160156,683.7058715820312,683.7058715820312,683.7058715820312,-686.7499389648438,-683.73193359375,-6.219410419464111,3.2014105319976807,0.05511298403143883,-0.05416996404528618,0.3649754226207733,2.3285926076255237e-08,0.9998746514320374,-6.266753189265728e-05,0.0,-15.034385681152344,353000
8.875480651855469,684.0814208984375,684.0814208984375,684.0813598632812,-687.0797119140625,-684.0468139648438,-6.310458183288574,3.2776095867156982,0.05327184125781059,-0.1749410182237625,0.3663688898086548,4.087424443355303e-08,0.9998342990875244,-8.286110096378252e-05,0.0,-15.198722839355469,354000
7.823495864868164,684.6904296875,684.6904296875,684.6903686523438,-687.6718139648438,-684.6556396484375,-6.279141902923584,3.2629566192626953,0.05586901679635048,-0.02081378549337387,0.3673865497112274,4.3583625597420905e-08,0.9998420476913452,-7.902890502009541e-05,0.0,-15.246857643127441,355000
7.669767379760742,685.4110717773438,685.4110717773438,685.4110717773438,-688.439453125,-685.363037109375,-6.323414325714111,3.2469799518585205,0.053925707936286926,-0.14909900724887848,0.36465150117874146,0.0006477304268628359,0.9997429847717285,-0.00012898816203232855,-0.0016524669481441379,-15.421700477600098,356000
6.830471515655518,685.9522705078125,685.9522705078125,685.9522705078125,-688.956298828125,-685.9803466796875,-5.976211071014404,3.000247001647949,0.056414175778627396,0.022427581250667572,0.3638523519039154,4.4231910578673705e-08,0.9998069405555725,-9.656231122789904e-05,0.0,-14.635320663452148,357000
8.74304485321045,685.578369140625,685.5784301757812,685.578369140625,-688.81103515625,-685.6361083984375,-6.3516740798950195,3.1767494678497314,0.0554279088973999,-0.21626967191696167,0.36507368087768555,9.476950424414099e-08,0.9998178482055664,-9.113488340517506e-05,0.0,-15.631978988647461,358000
8.666404724121094,686.691650390625,686.691650390625,686.6915893554688,-689.843505859375,-686.7147827148438,-6.171778678894043,3.0430240631103516,0.05495694279670715,-0.11367000639438629,0.36471590399742126,5.781992058473406e-07,0.9997218251228333,-0.0001393680286128074,0.0,-15.128929138183594,359000
7.281135082244873,686.9266357421875,686.9266357421875,686.9266357421875,-689.91162109375,-686.8734741210938,-6.194334506988525,3.156172752380371,0.05629100650548935,-0.18637633323669434,0.3622446060180664,3.1660952970469225e-08,0.9998517036437988,-7.417378219543025e-05,0.0,-15.207971572875977,360000
7.105537414550781,687.938720703125,687.9387817382812,687.938720703125,-690.8182373046875,-687.9680786132812,-5.942649841308594,3.092453956604004,0.05536239966750145,-0.049624666571617126,0.3602885603904724,4.0222593611360935e-07,0.9997420310974121,-0.00012920770677737892,0.0,-14.644620895385742,361000
7.4619622230529785,689.2167358398438,689.2167358398438,689.2167358398438,-692.1797485351562,-689.2160034179688,-6.267455101013184,3.303724765777588,0.05574971064925194,-0.24794426560401917,0.3594580590724945,6.487134385224635e-08,0.9998081922531128,-9.596167365089059e-05,0.0,-15.400643348693848,362000
9.396208763122559,688.9085693359375,688.9086303710938,688.9085693359375,-691.9010620117188,-688.9173583984375,-6.119090557098389,3.1353750228881836,0.05739809200167656,-0.006057385355234146,0.36057770252227783,6.216532000280495e-08,0.9998095631599426,-9.52529808273539e-05,0.0,-15.113222122192383,363000
8.75609016418457,689.838623046875,689.838623046875,689.838623046875,-692.8171997070312,-689.824951171875,-5.947605133056641,2.9553966522216797,0.05822202190756798,-0.0015605769585818052,0.3600589632987976,6.958594167372212e-05,0.9998067617416382,-9.664140816312283e-05,-0.0005222702748142183,-14.698830604553223,364000
7.374704360961914,689.6739501953125,689.6739501953125,689.6738891601562,-692.6323852539062,-689.662841796875,-6.005843639373779,3.036314010620117,0.055844925343990326,0.07885885238647461,0.3584260642528534,2.2134362609449454e-07,0.9997279644012451,-0.0001361057802569121,0.0,-14.675185203552246,365000
7.732074737548828,690.6491088867188,690.6491088867188,690.6491088867188,-693.6318359375,-690.6867065429688,-5.723618030548096,2.778531789779663,0.058878086507320404,0.306995153427124,0.3616078794002533,1.5566749311801686e-07,0.999690055847168,-0.0001550337765365839,0.0,-14.261146545410156,366000
6.96939754486084,690.5682373046875,690.5682373046875,690.5681762695312,-693.5453491210938,-690.569091796875,-5.928535461425781,2.952270030975342,0.05735313892364502,0.13218997418880463,0.3591333031654358,6.199652347049778e-08,0.9997848272323608,-0.00010763367026811466,0.0,-14.650167465209961,367000
8.015168190002441,691.147705078125,691.1477661132812,691.147705078125,-694.2230834960938,-691.22119140625,-5.915405750274658,2.9135305881500244,0.0577654093503952,0.14666630327701569,0.3585462272167206,1.6306915995301097e-07,0.9997599124908447,-0.00012013289233436808,0.0,-14.674417495727539,368000
6.160897731781006,692.33935546875,692.33935546875,692.3392944335938,-695.3433837890625,-692.3432006835938,-6.033283710479736,3.0330514907836914,0.056071337312459946,0.011310326866805553,0.35941487550735474,0.00015374433132819831,0.9997135996818542,-0.0001433888974133879,-0.000809662917163223,-14.952392578125,369000
8.1113862991333,692.511474609375,692.511474609375,692.5114135742188,-695.4712524414062,-692.528564453125,-5.982397079467773,3.039717435836792,0.05666426941752434,0.05496073514223099,0.35705921053886414,9.170530290703027e-08,0.9997671246528625,-0.00011647627979982644,0.0,-14.911520957946777,370000
7.19342041015625,692.516845703125,692.5169067382812,692.516845703125,-695.4744262695312,-692.5867919921875,-5.81738805770874,2.9297447204589844,0.05762295052409172,0.09822342544794083,0.35654351115226746,8.316560706589371e-05,0.9998230338096619,-8.850300218909979e-05,-0.0005699440953321755,-14.535964965820312,371000
7.0619072914123535,692.6380004882812,692.6380004882812,692.6380004882812,-695.5519409179688,-692.6433715820312,-5.889595985412598,2.9810123443603516,0.05668089911341667,0.0073039233684539795,0.35538533329963684,6.028432864013666e-08,0.9997704029083252,-0.00011481960245873779,0.0,-14.664332389831543,372000
8.492465019226074,693.61376953125,693.61376953125,693.61376953125,-696.5855712890625,-693.6152954101562,-5.997832298278809,3.0275001525878906,0.0549212321639061,0.01964462921023369,0.3567500710487366,1.0118640602740925e-05,0.9995648860931396,-0.00021771062165498734,-0.00020642443269025534,-14.970376968383789,373000
8.221256256103516,694.832763671875,694.8328247070312,694.832763671875,-697.7374877929688,-694.8385009765625,-6.05391788482666,3.1548850536346436,0.056048981845378876,-0.1802377849817276,0.3547954261302948,3.3903474104590714e-05,0.9996923804283142,-0.00015385430015157908,-0.0003678132488857955,-15.101487159729004,374000
1863.03515625,695.19970703125,695.1997680664062,695.19970703125,-697.9285888671875,-695.1122436523438,-5.718245029449463,2.9019453525543213,0.058411821722984314,0.1370459347963333,0.35504889488220215,1.275597298899811e-07,0.9997080564498901,-0.0001460238709114492,0.0,-14.33203125,375000
8.869131088256836,695.0587158203125,695.0587158203125,695.0587158203125,-698.0008544921875,-695.0714721679688,-5.766180992126465,2.836818218231201,0.058208998292684555,0.11397303640842438,0.35429421067237854,3.568467263903585e-07,0.9996505975723267,-0.0001748986978782341,0.0,-14.464927673339844,376000
9.152442932128906,695.34033203125,695.34033203125,695.3402709960938,-698.1539306640625,-695.2770385742188,-5.736356735229492,2.8594512939453125,0.05889743193984032,0.1721336990594864,0.35383838415145874,1.331709313490137e-06,0.9996275901794434,-0.0001868878025561571,0.0,-14.481023788452148,377000
8.910762786865234,696.4813232421875,696.4813232421875,696.4813232421875,-699.3587036132812,-696.4813842773438,-6.067191123962402,3.1898720264434814,0.05528409034013748,-0.2261568009853363,0.3528237044811249,0.00011546588211786002,0.99964439868927,-0.000178331887582317,-0.0006843869341537356,-15.345346450805664,378000
7.660715579986572,696.387939453125,696.3880004882812,696.387939453125,-699.3802490234375,-696.4414672851562,-5.628608703613281,2.689809560775757,0.060210220515728,0.2506941854953766,0.35425516963005066,2.5926963644451462e-05,0.9997566938400269,-0.00012173029244877398,-0.00039148746873252094,-14.376163482666016,379000
7.699671745300293,696.8076171875,696.8076171875,696.8075561523438,-699.7939453125,-696.8705444335938,-6.120089530944824,3.196725845336914,0.0522429384291172,-0.25441974401474,0.34914618730545044,0.00020185827452223748,0.9995695948600769,-0.00021586680668406188,-0.0009549413225613534,-15.459329605102539,380000
7.671337604522705,698.199462890625,698.199462890625,698.1994018554688,-701.1279296875,-698.1898803710938,-5.936155796051025,2.998121976852417,0.0594673790037632,-0.09216886013746262,0.3515131175518036,9.757040243130177e-05,0.999059796333313,-0.0004748247447423637,-0.0006026463815942407,-15.14314079284668,381000
1881.5941162109375,698.4560546875,698.4560546875,698.4559936523438,-701.1866455078125,-698.3746948242188,-5.646119117736816,2.8341636657714844,0.057148709893226624,0.11681343615055084,0.3495604991912842,4.382621341392223e-07,0.9995342493057251,-0.000233124679652974,0.0,-14.366271018981934,382000
1901.2879638671875,698.5732421875,698.5732421875,698.5731811523438,-701.4142456054688,-698.5570068359375,-5.596559524536133,2.7393081188201904,0.05761539563536644,0.22951027750968933,0.3524475395679474,1.0179493301620823e-06,0.9994968771934509,-0.0002520799171179533,0.0,-14.283939361572266,383000
6.824247360229492,698.5460205078125,698.5460205078125,698.5460205078125,-701.4805908203125,-698.5352783203125,-5.750040054321289,2.8047566413879395,0.057723838835954666,0.005993240047246218,0.3507746756076813,6.193998558501335e-08,0.9997670650482178,-0.00011649656516965479,0.0,-14.715337753295898,384000
8.612709999084473,698.9315795898438,698.9315795898438,698.9315795898438,-701.8696899414062,-698.896240234375,-5.996542453765869,3.0230953693389893,0.05740691348910332,-0.08877698332071304,0.34950006008148193,3.143297362839803e-05,0.9994910955429077,-0.0002553681842982769,-0.00042599262087605894,-15.318999290466309,385000
7.351839065551758,699.5316162109375,699.5316162109375,699.5315551757812,-702.3409423828125,-699.5652465820312,-5.788106441497803,3.012376546859741,0.05511229857802391,0.05167829245328903,0.3471490144729614,5.307802439347142e-06,0.9994251728057861,-0.0002900424296967685,0.0,-14.950831413269043,386000
7.025308609008789,700.0210571289062,700.0210571289062,700.0210571289062,-702.7695922851562,-699.9859619140625,-5.602330684661865,2.8187434673309326,0.05687328055500984,0.16415880620479584,0.34761929512023926,4.145198181504384e-05,0.9997216463088989,-0.0001392448612023145,-0.00041177208186127245,-14.329216003417969,387000
7.49744987487793,700.9393310546875,700.9393310546875,700.9393310546875,-703.77685546875,-700.9313354492188,-5.884292125701904,3.0387685298919678,0.05531613156199455,0.020975278690457344,0.3472009003162384,2.2744723082723795e-07,0.999687910079956,-0.00015616806922480464,0.0,-14.946632385253906,388000
7.072922706604004,701.092041015625,701.092041015625,701.092041015625,-703.9866943359375,-701.0734252929688,-5.734086513519287,2.8207943439483643,0.05811179056763649,-0.008909152820706367,0.3451736569404602,4.530656497081509e-06,0.9993879795074463,-0.0003082668117713183,0.0,-14.86029052734375,389000
1896.066650390625,701.40869140625,701.40869140625,701.40869140625,-704.1113891601562,-701.3201904296875,-5.283718109130859,2.4924960136413574,0.0631449818611145,0.3129453659057617,0.34417209029197693,6.573374093932216e-07,0.9996403455734253,-0.00018014851957559586,0.0,-13.613545417785645,390000
8.557659149169922,701.995849609375,701.9959106445312,701.9957885742188,-704.8363037109375,-701.9285888671875,-5.955906391143799,3.0482289791107178,0.055776748806238174,-0.2103670835494995,0.34522637724876404,7.634930909716786e-08,0.9997848272323608,-0.00010763501632027328,0.0,-15.283995628356934,391000
7.457447052001953,702.6861572265625,702.686279296875,702.6860961914062,-705.5945434570312,-702.6923828125,-5.705405235290527,2.8032257556915283,0.05884455889463425,0.11135142296552658,0.3441050052642822,6.057601922293543e-07,0.9996668100357056,-0.0001669092453084886,0.0,-14.598053932189941,392000
6.43678092956543,703.068359375,703.0684204101562,703.068359375,-705.8421020507812,-703.0984497070312,-5.667504787445068,2.9238409996032715,0.05697954073548317,0.05393846705555916,0.34702181816101074,3.829819306133686e-08,0.9998167157173157,-9.165499795926735e-05,0.0,-14.658620834350586,393000
7.651646614074707,703.7181396484375,703.7181396484375,703.7180786132812,-706.65234375,-703.71630859375,-6.015202522277832,3.0791683197021484,0.05734642222523689,-0.22641879320144653,0.3422097861766815,2.5030034933593015e-08,0.9998465776443481,-7.669295882806182e-05,0.0,-15.552095413208008,394000
6.018932342529297,704.152099609375,704.1521606445312,704.152099609375,-707.0365600585938,-704.1658935546875,-5.588403224945068,2.7176907062530518,0.056540295481681824,0.040059253573417664,0.33969518542289734,6.291607945740907e-08,0.9997904300689697,-0.0001048064004862681,0.0,-14.66256046295166,395000
8.160504341125488,704.3635864257812,704.3636474609375,704.363525390625,-707.126708984375,-704.3385620117188,-5.895483016967773,3.1073551177978516,0.05809799209237099,-0.2008998841047287,0.3440725803375244,5.468080033210754e-08,0.9997931718826294,-0.00010344372276449576,0.0,-15.338508605957031,396000
6.898660182952881,705.1597290039062,705.1597900390625,705.15966796875,-708.0576171875,-705.15087890625,-5.739083290100098,2.8323185443878174,0.059717271476984024,-0.03220997378230095,0.34318581223487854,0.0005372957675717771,0.9997899532318115,-0.00010508812556508929,-0.0014491962501779199,-14.955775260925293,397000
8.232471466064453,704.7162475585938,704.7162475585938,704.7162475585938,-707.5133056640625,-704.7394409179688,-5.4659199714660645,2.692089080810547,0.0575280599296093,0.22888502478599548,0.34428057074546814,5.422964477475034e-08,0.9998064041137695,-9.680199582362548e-05,0.0,-14.167338371276855,398000
1919.52587890625,705.633544921875,705.633544921875,705.633544921875,-708.2943115234375,-705.5906372070312,-5.830321311950684,3.126677989959717,0.05652689188718796,-0.15085065364837646,0.33821922540664673,8.548890036763623e-05,0.9997016191482544,-0.00014940134133212268,-0.0006112008704803884,-15.185676574707031,399000
7.880778789520264,705.7164916992188,705.716552734375,705.7164306640625,-708.5352172851562,-705.6773071289062,-5.7804274559021,2.922536611557007,0.057473864406347275,0.011316823773086071,0.3422541320323944,2.6407639097669744e-07,0.9997295141220093,-0.0001353549596387893,0.0,-15.062810897827148,400000
7.301220893859863,705.9473266601562,705.9473266601562,705.9473266601562,-708.7369384765625,-705.969970703125,-5.695567607879639,2.928615093231201,0.05910501256585121,0.0012247562408447266,0.3411116898059845,1.6274972949759103e-05,0.9990661144256592,-0.00047493804595433176,0.0,-14.921550750732422,401000
1912.431640625,705.2274169921875,706.34033203125,703.438232421875,-707.4295043945312,-704.5447998046875,-5.789323806762695,2.904611825942993,0.05725565180182457,-0.07967598736286163,0.3393881022930145,4.2343472728134657e-07,0.9996590614318848,-0.00017068075248971581,0.0,-15.11100959777832,402000
7.453056812286377,702.9483642578125,704.1818237304688,700.6957397460938,-705.0697631835938,-702.2447509765625,-6.083715915679932,3.258735179901123,0.05381786823272705,-0.36985570192337036,0.3391719162464142,6.507116978582417e-08,0.9997720718383789,-0.00011402455129427835,0.0,-16.016124725341797,403000
9.60020637512207,699.8310546875,701.0330810546875,697.07666015625,-701.9258422851562,-699.1321411132812,-5.560842037200928,2.767164945602417,0.05864875763654709,0.0798909142613411,0.3387331962585449,1.1793042631325079e-07,0.9996887445449829,-0.00015570505638606846,0.0,-14.576156616210938,404000
10.631532669067383,697.5223388671875,699.6099243164062,692.6185913085938,-699.0562744140625,-696.30224609375,-5.6092329025268555,2.85520601272583,0.056791312992572784,0.03301448002457619,0.3389299809932709,8.138812290781061e-07,0.999534010887146,-0.0002333954762434587,0.0,-14.732575416564941,405000
10.055225372314453,693.2052001953125,695.6282348632812,687.710205078125,-694.7024536132812,-691.943359375,-5.8251051902771,3.0660367012023926,0.053912196308374405,-0.12691591680049896,0.3372384011745453,5.095309916214319e-07,0.9993793964385986,-0.0003105693031102419,0.0,-15.225580215454102,406000
11.821417808532715,689.0595703125,691.4608154296875,682.7396850585938,-690.6796264648438,-687.8484497070312,-5.693338871002197,2.8621630668640137,0.05844387784600258,0.057400934398174286,0.3352229595184326,5.465934373205528e-05,0.9985002279281616,-0.0007761899032630026,0.0,-14.940059661865234,407000
9.520423889160156,685.6885986328125,687.1958618164062,675.031982421875,-687.596923828125,-684.7508544921875,-5.731158256530762,2.8850655555725098,0.05720805004239082,-0.11146710067987442,0.3300541639328003,1.1321019144361344e-07,0.9996942281723022,-0.00015295110642910004,0.0,-15.254252433776855,408000
19.504501342773438,681.9622802734375,685.5704345703125,672.7888793945312,-683.2158203125,-680.4251098632812,-5.912010192871094,3.1212894916534424,0.05483446270227432,-0.27690553665161133,0.3275144100189209,1.2772375157510396e-07,0.9996609091758728,-0.0001696180843282491,0.0,-15.543383598327637,409000
17.179264068603516,679.037353515625,681.6613159179688,665.0304565429688,-680.4130249023438,-677.6767578125,-5.407525539398193,2.6712403297424316,0.06495481729507446,0.19586841762065887,0.3321964740753174,7.250923772517126e-06,0.999485194683075,-0.00026097000227309763,0.0,-14.362314224243164,410000
12.998165130615234,676.1351928710938,678.0184936523438,657.6879272460938,-677.8619995117188,-675.0946044921875,-5.523870468139648,2.7564823627471924,0.0560944601893425,0.06908978521823883,0.3320441246032715,6.379544856827124e-07,0.9997113943099976,-0.00014460970123764127,0.0,-14.646505355834961,411000
11.743307113647461,675.025146484375,676.9509887695312,649.532470703125,-676.5167846679688,-673.9185791015625,-5.350710868835449,2.7524917125701904,0.06123596057295799,0.17709077894687653,0.32996436953544617,1.8331022033635236e-08,0.9998507499694824,-7.462999201379716e-05,0.0,-14.231794357299805,412000
12.887171745300293,673.5982666015625,675.6848754882812,646.1881713867188,-675.3220825195312,-672.4712524414062,-5.665063381195068,2.8142080307006836,0.05848303437232971,-0.10718361288309097,0.33240827918052673,1.8587485328680486e-08,0.999871551990509,-6.423795275622979e-05,0.0,-15.158330917358398,413000
17.797523498535156,672.336181640625,674.7145385742188,637.8414916992188,-673.9122924804688,-671.1646728515625,-5.5143303871154785,2.7666966915130615,0.06157820299267769,0.012223957106471062,0.33135300874710083,1.2465770637959395e-08,0.9998897314071655,-5.514890654012561e-05,0.0,-14.787107467651367,414000
1654.9486083984375,670.239501953125,673.178466796875,628.2477416992188,-671.4711303710938,-668.84326171875,-5.486085414886475,2.8582048416137695,0.06270997226238251,-0.0384688675403595,0.33216437697410583,0.0010701889405027032,0.9997616410255432,-0.00011940555123146623,-0.0029382831417024136,-14.771751403808594,415000
28.349388122558594,669.7039184570312,670.6448974609375,609.8745727539062,-671.5643310546875,-668.8011474609375,-5.790916919708252,3.027712821960449,0.052445847541093826,-0.11346044391393661,0.3321729600429535,2.6488739877095213e-06,0.9989088773727417,-0.0005468696472235024,0.0,-15.51338005065918,416000
17.753372192382812,668.5377197265625,670.271240234375,595.2546997070312,-669.811767578125,-667.107666015625,-5.683329105377197,2.979231357574463,0.05355731397867203,-0.21101996302604675,0.329877644777298,1.124092108284458e-07,0.9997634887695312,-0.00011831970186904073,0.0,-15.299562454223633,417000
30.56488037109375,668.475830078125,669.8108520507812,591.1923217773438,-670.1192626953125,-667.5377197265625,-5.2745842933654785,2.6930675506591797,0.060860857367515564,0.23901589214801788,0.3298891484737396,0.00039109797216951847,0.997099757194519,-0.001622864743694663,-0.0015458895359188318,-14.15662670135498,418000
5.916055202484131,669.350341796875,671.00439453125,653.4694213867188,-671.0440063476562,-668.4215087890625,-5.449154853820801,2.826636791229248,0.055208973586559296,0.10183430463075638,0.3290175497531891,1.967547547110371e-07,0.9996739625930786,-0.00016310837236233056,0.0,-14.58934211730957,419000
31.661788940429688,669.9129638671875,671.3809204101562,597.7835083007812,-671.9342651367188,-669.1633911132812,-5.51594877243042,2.7450785636901855,0.05861719325184822,0.02854481153190136,0.3269197940826416,3.1308200050261803e-06,0.999504804611206,-0.00024791917530819774,-9.790671902010217e-05,-14.830690383911133,420000
42.86065673828125,670.8343505859375,673.5234375,522.02783203125,-672.3751220703125,-669.638671875,-5.346356391906738,2.6099438667297363,0.061879564076662064,0.10957053303718567,0.32820749282836914,0.0014502854319289327,0.9990006685256958,-0.0005017287330701947,-0.004033864475786686,-14.541248321533203,421000
62.29248809814453,670.9105834960938,671.4334106445312,488.0311584472656,-673.1443481445312,-670.45068359375,-5.245608806610107,2.5519704818725586,0.057838331907987595,0.23360978066921234,0.32918763160705566,8.070968760875985e-05,0.998259961605072,-0.0008746994426473975,-0.0005275776493363082,-14.242603302001953,422000
8.893044471740723,671.6295166015625,671.735595703125,671.482177734375,-674.1901245117188,-671.5313110351562,-5.846917152404785,3.1881022453308105,0.053150907158851624,-0.3817968964576721,0.32937729358673096,3.8587633753195405e-05,0.9950262904167175,-0.0025506361853331327,-0.000957438547629863,-16.00175666809082,423000
13.916544914245605,673.0042724609375,674.5413818359375,667.782470703125,-675.1126098632812,-672.5274658203125,-5.452155113220215,2.8669979572296143,0.055108778178691864,-0.043615542352199554,0.325653076171875,0.00028922484489157796,0.9894679188728333,-0.005323379300534725,-0.0008281110203824937,-14.975414276123047,424000
510.064697265625,670.8773193359375,672.3989868164062,334.2307434082031,-672.2517700195312,-669.7504272460938,-5.484618663787842,2.9832844734191895,0.05743467062711716,-0.20523512363433838,0.32384970784187317,0.008623053319752216,0.9937629103660583,-0.003400839166715741,-0.010280661284923553,-14.948258399963379,425000
458.1099853515625,669.3524169921875,672.8101806640625,307.11029052734375,-669.759765625,-667.1239013671875,-5.351349830627441,2.7154884338378906,0.05671652778983116,0.018061045557260513,0.32387837767601013,0.0024489613715559244,0.9912689328193665,-0.00442483788356185,-0.004805920645594597,-14.804597854614258,426000
8.781603813171387,666.565185546875,666.76611328125,666.230224609375,-669.0794067382812,-666.40185546875,-5.4900922775268555,2.812588930130005,0.05416545644402504,-0.18851196765899658,0.3220990002155304,0.0002737024042289704,0.9946795701980591,-0.0026812213473021984,-0.0011487514711916447,-15.013103485107422,427000
79.27946472167969,663.2276611328125,664.4703979492188,462.9600524902344,-665.1393432617188,-662.6065063476562,-5.0631303787231445,2.5302515029907227,0.05672071874141693,0.12299051880836487,0.323098361492157,0.00026353917201049626,0.9848629236221313,-0.00877404399216175,-0.003846511011943221,-14.210288047790527,428000
160.71115112304688,661.8526611328125,664.39306640625,657.011474609375,-662.6878051757812,-660.41650390625,-4.980677127838135,2.7093706130981445,0.05943947657942772,0.2732214033603668,0.32443150877952576,0.00262852874584496,0.9798892736434937,-0.011865030974149704,-0.008842376992106438,-13.982596397399902,429000
123.55274200439453,659.6319580078125,661.284423828125,349.5921936035156,-661.1515502929688,-658.61669921875,-5.471920490264893,2.9370837211608887,0.052833762019872665,-0.1120176613330841,0.32447707653045654,0.0002619263541419059,0.9830839037895203,-0.01020902767777443,-0.00426007155328989,-15.08366584777832,430000
8.286243438720703,659.7423706054688,662.0706787109375,655.03271484375,-660.868896484375,-658.3507080078125,-5.1583123207092285,2.6401495933532715,0.06051796302199364,0.19952380657196045,0.3249588906764984,0.0005613487446680665,0.9824813008308411,-0.009399333968758583,-0.003815627424046397,-14.302061080932617,431000
974.9590454101562,657.69482421875,661.0195922851562,260.9086608886719,-658.8172607421875,-656.468505859375,-5.331544876098633,2.9827868938446045,0.055291011929512024,-0.09609702229499817,0.32522863149642944,0.00017909580492414534,0.9811410903930664,-0.01154460571706295,-0.0049897972494363785,-15.088448524475098,432000
5.834821701049805,659.14892578125,659.7618408203125,658.5493774414062,-661.0640258789062,-658.5811767578125,-4.759414196014404,2.27653169631958,0.05956200137734413,0.3038705289363861,0.32121726870536804,0.0005042010452598333,0.9882798194885254,-0.00591844879090786,-0.0019296917598694563,-13.368334770202637,433000
5.230623722076416,658.337890625,660.9144287109375,654.801025390625,-659.8753051757812,-657.2789306640625,-5.063528537750244,2.4671525955200195,0.05927429348230362,0.13567505776882172,0.32554391026496887,0.00010272322833770886,0.9896405935287476,-0.005230371840298176,0.0,-14.154141426086426,434000
811.2012329101562,657.2521362304688,659.6089477539062,544.6275024414062,-658.4296264648438,-655.927978515625,-5.030890941619873,2.5292587280273438,0.05996488034725189,0.10582703351974487,0.3153129816055298,0.002734700683504343,0.9930795431137085,-0.004101203288882971,-0.006345782894641161,-14.092388153076172,435000
892.3182373046875,656.2073974609375,657.866455078125,162.66062927246094,-657.3615112304688,-654.8038330078125,-5.627140998840332,3.0694596767425537,0.05368103086948395,-0.3104149103164673,0.3147766888141632,0.001937220455147326,0.990257203578949,-0.006143894977867603,-0.00634611863642931,-15.669486999511719,436000
234.70391845703125,656.6420288085938,660.1090698242188,178.22010803222656,-657.4937744140625,-654.8796997070312,-5.489792346954346,2.8757593631744385,0.0561721995472908,-0.2106717824935913,0.3215125799179077,0.00024104156182147563,0.9877178072929382,-0.0062328362837433815,-0.00120232452172786,-15.405000686645508,437000
4.241555213928223,657.6235961914062,659.5567626953125,654.8924560546875,-659.64990234375,-656.9786987304688,-5.350709915161133,2.679532766342163,0.05349193140864372,-0.0884920060634613,0.31148087978363037,3.8788053643656895e-05,0.9937671422958374,-0.0031356466934084892,0.0,-14.84566593170166,438000
7.668231010437012,657.37060546875,659.44970703125,649.623291015625,-659.2266235351562,-656.5698852539062,-5.317348480224609,2.660555124282837,0.05478023365139961,-0.07948178797960281,0.3159281015396118,0.000442344113253057,0.9930621385574341,-0.003529279725626111,-0.0016160212690010667,-14.812643051147461,439000
334.8482666015625,654.8570556640625,658.0890502929688,137.17510986328125,-655.7479858398438,-653.552001953125,-4.9270477294921875,2.7310755252838135,0.057850416749715805,0.04972721263766289,0.3181520402431488,0.005827068816870451,0.9721521139144897,-0.019162233918905258,-0.016306960955262184,-14.30240249633789,440000
747.4031982421875,653.766845703125,657.4243774414062,265.47393798828125,-652.9598388671875,-650.4893798828125,-5.135340213775635,2.664884328842163,0.06013936176896095,0.006535008084028959,0.30899906158447266,0.0062277354300022125,0.9917294979095459,-0.004800960421562195,-0.014366897754371166,-14.278064727783203,441000
6.258286952972412,655.4949951171875,657.6160278320312,652.5093994140625,-657.28466796875,-654.7393798828125,-5.074044227600098,2.528749704360962,0.056613486260175705,0.11191652715206146,0.3148312568664551,0.003470555879175663,0.9991734027862549,-0.00041608241735957563,-0.005121142603456974,-14.14208984375,442000
5.231947422027588,654.2215576171875,655.9756469726562,645.4307250976562,-656.0336303710938,-653.3394775390625,-5.4331889152526855,2.739041805267334,0.056752365082502365,-0.18198439478874207,0.3149630129337311,0.0028444675263017416,0.9898234605789185,-0.006229094695299864,0.0,-15.18455696105957,443000
1033.3262939453125,652.9075927734375,654.714111328125,255.73788452148438,-654.6204833984375,-652.2496337890625,-4.963649272918701,2.592776298522949,0.06198930740356445,0.10893264412879944,0.3144565224647522,0.007858793251216412,0.992139458656311,-0.004098354838788509,-0.00920783169567585,-14.223440170288086,444000
2159.565185546875,651.9735717773438,655.3265991210938,147.945556640625,-651.3900756835938,-648.8948364257812,-5.338717937469482,2.8435142040252686,0.05716666951775551,-0.16858527064323425,0.3163205683231354,0.0003707080613821745,0.9811801910400391,-0.01034761406481266,-0.003997844643890858,-15.184633255004883,445000
883.8016967773438,652.3297119140625,655.6227416992188,185.44235229492188,-653.0621948242188,-650.58154296875,-5.372387886047363,2.8917036056518555,0.05333780497312546,-0.203522726893425,0.3116782307624817,0.0014742237981408834,0.9918002486228943,-0.004146159626543522,-0.0023221371229737997,-15.139127731323242,446000
5.170895576477051,652.3798828125,654.999267578125,648.8604736328125,-653.8385620117188,-651.2300415039062,-5.15771484375,2.5491695404052734,0.05213179811835289,-0.07288917899131775,0.29365992546081543,0.000356824864866212,0.9900552034378052,-0.005018305964767933,-0.001068841782398522,-14.650335311889648,447000
64.12433624267578,649.0277709960938,652.6276245117188,473.46160888671875,-650.4034423828125,-647.9597778320312,-5.172705173492432,2.7290866374969482,0.05387052521109581,-0.09308236092329025,0.3121285140514374,0.001092107966542244,0.9829298257827759,-0.009474644437432289,-0.0028682781849056482,-14.774682998657227,448000
542.65283203125,647.1187133789062,650.1992797851562,154.06275939941406,-647.4019165039062,-644.8521728515625,-5.161927223205566,2.612192392349243,0.05756141245365143,-0.13708259165287018,0.3114089369773865,0.0005183719331398606,0.9871125221252441,-0.006658510304987431,-0.002829725854098797,-14.965638160705566,449000
993.75048828125,647.1630859375,648.665771484375,309.0621337890625,-648.3172607421875,-645.8082275390625,-5.037193775177002,2.528155565261841,0.05814076587557793,0.09445508569478989,0.3085269033908844,0.0015682113589718938,0.9939993023872375,-0.0030194432474672794,-0.004510329570621252,-14.220943450927734,450000
880.4939575195312,646.1863403320312,649.22216796875,162.3401336669922,-647.3779296875,-645.0031127929688,-5.125763416290283,2.750973701477051,0.05585417151451111,-0.09995666146278381,0.30915841460227966,0.0005585728795267642,0.9860507249832153,-0.010225219652056694,-0.005288784392178059,-14.923087120056152,451000
44.089080810546875,647.0643310546875,648.042236328125,646.3412475585938,-648.8244018554688,-646.3331298828125,-5.1869306564331055,2.6956658363342285,0.05460425093770027,-0.03543933853507042,0.3081744909286499,0.00024257387849502265,0.9898252487182617,-0.005161363631486893,-0.0008728977991268039,-14.83051586151123,452000
5.085299015045166,647.317626953125,649.094970703125,640.466796875,-648.949951171875,-646.3838500976562,-5.3191118240356445,2.7530040740966797,0.05312362313270569,-0.07424378395080566,0.303679496049881,8.306901145260781e-05,0.990453839302063,-0.004814227111637592,0.0,-15.154206275939941,453000
498.97369384765625,645.3380126953125,646.8594360351562,539.5131225585938,-646.571044921875,-644.0443115234375,-5.163498878479004,2.6367781162261963,0.055403195321559906,-0.046565014868974686,0.3075852692127228,0.0004677513206843287,0.9864218235015869,-0.0072203390300273895,-0.0035553479101508856,-14.85732364654541,454000
327.4647216796875,645.19970703125,646.28076171875,533.1781005859375,-646.7939453125,-644.4306030273438,-5.003208160400391,2.6398770809173584,0.05722866207361221,-0.033536095172166824,0.3088326156139374,0.001527711981907487,0.9869024157524109,-0.00675529520958662,-0.004551772493869066,-14.554845809936523,455000
6.616283416748047,643.4393310546875,645.82421875,634.1304931640625,-644.9508666992188,-642.5299072265625,-5.025879859924316,2.6049325466156006,0.054137133061885834,0.042770788073539734,0.3087952136993408,0.00021484500030055642,0.9858288168907166,-0.00719099584966898,0.0,-14.49346923828125,456000
74.73514556884766,643.131591796875,646.3839111328125,403.5719909667969,-644.3233032226562,-641.9329833984375,-4.8716044425964355,2.481231927871704,0.05775083228945732,0.23572474718093872,0.30942538380622864,0.0014789605047553778,0.9877561330795288,-0.006217829883098602,-0.0030166658107191324,-14.10063362121582,457000
508.66796875,640.48486328125,641.5463256835938,148.3201904296875,-641.8261108398438,-639.4080810546875,-5.158647060394287,2.7406156063079834,0.05457573011517525,-0.1942421942949295,0.30422714352607727,0.0007850307156331837,0.9855905771255493,-0.008444288745522499,-0.005838391836732626,-14.94249153137207,458000
1287.199462890625,640.414306640625,643.2998046875,163.4959259033203,-639.5938110351562,-637.712646484375,-3.482640504837036,1.6014924049377441,0.07293514162302017,1.2213181257247925,0.3034244477748871,0.0008382949163205922,0.9801114797592163,-0.01249575987458229,-0.0075529590249061584,-10.087180137634277,459000
1359.5557861328125,640.2481689453125,643.0738525390625,158.67652893066406,-640.2696533203125,-637.8726806640625,-5.1652679443359375,2.7683281898498535,0.06137853488326073,-0.21833764016628265,0.3040955662727356,0.001956859603524208,0.9873471260070801,-0.00916243065148592,-0.011016827076673508,-14.971893310546875,460000
69.55025482177734,643.3380126953125,646.2245483398438,462.0691833496094,-645.1094970703125,-642.6951904296875,-4.810544490814209,2.396249294281006,0.05857415869832039,0.24872636795043945,0.3004014492034912,0.00040044740308076143,0.9875380396842957,-0.008217394351959229,-0.006898276973515749,-13.997177124023438,461000
11.782533645629883,643.8369750976562,645.5811157226562,638.4987182617188,-645.6127319335938,-643.0763549804688,-5.267784118652344,2.7313973903656006,0.05380184203386307,-0.23304308950901031,0.3033907115459442,0.0014887056313455105,0.9878525733947754,-0.006195739842951298,-0.0031574699096381664,-15.430444717407227,462000
21.22279167175293,644.1473388671875,646.2633056640625,580.5028686523438,-645.7449951171875,-643.3162841796875,-4.834856986999512,2.406139850616455,0.05998644977807999,0.12691764533519745,0.3018603026866913,0.0002944254083558917,0.992493212223053,-0.0039048437029123306,-0.002702598227187991,-14.087302207946777,463000
1307.4903564453125,640.9982299804688,645.5428466796875,160.2108154296875,-640.5380859375,-638.1641235351562,-4.9154372215271,2.5414977073669434,0.06216489523649216,-0.18270552158355713,0.3032403886318207,0.0025126980617642403,0.9835084676742554,-0.01001046970486641,-0.011842824518680573,-14.481719970703125,464000
39.48255920410156,642.999267578125,643.6411743164062,642.3574829101562,-644.7095947265625,-642.3162231445312,-4.874661922454834,2.4812734127044678,0.05839149281382561,0.03322888910770416,0.3015306293964386,0.0016360627487301826,0.9864950180053711,-0.008650981821119785,-0.0020802367944270372,-14.28921890258789,465000
5.6118621826171875,644.8935546875,645.6903076171875,644.1080932617188,-646.6450805664062,-644.1593017578125,-5.107571601867676,2.621788740158081,0.05302669480443001,-0.022975493222475052,0.29925674200057983,7.771556556690484e-05,0.991033136844635,-0.004521897993981838,0.0,-14.796523094177246,466000
385.74200439453125,644.37353515625,647.5215454101562,277.4400329589844,-645.016357421875,-642.7550048828125,-5.0938801765441895,2.8325400352478027,0.05327340587973595,-0.02792974002659321,0.30498236417770386,0.00018388355965726078,0.9852402210235596,-0.007553865201771259,-0.0012609242694452405,-14.834664344787598,467000
902.1522827148438,645.8521728515625,648.7191162109375,226.98728942871094,-646.9161376953125,-644.6556396484375,-4.869152069091797,2.6086463928222656,0.060860563069581985,-0.04508425295352936,0.3021804392337799,0.0031125210225582123,0.9796313643455505,-0.014053919352591038,-0.012351425364613533,-14.47403335571289,468000
531.4008178710938,647.441650390625,650.5476684570312,202.81886291503906,-647.7035522460938,-645.796142578125,-4.313855171203613,2.4064342975616455,0.05952836573123932,0.28750109672546387,0.3067615032196045,0.007128256838768721,0.9740291237831116,-0.02000206708908081,-0.0062918527983129025,-13.176809310913086,469000
7.508294105529785,647.510009765625,649.59130859375,633.1380615234375,-648.79296875,-646.4237060546875,-5.082131385803223,2.7128665447235107,0.05405599996447563,-0.003070382634177804,0.3012336790561676,0.0004004593356512487,0.9877680540084839,-0.006303947418928146,0.0,-15.028016090393066,470000
1790.067626953125,643.1821899414062,649.0726318359375,126.88479614257812,-641.4838256835938,-639.5966796875,-4.3663506507873535,2.4791667461395264,0.06627041101455688,0.13861341774463654,0.2998305857181549,0.0147598497569561,0.9658321142196655,-0.02822886034846306,-0.03639727085828781,-13.400012969970703,471000
5.4085822105407715,645.3484497070312,648.0258178710938,628.0139770507812,-646.685302734375,-644.5888061523438,-4.956874370574951,2.8603434562683105,0.05376052111387253,-0.10606492310762405,0.3077925741672516,0.004405059851706028,0.9621708989143372,-0.023109599947929382,-0.0036755120381712914,-15.121416091918945,472000
8.71544075012207,645.4855346679688,648.235595703125,619.3228149414062,-646.5380249023438,-644.1985473632812,-4.658947944641113,2.319483518600464,0.05765615031123161,0.2419770061969757,0.30014780163764954,0.0007963281241245568,0.9924761056900024,-0.003789411159232259,-0.002479953458532691,-13.738813400268555,473000
5.511563301086426,644.9786376953125,647.34326171875,637.849365234375,-645.94287109375,-643.485595703125,-5.125661373138428,2.6683783531188965,0.053922127932310104,-0.1310085952281952,0.29713204503059387,0.00010067711991723627,0.9937311410903931,-0.0031862796749919653,-0.00016874936409294605,-15.033622741699219,474000
4.867799758911133,645.860595703125,647.9898071289062,641.073974609375,-647.4144897460938,-644.8692626953125,-4.941807270050049,2.3966221809387207,0.05572265759110451,0.07930642366409302,0.29645323753356934,0.00037707469891756773,0.991827666759491,-0.004260418005287647,0.0,-14.54385757446289,475000
1895.92919921875,642.489501953125,648.3431396484375,116.07738494873047,-641.19384765625,-638.8306884765625,-5.037324905395508,2.6742208003997803,0.0587182380259037,-0.18411946296691895,0.29526373744010925,0.005563093349337578,0.9945008754730225,-0.002821213798597455,-0.009799756109714508,-14.876869201660156,476000
1045.607666015625,643.5772705078125,646.425537109375,106.76055145263672,-643.2288818359375,-640.7532958984375,-5.1887617111206055,2.713225841522217,0.05689820274710655,-0.2623741030693054,0.29697391390800476,0.0034354371018707752,0.99207603931427,-0.004146563820540905,-0.007698375731706619,-15.32406997680664,477000
5.512160301208496,646.0601196289062,646.604736328125,645.4586791992188,-648.1101684570312,-645.7775268554688,-5.133356094360352,2.8006904125213623,0.0490296371281147,-0.1648263931274414,0.29536259174346924,0.00028795679099857807,0.9871541261672974,-0.006551892962306738,-0.00029951223405078053,-15.19011116027832,478000
5.745529651641846,646.47705078125,648.9920654296875,637.259765625,-647.8762817382812,-645.3336181640625,-4.974653720855713,2.4320175647735596,0.057228025048971176,-0.02245706506073475,0.29449328780174255,0.00019964594685006887,0.9924495220184326,-0.0038068233989179134,-0.0010474028531461954,-14.823164939880371,479000
501.78009033203125,645.703857421875,648.1383056640625,152.18801879882812,-646.9343872070312,-644.6680297851562,-4.8513946533203125,2.5850114822387695,0.056978989392519,-0.10280129313468933,0.2977539896965027,0.0002087042375933379,0.9829334616661072,-0.01307232677936554,-0.0073396614752709866,-14.669811248779297,480000
130.28033447265625,645.9030151367188,649.1454467773438,396.757568359375,-646.2581176757812,-643.921630859375,-4.781135559082031,2.444619655609131,0.057757362723350525,-0.02053540199995041,0.2886226773262024,0.0004400313482619822,0.9840008616447449,-0.013559417799115181,-0.010155837051570415,-14.60883903503418,481000
37.654300689697266,645.3838500976562,648.07666015625,512.8737182617188,-646.3531494140625,-644.0293579101562,-4.963161468505859,2.6393635272979736,0.05614384263753891,-0.22399863600730896,0.28988054394721985,0.0018448324408382177,0.9869449138641357,-0.007839029654860497,-0.007564205676317215,-14.96728229522705,482000
42.24971008300781,644.3549194335938,647.1900634765625,509.7959289550781,-644.9295654296875,-642.7508544921875,-4.891874313354492,2.7131528854370117,0.05557287484407425,-0.2860086262226105,0.29207417368888855,0.0005884082638658583,0.9869785904884338,-0.009964152239263058,-0.008059486746788025,-14.517048835754395,483000
870.8474731445312,643.293701171875,646.22998046875,194.57933044433594,-643.8245239257812,-641.5712890625,-4.5958638191223145,2.342660665512085,0.06109250336885452,0.13608232140541077,0.2884610891342163,0.0003089435922447592,0.9865353107452393,-0.008417254313826561,-0.0050613186322152615,-13.866646766662598,484000
9.48837947845459,644.056640625,646.08642578125,623.0027465820312,-645.2991333007812,-642.9113159179688,-4.776688575744629,2.3888540267944336,0.05710025131702423,0.18847519159317017,0.293304443359375,1.5536961655016057e-05,0.9959079623222351,-0.0020537604577839375,0.0,-14.07240104675293,485000
375.39739990234375,641.7225341796875,645.9122314453125,200.11184692382812,-642.1148681640625,-639.738525390625,-4.795856952667236,2.419512987136841,0.0592789426445961,0.03081272728741169,0.29322579503059387,0.0027681724168360233,0.9906673431396484,-0.006074321456253529,-0.007106232922524214,-14.284460067749023,486000
627.01318359375,638.4058837890625,643.2604370117188,159.96267700195312,-638.3468017578125,-636.0592651367188,-4.673328399658203,2.3857975006103516,0.059544213116168976,0.028709348291158676,0.2942045331001282,0.0012492609675973654,0.9736737012863159,-0.016308780759572983,-0.00783186312764883,-14.263324737548828,487000
144.5515899658203,638.0164184570312,641.9370727539062,374.26654052734375,-638.556884765625,-636.507568359375,-4.80186653137207,2.752549648284912,0.054889071732759476,-0.12693838775157928,0.29438427090644836,0.02395539917051792,0.9843363761901855,-0.010531842708587646,-0.016851790249347687,-14.532209396362305,488000
10.041898727416992,638.1663208007812,641.1525268554688,615.3507690429688,-639.3452758789062,-636.9068603515625,-4.604744911193848,2.1663198471069336,0.057794760912656784,0.29221391677856445,0.287281334400177,0.0008591371006332338,0.9849423170089722,-0.007917249575257301,0.0,-13.785348892211914,489000
7.486913681030273,637.7886352539062,640.16259765625,608.291259765625,-639.2513427734375,-636.9449462890625,-4.799555778503418,2.4931466579437256,0.05749637261033058,0.09828921407461166,0.2890632152557373,2.955435775220394e-05,0.9922701716423035,-0.0040113599970936775,-0.0014055087231099606,-14.432954788208008,490000
6.2769246101379395,638.6386108398438,640.6094970703125,625.6651000976562,-640.3031005859375,-637.7590942382812,-4.916043281555176,2.3720123767852783,0.058565739542245865,-0.0986550971865654,0.2852042317390442,2.7769405278377235e-05,0.9956117868423462,-0.002207869663834572,0.0,-14.853452682495117,491000
6.1868391036987305,638.967041015625,641.5350952148438,620.8218994140625,-640.1490478515625,-637.7594604492188,-4.898374080657959,2.5088038444519043,0.05156467854976654,-0.02291487157344818,0.2905605137348175,3.676656342577189e-05,0.9956181645393372,-0.002209004247561097,0.0,-14.771163940429688,492000
6.640220642089844,638.87109375,640.8556518554688,619.3631591796875,-640.3720703125,-638.0753784179688,-4.682234764099121,2.385542869567871,0.05690504610538483,0.1931099146604538,0.292103111743927,8.282795897684991e-05,0.9904606938362122,-0.004839695058763027,-0.0003472907410468906,-14.130444526672363,493000
4.166806221008301,641.31201171875,643.2843017578125,634.8155517578125,-642.7147827148438,-640.3809814453125,-4.7948832511901855,2.4610493183135986,0.054117679595947266,-0.059177376329898834,0.2875854969024658,0.00017947978631127626,0.9874659776687622,-0.006371569354087114,-0.0001607016456546262,-14.443936347961426,494000
1012.6466064453125,643.715087890625,644.6160278320312,333.5003356933594,-646.0101318359375,-643.7724609375,-4.75429105758667,2.516592025756836,0.05957238748669624,-0.19847044348716736,0.29015180468559265,0.0025714028161019087,0.9833317995071411,-0.010098621249198914,-0.010296774096786976,-14.718912124633789,495000
19.212459564208984,647.445068359375,649.3344116210938,580.4669189453125,-648.3017578125,-646.0885009765625,-4.6946516036987305,2.481400728225708,0.05923309922218323,0.08151811361312866,0.29120713472366333,0.0002231731778010726,0.9897229671478271,-0.0052572498098015785,-0.001310053514316678,-14.325069427490234,496000
190.2825164794922,646.7744140625,650.7318115234375,335.68267822265625,-647.1842041015625,-644.9320068359375,-4.609950542449951,2.3576977252960205,0.057365719228982925,0.11023814231157303,0.2866801917552948,0.001252498128451407,0.9885441064834595,-0.009059236384928226,-0.004296407103538513,-14.13286018371582,497000
8.032267570495605,646.6382446289062,649.9544677734375,632.4891357421875,-647.663818359375,-645.2840576171875,-4.920355796813965,2.5406181812286377,0.0547616109251976,-0.09049534797668457,0.28875187039375305,5.5221364164026454e-05,0.9935250282287598,-0.0032647456973791122,0.0,-14.944034576416016,498000
937.9443969726562,644.716796875,649.0186157226562,235.9756317138672,-645.9911499023438,-643.959228515625,-4.455489635467529,2.423569440841675,0.06092241406440735,0.1153516098856926,0.286472886800766,0.005883544683456421,0.9837361574172974,-0.013537298887968063,-0.01401393674314022,-13.884801864624023,499000
4.874401092529297,648.6726684570312,649.548095703125,644.5477294921875,-650.2710571289062,-648.029052734375,-4.5229811668396,2.2810018062591553,0.05614802613854408,0.23028111457824707,0.2899787425994873,5.779951607109979e-05,0.9929100871086121,-0.003573535941541195,0.0,-13.763167381286621,500000
