critic/q_loss,critic/q_mean,critic/q_max,critic/q_min,actor/total_loss,actor/q_loss,actor/bc_loss,actor/entropy_loss,actor/mse,beta/beta_loss,beta/beta,encoder/encoder_loss,encoder/dot_mean,encoder/kl_target_mean,encoder/nll_raw_mean,step
452.5390625,-0.01119971927255392,0.09357224404811859,-0.108396515250206,-1.5354366302490234,-0.16842180490493774,9.694526672363281,-11.061541557312012,0.37805336713790894,19.46450424194336,0.9997000694274902,8.574249267578125,2.5060813426971436,-0.4201442003250122,8.958333015441895,0
23.598411560058594,59.99610137939453,60.00081253051758,59.9914665222168,-65.9156494140625,-60.018470764160156,-8.910387992858887,3.0132064819335938,0.08072495460510254,3.831573247909546,0.798520565032959,0.033412061631679535,0.5067588090896606,0.4144371747970581,-9.091728210449219,1000
9.165934562683105,87.50367736816406,87.50709533691406,87.50025939941406,-94.58908081054688,-87.5650634765625,-11.43403148651123,4.410013198852539,0.06537528336048126,1.1503307819366455,0.6929852366447449,0.020326878875494003,0.5074582099914551,0.511683464050293,-11.639007568359375,2000
11.234036445617676,109.57731628417969,109.57879638671875,109.57582092285156,-117.41104888916016,-109.57249450683594,-13.007681846618652,5.169126033782959,0.0618666410446167,0.15114174783229828,0.6409560441970825,0.017540672793984413,0.548322856426239,0.566903829574585,-13.239503860473633,3000
12.191932678222656,128.66452026367188,128.66464233398438,128.66441345214844,-136.08840942382812,-128.66729736328125,-12.611255645751953,5.190135478973389,0.06457100063562393,0.437385231256485,0.6289528012275696,0.033738136291503906,0.5911964178085327,0.5442825555801392,-12.702756881713867,4000
8.235410690307617,145.74224853515625,145.74302673339844,145.741455078125,-153.3344268798828,-145.81996154785156,-13.348318099975586,5.8338494300842285,0.05554117262363434,0.049041252583265305,0.640489935874939,0.023247668519616127,0.5789988040924072,0.5739182233810425,-13.564210891723633,5000
7.4801740646362305,161.591064453125,161.59239196777344,161.58975219726562,-169.67237854003906,-161.57127380371094,-13.712201118469238,5.6111016273498535,0.05741961672902107,-0.008862968534231186,0.6512119174003601,0.01953219808638096,0.5699557065963745,0.5893206596374512,-14.032232284545898,6000
11.24599838256836,176.36058044433594,176.36070251464844,176.36045837402344,-184.35635375976562,-176.3895263671875,-13.553143501281738,5.586322784423828,0.060149822384119034,0.06690958887338638,0.6631446480751038,0.021031908690929413,0.5626038312911987,0.5868576169013977,-13.95244026184082,7000
8.406371116638184,190.26889038085938,190.27444458007812,190.26332092285156,-197.9322509765625,-190.23153686523438,-13.916536331176758,6.215826034545898,0.05450310558080673,-0.4014771282672882,0.6611761450767517,0.018286876380443573,0.5624822378158569,0.5992945432662964,-14.31934928894043,8000
11.505630493164062,203.395263671875,203.39535522460938,203.39517211914062,-211.19227600097656,-203.37673950195312,-13.592395782470703,5.776850700378418,0.05994705483317375,-0.2708413302898407,0.667042076587677,0.028409456834197044,0.548618495464325,0.5828064680099487,-13.923087120056152,9000
11.445439338684082,215.8223114013672,215.8224334716797,215.8221893310547,-223.7346649169922,-215.8202362060547,-13.715264320373535,5.800839424133301,0.059279799461364746,-0.11364803463220596,0.6693604588508606,0.024836499243974686,0.5742164254188538,0.5898895859718323,-14.112421035766602,10000
12.137348175048828,227.99176025390625,227.99176025390625,227.9917449951172,-235.5814971923828,-227.92381286621094,-13.087626457214355,5.429953098297119,0.058361612260341644,0.5382618308067322,0.6719263792037964,0.02776637300848961,0.5873328447341919,0.5603692531585693,-13.25161361694336,11000
9.226877212524414,238.96908569335938,238.96913146972656,238.9690399169922,-247.17124938964844,-239.00680541992188,-13.390130996704102,5.225698947906494,0.06108364835381508,0.13211476802825928,0.663657009601593,0.02113858424127102,0.5750190615653992,0.577203631401062,-13.677582740783691,12000
245.49465942382812,248.93785095214844,248.99468994140625,248.88101196289062,-256.73907470703125,-248.78829956054688,-14.038990020751953,6.088222026824951,0.056796345859766006,-0.10822325944900513,0.6690022945404053,0.01944301277399063,0.5888994932174683,0.6005223989486694,-14.36966609954834,13000
11.101354598999023,258.3292541503906,258.3499755859375,258.30853271484375,-266.4061584472656,-258.28363037109375,-14.209379196166992,6.08685302734375,0.053969185799360275,-0.4622989892959595,0.6717803478240967,0.018639810383319855,0.5776363015174866,0.611987829208374,-14.756308555603027,14000
277.8313293457031,267.3977966308594,267.4201965332031,267.3753967285156,-275.3062438964844,-267.35760498046875,-13.986095428466797,6.037437915802002,0.057212308049201965,0.08267839252948761,0.6692689061164856,0.024180887266993523,0.6239933967590332,0.5933969020843506,-14.2601318359375,15000
13.324506759643555,276.6836853027344,276.7001647949219,276.6672058105469,-284.79718017578125,-276.63897705078125,-13.97413158416748,5.815907001495361,0.0580136775970459,-0.13385476171970367,0.6650248765945435,0.01835397258400917,0.5923354625701904,0.593865156173706,-14.195718765258789,16000
11.311491012573242,285.9106140136719,285.9121398925781,285.9090881347656,-293.7929992675781,-285.9488525390625,-13.22115421295166,5.377028465270996,0.058518633246421814,0.3934992849826813,0.6601149439811707,0.026214521378278732,0.5869172215461731,0.5730857849121094,-13.584321975708008,17000
13.808368682861328,293.95709228515625,293.9779357910156,293.9362487792969,-302.1275329589844,-294.0210876464844,-12.795920372009277,4.689497947692871,0.06322140991687775,0.7921963334083557,0.6566148996353149,0.02376832440495491,0.5847612023353577,0.5606933832168579,-13.19731616973877,18000
355.08154296875,302.5843200683594,302.6189270019531,302.5497131347656,-310.49981689453125,-302.4648742675781,-13.597211837768555,5.56225061416626,0.06129121780395508,0.2669074535369873,0.6620627641677856,0.02167559787631035,0.5860868692398071,0.5836402177810669,-13.893606185913086,19000
10.887812614440918,310.8407897949219,310.84906005859375,310.83251953125,-319.2417907714844,-310.9019775390625,-13.576597213745117,5.236782550811768,0.05750051140785217,0.2621175944805145,0.6539173126220703,0.01894867792725563,0.6016746759414673,0.5917166471481323,-14.112066268920898,20000
11.997259140014648,318.2828063964844,318.28387451171875,318.28173828125,-326.2804260253906,-318.3056640625,-13.766908645629883,5.792140960693359,0.056888192892074585,-0.06578381359577179,0.654367208480835,0.019668925553560257,0.6219461560249329,0.5964556932449341,-14.243529319763184,21000
11.074967384338379,325.6303405761719,325.63037109375,325.63031005859375,-333.8620910644531,-325.6409912109375,-13.435444831848145,5.214364051818848,0.061855498701334,0.18772763013839722,0.6502557396888733,0.02161739394068718,0.5629831552505493,0.5857826471328735,-13.967787742614746,22000
11.141454696655273,332.65020751953125,332.6540222167969,332.6463928222656,-340.73883056640625,-332.678466796875,-13.351751327514648,5.291367530822754,0.05841770023107529,0.30398422479629517,0.6520252227783203,0.02151471935212612,0.5533031225204468,0.5896569490432739,-14.125068664550781,23000
12.331962585449219,339.70281982421875,339.7046813964844,339.7009582519531,-348.2295227050781,-339.7078552246094,-14.249512672424316,5.727842807769775,0.05553337559103966,-0.3893747329711914,0.646181583404541,0.02109101042151451,0.6081721782684326,0.6129550933837891,-14.959724426269531,24000
9.457406997680664,346.3643798828125,346.3671569824219,346.36163330078125,-354.5392150878906,-346.37261962890625,-13.509160995483398,5.342574119567871,0.06091342121362686,0.1373254358768463,0.6412528157234192,0.031066741794347763,0.6380116939544678,0.5763795375823975,-13.783817291259766,25000
12.598531723022461,352.4598388671875,352.4612731933594,352.4583740234375,-360.977783203125,-352.467041015625,-13.8906831741333,5.379946231842041,0.05830439552664757,-0.1559569239616394,0.6342338919639587,0.017073797062039375,0.6032741665840149,0.5966812968254089,-14.316009521484375,26000
11.300577163696289,358.76885986328125,358.7713928222656,358.7663269042969,-366.9444885253906,-358.7812194824219,-13.735984802246094,5.572709083557129,0.053156424313783646,0.24480707943439484,0.6372953653335571,0.016169816255569458,0.5615540742874146,0.6000453233718872,-14.344226837158203,27000
9.82304573059082,364.8974914550781,364.8984375,364.89654541015625,-373.325439453125,-364.88470458984375,-13.321802139282227,4.881086349487305,0.06065617501735687,0.4059572219848633,0.6326170563697815,0.01842579059302807,0.5887242555618286,0.5835965275764465,-13.841324806213379,28000
11.83115005493164,370.79486083984375,370.8021545410156,370.7875671386719,-379.15753173828125,-370.8105163574219,-13.674802780151367,5.327789783477783,0.05697566643357277,0.11445917189121246,0.6239854693412781,0.024182092398405075,0.5646480321884155,0.5935629606246948,-14.375743865966797,29000
9.744723320007324,376.664794921875,376.669677734375,376.659912109375,-385.0479736328125,-376.6864929199219,-13.64738941192627,5.2859296798706055,0.05630699172616005,-0.019944127649068832,0.625711977481842,0.022906716912984848,0.5851457118988037,0.5955080986022949,-14.363885879516602,30000
12.716059684753418,381.7706298828125,381.7770080566406,381.7642517089844,-390.3362731933594,-381.7486572265625,-14.035331726074219,5.447710037231445,0.057591620832681656,-0.1079905554652214,0.6225170493125916,0.021644210442900658,0.6020448803901672,0.6078826785087585,-14.79966926574707,31000
12.023696899414062,387.26580810546875,387.2658996582031,387.2657165527344,-395.96246337890625,-387.3115234375,-13.635531425476074,4.984578609466553,0.06163264065980911,0.17145362496376038,0.6166657209396362,0.031882643699645996,0.6185102462768555,0.5913906097412109,-14.282032012939453,32000
595.6746826171875,392.4458312988281,392.4471435546875,392.44451904296875,-401.0118408203125,-392.36041259765625,-13.552921295166016,4.901490211486816,0.05937623232603073,-0.01923362910747528,0.6125463247299194,0.023231789469718933,0.5963526964187622,0.5885416269302368,-14.172470092773438,33000
11.770584106445312,397.27130126953125,397.4706726074219,397.07196044921875,-405.6673889160156,-397.1284484863281,-13.84418773651123,5.305243015289307,0.0571153461933136,-0.23071877658367157,0.6090216040611267,0.020563043653964996,0.5934672951698303,0.6081447005271912,-14.776788711547852,34000
9.435157775878906,402.79510498046875,402.8052978515625,402.7848815917969,-411.4739990234375,-402.7611389160156,-13.562088966369629,4.849234580993652,0.05954185128211975,0.15124094486236572,0.6033884882926941,0.019654056057333946,0.6103734970092773,0.5907686352729797,-14.137857437133789,35000
10.049421310424805,407.1361083984375,407.1504821777344,407.1217346191406,-415.5048828125,-407.1374816894531,-13.336567878723145,4.96919059753418,0.059717949479818344,0.18889927864074707,0.6015986800193787,0.017038732767105103,0.5822785496711731,0.589995801448822,-14.050384521484375,36000
11.09512710571289,412.36737060546875,412.3721008300781,412.36260986328125,-420.7635498046875,-412.35516357421875,-13.523439407348633,5.115052223205566,0.056465767323970795,-0.009664556942880154,0.5994662046432495,0.023865588009357452,0.561642050743103,0.5981186628341675,-14.453531265258789,37000
10.85100269317627,416.888916015625,416.89215087890625,416.8856506347656,-425.94195556640625,-416.93499755859375,-13.574345588684082,4.5673747062683105,0.05843358114361763,0.19544494152069092,0.5942697525024414,0.023276733234524727,0.6140358448028564,0.5959866046905518,-14.410415649414062,38000
13.772130012512207,421.857666015625,421.8628234863281,421.85247802734375,-430.56353759765625,-421.8975830078125,-13.445103645324707,4.779152870178223,0.05598640814423561,0.2808704972267151,0.5933820605278015,0.021557476371526718,0.5984535217285156,0.5864361524581909,-14.041656494140625,39000
9.1896333694458,426.36029052734375,426.3605651855469,426.36004638671875,-434.9244689941406,-426.4110412597656,-13.433773040771484,4.92034912109375,0.05652943626046181,0.04670398682355881,0.5907284021377563,0.016536273062229156,0.5834444165229797,0.5956205725669861,-14.20605754852295,40000
8.108489990234375,430.984619140625,430.9846496582031,430.9845886230469,-439.94244384765625,-431.0123596191406,-13.464860916137695,4.534800052642822,0.05889907851815224,-0.03256016969680786,0.5836611986160278,0.01452857255935669,0.613760232925415,0.5999022722244263,-14.307018280029297,41000
11.668885231018066,435.1548156738281,435.1551208496094,435.1545104980469,-444.1526184082031,-435.1884765625,-14.338254928588867,5.374114036560059,0.05229209363460541,-0.26636815071105957,0.5812082290649414,0.018677059561014175,0.6109941601753235,0.6219692230224609,-15.238897323608398,42000
11.01928424835205,439.5108642578125,439.510986328125,439.5107727050781,-448.5695495605469,-439.5408020019531,-14.148336410522461,5.119604110717773,0.054798610508441925,-0.06572422385215759,0.5809327363967896,0.01847122237086296,0.6451014280319214,0.6072957515716553,-14.708568572998047,43000
10.954109191894531,444.0291748046875,444.029296875,444.0290222167969,-453.0085754394531,-444.0476379394531,-14.161476135253906,5.200531005859375,0.054635632783174515,-0.319880872964859,0.5773652195930481,0.0222561564296484,0.6114833950996399,0.6161576509475708,-15.160327911376953,44000
10.643905639648438,448.11053466796875,448.11199951171875,448.1091003417969,-456.8883056640625,-448.1098937988281,-13.894462585449219,5.116071701049805,0.0569135881960392,-0.3886888921260834,0.5754072666168213,0.020654506981372833,0.6018898487091064,0.6101557612419128,-14.884749412536621,45000
10.726707458496094,452.13348388671875,452.1348876953125,452.1320495605469,-461.09600830078125,-452.1312255859375,-14.284199714660645,5.319418430328369,0.05691954866051674,-0.5371772050857544,0.5685792565345764,0.024026699364185333,0.6163150072097778,0.6194866299629211,-15.34438705444336,46000
9.974021911621094,455.81048583984375,455.8105163574219,455.8104248046875,-464.63946533203125,-455.7622375488281,-13.825372695922852,4.9481658935546875,0.05880974605679512,-0.07443767786026001,0.5663666129112244,0.017613807693123817,0.604586124420166,0.607921302318573,-14.701623916625977,47000
11.441320419311523,460.0982666015625,460.09881591796875,460.09771728515625,-469.0265808105469,-460.04705810546875,-14.056907653808594,5.077389717102051,0.056623928248882294,-0.4211282432079315,0.5637595653533936,0.01988084614276886,0.5865498781204224,0.625299334526062,-15.386295318603516,48000
10.156686782836914,464.174072265625,464.1742858886719,464.1738586425781,-473.2295837402344,-464.15924072265625,-13.872020721435547,4.801651954650879,0.05710601061582565,-0.08807598799467087,0.5560128688812256,0.016465265303850174,0.6095080375671387,0.6108436584472656,-14.770362854003906,49000
10.954553604125977,467.33526611328125,467.3377380371094,467.3327941894531,-476.49603271484375,-467.299072265625,-14.130682945251465,4.9337263107299805,0.05559973791241646,-0.24078181385993958,0.5564485788345337,0.01970444619655609,0.6250581741333008,0.6158119440078735,-15.076109886169434,50000
11.55872917175293,471.6995849609375,471.7000427246094,471.6990966796875,-480.7452697753906,-471.6780090332031,-13.946802139282227,4.879532337188721,0.056464944034814835,0.26512017846107483,0.552460253238678,0.022092044353485107,0.64605712890625,0.5987634062767029,-14.465434074401855,51000
876.3499755859375,475.71697998046875,475.7173767089844,475.716552734375,-484.5531005859375,-475.6907653808594,-13.688106536865234,4.825780391693115,0.0567258782684803,-0.3055824339389801,0.5506449937820435,0.02014828473329544,0.5783304572105408,0.6106775403022766,-14.916285514831543,52000
9.442009925842285,479.3814697265625,479.3817138671875,479.3812255859375,-488.3265686035156,-479.42431640625,-13.231472969055176,4.329214096069336,0.05752185359597206,0.2722729742527008,0.5468692779541016,0.020769070833921432,0.5780576467514038,0.585510790348053,-14.028202056884766,53000
10.122024536132812,483.0606384277344,483.06072998046875,483.060546875,-492.0962829589844,-483.10980224609375,-13.29940414428711,4.312939643859863,0.06096760556101799,0.1514795869588852,0.545764684677124,0.02078668586909771,0.5707403421401978,0.5944169759750366,-14.328298568725586,54000
10.67699909210205,486.30743408203125,486.3077697753906,486.30712890625,-495.2311096191406,-486.3417053222656,-13.60136890411377,4.711968898773193,0.05411107465624809,-0.1940319836139679,0.5400998592376709,0.020001454278826714,0.5828710794448853,0.6124141216278076,-14.953341484069824,55000
8.794591903686523,489.73785400390625,489.73828125,489.7374572753906,-498.73455810546875,-489.7499084472656,-13.334016799926758,4.349353790283203,0.058237578719854355,0.03322112187743187,0.5359947085380554,0.019587572664022446,0.5846668481826782,0.5920758843421936,-14.242314338684082,56000
10.94894027709961,493.27276611328125,493.27313232421875,493.27239990234375,-502.5817565917969,-493.3431701660156,-13.646409034729004,4.40784215927124,0.058077938854694366,0.1171683594584465,0.5346469283103943,0.023846335709095,0.602766752243042,0.6063644886016846,-14.750377655029297,57000
9.452924728393555,496.6197509765625,496.6197814941406,496.61968994140625,-505.77020263671875,-496.6357727050781,-13.584260940551758,4.449833869934082,0.059887178242206573,-0.05230577662587166,0.5311194658279419,0.022611359134316444,0.5888658761978149,0.6051247119903564,-14.766617774963379,58000
10.351112365722656,499.2184143066406,499.2185974121094,499.2182312011719,-508.50994873046875,-499.2304382324219,-13.984357833862305,4.704822063446045,0.057534851133823395,-0.17826926708221436,0.529435396194458,0.026079021394252777,0.622655987739563,0.604826807975769,-14.906620025634766,59000
8.898767471313477,502.7978210449219,502.7981872558594,502.7974548339844,-512.39404296875,-502.77923583984375,-14.325401306152344,4.710580348968506,0.05487692356109619,-0.44942647218704224,0.5262234807014465,0.016994204372167587,0.6547346115112305,0.6206773519515991,-15.174437522888184,60000
8.755159378051758,506.396484375,506.3965148925781,506.39642333984375,-515.4915771484375,-506.39959716796875,-13.440579414367676,4.348556041717529,0.05378502979874611,0.11468905210494995,0.5197104811668396,0.021254928782582283,0.6014207005500793,0.5924456715583801,-14.282490730285645,61000
10.416828155517578,509.5509948730469,509.5516052246094,509.5503845214844,-518.4805297851562,-509.5240173339844,-13.136900901794434,4.180340766906738,0.06079234927892685,0.3457786440849304,0.5193628072738647,0.024860527366399765,0.5864947438240051,0.5849828720092773,-14.044313430786133,62000
11.192262649536133,512.8041381835938,512.8043823242188,512.8038940429688,-521.97900390625,-512.771484375,-13.378880500793457,4.1714067459106445,0.0606001541018486,0.015601018443703651,0.5165995359420776,0.02182784304022789,0.5906356573104858,0.5967058539390564,-14.366869926452637,63000
10.13907241821289,515.4295654296875,515.4304809570312,515.4286499023438,-524.6015014648438,-515.5101928710938,-13.474985122680664,4.383663177490234,0.05559802055358887,-0.010608996264636517,0.5166168808937073,0.02075986936688423,0.5905145406723022,0.6011052131652832,-14.579540252685547,64000
9.813373565673828,518.9615478515625,518.9620361328125,518.9611206054688,-527.988037109375,-518.978515625,-13.244538307189941,4.235033988952637,0.05600474029779434,0.21970099210739136,0.5128492712974548,0.018253538757562637,0.5787352323532104,0.595890998840332,-14.33718490600586,65000
10.365625381469727,522.0166015625,522.0167846679688,522.016357421875,-531.3902587890625,-522.0588989257812,-13.735661506652832,4.40427827835083,0.056809186935424805,-0.36596694588661194,0.5092031955718994,0.01862027868628502,0.5995562672615051,0.6167052388191223,-15.101434707641602,66000
8.863773345947266,524.6259765625,524.6264038085938,524.6256103515625,-534.0223999023438,-524.6900634765625,-13.493124961853027,4.160778999328613,0.056209661066532135,0.04604062810540199,0.506649911403656,0.01964881457388401,0.6138069033622742,0.6001492142677307,-14.49710750579834,67000
8.73521900177002,527.8526611328125,527.8531494140625,527.8522338867188,-537.1641235351562,-527.8550415039062,-13.609268188476562,4.3001885414123535,0.05606473982334137,-0.13055004179477692,0.5032481551170349,0.023538067936897278,0.5946171283721924,0.6102480888366699,-14.931442260742188,68000
10.077301979064941,530.2189331054688,530.2200927734375,530.2177734375,-539.34375,-530.1929931640625,-13.517110824584961,4.366313934326172,0.05830922722816467,-0.20173366367816925,0.5027714967727661,0.02418609708547592,0.5671676993370056,0.6148315668106079,-15.108211517333984,69000
1095.8341064453125,533.4635009765625,533.4640502929688,533.4629516601562,-542.9277954101562,-533.4327392578125,-13.866284370422363,4.371237277984619,0.05749310553073883,0.021692916750907898,0.5003405213356018,0.02193620428442955,0.6198207139968872,0.60233074426651,-14.665444374084473,70000
8.230201721191406,536.2242431640625,536.2246704101562,536.2238159179688,-545.316650390625,-536.2263793945312,-13.234977722167969,4.144741535186768,0.05755731835961342,0.44898080825805664,0.49506816267967224,0.02078499272465706,0.5886537432670593,0.5903853178024292,-14.174880981445312,71000
11.084800720214844,538.7740478515625,538.7741088867188,538.7739868164062,-547.6674194335938,-538.7913818359375,-12.955467224121094,4.079399585723877,0.0597178153693676,-0.032385557889938354,0.49636098742485046,0.024197369813919067,0.559375524520874,0.6014613509178162,-14.623558044433594,72000
9.07241439819336,541.7739868164062,541.7739868164062,541.7739868164062,-550.982666015625,-541.76123046875,-13.583046913146973,4.361605644226074,0.05538245663046837,-0.41982999444007874,0.49000412225723267,0.02046049013733864,0.5764310359954834,0.6203953623771667,-15.210769653320312,73000
8.88253116607666,544.5386962890625,544.5386962890625,544.5386352539062,-554.0668334960938,-544.52587890625,-13.607098579406738,4.066159725189209,0.057212863117456436,0.1794222742319107,0.4896937310695648,0.01692366972565651,0.6097825765609741,0.6043611764907837,-14.606409072875977,74000
10.245964050292969,547.3800048828125,547.3800048828125,547.3799438476562,-557.118896484375,-547.4190063476562,-13.676887512207031,3.976978302001953,0.05849175900220871,0.12876442074775696,0.4877696931362152,0.022924624383449554,0.6253807544708252,0.6011565923690796,-14.690875053405762,75000
11.459705352783203,549.5377197265625,549.5377197265625,549.5377197265625,-558.9115600585938,-549.5382690429688,-13.405597686767578,4.032315731048584,0.05579892173409462,-0.001260654185898602,0.48440316319465637,0.022539786994457245,0.5940507650375366,0.5974129438400269,-14.542001724243164,76000
7.984217643737793,552.201171875,552.205078125,552.1972045898438,-561.5377807617188,-552.275390625,-13.578271865844727,4.31584358215332,0.05342694744467735,-0.15698941051959991,0.4799496829509735,0.01806284859776497,0.582607626914978,0.6203327775001526,-15.164764404296875,77000
9.245121002197266,554.7869262695312,554.7874755859375,554.786376953125,-564.4608154296875,-554.8431396484375,-13.71673583984375,4.099062442779541,0.054398488253355026,0.00503565976396203,0.47641482949256897,0.020152734592556953,0.6222933530807495,0.6084721088409424,-14.871129035949707,78000
8.435239791870117,557.364013671875,557.3640747070312,557.3638916015625,-566.6768188476562,-557.4026489257812,-12.926963806152344,3.6527421474456787,0.058756787329912186,0.38716453313827515,0.4771999418735504,0.019873715937137604,0.6051859855651855,0.5789943933486938,-13.772783279418945,79000
9.383294105529785,559.4807739257812,559.4810791015625,559.48046875,-568.6852416992188,-559.4447631835938,-12.934318542480469,3.693844795227051,0.057910628616809845,0.2157001942396164,0.47576823830604553,0.02193930372595787,0.5732757449150085,0.5887492895126343,-14.193731307983398,80000
9.615046501159668,562.05322265625,562.0696411132812,562.0368041992188,-571.5740966796875,-562.0196533203125,-13.828132629394531,4.273703575134277,0.05313709378242493,-0.2763662338256836,0.47177380323410034,0.021818334236741066,0.6114087700843811,0.6173381209373474,-15.167319297790527,81000
9.735391616821289,564.9827880859375,564.9830932617188,564.982421875,-574.2908325195312,-564.982421875,-13.63035774230957,4.321939468383789,0.0540146678686142,-0.43746626377105713,0.4679344892501831,0.022236734628677368,0.5801289677619934,0.6256147623062134,-15.430948257446289,82000
10.173033714294434,566.9735107421875,566.9737548828125,566.9732055664062,-576.7578735351562,-567.033447265625,-12.981228828430176,3.2567520141601562,0.06253284960985184,0.5211651921272278,0.4643949866294861,0.02156977355480194,0.620171308517456,0.5766282081604004,-13.749303817749023,83000
9.701868057250977,569.4501953125,569.4501953125,569.4501342773438,-579.2256469726562,-569.475341796875,-13.53594970703125,3.785637140274048,0.058138519525527954,0.1312311887741089,0.4645577073097229,0.017238957807421684,0.6146625280380249,0.6082841157913208,-14.73137378692627,84000
9.321832656860352,572.2767333984375,572.27685546875,572.276611328125,-581.6842651367188,-572.3147583007812,-13.12329387664795,3.7537689208984375,0.05645783618092537,0.0327523835003376,0.46213990449905396,0.025112804025411606,0.6051489114761353,0.588101327419281,-14.223335266113281,85000
10.202350616455078,574.528076171875,574.5281372070312,574.528076171875,-583.9110107421875,-574.5215454101562,-13.374784469604492,3.985309600830078,0.05650366097688675,0.0004993347101844847,0.4587029218673706,0.020474091172218323,0.6038086414337158,0.6005298495292664,-14.563703536987305,86000
8.923791885375977,576.3305053710938,576.3305053710938,576.3305053710938,-586.1764526367188,-576.3697509765625,-14.015340805053711,4.208608150482178,0.05139244347810745,-0.14435206353664398,0.4559759497642517,0.019747935235500336,0.626239001750946,0.6247413158416748,-15.436087608337402,87000
9.861503601074219,578.6563720703125,578.6564331054688,578.6563720703125,-588.1044921875,-578.6138916015625,-13.721923828125,4.231314659118652,0.050377991050481796,-0.26695916056632996,0.4519455134868622,0.023425400257110596,0.5941806435585022,0.6198563575744629,-15.361948013305664,88000
8.849347114562988,581.0218505859375,581.0218505859375,581.0217895507812,-590.8530883789062,-580.9810791015625,-13.604853630065918,3.7328686714172363,0.0569598414003849,0.13549481332302094,0.4525807201862335,0.020885808393359184,0.6201891899108887,0.6030336618423462,-14.745376586914062,89000
10.219856262207031,583.04931640625,583.04931640625,583.04931640625,-592.4560546875,-583.0773315429688,-13.228791236877441,3.8500914573669434,0.056943319737911224,-0.03380757197737694,0.45285871624946594,0.024885378777980804,0.5840624570846558,0.6025634407997131,-14.76202392578125,90000
9.830934524536133,585.1685791015625,585.1694946289062,585.1676635742188,-594.3763427734375,-585.156494140625,-12.804195404052734,3.5843749046325684,0.060353320091962814,0.2513991892337799,0.4495016634464264,0.026806851848959923,0.5721325278282166,0.5738073587417603,-13.920379638671875,91000
9.309853553771973,587.9932250976562,587.9938354492188,587.9926147460938,-597.3681640625,-588.0392456054688,-13.283032417297363,3.954125165939331,0.0541464164853096,-0.2585904598236084,0.44042813777923584,0.02247871831059456,0.5730488300323486,0.6111410856246948,-14.99093246459961,92000
8.742354393005371,590.408447265625,590.4085693359375,590.4083251953125,-600.0524291992188,-590.3917236328125,-13.009016036987305,3.348310947418213,0.06005458906292915,0.30254048109054565,0.44325515627861023,0.01875440403819084,0.6000425815582275,0.5874489545822144,-14.062871932983398,93000
8.16657829284668,592.83837890625,592.8384399414062,592.83837890625,-602.5294799804688,-592.83642578125,-13.574689865112305,3.8816559314727783,0.05710741505026817,-0.20064081251621246,0.4392929971218109,0.018157485872507095,0.6096641421318054,0.6107375621795654,-14.914299964904785,94000
8.912389755249023,594.8382568359375,594.8382568359375,594.8381958007812,-604.2326049804688,-594.8355102539062,-12.425650596618652,3.028561592102051,0.06243389472365379,0.6102619171142578,0.43150386214256287,0.020404772832989693,0.5718019604682922,0.5652289390563965,-13.353175163269043,95000
9.458500862121582,596.6885986328125,596.6886596679688,596.6885986328125,-606.0436401367188,-596.693115234375,-12.943082809448242,3.5925228595733643,0.05910381302237511,0.11491844058036804,0.436050146818161,0.020439762622117996,0.5704054832458496,0.6000468134880066,-14.61094856262207,96000
8.78415298461914,599.6675415039062,599.6676025390625,599.66748046875,-609.2860717773438,-599.6556396484375,-13.425073623657227,3.7946341037750244,0.05615227296948433,0.004550870042294264,0.4332338869571686,0.024796660989522934,0.6120690107345581,0.5974951982498169,-14.624899864196777,97000
9.731983184814453,601.3668212890625,601.3692016601562,601.3643798828125,-611.2684326171875,-601.3699951171875,-13.74036979675293,3.8419406414031982,0.056140270084142685,-0.043874673545360565,0.43300938606262207,0.02250552549958229,0.6294708251953125,0.604010283946991,-14.835514068603516,98000
7.720264911651611,603.4346923828125,603.4361572265625,603.4331665039062,-613.5467529296875,-603.4619140625,-13.64608383178711,3.5612268447875977,0.05532354488968849,0.12342692166566849,0.43007755279541016,0.026128772646188736,0.6461732387542725,0.5952609181404114,-14.515524864196777,99000
7.866286277770996,604.8346557617188,604.834716796875,604.8345947265625,-614.239990234375,-604.8040771484375,-12.733863830566406,3.2979846000671387,0.05875704064965248,0.1884407103061676,0.42509064078330994,0.020164962857961655,0.5704091191291809,0.5918347835540771,-14.307474136352539,100000
8.751869201660156,607.2032470703125,607.2034301757812,607.203125,-616.4910888671875,-607.1297607421875,-13.22166919708252,3.8603789806365967,0.056315138936042786,-0.30502769351005554,0.42675718665122986,0.026719283312559128,0.5562174320220947,0.6258533000946045,-15.569806098937988,101000
7.626794815063477,609.1158447265625,609.1159057617188,609.11572265625,-618.8522338867188,-609.155029296875,-13.32820987701416,3.6309926509857178,0.055375441908836365,0.043497875332832336,0.42490097880363464,0.016595350578427315,0.6017107963562012,0.6106814742088318,-14.793478012084961,102000
7.219170570373535,610.8670654296875,610.8670654296875,610.8670043945312,-621.0402221679688,-610.8721313476562,-13.721855163574219,3.5537643432617188,0.057794470340013504,0.07743421941995621,0.4225863814353943,0.022936664521694183,0.641464114189148,0.604336142539978,-14.732048034667969,103000
8.111663818359375,613.0565185546875,613.0565795898438,613.0565185546875,-622.7705078125,-613.05859375,-13.324716567993164,3.6127943992614746,0.05894440785050392,0.14946892857551575,0.4216395616531372,0.02219579741358757,0.6084648370742798,0.593946099281311,-14.457693099975586,104000
7.0559844970703125,615.163818359375,615.163818359375,615.163818359375,-624.8099365234375,-615.18212890625,-13.2562894821167,3.6284677982330322,0.05587926506996155,-0.07087301462888718,0.4169936180114746,0.017561763525009155,0.591036856174469,0.6085093021392822,-14.782697677612305,105000
8.488751411437988,617.1734619140625,617.1735229492188,617.1734619140625,-626.7467041015625,-617.1987915039062,-12.822961807250977,3.275028705596924,0.059334445744752884,0.04167870059609413,0.4165649712085724,0.02669287845492363,0.5777202248573303,0.5923604965209961,-14.359247207641602,106000
8.547134399414062,619.3154296875,619.3154296875,619.3153686523438,-628.6439819335938,-619.3106079101562,-12.845778465270996,3.512383222579956,0.05720490962266922,0.11615980416536331,0.4158184826374054,0.021206088364124298,0.5643907785415649,0.598536491394043,-14.544242858886719,107000
1503.3709716796875,620.6207275390625,620.6207275390625,620.6206665039062,-629.928955078125,-620.5784301757812,-12.8342866897583,3.48374605178833,0.057517603039741516,0.20381022989749908,0.4133429229259491,0.029716087505221367,0.5733777284622192,0.592420220375061,-14.449101448059082,108000
7.9989495277404785,622.8594970703125,622.8604736328125,622.8585815429688,-632.3978881835938,-622.8756103515625,-12.911029815673828,3.3887603282928467,0.05775346979498863,0.16653794050216675,0.4122094213962555,0.019716832786798477,0.5868281126022339,0.5904344320297241,-14.315792083740234,109000
8.436105728149414,624.5016479492188,624.5033569335938,624.4999389648438,-634.28173828125,-624.5362548828125,-13.376779556274414,3.631277561187744,0.05500823259353638,-0.07853662222623825,0.4096299111843109,0.022832859307527542,0.6011987328529358,0.6072872877120972,-14.946094512939453,110000
8.020309448242188,626.37109375,626.3717041015625,626.3704833984375,-636.158203125,-626.3355712890625,-13.343153953552246,3.520535945892334,0.05708746612071991,-0.026145949959754944,0.4022797644138336,0.02096748724579811,0.6026929020881653,0.6081196665763855,-14.887784957885742,111000
7.153352737426758,628.53466796875,628.5347290039062,628.5346069335938,-638.854248046875,-628.5433959960938,-13.916548728942871,3.6057329177856445,0.05686778947710991,-0.3702287971973419,0.4049929082393646,0.02372203767299652,0.6239315271377563,0.6292444467544556,-15.736956596374512,112000
6.233335018157959,630.2298583984375,630.230224609375,630.2295532226562,-639.9851684570312,-630.2532958984375,-13.08679485321045,3.3548965454101562,0.05863814428448677,-0.06183462217450142,0.40487420558929443,0.022352008149027824,0.5827959775924683,0.6113752126693726,-14.941580772399902,113000
10.04365348815918,631.3970947265625,631.397216796875,631.39697265625,-641.2103271484375,-631.4434814453125,-13.327884674072266,3.5610389709472656,0.0558868944644928,-0.23631206154823303,0.4019547700881958,0.022917751222848892,0.5880163908004761,0.6155608892440796,-15.213762283325195,114000
8.66262435913086,633.073974609375,633.0741577148438,633.07373046875,-643.0928344726562,-633.096923828125,-13.181633949279785,3.185730457305908,0.05486299470067024,0.25212544202804565,0.40094026923179626,0.021046441048383713,0.6150902509689331,0.5911638736724854,-14.316662788391113,115000
6.636998653411865,635.1139526367188,635.1153564453125,635.112548828125,-644.7114868164062,-635.1388549804688,-13.088682174682617,3.5160346031188965,0.05378079414367676,0.0020183396991342306,0.3987402617931366,0.02226543240249157,0.5747157335281372,0.608730673789978,-14.92121696472168,116000
7.121499061584473,636.6072998046875,636.607666015625,636.6068725585938,-646.38330078125,-636.5896606445312,-13.151494026184082,3.357825517654419,0.0545973926782608,0.14914429187774658,0.3963984251022339,0.020628049969673157,0.5967892408370972,0.601377546787262,-14.666851043701172,117000
8.409577369689941,637.9923095703125,637.9935913085938,637.9910888671875,-648.0909423828125,-638.0072021484375,-13.395865440368652,3.312122344970703,0.059172939509153366,0.17097225785255432,0.39659640192985535,0.023337876424193382,0.6303813457489014,0.5936874747276306,-14.392443656921387,118000
7.584842681884766,639.4544677734375,639.45458984375,639.454345703125,-649.2348022460938,-639.4849243164062,-12.991666793823242,3.2417750358581543,0.05517306923866272,0.2070797085762024,0.39530709385871887,0.02417893335223198,0.6077414155006409,0.5821790099143982,-14.107475280761719,119000
7.745080947875977,641.1176147460938,641.1179809570312,641.1172485351562,-650.7869262695312,-641.1640625,-12.953168869018555,3.330315351486206,0.05795654281973839,0.0718727558851242,0.39406195282936096,0.022412415593862534,0.5791333913803101,0.600928783416748,-14.699369430541992,120000
7.651346206665039,643.1817626953125,643.181884765625,643.1817016601562,-652.8734130859375,-643.1882934570312,-13.019891738891602,3.3347561359405518,0.05776634439826012,-0.07441017776727676,0.38708311319351196,0.0227971114218235,0.5697378516197205,0.6131564378738403,-15.062640190124512,121000
6.434430122375488,644.8826293945312,644.8826293945312,644.8826293945312,-654.630126953125,-644.9439086914062,-12.532557487487793,2.846341133117676,0.05842464044690132,0.32942864298820496,0.3836030960083008,0.01708456315100193,0.5832738876342773,0.5828596353530884,-13.819128036499023,122000
7.984002113342285,646.4312744140625,646.4312744140625,646.4312133789062,-655.9561767578125,-646.3915405273438,-12.755319595336914,3.19067120552063,0.0583948977291584,0.16131754219532013,0.38851800560951233,0.0187291968613863,0.578555166721344,0.5938830971717834,-14.31520938873291,123000
1622.546142578125,648.400390625,648.4014892578125,648.3992309570312,-658.191650390625,-648.3756103515625,-13.040632247924805,3.2246387004852295,0.05397922918200493,0.08280027657747269,0.3863595724105835,0.022189468145370483,0.5968313217163086,0.5965327024459839,-14.48709487915039,124000
8.732450485229492,649.56201171875,649.5623779296875,649.5616455078125,-659.6245727539062,-649.5101928710938,-13.497265815734863,3.3828654289245605,0.055757369846105576,-0.016894865781068802,0.38520288467407227,0.023074213415384293,0.612754225730896,0.6119114756584167,-15.084220886230469,125000
6.679619789123535,651.2617797851562,651.2620239257812,651.2615356445312,-661.1847534179688,-651.2384033203125,-13.119216918945312,3.172830581665039,0.05823979154229164,-0.03616859018802643,0.3806903660297394,0.01726023480296135,0.5969908833503723,0.6089289784431458,-14.8098783493042,126000
7.569842338562012,653.0655517578125,653.0656127929688,653.0655517578125,-663.0366821289062,-653.08447265625,-13.456628799438477,3.504396438598633,0.05294613912701607,-0.19659103453159332,0.3784542977809906,0.02212505415081978,0.6059123873710632,0.6171193718910217,-15.280248641967773,127000
7.793178558349609,655.0237426757812,655.0237426757812,655.0237426757812,-665.1943359375,-655.0369262695312,-13.613232612609863,3.455826997756958,0.05241492763161659,-0.2247626930475235,0.3773404061794281,0.021984726190567017,0.6094719171524048,0.6217342615127563,-15.456108093261719,128000
8.470315933227539,655.93017578125,655.93017578125,655.93017578125,-665.9346923828125,-655.9466552734375,-13.424976348876953,3.43693208694458,0.055834874510765076,-0.08921557664871216,0.37616780400276184,0.028993507847189903,0.6057636737823486,0.6081795692443848,-15.223339080810547,129000
7.640315055847168,657.6104736328125,657.6104736328125,657.6104125976562,-667.9047241210938,-657.6381225585938,-13.153446197509766,2.886871099472046,0.06145618110895157,0.4288216829299927,0.37488386034965515,0.02377745881676674,0.6357176303863525,0.5704336762428284,-13.614571571350098,130000
7.229785919189453,659.5116577148438,659.51171875,659.5115966796875,-669.653564453125,-659.5625,-13.194544792175293,3.1034600734710693,0.05538447946310043,0.11197859793901443,0.37560272216796875,0.023046303540468216,0.617341935634613,0.5939865112304688,-14.509827613830566,131000
7.755186080932617,660.7601318359375,660.7601318359375,660.7601318359375,-670.7722778320312,-660.7220458984375,-13.071600914001465,3.021373748779297,0.058353543281555176,0.07946053892374039,0.37508296966552734,0.023976314812898636,0.6003360748291016,0.5946601629257202,-14.526010513305664,132000
6.913529872894287,662.3951416015625,662.3952026367188,662.3951416015625,-672.3851318359375,-662.4423828125,-13.007522583007812,3.0647644996643066,0.0549154207110405,0.07934228330850601,0.36856746673583984,0.021197481080889702,0.5973190665245056,0.596762478351593,-14.595270156860352,133000
7.711146831512451,663.13623046875,663.1377563476562,663.1346435546875,-673.0687866210938,-663.1661987304688,-12.741926193237305,2.8393797874450684,0.060212697833776474,0.30697929859161377,0.37041807174682617,0.024275030940771103,0.5893847346305847,0.5772926807403564,-13.855826377868652,134000
7.454316139221191,665.047119140625,665.04736328125,665.0468139648438,-674.8621826171875,-665.0403442382812,-12.995485305786133,3.173633098602295,0.055511996150016785,-0.09261070936918259,0.36835527420043945,0.02591564506292343,0.5735543370246887,0.6075047254562378,-15.019721984863281,135000
6.3734822273254395,666.0111083984375,666.01123046875,666.0110473632812,-676.14990234375,-666.043701171875,-13.214696884155273,3.108499050140381,0.05470062792301178,0.21330128610134125,0.3681793808937073,0.020504701882600784,0.6078442335128784,0.5991708040237427,-14.507049560546875,136000
6.597653865814209,667.9725341796875,667.9725952148438,667.9725341796875,-678.0507202148438,-667.9804077148438,-13.402185440063477,3.331853151321411,0.053037215024232864,-0.1867496520280838,0.36400946974754333,0.02049705758690834,0.5974647402763367,0.6238829493522644,-15.476628303527832,137000
8.146095275878906,669.3270263671875,669.3270263671875,669.3269653320312,-679.1967163085938,-669.3402709960938,-13.082064628601074,3.225640058517456,0.05569983273744583,-0.16629944741725922,0.36506497859954834,0.02293180115520954,0.5812897682189941,0.614364504814148,-15.183558464050293,138000
6.30539608001709,670.582275390625,670.5875854492188,670.576904296875,-680.4054565429688,-670.560546875,-13.237253189086914,3.392340660095215,0.053870439529418945,-0.36460360884666443,0.361459344625473,0.024680152535438538,0.580548107624054,0.6236283779144287,-15.537881851196289,139000
7.150012016296387,671.66748046875,671.6679077148438,671.6670532226562,-681.8643798828125,-671.6676635742188,-13.593608856201172,3.3969197273254395,0.05480698123574257,-0.1496892273426056,0.36169975996017456,0.027908336371183395,0.6246187686920166,0.6105695962905884,-15.217611312866211,140000
7.870881080627441,673.08154296875,673.08203125,673.0810546875,-683.2905883789062,-673.1096801757812,-13.203596115112305,3.0226829051971436,0.0556267574429512,0.07976150512695312,0.35954588651657104,0.01916380226612091,0.6151461005210876,0.5994995832443237,-14.579568862915039,141000
1758.6832275390625,674.781982421875,674.7821044921875,674.7818603515625,-685.056884765625,-674.7549438476562,-13.482778549194336,3.18084979057312,0.05423206463456154,-0.058043647557497025,0.3585134446620941,0.02647964283823967,0.6225121021270752,0.6077846884727478,-15.071283340454102,142000
6.880002975463867,675.8045043945312,675.8046264648438,675.8043823242188,-685.9458618164062,-675.784912109375,-13.135921478271484,2.9749536514282227,0.05719779431819916,0.20154596865177155,0.35875165462493896,0.02163323014974594,0.6109057068824768,0.5928793549537659,-14.392632484436035,143000
6.7817487716674805,677.578125,677.5781860351562,677.578125,-687.3583984375,-677.568359375,-12.778192520141602,2.9881393909454346,0.05362958088517189,-0.09912829101085663,0.35490840673446655,0.02104298770427704,0.5666975975036621,0.6126010417938232,-14.961685180664062,144000
6.6731061935424805,678.8944091796875,678.8944091796875,678.8943481445312,-688.4930419921875,-678.9228515625,-12.330164909362793,2.759943723678589,0.05952182784676552,0.227377250790596,0.3550190031528473,0.02395385131239891,0.5642063021659851,0.5815137624740601,-14.004918098449707,145000
7.730556011199951,680.39111328125,680.39111328125,680.3910522460938,-690.4137573242188,-680.3888549804688,-13.006175994873047,2.9812557697296143,0.057202380150556564,0.06687438488006592,0.35211968421936035,0.021366305649280548,0.5977004766464233,0.6004000902175903,-14.684343338012695,146000
3569.16943359375,681.2036743164062,681.2036743164062,681.2036743164062,-691.7970581054688,-681.1680908203125,-13.437984466552734,2.8090384006500244,0.0598306804895401,0.19425185024738312,0.35339459776878357,0.02605457603931427,0.647110104560852,0.5870344638824463,-14.196220397949219,147000
7.923110485076904,682.35009765625,682.35009765625,682.3500366210938,-692.97705078125,-682.3626708984375,-13.6561279296875,3.0417752265930176,0.05587369576096535,-0.04781162738800049,0.35194122791290283,0.026965344324707985,0.638084352016449,0.6068711280822754,-15.00079345703125,148000
7.636264801025391,683.4469604492188,683.4469604492188,683.4469604492188,-693.6934814453125,-683.5100708007812,-13.006048202514648,2.8226191997528076,0.06058190017938614,0.30444589257240295,0.3474119305610657,0.02317715808749199,0.617438018321991,0.5848318338394165,-14.071084976196289,149000
7.3375444412231445,685.0584716796875,685.0584716796875,685.0584716796875,-694.9563598632812,-685.0643920898438,-12.638176918029785,2.746216058731079,0.05665161460638046,0.294468492269516,0.34675708413124084,0.01883738860487938,0.5888481736183167,0.5786203742027283,-13.789627075195312,150000
8.067934036254883,686.0145263671875,686.01611328125,686.0130004882812,-696.2149047851562,-686.0219116210938,-13.271512985229492,3.078511953353882,0.05552525073289871,-0.185045063495636,0.3428703546524048,0.019283607602119446,0.5984864234924316,0.6226319074630737,-15.35693073272705,151000
8.371038436889648,687.6051025390625,687.6062622070312,687.60400390625,-697.6122436523438,-687.5796508789062,-12.833544731140137,2.8009870052337646,0.05681672692298889,0.04832403361797333,0.3458743095397949,0.02161804772913456,0.588101863861084,0.5969677567481995,-14.587078094482422,152000
7.064528942108154,689.1419067382812,689.143798828125,689.1400146484375,-699.6779174804688,-689.1442260742188,-13.131454467773438,2.5977766513824463,0.05946427211165428,0.40629300475120544,0.3446591794490814,0.02723275125026703,0.6326659917831421,0.5756750106811523,-13.924361228942871,153000
6.242733955383301,690.6597290039062,690.6600952148438,690.6593627929688,-700.5418090820312,-690.6582641601562,-12.584540367126465,2.7010016441345215,0.05650368332862854,0.29722702503204346,0.34144678711891174,0.022195596247911453,0.5850980281829834,0.5883632898330688,-14.233641624450684,154000
6.403191566467285,691.6005249023438,691.6011962890625,691.599853515625,-701.4027709960938,-691.610107421875,-12.577498435974121,2.784851551055908,0.057451069355010986,0.07983455061912537,0.3409907817840576,0.02320169284939766,0.573760986328125,0.5944764614105225,-14.361254692077637,155000
6.266207695007324,692.7282104492188,692.728271484375,692.7281494140625,-702.5234375,-692.7221069335938,-12.358753204345703,2.5574281215667725,0.06279972195625305,0.30084413290023804,0.3397215008735657,0.02043304592370987,0.5746579766273499,0.5708929300308228,-13.67844009399414,156000
7.081150054931641,694.1787109375,694.1787109375,694.1787109375,-704.1375732421875,-694.1396484375,-12.614166259765625,2.616229295730591,0.0620327964425087,0.1747959554195404,0.3387536406517029,0.02398010715842247,0.586571216583252,0.5841186046600342,-14.119309425354004,157000
6.169333457946777,695.5455932617188,695.5457763671875,695.54541015625,-705.5104370117188,-695.5686645507812,-12.748030662536621,2.806246757507324,0.0579843670129776,0.1917867660522461,0.33867838978767395,0.02359166368842125,0.5791552662849426,0.5974059104919434,-14.566583633422852,158000
5.705898284912109,696.4239501953125,696.5418090820312,696.3060913085938,-706.22119140625,-696.2081298828125,-12.630058288574219,2.6169888973236084,0.06123659387230873,0.11444871127605438,0.3341538608074188,0.022015035152435303,0.594332218170166,0.5860008001327515,-14.09680461883545,159000
5.239309787750244,697.583251953125,697.5850219726562,697.5814208984375,-707.8067626953125,-697.6105346679688,-13.12954330444336,2.933298110961914,0.0540928952395916,0.013032144866883755,0.33356255292892456,0.017705712467432022,0.6038013696670532,0.6131538152694702,-14.984323501586914,160000
7.415474891662598,698.2723388671875,698.2723999023438,698.2722778320312,-708.5908813476562,-698.2922973632812,-12.980554580688477,2.681931495666504,0.05735892057418823,0.2892692983150482,0.3285263776779175,0.022666992619633675,0.6113375425338745,0.5842326879501343,-14.084059715270996,161000
1886.3184814453125,699.583984375,699.5847778320312,699.583251953125,-710.027099609375,-699.57958984375,-13.18779182434082,2.740309476852417,0.0573410764336586,0.09688272327184677,0.332381010055542,0.02544480934739113,0.6219363212585449,0.5903431177139282,-14.384708404541016,162000
6.313614845275879,700.9539184570312,700.9937133789062,700.9141235351562,-711.020751953125,-700.9421997070312,-12.968400955200195,2.8898587226867676,0.05347719043493271,-0.14916978776454926,0.32778745889663696,0.021059561520814896,0.5902609825134277,0.6126339435577393,-15.089824676513672,163000
6.631718635559082,701.8690185546875,701.8694458007812,701.8685302734375,-711.6983642578125,-701.87939453125,-12.334161758422852,2.515178918838501,0.05935215950012207,0.3186497986316681,0.32955121994018555,0.01983259990811348,0.5680389404296875,0.5849006772041321,-14.036519050598145,164000
7.587368965148926,703.125,703.1265869140625,703.1234130859375,-713.36279296875,-703.1488647460938,-13.076092720031738,2.862159252166748,0.0551554299890995,-0.11011897772550583,0.32860979437828064,0.020762529224157333,0.5980145335197449,0.6146882772445679,-15.111496925354004,165000
7.001638412475586,703.9773559570312,703.9777221679688,703.9769897460938,-714.6174926757812,-703.9955444335938,-13.360776901245117,2.738821268081665,0.05957701802253723,0.11573111265897751,0.32660141587257385,0.02212904393672943,0.6329799890518188,0.5937155485153198,-14.407638549804688,166000
6.653192520141602,705.6627197265625,705.662841796875,705.6626586914062,-715.6919555664062,-705.6515502929688,-12.567071914672852,2.526658296585083,0.059758592396974564,0.20634201169013977,0.32687658071517944,0.022197384387254715,0.5896230340003967,0.5818430185317993,-13.925333023071289,167000
8.145029067993164,706.8204956054688,706.8226318359375,706.818359375,-717.17041015625,-706.8378295898438,-12.96485710144043,2.632234811782837,0.05893690511584282,0.1329844743013382,0.3240024149417877,0.021679775789380074,0.6035802364349365,0.5938605070114136,-14.447347640991211,168000
6.610550880432129,707.5975341796875,707.5979614257812,707.5970458984375,-718.3372192382812,-707.6116333007812,-13.549702644348145,2.82409930229187,0.05533371865749359,0.09439719468355179,0.3237076699733734,0.024126797914505005,0.6364421844482422,0.6027820110321045,-14.839672088623047,169000
6.7514166831970215,708.653564453125,708.6536254882812,708.653564453125,-718.8449096679688,-708.6665649414062,-12.757257461547852,2.578929901123047,0.06156720221042633,0.03538021445274353,0.32185906171798706,0.020829156041145325,0.59501051902771,0.5953776836395264,-14.430004119873047,170000
6.572220325469971,709.9765625,709.9827270507812,709.9703979492188,-720.3395385742188,-709.956298828125,-13.075801849365234,2.6925902366638184,0.05841187760233879,0.06349600851535797,0.3215602934360504,0.019925754517316818,0.6044837832450867,0.6013323068618774,-14.669734954833984,171000
5.714651584625244,710.6315307617188,710.6319580078125,710.631103515625,-721.0711059570312,-710.6696166992188,-13.221466064453125,2.8200290203094482,0.06034824997186661,-0.1804853081703186,0.3179764449596405,0.024155739694833755,0.6146506071090698,0.6055870056152344,-15.028704643249512,172000
6.098669528961182,712.0263671875,712.0263671875,712.0263061523438,-723.0306396484375,-712.0348510742188,-13.793611526489258,2.797828435897827,0.05745857581496239,-0.2372898906469345,0.3175510764122009,0.018079698085784912,0.654303789138794,0.6242031455039978,-15.36058235168457,173000
7.47945499420166,712.9807739257812,712.9818115234375,712.979736328125,-722.5791015625,-712.9995727539062,-12.223668098449707,2.644167423248291,0.05885062366724014,0.14541572332382202,0.31883326172828674,0.025510292500257492,0.5481022596359253,0.5957176685333252,-14.548391342163086,174000
6.507148742675781,713.5303955078125,713.530517578125,713.5302734375,-724.643798828125,-713.5761108398438,-13.609136581420898,2.5414652824401855,0.059699345380067825,0.18711334466934204,0.3190995156764984,0.024225838482379913,0.6601831912994385,0.5904313921928406,-14.223608016967773,175000
6.429651260375977,714.447509765625,714.4475708007812,714.4474487304688,-724.3228149414062,-714.4725341796875,-12.628610610961914,2.7783215045928955,0.05767926946282387,-0.11098024994134903,0.31771621108055115,0.020915847271680832,0.5624984502792358,0.619543731212616,-15.290800094604492,176000
6.865363597869873,715.6763916015625,715.6764526367188,715.67626953125,-726.0277709960938,-715.666748046875,-13.352922439575195,2.991899013519287,0.05705942213535309,-0.14843928813934326,0.3144690692424774,0.02116032876074314,0.606935977935791,0.6130108833312988,-15.250749588012695,177000
5.219121932983398,716.53173828125,716.5321044921875,716.5313720703125,-726.31494140625,-716.534912109375,-12.366355895996094,2.5862793922424316,0.06508971750736237,-0.04076331853866577,0.3119770884513855,0.018958888947963715,0.5622175931930542,0.6009098291397095,-14.632309913635254,178000
6.052988052368164,717.6638793945312,717.6639404296875,717.663818359375,-728.192138671875,-717.6260375976562,-13.138664245605469,2.5725581645965576,0.070503368973732,0.0211089625954628,0.305835485458374,0.020547784864902496,0.6294833421707153,0.5846618413925171,-14.095200538635254,179000
6.45455265045166,719.2994384765625,719.2994384765625,719.2994384765625,-728.6470336914062,-719.2955322265625,-12.213455200195312,2.8619213104248047,0.06033966317772865,-0.16278603672981262,0.31206732988357544,0.02224595472216606,0.531069815158844,0.6140034198760986,-15.10926342010498,180000
6.307255744934082,720.3148193359375,720.315673828125,720.3139038085938,-730.3133544921875,-720.3104858398438,-12.68898868560791,2.6860759258270264,0.06652504950761795,-0.06962132453918457,0.31128183007240295,0.013840647414326668,0.5789889097213745,0.6067687273025513,-14.671730041503906,181000
6.6201090812683105,721.02880859375,721.0288696289062,721.02880859375,-731.41064453125,-721.0502319335938,-12.729718208312988,2.3692946434020996,0.07784862816333771,0.08993692696094513,0.30754318833351135,0.01992443948984146,0.6121201515197754,0.5737735629081726,-13.812509536743164,182000
7.070096969604492,722.1566162109375,722.1574096679688,722.15576171875,-732.3544921875,-722.1636352539062,-12.560211181640625,2.3694021701812744,0.07405985891819,0.2175927758216858,0.30379539728164673,0.01911049336194992,0.6011537313461304,0.569596529006958,-13.689239501953125,183000
5.602513313293457,723.294921875,723.2951049804688,723.294677734375,-733.2837524414062,-723.31103515625,-12.54086685180664,2.568204879760742,0.07641402631998062,-0.035077501088380814,0.3039877116680145,0.02146339602768421,0.5868678689002991,0.5821932554244995,-14.142358779907227,184000
2027.3148193359375,725.1717529296875,725.1717529296875,725.1716918945312,-734.148193359375,-725.1304931640625,-11.408970832824707,2.391284465789795,0.07190191000699997,0.3298250734806061,0.30405545234680176,0.023918822407722473,0.5058956146240234,0.5608768463134766,-13.53181266784668,185000
6.100714683532715,726.2518920898438,726.2525634765625,726.251220703125,-736.1871337890625,-726.2630615234375,-12.403149604797363,2.479069948196411,0.07169795036315918,0.11596331000328064,0.30380645394325256,0.0204787477850914,0.571685791015625,0.5827494859695435,-14.145803451538086,186000
5.772899150848389,726.51611328125,726.5162963867188,726.5159301757812,-736.1624755859375,-726.5210571289062,-12.14116096496582,2.4997477531433105,0.06859739869832993,-0.06581530719995499,0.3010152280330658,0.014742111787199974,0.557016134262085,0.5939703583717346,-14.349985122680664,187000
6.138227462768555,727.8955078125,727.8956909179688,727.8953247070312,-737.4293212890625,-727.943115234375,-12.126869201660156,2.6406869888305664,0.0721902996301651,-0.10694973915815353,0.2996492087841034,0.017905130982398987,0.5416712164878845,0.5981326103210449,-14.586215019226074,188000
2075.465576171875,729.2144775390625,729.2261352539062,729.2027587890625,-738.5765991210938,-729.206787109375,-12.072279930114746,2.7024776935577393,0.06747908145189285,-0.0339205302298069,0.29916635155677795,0.017543822526931763,0.5550961494445801,0.582769513130188,-14.082414627075195,189000
5.373401641845703,729.6892700195312,729.690673828125,729.6878662109375,-739.743896484375,-729.6570434570312,-12.908039093017578,2.8211495876312256,0.07035443931818008,-0.1627332866191864,0.29967430233955383,0.013964714482426643,0.6059592366218567,0.5864310264587402,-14.197610855102539,190000
6.207802772521973,730.7173461914062,730.7178955078125,730.716796875,-741.428466796875,-730.6959228515625,-13.167181015014648,2.4346020221710205,0.07079977542161942,0.07599090784788132,0.30095842480659485,0.02731623500585556,0.6445354223251343,0.5671404600143433,-13.787195205688477,191000
5.406195163726807,731.647216796875,731.6472778320312,731.6471557617188,-741.56787109375,-731.669921875,-12.613883972167969,2.7159416675567627,0.07719140499830246,-0.14121489226818085,0.29320624470710754,0.01575513370335102,0.582353413105011,0.5752506256103516,-13.931365966796875,192000
6.051901817321777,732.7776489257812,732.7778930664062,732.7774047851562,-742.939697265625,-732.7855224609375,-12.774251937866211,2.620037794113159,0.07176125794649124,-0.1439446210861206,0.29972490668296814,0.016222145408391953,0.6027724146842957,0.584336519241333,-14.239164352416992,193000
7.8384857177734375,732.6091918945312,732.6134643554688,732.6049194335938,-742.1065063476562,-732.59814453125,-12.02927017211914,2.520932197570801,0.06749723106622696,-0.02627815119922161,0.3030305802822113,0.020905960351228714,0.542385458946228,0.5832724571228027,-14.339826583862305,194000
5.3174028396606445,734.18603515625,734.186767578125,734.1852416992188,-744.11181640625,-734.1952514648438,-12.300233840942383,2.3836452960968018,0.06715534627437592,0.0767371878027916,0.296450674533844,0.012676902115345001,0.5789823532104492,0.5790139436721802,-13.90907096862793,195000
6.434224605560303,735.2298583984375,735.2298583984375,735.2297973632812,-744.7820434570312,-735.2269897460938,-12.01086139678955,2.455793619155884,0.07880387455224991,0.0059220800176262856,0.29411545395851135,0.022598616778850555,0.5572261810302734,0.5647424459457397,-13.619721412658691,196000
2091.714599609375,736.3519287109375,736.3519897460938,736.3519287109375,-744.2462158203125,-736.3060913085938,-10.4393310546875,2.499232053756714,0.06853529810905457,0.015488787554204464,0.28892943263053894,0.03525958210229874,0.43718838691711426,0.5754591226577759,-13.966704368591309,197000
6.536172866821289,736.58349609375,736.5835571289062,736.5833740234375,-745.4918212890625,-736.5001220703125,-11.426380157470703,2.434680938720703,0.06516364216804504,0.016221335157752037,0.2815195918083191,0.02400580793619156,0.5020140409469604,0.5864030122756958,-14.309974670410156,198000
5.399552822113037,738.08056640625,738.08056640625,738.0805053710938,-747.65185546875,-738.07177734375,-11.733504295349121,2.1534156799316406,0.07430647313594818,0.09770739078521729,0.29097995162010193,0.016690121963620186,0.5433408617973328,0.5641382932662964,-13.47032356262207,199000
5.735353946685791,738.8468017578125,738.8468627929688,738.8468017578125,-749.19189453125,-738.8756103515625,-12.729957580566406,2.413715124130249,0.07346465438604355,0.09204733371734619,0.2850048243999481,0.0176862645894289,0.6129734516143799,0.5671601891517639,-13.579511642456055,200000
6.00530481338501,739.49072265625,739.4907836914062,739.49072265625,-748.4465942382812,-739.4906005859375,-11.635040283203125,2.678986072540283,0.06427208334207535,-0.16110749542713165,0.29313308000564575,0.026160284876823425,0.5010488033294678,0.6060479879379272,-15.008922576904297,201000
6.224853515625,740.0537109375,740.0556640625,740.0518188476562,-749.3893432617188,-740.0244140625,-11.870706558227539,2.5058016777038574,0.06273435056209564,0.04944412410259247,0.2930457890033722,0.012511269189417362,0.5426183938980103,0.5787390470504761,-13.99592399597168,202000
6.416170120239258,740.7950439453125,740.7966918945312,740.79345703125,-751.4536743164062,-740.7945556640625,-13.232095718383789,2.5730020999908447,0.06357571482658386,0.07453158497810364,0.3020915687084198,0.02020089700818062,0.6445695161819458,0.5775048732757568,-13.939393997192383,203000
6.54198694229126,740.64794921875,740.6481323242188,740.6478271484375,-750.8793334960938,-740.6580200195312,-12.484319686889648,2.2629778385162354,0.07196344435214996,0.1777275800704956,0.2980755567550659,0.013463253155350685,0.5919599533081055,0.572080135345459,-13.74061393737793,204000
7.014244556427002,741.0689697265625,741.0695190429688,741.0684204101562,-750.8665771484375,-741.0549926757812,-12.399802207946777,2.5881800651550293,0.06628408282995224,0.03957454487681389,0.3042605519294739,0.010768583975732327,0.5697466135025024,0.5958676338195801,-14.455374717712402,205000
5.734951496124268,741.21728515625,741.21728515625,741.2172241210938,-750.9754028320312,-741.2086791992188,-12.20628547668457,2.439565420150757,0.06615585833787918,0.06602460145950317,0.2957042455673218,0.01365897711366415,0.5590699911117554,0.5823472142219543,-14.055929183959961,206000
6.567855358123779,741.2346801757812,741.2351684570312,741.2341918945312,-751.0946044921875,-741.2816772460938,-12.53798770904541,2.725041389465332,0.06018880009651184,-0.1757401078939438,0.3005659580230713,0.011505666188895702,0.5759626030921936,0.5953030586242676,-14.578577995300293,207000
5.6984782218933105,741.5960693359375,741.5970458984375,741.5951538085938,-751.72509765625,-741.643310546875,-12.588459014892578,2.5066287517547607,0.0665244609117508,0.18388386070728302,0.3039151728153229,0.015036961063742638,0.5958904027938843,0.5760669708251953,-13.992448806762695,208000
5.859393119812012,742.1048583984375,742.1050415039062,742.1046752929688,-753.2447509765625,-742.1504516601562,-13.813971519470215,2.7196712493896484,0.06309973448514938,-0.23256629705429077,0.2984611392021179,0.01743706874549389,0.6565360426902771,0.6024153828620911,-14.93113899230957,209000
5.074717998504639,742.465576171875,742.465576171875,742.4655151367188,-753.499755859375,-742.4664916992188,-13.861642837524414,2.828372001647949,0.06418874859809875,-0.19945590198040009,0.29750722646713257,0.015421133488416672,0.6682970523834229,0.6037989854812622,-14.75653076171875,210000
5.92519474029541,742.908935546875,742.9089965820312,742.908935546875,-752.8514404296875,-742.970947265625,-12.258771896362305,2.378278970718384,0.06528911739587784,0.2534366548061371,0.3012585937976837,0.011931084096431732,0.5897492170333862,0.5652633905410767,-13.479106903076172,211000
2126.221923828125,742.896240234375,742.896240234375,742.896240234375,-752.9669799804688,-742.8195190429688,-12.470683097839355,2.323230028152466,0.06723726540803909,0.11442099511623383,0.29870399832725525,0.015322412364184856,0.6020509600639343,0.5664725303649902,-13.763463020324707,212000
5.313039779663086,743.4274291992188,743.4274291992188,743.4274291992188,-753.2803955078125,-743.394775390625,-12.434189796447754,2.5485825538635254,0.06397312879562378,0.05157620087265968,0.30337226390838623,0.00936099886894226,0.5825281739234924,0.5855674743652344,-14.194551467895508,213000
7.166670322418213,743.5357666015625,743.5357666015625,743.5357055664062,-753.016357421875,-743.5367431640625,-11.906450271606445,2.426825523376465,0.06444711238145828,0.034502554684877396,0.2998855412006378,0.01200130395591259,0.5384026765823364,0.5819476842880249,-14.169332504272461,214000
6.381913185119629,743.9814453125,743.9815063476562,743.9814453125,-754.0097045898438,-743.9882202148438,-12.638518333435059,2.61702561378479,0.06411660462617874,-0.20049253106117249,0.2935470640659332,0.0146788340061903,0.5851672291755676,0.6021845936775208,-14.842726707458496,215000
5.661136627197266,743.242431640625,743.243408203125,743.2415161132812,-753.5113525390625,-743.2418823242188,-12.895623207092285,2.6261651515960693,0.06069725379347801,-0.12709762156009674,0.3101900517940521,0.014741694554686546,0.6137324571609497,0.5844236612319946,-14.235847473144531,216000
6.540484428405762,743.1614990234375,743.1620483398438,743.1609497070312,-753.3109741210938,-743.1707153320312,-13.08688735961914,2.9466371536254883,0.05421632155776024,-0.19372375309467316,0.31462398171424866,0.012882068753242493,0.6095067262649536,0.605460524559021,-14.895441055297852,217000
6.172579765319824,743.7691650390625,743.7693481445312,743.7689208984375,-754.8080444335938,-743.766357421875,-13.668890953063965,2.627190589904785,0.05944911018013954,0.080387644469738,0.30705034732818604,0.015680717304348946,0.6663538217544556,0.5865649580955505,-14.152263641357422,218000
6.127880096435547,743.5228271484375,743.52294921875,743.5227661132812,-754.6854858398438,-743.5416870117188,-13.861510276794434,2.7177295684814453,0.057504020631313324,-0.2490813285112381,0.30636066198349,0.011088933795690536,0.66834557056427,0.6135314702987671,-14.985681533813477,219000
6.4139404296875,744.102783203125,744.1028442382812,744.102783203125,-754.6902465820312,-744.1217041015625,-13.013435363769531,2.4448609352111816,0.05684848502278328,0.06648730486631393,0.30364832282066345,0.010225517675280571,0.6255583763122559,0.5926156044006348,-14.179152488708496,220000
5.7705793380737305,744.42724609375,744.42724609375,744.4271850585938,-754.690673828125,-744.4129638671875,-12.860209465026855,2.582550048828125,0.06184356287121773,-0.1466335505247116,0.29396000504493713,0.013446023687720299,0.6165845990180969,0.58147132396698,-14.075904846191406,221000
6.439159870147705,744.1638793945312,744.1658935546875,744.161865234375,-754.2070922851562,-744.1349487304688,-12.662205696105957,2.5901060104370117,0.05952811241149902,-0.1690625697374344,0.2992776334285736,0.01068702433258295,0.5936983823776245,0.6027587652206421,-14.773971557617188,222000
5.880118370056152,745.110595703125,745.1112670898438,745.1099853515625,-755.7483520507812,-745.0868530273438,-13.348615646362305,2.687135696411133,0.05959787964820862,-0.1941099613904953,0.3007667362689972,0.009993431158363819,0.6300673484802246,0.6010017395019531,-14.70180606842041,223000
6.868900299072266,744.963134765625,744.9634399414062,744.962890625,-754.9903564453125,-744.9711303710938,-12.52454662322998,2.505284547805786,0.06004052981734276,0.02254701592028141,0.3019847571849823,0.01216018944978714,0.5873183012008667,0.5829548239707947,-14.189678192138672,224000
6.8814778327941895,744.545654296875,744.5458984375,744.5453491210938,-754.9979858398438,-744.5031127929688,-13.149442672729492,2.654564142227173,0.05818786844611168,-0.13527071475982666,0.30849188566207886,0.010087031871080399,0.6208482384681702,0.6038652658462524,-14.827163696289062,225000
5.809125900268555,744.7000732421875,744.7001342773438,744.699951171875,-755.0137329101562,-744.6954345703125,-12.812200546264648,2.4939162731170654,0.06073393672704697,0.045175421983003616,0.302681028842926,0.014555481262505054,0.6230587959289551,0.5807547569274902,-13.894384384155273,226000
5.969170570373535,744.6300048828125,744.6300659179688,744.6299438476562,-754.817138671875,-744.6542358398438,-12.863325119018555,2.700434446334839,0.05629104748368263,-0.0798775926232338,0.30046209692955017,0.008064087480306625,0.6062310338020325,0.6014877557754517,-14.57992172241211,227000
6.3123321533203125,745.1381225585938,745.1381225585938,745.1381225585938,-755.0365600585938,-745.1398315429688,-12.372514724731445,2.4757609367370605,0.06195922568440437,-0.04083128646016121,0.2938212752342224,0.011383865028619766,0.5736225843429565,0.5953019261360168,-14.404130935668945,228000
5.311043739318848,745.1766357421875,745.1766967773438,745.1766357421875,-754.8436279296875,-745.1793212890625,-12.09720516204834,2.4329171180725098,0.06125572696328163,0.03226544335484505,0.2970814108848572,0.00906326249241829,0.5671659111976624,0.5926567316055298,-14.191716194152832,229000
6.313993453979492,744.4603881835938,744.4603881835938,744.4603881835938,-753.5662841796875,-744.47509765625,-11.522726058959961,2.4315075874328613,0.06194832921028137,0.0982532724738121,0.2966825067996979,0.012640009634196758,0.5183869004249573,0.5924699306488037,-14.167603492736816,230000
6.368291854858398,745.4334716796875,745.4335327148438,745.4334716796875,-755.223876953125,-745.4620361328125,-12.272615432739258,2.510805368423462,0.056474488228559494,0.09220059216022491,0.3004196584224701,0.008147727698087692,0.5709089040756226,0.5927650332450867,-14.267448425292969,231000
5.84929084777832,745.2715454101562,745.2715454101562,745.2715454101562,-755.8243408203125,-745.2890014648438,-13.121665000915527,2.5862982273101807,0.060729168355464935,0.04922819137573242,0.3056827187538147,0.011109890416264534,0.6372112035751343,0.5881179571151733,-14.144386291503906,232000
5.860437393188477,745.2318115234375,745.2341918945312,745.2294311523438,-755.552978515625,-745.2941284179688,-12.835521697998047,2.576636791229248,0.05926628038287163,0.006763134151697159,0.3015909194946289,0.010223225690424442,0.6082121729850769,0.5889066457748413,-14.190189361572266,233000
5.857263565063477,745.5234985351562,745.5269775390625,745.52001953125,-756.3131103515625,-745.4895629882812,-13.460901260375977,2.6373515129089355,0.05675028637051582,-0.0853046104311943,0.2968003749847412,0.01288202777504921,0.6485615968704224,0.6005802154541016,-14.64605712890625,234000
5.526181221008301,745.9049072265625,745.9056396484375,745.9041748046875,-755.7570190429688,-745.8889770507812,-12.433080673217773,2.5650854110717773,0.05653638020157814,-0.14039473235607147,0.29673290252685547,0.008735788986086845,0.576784610748291,0.6068909168243408,-14.780340194702148,235000
5.756387710571289,745.9739990234375,745.97412109375,745.9738159179688,-755.6849975585938,-745.9843139648438,-12.33723258972168,2.636540174484253,0.058528997004032135,-0.29285404086112976,0.2921670377254486,0.012467395514249802,0.5559873580932617,0.6143271923065186,-15.108287811279297,236000
5.347108840942383,745.75537109375,745.7556762695312,745.7550659179688,-754.8992919921875,-745.7320556640625,-11.415075302124023,2.2478389739990234,0.06570123136043549,0.2798267900943756,0.2964419722557068,0.013950377702713013,0.5270966291427612,0.5652033686637878,-13.43690299987793,237000
5.6913042068481445,746.4373779296875,746.4374389648438,746.4373168945312,-757.2579956054688,-746.464111328125,-13.333819389343262,2.539912700653076,0.05855085328221321,0.08613298088312149,0.299814909696579,0.015652906149625778,0.646930992603302,0.5854699611663818,-14.123159408569336,238000
5.652010917663574,746.54248046875,746.5425415039062,746.54248046875,-757.0994873046875,-746.54443359375,-13.10618782043457,2.551161766052246,0.05877004563808441,-0.10149389505386353,0.2975929081439972,0.010691149160265923,0.6299304366111755,0.5945782661437988,-14.350048065185547,239000
6.083182334899902,747.158447265625,747.158447265625,747.158447265625,-756.6101684570312,-747.1891479492188,-11.706201553344727,2.2851452827453613,0.06427568942308426,0.17365536093711853,0.28261539340019226,0.009124981239438057,0.5439413785934448,0.5731978416442871,-13.699462890625,240000
6.246191024780273,747.470458984375,747.470458984375,747.4703979492188,-756.96044921875,-747.4450073242188,-11.962188720703125,2.446802854537964,0.05798964574933052,0.17446599900722504,0.3005141615867615,0.007356694899499416,0.5578212738037109,0.5849848985671997,-13.946285247802734,241000
5.3294453620910645,747.528076171875,747.5281372070312,747.528076171875,-757.8488159179688,-747.5542602539062,-12.655704498291016,2.36116886138916,0.059751130640506744,0.18617086112499237,0.2970670461654663,0.009147647768259048,0.601016640663147,0.5900769233703613,-14.119022369384766,242000
5.825954437255859,748.3232421875,748.3323974609375,748.3140869140625,-758.3511962890625,-748.355712890625,-12.381591796875,2.386082172393799,0.06048741191625595,-0.04100644215941429,0.2835727035999298,0.008326657116413116,0.5843870639801025,0.5930268168449402,-14.332572937011719,243000
6.665001392364502,749.9851684570312,749.9852905273438,749.9850463867188,-760.326171875,-749.9837646484375,-12.639396667480469,2.2969956398010254,0.06337346136569977,0.06929579377174377,0.2777334153652191,0.012559723109006882,0.6009113788604736,0.5833015441894531,-14.02463436126709,244000
5.344766616821289,749.6320190429688,749.6328735351562,749.6311645507812,-759.9625854492188,-749.6266479492188,-12.719234466552734,2.3833181858062744,0.06025112420320511,0.04159588739275932,0.2958889603614807,0.008666657842695713,0.6114741563796997,0.588934063911438,-14.1265287399292,245000
5.663064002990723,749.8430786132812,749.843505859375,749.8426513671875,-759.8257446289062,-749.8858032226562,-12.453574180603027,2.5136115550994873,0.05716004967689514,-0.013686073012650013,0.28979623317718506,0.008454112336039543,0.5865832567214966,0.5991342067718506,-14.379382133483887,246000
6.070987224578857,749.809814453125,749.8099365234375,749.8097534179688,-760.4055786132812,-749.8327026367188,-12.927087783813477,2.354163885116577,0.05777355656027794,0.1393885463476181,0.29464566707611084,0.010303313843905926,0.6262306571006775,0.5826848745346069,-14.007518768310547,247000
7.406466007232666,749.7110595703125,749.711181640625,749.7109985351562,-760.502197265625,-749.7568969726562,-13.190731048583984,2.445462465286255,0.059735290706157684,0.03155335783958435,0.2928886413574219,0.012359426356852055,0.6398764252662659,0.5995498895645142,-14.461100578308105,248000
6.773799419403076,750.58203125,750.58203125,750.5819702148438,-760.2559814453125,-750.601318359375,-12.16530990600586,2.5106041431427,0.056625381112098694,-0.1801028996706009,0.291562020778656,0.012519026175141335,0.5687114596366882,0.595867395401001,-14.399578094482422,249000
4.884575843811035,751.4200439453125,751.4200439453125,751.4200439453125,-761.1661987304688,-751.42724609375,-12.213045120239258,2.4741220474243164,0.05644531175494194,0.026414992287755013,0.2751571238040924,0.00806421972811222,0.5690093040466309,0.595233678817749,-14.36606216430664,250000
5.923087120056152,751.5123291015625,751.5147705078125,751.5098266601562,-761.15576171875,-751.4769287109375,-12.410737991333008,2.731956720352173,0.05325523763895035,-0.1391296684741974,0.29683375358581543,0.010197878815233707,0.5686085224151611,0.6090938448905945,-14.779722213745117,251000
5.548919200897217,752.3829345703125,752.383056640625,752.3827514648438,-762.11376953125,-752.3968505859375,-11.895840644836426,2.178874969482422,0.06342419981956482,0.15847671031951904,0.2753836214542389,0.007508657407015562,0.5576779246330261,0.583716869354248,-13.984807968139648,252000
4.4925994873046875,752.2615966796875,752.2616577148438,752.2615356445312,-762.6499633789062,-752.279052734375,-12.51542854309082,2.1445424556732178,0.06386912614107132,0.23353923857212067,0.2848140299320221,0.007725861389189959,0.6070612668991089,0.5771984457969666,-13.680204391479492,253000
5.571804046630859,752.7064208984375,752.7068481445312,752.7059936523438,-763.6978149414062,-752.6522216796875,-13.433162689208984,2.3875603675842285,0.05743519589304924,-0.02633717469871044,0.28653377294540405,0.010302199050784111,0.6563991904258728,0.596905529499054,-14.42746639251709,254000
5.369350433349609,752.7548828125,752.7550048828125,752.7546997070312,-762.9051513671875,-752.7662963867188,-12.725475311279297,2.5866167545318604,0.05465700104832649,-0.026774052530527115,0.288882315158844,0.007540191989392042,0.5962352752685547,0.6056641340255737,-14.649637222290039,255000
5.461815357208252,752.8486328125,752.8488159179688,752.848388671875,-762.5775756835938,-752.8240356445312,-12.090620040893555,2.337085723876953,0.05827357992529869,-0.0006310667376965284,0.27620115876197815,0.009093930013477802,0.5555018782615662,0.6007476449012756,-14.425739288330078,256000
2189.694091796875,754.1470947265625,754.1471557617188,754.1470336914062,-763.8330078125,-754.0880737304688,-12.160900115966797,2.4159672260284424,0.05756748095154762,-0.061460498720407486,0.2751724421977997,0.007580489851534367,0.5648410320281982,0.603628933429718,-14.471772193908691,257000
5.218585014343262,754.3756103515625,754.3756103515625,754.3756103515625,-764.5890502929688,-754.4153442382812,-12.570059776306152,2.3963515758514404,0.05589250102639198,-0.00919940136373043,0.2774052619934082,0.006589297205209732,0.5865944623947144,0.6005584597587585,-14.504226684570312,258000
4.375750541687012,754.97998046875,754.9854736328125,754.9744873046875,-765.0985107421875,-754.9695434570312,-12.41615104675293,2.2871785163879395,0.06177636608481407,-0.029545139521360397,0.27515310049057007,0.00648569967597723,0.5842275619506836,0.5926394462585449,-14.165485382080078,259000
5.3843841552734375,755.3860473632812,755.3864135742188,755.3856811523438,-765.3394165039062,-755.4315185546875,-12.376200675964355,2.468320369720459,0.05942472442984581,-0.057938508689403534,0.27959197759628296,0.00909455306828022,0.581581175327301,0.5982421636581421,-14.438965797424316,260000
5.313508033752441,756.009521484375,756.0118408203125,756.0072631835938,-766.6334838867188,-756.0042724609375,-13.148721694946289,2.519519567489624,0.05879436433315277,-0.01601475290954113,0.2842519283294678,0.009845446795225143,0.6342121958732605,0.5995348691940308,-14.470775604248047,261000
4.718504428863525,756.4058837890625,756.4059448242188,756.40576171875,-767.0240478515625,-756.381103515625,-13.08480453491211,2.441848039627075,0.05709993094205856,-0.06568797677755356,0.2869536280632019,0.00829109363257885,0.6286002397537231,0.6084059476852417,-14.715023040771484,262000
5.15547513961792,756.2255859375,756.226318359375,756.2247924804688,-765.9373168945312,-756.1640625,-12.188342094421387,2.415116548538208,0.05790726840496063,0.047988321632146835,0.28079113364219666,0.009293286129832268,0.5754124522209167,0.5871622562408447,-14.06072998046875,263000
2230.197021484375,757.0816650390625,757.0828857421875,757.0805053710938,-767.0377807617188,-756.9906005859375,-12.269157409667969,2.221972703933716,0.06047149375081062,-0.05150503292679787,0.2665255069732666,0.007920085452497005,0.5708078145980835,0.5972660779953003,-14.368515014648438,264000
4.69986629486084,757.8414306640625,757.8416137695312,757.84130859375,-767.8964233398438,-757.856201171875,-12.331304550170898,2.2910850048065186,0.05928296968340874,0.01607588678598404,0.273277223110199,0.006708094384521246,0.5806317329406738,0.5894280672073364,-14.132000923156738,265000
5.716917037963867,758.233642578125,758.2337646484375,758.2334594726562,-768.7241821289062,-758.2477416992188,-12.925768852233887,2.4493210315704346,0.05919168144464493,-0.046893682330846786,0.2743149697780609,0.00808635726571083,0.6106245517730713,0.6044027805328369,-14.650932312011719,266000
4.474547863006592,759.1553955078125,759.155517578125,759.1553344726562,-769.6749877929688,-759.1734008789062,-12.79672622680664,2.295140504837036,0.06070726737380028,-0.001918933936394751,0.2720932960510254,0.009404006414115429,0.6201865673065186,0.5838750600814819,-13.972915649414062,267000
4.722707748413086,759.8001098632812,759.8001098632812,759.8001098632812,-770.1954956054688,-759.8215942382812,-12.712380409240723,2.3385298252105713,0.058870140463113785,0.09131217747926712,0.2801811695098877,0.008219529874622822,0.6088827848434448,0.5936994552612305,-14.175657272338867,268000
5.300047397613525,759.84814453125,759.84814453125,759.8480834960938,-770.353515625,-759.8546142578125,-12.744300842285156,2.2454051971435547,0.0618865080177784,0.13832087814807892,0.2749144732952118,0.008765446953475475,0.6212257146835327,0.589599609375,-14.096296310424805,269000
4.6369476318359375,760.4454345703125,760.4454345703125,760.4453735351562,-770.910888671875,-760.4447631835938,-12.738789558410645,2.2726285457611084,0.05970445275306702,-0.1097526103258133,0.26720377802848816,0.005718674976378679,0.6051855087280273,0.6104965806007385,-14.76141357421875,270000
5.525574684143066,760.98046875,760.98046875,760.9804077148438,-771.7404174804688,-760.9488525390625,-13.14025592803955,2.348722457885742,0.05857096612453461,0.056753989309072495,0.28040650486946106,0.012356078252196312,0.6410123109817505,0.5857136249542236,-13.924946784973145,271000
4.334490776062012,761.205322265625,761.205322265625,761.2052612304688,-771.4287109375,-761.2074584960938,-12.459892272949219,2.238623857498169,0.06408464908599854,0.12542685866355896,0.2750140130519867,0.009865888394415379,0.5978684425354004,0.5731815099716187,-13.790096282958984,272000
5.716609001159668,761.407470703125,761.4075317382812,761.407470703125,-771.56396484375,-761.4306030273438,-12.337634086608887,2.2043135166168213,0.061594683676958084,0.12838956713676453,0.2742420732975006,0.008908884599804878,0.5977613925933838,0.5696272253990173,-13.540721893310547,273000
5.844120025634766,761.4305419921875,761.4306030273438,761.4305419921875,-771.6788330078125,-761.4190673828125,-12.510101318359375,2.250385284423828,0.05828053131699562,0.06542646884918213,0.2719449996948242,0.006060157436877489,0.5997229814529419,0.5888395309448242,-13.987945556640625,274000
5.261427879333496,762.0548095703125,762.0548095703125,762.0548095703125,-772.0484008789062,-762.033447265625,-12.285109519958496,2.2701351642608643,0.06043325364589691,0.11723264306783676,0.2651939392089844,0.007527287118136883,0.5796275734901428,0.5885695219039917,-14.052719116210938,275000
5.389072895050049,762.02685546875,762.02685546875,762.02685546875,-772.56201171875,-762.011474609375,-13.16920280456543,2.618680238723755,0.057184357196092606,-0.29094094038009644,0.2664211690425873,0.0073793260380625725,0.6132723689079285,0.6309289932250977,-15.582361221313477,276000
2250.243896484375,762.9210205078125,762.9210815429688,762.9210205078125,-773.6634521484375,-762.9070434570312,-13.268784523010254,2.5124125480651855,0.05535527318716049,-0.17761507630348206,0.28200775384902954,0.011777428910136223,0.6398801803588867,0.6012054681777954,-14.447704315185547,277000
5.09841251373291,762.6312255859375,762.6312255859375,762.6311645507812,-773.1502685546875,-762.6202392578125,-12.823943138122559,2.2938828468322754,0.05492018163204193,0.01077236421406269,0.266547292470932,0.007397095672786236,0.6057618856430054,0.598216712474823,-14.304750442504883,278000
6.384246826171875,763.8375244140625,763.8375854492188,763.8375244140625,-774.1053466796875,-763.8507080078125,-12.38728141784668,2.132620334625244,0.06085732579231262,0.011552928946912289,0.260545015335083,0.006750629283487797,0.5891181230545044,0.594379186630249,-14.254047393798828,279000
5.211132526397705,764.382568359375,764.3826293945312,764.382568359375,-775.0353393554688,-764.3884887695312,-12.834394454956055,2.187549591064453,0.059116434305906296,-0.026763884350657463,0.26472851634025574,0.006616497412323952,0.6209695339202881,0.5956645011901855,-14.319631576538086,280000
4.974860191345215,765.436767578125,765.436767578125,765.4367065429688,-775.3153076171875,-765.4376831054688,-12.174850463867188,2.2972640991210938,0.058830149471759796,0.05845361575484276,0.26428085565567017,0.007318178657442331,0.5776968002319336,0.5932883024215698,-14.22117805480957,281000
5.550352096557617,765.3424682617188,765.3424682617188,765.3424682617188,-776.2579956054688,-765.3525390625,-13.223004341125488,2.317556619644165,0.056187704205513,-0.05413654446601868,0.2639138400554657,0.008592898957431316,0.6405229568481445,0.6111310720443726,-14.82711410522461,282000
5.453914642333984,766.2864379882812,766.2885131835938,766.2843627929688,-776.2930297851562,-766.3430786132812,-12.17517375946045,2.225214958190918,0.057223767042160034,-0.07671607285737991,0.2665592133998871,0.008059905841946602,0.5717969536781311,0.5963547229766846,-14.302329063415527,283000
4.794187068939209,766.3702392578125,766.370361328125,766.3701171875,-776.15283203125,-766.3418579101562,-12.250224113464355,2.4392802715301514,0.054774608463048935,-0.18129730224609375,0.271090567111969,0.00788370706140995,0.5726149082183838,0.6034696102142334,-14.538199424743652,284000
4.311428546905518,766.762939453125,766.8025512695312,766.7233276367188,-777.0073852539062,-766.7540893554688,-12.481059074401855,2.227781295776367,0.058749400079250336,0.012286226265132427,0.26320701837539673,0.007741238456219435,0.5922174453735352,0.5964483022689819,-14.25442123413086,285000
2285.797607421875,766.76806640625,766.76806640625,766.76806640625,-776.8873901367188,-766.753173828125,-12.290371894836426,2.1561508178710938,0.05962171405553818,0.09084226191043854,0.2648102045059204,0.008730089291930199,0.5859438180923462,0.581295907497406,-13.875083923339844,286000
2270.44970703125,767.5193481445312,767.51953125,767.5191650390625,-777.3805541992188,-767.5234375,-12.092302322387695,2.2351877689361572,0.05898262560367584,0.007772007491439581,0.2691543400287628,0.00746080931276083,0.5697022080421448,0.5909734964370728,-14.184988021850586,287000
5.5485076904296875,767.1370239257812,767.13720703125,767.1368408203125,-777.16943359375,-767.1686401367188,-12.401223182678223,2.400434970855713,0.05682745203375816,-0.12388713657855988,0.265262633562088,0.007066467776894569,0.5793358087539673,0.6168617010116577,-14.898357391357422,288000
2288.65673828125,767.4517822265625,767.4517822265625,767.4517822265625,-777.1323852539062,-767.4197387695312,-11.826404571533203,2.113785743713379,0.05974235385656357,0.04361666738986969,0.2655700147151947,0.011730807833373547,0.5638483762741089,0.5751129388809204,-13.70592212677002,289000
6.04431676864624,768.0604858398438,768.0604858398438,768.0604858398438,-778.0259399414062,-768.0859375,-12.205323219299316,2.2652945518493652,0.05996638163924217,-0.0026611799839884043,0.26900169253349304,0.007436164654791355,0.5817409753799438,0.5868591070175171,-14.016973495483398,290000
5.626051425933838,768.3848876953125,768.3848876953125,768.3848876953125,-778.2364501953125,-768.3480834960938,-12.195676803588867,2.3073067665100098,0.055327754467725754,-0.08896408975124359,0.2572915256023407,0.0072068506851792336,0.5654973387718201,0.6023159623146057,-14.445653915405273,291000
4.648658752441406,768.7236328125,768.7330932617188,768.7141723632812,-779.031494140625,-768.7376708984375,-12.579904556274414,2.286057949066162,0.05736734718084335,-0.01588325761258602,0.2595892548561096,0.005356699228286743,0.598300576210022,0.6066972017288208,-14.606818199157715,292000
2271.894287109375,768.0711669921875,768.0728759765625,768.0694580078125,-778.345703125,-768.0519409179688,-12.799147605895996,2.5053858757019043,0.05693378299474716,-0.07711915671825409,0.2788531482219696,0.008558880537748337,0.613856315612793,0.6024083495140076,-14.484102249145508,293000
5.650610446929932,769.3616333007812,769.3628540039062,769.3604125976562,-779.4755859375,-769.3637084960938,-12.232474327087402,2.1205902099609375,0.059570830315351486,0.0045613693073391914,0.24842016398906708,0.008224494755268097,0.583440899848938,0.5868871212005615,-13.97050666809082,294000
4.759873390197754,770.0858154296875,770.0858154296875,770.0858154296875,-779.8784790039062,-770.06982421875,-12.018627166748047,2.2099714279174805,0.05897695943713188,0.06578537076711655,0.2614973187446594,0.00836116075515747,0.5587396025657654,0.5917108058929443,-14.188156127929688,295000
4.950512886047363,770.098388671875,770.098388671875,770.0983276367188,-779.6683959960938,-770.1215209960938,-11.806991577148438,2.260157585144043,0.05869056656956673,-0.05029197037220001,0.2544304132461548,0.009853824973106384,0.5469160079956055,0.5993427038192749,-14.529648780822754,296000
4.326625823974609,770.7055053710938,770.70556640625,770.7054443359375,-780.2799072265625,-770.7139892578125,-11.784919738769531,2.21897554397583,0.06261288374662399,-0.004546595271676779,0.2657393515110016,0.009515492245554924,0.5469580292701721,0.5835939645767212,-13.97848892211914,297000
5.1469035148620605,771.456787109375,771.456787109375,771.456787109375,-781.2103271484375,-771.5051879882812,-11.851757049560547,2.146595001220703,0.05970688536763191,0.1009925901889801,0.25850725173950195,0.00765995541587472,0.5584468245506287,0.595909059047699,-14.255887985229492,298000
5.220461845397949,772.3260498046875,772.3261108398438,772.3260498046875,-782.209716796875,-772.3443603515625,-12.042174339294434,2.1768178939819336,0.06220817565917969,-0.01241076085716486,0.24711726605892181,0.009380661882460117,0.560434103012085,0.5961688756942749,-14.32758903503418,299000
5.510493278503418,773.0108642578125,773.0109252929688,773.0108642578125,-782.8909912109375,-773.0106201171875,-12.125515937805176,2.2450928688049316,0.05877342075109482,-0.09866514801979065,0.2562650144100189,0.00956912711262703,0.5822274684906006,0.5981287956237793,-14.320061683654785,300000
5.328777313232422,773.2891235351562,773.2891845703125,773.2890625,-783.4879150390625,-773.2507934570312,-12.4077787399292,2.1706316471099854,0.05987722799181938,0.06008133664727211,0.2611684203147888,0.005992686375975609,0.5893822312355042,0.5881180763244629,-14.028604507446289,301000
4.926858901977539,773.2329711914062,773.2329711914062,773.2329711914062,-783.8807373046875,-773.2174682617188,-12.879332542419434,2.216069221496582,0.06278293579816818,-0.04920024052262306,0.2562467157840729,0.008878638967871666,0.6218744516372681,0.5974806547164917,-14.350423812866211,302000
4.241446018218994,774.0030517578125,774.0046997070312,774.0014038085938,-783.9567260742188,-774.0338134765625,-12.111438751220703,2.188521146774292,0.06192309781908989,0.03803914412856102,0.26274940371513367,0.006923123728483915,0.5783241987228394,0.5869202613830566,-13.922517776489258,303000
5.676989555358887,774.3143310546875,774.3143310546875,774.3142700195312,-784.282958984375,-774.3178100585938,-12.172207832336426,2.207017660140991,0.06517256796360016,0.08498457074165344,0.25994494557380676,0.011416027322411537,0.5805202722549438,0.577502965927124,-13.738222122192383,304000
5.595042705535889,774.5195922851562,774.5208740234375,774.518310546875,-784.8338012695312,-774.5537719726562,-12.544492721557617,2.264486312866211,0.05775643140077591,-0.0038298103027045727,0.2592219114303589,0.0056722452864050865,0.6045010685920715,0.5939266681671143,-14.167872428894043,305000
5.669366836547852,774.703857421875,774.704345703125,774.703369140625,-784.8413696289062,-774.7086791992188,-12.4522705078125,2.3195693492889404,0.05786632373929024,-0.002515974687412381,0.26944655179977417,0.006577944848686457,0.592734694480896,0.594045877456665,-14.236127853393555,306000
5.089158058166504,775.0426635742188,775.0428466796875,775.04248046875,-785.1725463867188,-775.019287109375,-12.25319766998291,2.0998997688293457,0.05760636925697327,0.0689922645688057,0.25214651226997375,0.006454322021454573,0.5829370021820068,0.5917705297470093,-14.175260543823242,307000
5.533595085144043,775.711181640625,775.711181640625,775.711181640625,-785.60986328125,-775.6880493164062,-11.976096153259277,2.0542540550231934,0.060904357582330704,0.017353493720293045,0.25169137120246887,0.0070386105217039585,0.5677477121353149,0.5881260633468628,-14.005865097045898,308000
4.505878448486328,776.511474609375,776.5115356445312,776.5114135742188,-786.7286376953125,-776.5592651367188,-12.226700782775879,2.0573129653930664,0.060655999928712845,-0.03530914708971977,0.24646705389022827,0.010467728599905968,0.5883678197860718,0.5927873849868774,-14.201839447021484,309000
5.541746139526367,776.6375732421875,776.6375732421875,776.6375122070312,-786.2646484375,-776.67333984375,-11.862808227539062,2.2715115547180176,0.058040473610162735,0.06422310322523117,0.26150983572006226,0.007215552031993866,0.5537407994270325,0.5886991620063782,-14.058551788330078,310000
4.014507293701172,777.186767578125,777.186767578125,777.1867065429688,-786.8059692382812,-777.2013549804688,-11.603588104248047,1.998946189880371,0.06016489490866661,0.09463094174861908,0.25063851475715637,0.00869685783982277,0.5501277446746826,0.5799330472946167,-13.704463958740234,311000
4.725819110870361,777.3298950195312,777.3298950195312,777.3298950195312,-787.549072265625,-777.2655639648438,-12.479297637939453,2.19578218460083,0.058215443044900894,0.009379877708852291,0.25993430614471436,0.007516286801546812,0.5971606373786926,0.5918837785720825,-14.06185245513916,312000
4.999663352966309,777.91650390625,777.91650390625,777.91650390625,-788.165283203125,-777.90185546875,-12.38623046875,2.122804641723633,0.05897309631109238,0.11143017560243607,0.2573334872722626,0.010032707825303078,0.5966978073120117,0.574779212474823,-13.59691047668457,313000
4.633059024810791,777.976318359375,777.9763793945312,777.976318359375,-787.9930419921875,-777.9814453125,-12.109661102294922,2.0980725288391113,0.06306511163711548,0.1896946132183075,0.2639317214488983,0.01597645878791809,0.5866018533706665,0.5672273635864258,-13.372064590454102,314000
4.06304407119751,778.3616943359375,778.3616943359375,778.3616943359375,-788.609375,-778.3884887695312,-12.42457389831543,2.2036988735198975,0.0595664419233799,0.018077585846185684,0.2481895089149475,0.005365631077438593,0.5979869961738586,0.5924428701400757,-14.072063446044922,315000
3.9690499305725098,778.6500244140625,778.65283203125,778.6471557617188,-788.9481201171875,-778.5953369140625,-12.380219459533691,2.027454137802124,0.06090906262397766,-0.03931078314781189,0.24370811879634857,0.00659237802028656,0.5915367603302002,0.5936777591705322,-14.101863861083984,316000
4.796070575714111,778.9703369140625,778.9705810546875,778.9700927734375,-789.5938720703125,-778.9531860351562,-12.905213356018066,2.2645504474639893,0.056593943387269974,-0.056089725345373154,0.2481728494167328,0.006830448284745216,0.6111062169075012,0.6079639792442322,-14.702707290649414,317000
4.9525580406188965,779.6959228515625,779.6963500976562,779.6954956054688,-789.8193969726562,-779.7198486328125,-12.18809700012207,2.0885701179504395,0.06334994733333588,-0.10616954416036606,0.25099945068359375,0.0069411322474479675,0.5848715305328369,0.5830938816070557,-13.892294883728027,318000
5.72593879699707,780.583251953125,780.5835571289062,780.5829467773438,-790.9259033203125,-780.6025390625,-12.489709854125977,2.1662986278533936,0.05565442889928818,-0.08331050723791122,0.24709179997444153,0.00968627817928791,0.5918695330619812,0.6092699766159058,-14.741310119628906,319000
4.933008670806885,780.431396484375,780.431884765625,780.4308471679688,-790.3984985351562,-780.46044921875,-12.050968170166016,2.1128876209259033,0.06014079228043556,0.10186663269996643,0.25519219040870667,0.007653886452317238,0.5724343061447144,0.5816450119018555,-13.859471321105957,320000
2371.66455078125,780.40087890625,780.40087890625,780.40087890625,-790.3193359375,-780.3843383789062,-12.048873901367188,2.1139063835144043,0.057597771286964417,-0.03142888844013214,0.2554532587528229,0.006306993775069714,0.5704824924468994,0.5865546464920044,-13.901924133300781,321000
4.133563995361328,780.6972045898438,780.6973266601562,780.6970825195312,-790.6507568359375,-780.7225341796875,-12.0986909866333,2.170497179031372,0.05874740332365036,0.01286349631845951,0.26215749979019165,0.007020852528512478,0.5683908462524414,0.5951060056686401,-14.137578010559082,322000
2345.171875,780.0908813476562,780.0909423828125,780.0908203125,-790.3934936523438,-779.983154296875,-12.627729415893555,2.2174291610717773,0.05742362141609192,-0.007618227042257786,0.2505246698856354,0.006825130432844162,0.59639972448349,0.6035785675048828,-14.493980407714844,323000
4.619992256164551,781.2616577148438,781.2616577148438,781.2616577148438,-791.3787841796875,-781.3087768554688,-12.03018569946289,1.9602057933807373,0.05719226226210594,0.0397314727306366,0.23631195724010468,0.008582713082432747,0.5726995468139648,0.5933283567428589,-14.128936767578125,324000
4.8525896072387695,782.3101806640625,782.3107299804688,782.3096313476562,-792.8368530273438,-782.337158203125,-12.485879898071289,1.9862325191497803,0.06210032477974892,-0.01657370664179325,0.23857368528842926,0.009344421327114105,0.6054768562316895,0.5958209037780762,-14.228087425231934,325000
4.7045488357543945,782.71435546875,782.7152099609375,782.7135009765625,-793.3294677734375,-782.7543334960938,-12.727140426635742,2.1519863605499268,0.06044948101043701,-0.1067282184958458,0.24931728839874268,0.006246746517717838,0.6096841096878052,0.6027209758758545,-14.458047866821289,326000
5.486086845397949,782.8973388671875,782.8975830078125,782.8971557617188,-792.794677734375,-782.856689453125,-12.059051513671875,2.121093511581421,0.05998092517256737,0.0549803264439106,0.24366828799247742,0.007859140634536743,0.5725803375244141,0.5977422595024109,-14.347451210021973,327000
4.243340492248535,783.5852661132812,783.5853271484375,783.585205078125,-793.7532348632812,-783.58447265625,-12.309330940246582,2.140568256378174,0.06169388070702553,-0.03996886685490608,0.24549061059951782,0.006964287720620632,0.5891634225845337,0.5991214513778687,-14.329368591308594,328000
3.965381145477295,783.9020385742188,783.9027099609375,783.9013671875,-793.7064819335938,-783.9075927734375,-11.883148193359375,2.0843122005462646,0.05845654010772705,-0.046310920268297195,0.2424117475748062,0.008188244886696339,0.5546660423278809,0.5977261066436768,-14.293643951416016,329000
4.824444770812988,783.960693359375,783.96142578125,783.9598999023438,-794.3367309570312,-784.0164794921875,-12.488729476928711,2.168445348739624,0.05879489704966545,-0.14431267976760864,0.24885061383247375,0.005850709043443203,0.5933512449264526,0.6107602119445801,-14.646818161010742,330000
4.345253944396973,784.5873413085938,784.5873413085938,784.5873413085938,-794.8486938476562,-784.6123046875,-12.053325653076172,1.81694495677948,0.06870744377374649,0.24687829613685608,0.24207253754138947,0.00950334407389164,0.5889148712158203,0.559967577457428,-13.187043190002441,331000
2380.813720703125,784.1016845703125,784.1043701171875,784.0989990234375,-794.700927734375,-784.0892333984375,-12.680398941040039,2.0687196254730225,0.06157880648970604,0.0030166171491146088,0.24691833555698395,0.008309835568070412,0.613896369934082,0.5900152921676636,-14.072240829467773,332000
2371.14794921875,784.56005859375,784.560546875,784.5595703125,-795.4283447265625,-784.5297241210938,-13.004289627075195,2.1056764125823975,0.06009821221232414,0.009405907243490219,0.2588218152523041,0.007055375725030899,0.6360066533088684,0.5948988199234009,-14.16058349609375,333000
5.545702934265137,784.4501953125,784.4857788085938,784.41455078125,-795.4312744140625,-784.3978881835938,-13.28115177154541,2.24776554107666,0.058232828974723816,-0.047976668924093246,0.2586200535297394,0.013802447356283665,0.6477131843566895,0.6023821830749512,-14.473468780517578,334000
4.433081150054932,784.490234375,784.4908447265625,784.4896240234375,-794.9993896484375,-784.4942016601562,-12.529009819030762,2.0237808227539062,0.06240535527467728,-0.036975763738155365,0.24638356268405914,0.006089815869927406,0.6088094711303711,0.582671582698822,-13.786806106567383,335000
4.895974636077881,785.3622436523438,785.3626708984375,785.36181640625,-796.2034912109375,-785.341064453125,-12.848369598388672,1.985948085784912,0.05806455388665199,-0.021345844492316246,0.2412496954202652,0.009986518882215023,0.6280827522277832,0.5945359468460083,-14.171603202819824,336000
2376.849609375,785.2227172851562,785.2227783203125,785.22265625,-795.9155883789062,-785.171142578125,-12.855942726135254,2.1115243434906006,0.0591941736638546,-0.024007044732570648,0.2488185167312622,0.010870182886719704,0.6239864230155945,0.5926942825317383,-14.060149192810059,337000
4.49001407623291,785.8538818359375,785.8551025390625,785.8526611328125,-796.3942260742188,-785.8565673828125,-12.594524383544922,2.0568761825561523,0.06110703945159912,0.020902074873447418,0.24255716800689697,0.004754551686346531,0.6059118509292603,0.5957973003387451,-14.173280715942383,338000
4.125307559967041,786.6402587890625,786.6406860351562,786.639892578125,-797.2230224609375,-786.6463012695312,-12.599239349365234,2.022533655166626,0.06388197839260101,0.029974672943353653,0.23639848828315735,0.00698500731959939,0.6102153658866882,0.5911369323730469,-14.117521286010742,339000
4.89482307434082,787.1482543945312,787.1482543945312,787.1482543945312,-797.412841796875,-787.1574096679688,-12.385903358459473,2.130486249923706,0.060150958597660065,0.007009684573858976,0.24780704081058502,0.00999537855386734,0.5988508462905884,0.5908664464950562,-14.152400970458984,340000
2391.37744140625,786.8178100585938,786.8186645507812,786.8169555664062,-796.9932250976562,-786.7783813476562,-12.380525588989258,2.165726661682129,0.057587482035160065,-0.10695263743400574,0.24776558578014374,0.0075882673263549805,0.588992714881897,0.6072077751159668,-14.567449569702148,341000
4.989126205444336,787.631103515625,787.6364135742188,787.6257934570312,-797.66748046875,-787.6286010742188,-12.146659851074219,2.107797145843506,0.05894509330391884,-0.10137874633073807,0.24549897015094757,0.006741867400705814,0.5772778391838074,0.591995358467102,-14.129598617553711,342000
5.011744976043701,787.166259765625,787.169677734375,787.1629028320312,-797.1578979492188,-787.2252807617188,-12.006874084472656,2.0742571353912354,0.05798153951764107,0.04246688261628151,0.24271026253700256,0.0070301443338394165,0.5693619251251221,0.5895476937294006,-13.974526405334473,343000
4.918386459350586,787.3726196289062,787.3739624023438,787.3712768554688,-797.7041625976562,-787.4137573242188,-12.392047882080078,2.1016123294830322,0.061915524303913116,0.0890803411602974,0.24305768311023712,0.007187921088188887,0.5979984402656555,0.5852643847465515,-13.910294532775879,344000
4.498630523681641,788.2389526367188,788.2393798828125,788.238525390625,-798.4594116210938,-788.2608642578125,-12.246184349060059,2.0475966930389404,0.05998435989022255,0.04577790945768356,0.24149766564369202,0.007832413539290428,0.5900522470474243,0.5866824984550476,-14.015718460083008,345000
4.538183212280273,788.3092041015625,788.3092041015625,788.3091430664062,-798.8865356445312,-788.3629150390625,-12.700922966003418,2.1772899627685547,0.057496920228004456,-0.12451504170894623,0.24049369990825653,0.005790859926491976,0.6133613586425781,0.6041553020477295,-14.385642051696777,346000
4.918304920196533,789.0274658203125,789.0276489257812,789.0272216796875,-799.5106811523438,-789.0654907226562,-12.481783866882324,2.0366272926330566,0.058099035173654556,0.02256646566092968,0.24030514061450958,0.0067560141906142235,0.6055721044540405,0.5981541872024536,-14.274364471435547,347000
4.332489967346191,789.3756103515625,789.3756713867188,789.3756103515625,-799.8287963867188,-789.3967895507812,-12.555118560791016,2.1231303215026855,0.0586511455476284,-0.08652732521295547,0.23883117735385895,0.006250846199691296,0.6021318435668945,0.6069861650466919,-14.580827713012695,348000
4.824032783508301,789.164794921875,789.1648559570312,789.1647338867188,-799.7100830078125,-789.1445922851562,-12.521570205688477,1.95608389377594,0.06063803657889366,-0.03790721297264099,0.24068127572536469,0.009679844602942467,0.6005435585975647,0.5964187383651733,-14.2168550491333,349000
4.140540599822998,790.2799072265625,790.2799072265625,790.2798461914062,-800.575927734375,-790.2305908203125,-12.36009693145752,2.0147781372070312,0.06280116736888885,-0.03630826622247696,0.2364012897014618,0.006866400130093098,0.6035115718841553,0.5888771414756775,-14.012275695800781,350000
4.997830390930176,790.5863647460938,790.5863647460938,790.5863647460938,-800.2963256835938,-790.5712890625,-11.68034839630127,1.9552990198135376,0.06331383436918259,0.023212041705846786,0.23007959127426147,0.008005218580365181,0.554805338382721,0.5834454894065857,-13.902214050292969,351000
4.443563461303711,790.8748779296875,790.8749389648438,790.8748779296875,-800.7283935546875,-790.881591796875,-11.922072410583496,2.075286626815796,0.06163648143410683,0.049282968044281006,0.25238534808158875,0.00823228433728218,0.5713220834732056,0.5774421691894531,-13.683359146118164,352000
4.5481672286987305,790.38525390625,790.38525390625,790.3851928710938,-800.34716796875,-790.4030151367188,-12.158224105834961,2.214029312133789,0.05158446356654167,-0.08635660260915756,0.2428739070892334,0.007491160184144974,0.5697609186172485,0.6143885850906372,-14.825204849243164,353000
4.121308326721191,791.12353515625,791.1235961914062,791.12353515625,-801.4096069335938,-791.1004638671875,-12.1729154586792,1.8637757301330566,0.06344291567802429,0.010004661045968533,0.22613011300563812,0.006878251675516367,0.5879183411598206,0.5856541395187378,-13.927753448486328,354000
3.7381551265716553,792.0526733398438,792.052734375,792.0526123046875,-802.3753662109375,-792.0169067382812,-12.341254234313965,1.9827864170074463,0.060953766107559204,0.0011381619842723012,0.2320253849029541,0.007100125774741173,0.5939394235610962,0.5967569351196289,-14.270394325256348,355000
4.305778503417969,792.0166625976562,792.0166625976562,792.0166625976562,-802.32080078125,-791.9848022460938,-12.393978118896484,2.058013916015625,0.060141198337078094,0.03754166141152382,0.24626551568508148,0.01008514128625393,0.5948265790939331,0.6010623574256897,-14.363038063049316,356000
4.65596342086792,792.603759765625,792.6038208007812,792.603759765625,-802.5040283203125,-792.6277465820312,-11.793580055236816,1.917299747467041,0.06275498867034912,-0.05203460529446602,0.23182159662246704,0.006327606271952391,0.5588269233703613,0.5850444436073303,-13.804879188537598,357000
5.990781784057617,791.99462890625,791.9946899414062,791.99462890625,-802.6077880859375,-792.0423583984375,-12.721851348876953,2.156450033187866,0.057289306074380875,-0.07263771444559097,0.23876231908798218,0.006433279253542423,0.6064983010292053,0.6042383313179016,-14.45434856414795,358000
4.367366790771484,792.8756103515625,792.8756103515625,792.8756103515625,-802.89208984375,-792.894775390625,-12.049457550048828,2.0521061420440674,0.060087163001298904,-0.04183882847428322,0.23506446182727814,0.0076690963469445705,0.5733942985534668,0.5961502194404602,-14.220793724060059,359000
4.5508317947387695,792.3060302734375,792.3082885742188,792.3038330078125,-802.3224487304688,-792.2486572265625,-12.199881553649902,2.126127004623413,0.05815479904413223,0.05067506805062294,0.2531129717826843,0.006044954527169466,0.589098334312439,0.5902177095413208,-14.001381874084473,360000
4.135851860046387,792.9423217773438,792.9439697265625,792.940673828125,-803.2212524414062,-792.9718627929688,-12.173632621765137,1.9242421388626099,0.06239546835422516,0.03369070589542389,0.23713265359401703,0.007088487036526203,0.5905070900917053,0.5829505920410156,-13.816213607788086,361000
3.7554380893707275,793.696044921875,793.699951171875,793.6920776367188,-803.7176513671875,-793.7063598632812,-12.181154251098633,2.1698620319366455,0.05452090874314308,-0.08271960914134979,0.2410953789949417,0.006034631282091141,0.5788856148719788,0.6073304414749146,-14.586828231811523,362000
4.917087554931641,793.5062255859375,793.5068359375,793.505615234375,-803.7694091796875,-793.51953125,-12.395737648010254,2.1458451747894287,0.058329787105321884,-0.1832156926393509,0.23223909735679626,0.0067589725367724895,0.591238260269165,0.6106571555137634,-14.702629089355469,363000
5.537992477416992,794.002685546875,794.00341796875,794.001953125,-803.5009765625,-793.98828125,-11.617774963378906,2.105077028274536,0.05943666398525238,-0.022629108279943466,0.24087683856487274,0.009081319905817509,0.5428024530410767,0.5903713703155518,-14.101913452148438,364000
5.168729782104492,793.209228515625,793.20947265625,793.208984375,-802.980712890625,-793.1925048828125,-11.969400405883789,2.1811885833740234,0.05485205724835396,0.06218843534588814,0.25205832719802856,0.007455224171280861,0.5720690488815308,0.6009751558303833,-14.33650016784668,365000
4.614531517028809,794.0354614257812,794.0354614257812,794.0354614257812,-803.8773193359375,-794.0626220703125,-11.754531860351562,1.9398020505905151,0.062144264578819275,-0.00797337293624878,0.23113560676574707,0.006805399898439646,0.5595877170562744,0.5819770097732544,-13.756645202636719,366000
4.299461364746094,793.878173828125,793.878173828125,793.878173828125,-804.476318359375,-793.878662109375,-12.569389343261719,1.971756100654602,0.059946950525045395,-0.010521238669753075,0.23589308559894562,0.009717581793665886,0.6127745509147644,0.5870193243026733,-13.927906036376953,367000
4.7313127517700195,793.7720336914062,793.7725219726562,793.7715454101562,-804.1723022460938,-793.8335571289062,-12.537464141845703,2.198747396469116,0.05845450982451439,-0.06703486293554306,0.249398335814476,0.006239552982151508,0.6060749888420105,0.6043959259986877,-14.464507102966309,368000
3.932074546813965,795.0496826171875,795.050048828125,795.04931640625,-805.7252807617188,-795.0572509765625,-12.588693618774414,1.9206722974777222,0.05862272530794144,-0.1099114716053009,0.22965823113918304,0.0068186079151928425,0.6090751886367798,0.5963149666786194,-14.229366302490234,369000
4.646039962768555,794.89892578125,794.9010620117188,794.8968505859375,-805.0502319335938,-794.9185180664062,-12.10696029663086,1.9752343893051147,0.06201508641242981,0.03577450290322304,0.23870258033275604,0.007319665048271418,0.5823811292648315,0.5850664377212524,-13.827723503112793,370000
4.454488754272461,794.6199951171875,794.6213989257812,794.61865234375,-804.8416748046875,-794.6876220703125,-12.130430221557617,1.9763656854629517,0.058126870542764664,-0.05072548985481262,0.23321451246738434,0.007991675287485123,0.5795788764953613,0.5961049795150757,-14.123414993286133,371000
4.833884239196777,794.0220947265625,794.02490234375,794.0193481445312,-804.2898559570312,-794.05078125,-12.305167198181152,2.0660977363586426,0.056592438369989395,-0.037929024547338486,0.2398047298192978,0.00595787912607193,0.5935048460960388,0.5990554690361023,-14.23910903930664,372000
4.243668556213379,795.580322265625,795.6588745117188,795.5018310546875,-805.812255859375,-795.5250244140625,-12.229846954345703,1.9426078796386719,0.059766728430986404,-0.06844332069158554,0.21932649612426758,0.007042106706649065,0.5941271781921387,0.5971683263778687,-14.263458251953125,373000
4.4206390380859375,796.657470703125,796.65966796875,796.6553344726562,-806.8950805664062,-796.6766357421875,-12.279624938964844,2.061183452606201,0.05916152894496918,-0.03694107010960579,0.2387842983007431,0.007478746119886637,0.5940058827400208,0.5864585638046265,-13.959657669067383,374000
2445.3857421875,796.3095703125,796.3096923828125,796.3094482421875,-806.484619140625,-796.236083984375,-12.17062759399414,1.9221248626708984,0.0623260959982872,-0.017585551366209984,0.2389824539422989,0.009530377574265003,0.591225266456604,0.5771163105964661,-13.581352233886719,375000
4.737856388092041,796.3092041015625,796.3092041015625,796.3092041015625,-806.550537109375,-796.323974609375,-12.112176895141602,1.8856308460235596,0.06345638632774353,-0.012545222416520119,0.2237841784954071,0.0054204026237130165,0.5891590118408203,0.5830053091049194,-13.748512268066406,376000
5.101650238037109,796.8411865234375,796.8413696289062,796.8410034179688,-806.9769897460938,-796.7714233398438,-12.166264533996582,1.9606760740280151,0.060634907335042953,0.07173798233270645,0.23099178075790405,0.007443113252520561,0.5922462940216064,0.5766334533691406,-13.64734935760498,377000
5.199968338012695,797.4910888671875,797.4910888671875,797.4910278320312,-808.0248413085938,-797.4871215820312,-12.60889720916748,2.071153402328491,0.05792028829455376,0.039582476019859314,0.2394358515739441,0.00781888235360384,0.6123652458190918,0.5984187126159668,-14.34699821472168,378000
5.790892124176025,797.5275268554688,797.5275268554688,797.5275268554688,-807.8256225585938,-797.57275390625,-12.036202430725098,1.7833493947982788,0.06445454061031342,0.0010010692058131099,0.22105735540390015,0.011692540720105171,0.5817524194717407,0.5779319405555725,-13.759517669677734,379000
5.1847920417785645,797.4683227539062,797.4683227539062,797.4683227539062,-808.0237426757812,-797.5267944335938,-12.665152549743652,2.168215274810791,0.05720149725675583,-0.1308252364397049,0.2340136617422104,0.010268203914165497,0.6064766645431519,0.603103518486023,-14.555740356445312,380000
4.0266289710998535,798.2098388671875,798.2098388671875,798.2097778320312,-809.2947998046875,-798.2059326171875,-13.17519760131836,2.0863144397735596,0.06134939193725586,0.0351916179060936,0.24686791002750397,0.014501234516501427,0.6438601016998291,0.5867343544960022,-13.96670150756836,381000
2456.9912109375,798.2122802734375,798.2122802734375,798.2122192382812,-808.2769775390625,-798.1292724609375,-12.26819896697998,2.1204769611358643,0.05587941035628319,-0.03301159664988518,0.23976458609104156,0.008455615490674973,0.6006225347518921,0.577333927154541,-13.652000427246094,382000
2478.043212890625,798.1130981445312,798.1130981445312,798.1130981445312,-808.3225708007812,-798.0823974609375,-12.157804489135742,1.9175723791122437,0.056518930941820145,0.13999341428279877,0.22948773205280304,0.004695242270827293,0.5849968194961548,0.5841481685638428,-13.841607093811035,383000
4.457104682922363,797.937255859375,797.937255859375,797.937255859375,-808.908935546875,-797.9147338867188,-12.976444244384766,1.9822630882263184,0.06029710918664932,-0.03480345383286476,0.22870150208473206,0.00888749212026596,0.6327528953552246,0.5941252112388611,-14.148025512695312,384000
4.802652359008789,797.7932739257812,797.7932739257812,797.7932739257812,-808.51806640625,-797.75732421875,-12.837751388549805,2.0770022869110107,0.0586225651204586,0.012742850929498672,0.23786123096942902,0.01226481981575489,0.6268899440765381,0.5841846466064453,-13.887547492980957,385000
4.467703342437744,798.1817626953125,798.1817626953125,798.1817016601562,-808.5228271484375,-798.2047119140625,-12.31788444519043,1.9997352361679077,0.05895761027932167,-0.02284121885895729,0.23184026777744293,0.007691463455557823,0.591553807258606,0.5893454551696777,-14.01816177368164,386000
3.6548447608947754,798.5712280273438,798.5712890625,798.5711669921875,-808.7636108398438,-798.5308837890625,-12.161928176879883,1.9292105436325073,0.059539828449487686,0.06852559745311737,0.22769899666309357,0.006458936724811792,0.5958402156829834,0.5907869338989258,-13.95443058013916,387000
5.199380874633789,799.2098388671875,799.2098388671875,799.2098388671875,-809.015869140625,-799.2213745117188,-11.717476844787598,1.9229525327682495,0.061330121010541916,0.05136711150407791,0.23086556792259216,0.005687503144145012,0.5577456951141357,0.5789676904678345,-13.64881420135498,388000
4.456206321716309,799.3094482421875,799.3094482421875,799.3093872070312,-809.7610473632812,-799.2754516601562,-12.35611629486084,1.8705260753631592,0.05877285823225975,0.046900101006031036,0.22476772964000702,0.006797228008508682,0.5953617095947266,0.5796762108802795,-13.76704216003418,389000
2463.672119140625,799.2364501953125,799.2365112304688,799.2363891601562,-809.332763671875,-799.1549682617188,-12.00517749786377,1.8273770809173584,0.06180276721715927,0.08557018637657166,0.23252156376838684,0.008328288793563843,0.5837730169296265,0.5637936592102051,-13.263493537902832,390000
4.420883655548096,799.9852905273438,799.9852905273438,799.9852905273438,-810.1765747070312,-799.9097290039062,-12.295560836791992,2.028681516647339,0.058862362056970596,-0.08851549029350281,0.22529220581054688,0.007832487113773823,0.5892199277877808,0.6005895733833313,-14.320206642150879,391000
4.620604515075684,800.26904296875,800.26904296875,800.26904296875,-810.9496459960938,-800.2786865234375,-12.592645645141602,1.921697974205017,0.0645751953125,0.00952199101448059,0.23009724915027618,0.008138233795762062,0.6120637655258179,0.5801432728767395,-13.739553451538086,392000
3.6350607872009277,800.3395385742188,800.3395385742188,800.3395385742188,-810.4717407226562,-800.3584594726562,-12.1632080078125,2.0499484539031982,0.057656191289424896,-0.09711138904094696,0.2410137951374054,0.00503571517765522,0.584612250328064,0.6015979647636414,-14.283951759338379,393000
4.722279071807861,800.7032470703125,800.7044677734375,800.7019653320312,-810.4595947265625,-800.7181396484375,-11.655973434448242,1.9145172834396362,0.06224590167403221,-0.03583035618066788,0.2229161262512207,0.010518145747482777,0.5573633909225464,0.5857115983963013,-14.064705848693848,394000
3.6836957931518555,800.8143310546875,800.81494140625,800.813720703125,-810.8895874023438,-800.8064575195312,-12.237009048461914,2.1538403034210205,0.05565294250845909,-0.13487090170383453,0.22842565178871155,0.006449660751968622,0.5868637561798096,0.6081355810165405,-14.56930923461914,395000
4.571902751922607,800.7947998046875,800.7947998046875,800.7947387695312,-810.93701171875,-800.7695922851562,-12.193903923034668,2.0264816284179688,0.05890969559550285,-0.08522583544254303,0.23219823837280273,0.00785782840102911,0.5881170034408569,0.5873370170593262,-14.026105880737305,396000
4.629027843475342,801.3890380859375,801.3890380859375,801.3889770507812,-812.0526733398438,-801.3859252929688,-12.659088134765625,1.9923900365829468,0.06026865541934967,0.0278673954308033,0.22717705368995667,0.00960099883377552,0.6144694685935974,0.5912035703659058,-14.064735412597656,397000
5.413083553314209,800.5552368164062,800.5552978515625,800.55517578125,-810.4605102539062,-800.5795288085938,-11.780630111694336,1.899675726890564,0.06144165247678757,0.08580230921506882,0.22978875041007996,0.0065850461833179,0.5660305023193359,0.580496072769165,-13.741053581237793,398000
2471.979248046875,800.857177734375,800.8572387695312,800.857177734375,-810.695068359375,-800.8086547851562,-11.888800621032715,2.00240159034729,0.059093475341796875,-0.004456070251762867,0.23600678145885468,0.008845439180731773,0.5675367116928101,0.5845351219177246,-13.878210067749023,399000
4.271890163421631,800.6597900390625,800.6598510742188,800.6597900390625,-810.6860961914062,-800.626220703125,-12.008206367492676,1.9483157396316528,0.06084596365690231,-0.04459088668227196,0.22900088131427765,0.006778075359761715,0.5764609575271606,0.5930790901184082,-14.089733123779297,400000
4.45720100402832,800.9015502929688,800.901611328125,800.9014892578125,-811.0738525390625,-800.9141845703125,-12.02117919921875,1.8614826202392578,0.05812421441078186,0.0019780679140239954,0.22018975019454956,0.008286229334771633,0.5819597244262695,0.5834903717041016,-13.860420227050781,401000
2476.689697265625,801.72607421875,801.7261352539062,801.72607421875,-811.8805541992188,-801.692626953125,-12.0184965133667,1.8305668830871582,0.06157134473323822,-0.037904463708400726,0.2146844118833542,0.005331662483513355,0.5786557197570801,0.5866901874542236,-13.98318099975586,402000
4.111570358276367,802.7034912109375,802.7034912109375,802.7034301757812,-813.241943359375,-802.7173461914062,-12.531644821166992,2.0070388317108154,0.059936609119176865,-0.15674078464508057,0.22618819773197174,0.004959982819855213,0.6073116064071655,0.6049820184707642,-14.4557466506958,403000
5.037832260131836,802.3751220703125,802.3861083984375,802.3640747070312,-812.7194213867188,-802.3748779296875,-12.258890151977539,1.9143637418746948,0.05873532593250275,-0.004323197994381189,0.22892913222312927,0.006191197782754898,0.5959776639938354,0.5798513889312744,-13.700042724609375,404000
4.863034725189209,803.231689453125,803.2324829101562,803.2308959960938,-813.05322265625,-803.256103515625,-11.576305389404297,1.7791606187820435,0.06351358443498611,0.13215191662311554,0.21930940449237823,0.007738770917057991,0.5542771816253662,0.5822426080703735,-13.723095893859863,405000
4.121515274047852,803.31494140625,803.3150634765625,803.3148803710938,-813.04443359375,-803.31884765625,-11.795930862426758,2.0703907012939453,0.05811578035354614,-0.07533998042345047,0.23558242619037628,0.009531432762742043,0.5563145875930786,0.5892642736434937,-14.071367263793945,406000
4.872488498687744,803.5589599609375,803.5589599609375,803.5588989257812,-813.0428466796875,-803.5459594726562,-11.35714054107666,1.860255479812622,0.060156162828207016,-0.06588003784418106,0.22379712760448456,0.008437033742666245,0.5356539487838745,0.5932070016860962,-14.079465866088867,407000
4.371655464172363,802.91552734375,802.9155883789062,802.9154663085938,-813.4198608398438,-802.9168090820312,-12.601551055908203,2.0984933376312256,0.06043512001633644,-0.16171760857105255,0.2304343730211258,0.010239342227578163,0.6074191927909851,0.594725489616394,-14.289422988891602,408000
4.158466339111328,802.8316040039062,802.8329467773438,802.8302612304688,-812.3919067382812,-802.8494873046875,-11.64055061340332,2.0981695652008057,0.057564351707696915,-0.1247941255569458,0.23402033746242523,0.009542412124574184,0.5519599914550781,0.5987889766693115,-14.272086143493652,409000
4.747859477996826,804.0712280273438,804.0723876953125,804.070068359375,-813.8789672851562,-804.0791015625,-11.601950645446777,1.802071452140808,0.06233740597963333,0.0014591091312468052,0.21160855889320374,0.00721407774835825,0.5577011704444885,0.5807334184646606,-13.762438774108887,410000
4.938423156738281,803.6175537109375,803.6179809570312,803.6170654296875,-814.1412963867188,-803.6582641601562,-12.471162796020508,1.9881649017333984,0.05735568329691887,0.05530218034982681,0.2303754836320877,0.008455239236354828,0.6081369519233704,0.5863712430000305,-13.95368766784668,411000
4.209014892578125,804.1328125,804.133056640625,804.132568359375,-814.1836547851562,-804.1754150390625,-11.898900985717773,1.8906694650650024,0.060225341469049454,0.03623943030834198,0.2276444435119629,0.010597076267004013,0.5762912631034851,0.5700329542160034,-13.47662353515625,412000
4.612724781036377,804.8521728515625,804.8538208007812,804.8505859375,-814.1489868164062,-804.8771362304688,-11.093135833740234,1.8212989568710327,0.05947085842490196,0.036391083151102066,0.21072161197662354,0.010906877927482128,0.521964430809021,0.5845568180084229,-13.996224403381348,413000
4.3954081535339355,804.7509155273438,804.7515869140625,804.750244140625,-814.382568359375,-804.7761840820312,-11.633722305297852,2.027329921722412,0.05788834020495415,-0.05074240639805794,0.23472629487514496,0.006884277798235416,0.5515799522399902,0.5874297022819519,-13.918559074401855,414000
2500.441650390625,804.3070068359375,804.30859375,804.3054809570312,-814.474365234375,-804.2669677734375,-12.029500961303711,1.8221114873886108,0.060214560478925705,-0.032974258065223694,0.22104904055595398,0.007396823260933161,0.578936755657196,0.5891718864440918,-14.006795883178711,415000
3.5718302726745605,805.231689453125,805.2431640625,805.22021484375,-814.8720703125,-805.2517700195312,-11.431913375854492,1.811557650566101,0.06361042708158493,-0.06490793079137802,0.20679008960723877,0.011883003637194633,0.5399289131164551,0.5888646841049194,-14.016836166381836,416000
5.045780181884766,804.261474609375,804.2640991210938,804.2588500976562,-813.726806640625,-804.19384765625,-11.506729125976562,1.973753809928894,0.0583169050514698,-0.0826231986284256,0.2291795015335083,0.009816756471991539,0.5445736646652222,0.5999062061309814,-14.320978164672852,417000
5.393677234649658,804.5822143554688,804.5843505859375,804.580078125,-814.185546875,-804.6367797851562,-11.458019256591797,1.9092200994491577,0.05909692496061325,0.14365749061107635,0.22612790763378143,0.007649239152669907,0.5465060472488403,0.5747507214546204,-13.539395332336426,418000
4.390556812286377,805.317626953125,805.3180541992188,805.3171997070312,-815.4254150390625,-805.3242797851562,-11.88546371459961,1.7842963933944702,0.059317026287317276,0.06505909562110901,0.2105545550584793,0.0070867836475372314,0.5725415945053101,0.581782877445221,-13.738012313842773,419000
3.4472551345825195,806.0948486328125,806.0953369140625,806.0943603515625,-816.3869018554688,-806.1387329101562,-12.108870506286621,1.860736608505249,0.060643646866083145,-0.022090770304203033,0.21678411960601807,0.0076202997006475925,0.5853103995323181,0.5868598222732544,-13.932191848754883,420000
5.042885780334473,806.3171997070312,806.3171997070312,806.3171997070312,-816.6373901367188,-806.283203125,-12.231118202209473,1.8769276142120361,0.06157468259334564,-0.0023701870813965797,0.22587577998638153,0.007393609266728163,0.5952466726303101,0.5817303657531738,-13.785988807678223,421000
4.801424980163574,805.76513671875,805.76708984375,805.76318359375,-815.9071655273438,-805.8026123046875,-12.12592601776123,2.0213327407836914,0.05961719527840614,-0.0077759153209626675,0.2356221228837967,0.007145894691348076,0.5820695161819458,0.5830044150352478,-13.759292602539062,422000
4.570438385009766,805.9263305664062,805.9265747070312,805.9260864257812,-816.5502319335938,-805.9273681640625,-12.501665115356445,1.8788142204284668,0.05817984789609909,-0.07506411522626877,0.21418029069900513,0.00990186259150505,0.6065666079521179,0.5938339829444885,-14.243574142456055,423000
3.6915321350097656,807.3231201171875,807.3246459960938,807.321533203125,-817.362060546875,-807.3442993164062,-11.810090065002441,1.7923738956451416,0.06270548701286316,-0.04962317645549774,0.21475322544574738,0.006505754776299,0.5676209926605225,0.5888631343841553,-13.987652778625488,424000
4.746025085449219,807.5735473632812,807.5738525390625,807.5732421875,-817.74072265625,-807.5995483398438,-11.922185897827148,1.7809933423995972,0.05925462022423744,-0.048416782170534134,0.21643875539302826,0.007623364217579365,0.5770895481109619,0.5795556306838989,-13.834491729736328,425000
4.321681499481201,808.4131469726562,808.4132690429688,808.4130249023438,-818.4324340820312,-808.3914794921875,-11.814786911010742,1.7738217115402222,0.06108490005135536,0.040525082498788834,0.2093181312084198,0.005676874425262213,0.5710644125938416,0.57634437084198,-13.612939834594727,426000
6.364128112792969,808.7119140625,808.73681640625,808.68701171875,-818.8414916992188,-808.6468505859375,-12.06109619140625,1.8664456605911255,0.058521661907434464,0.04506325349211693,0.2232995331287384,0.006426258012652397,0.5873873233795166,0.5866698026657104,-13.94744873046875,427000
4.243705749511719,808.7312622070312,808.731689453125,808.7308349609375,-818.4168701171875,-808.765869140625,-11.368879318237305,1.7178701162338257,0.06254929304122925,0.08183754235506058,0.21180833876132965,0.007934905588626862,0.5459041595458984,0.574486494064331,-13.5671968460083,428000
3.7064664363861084,809.16943359375,809.1700439453125,809.1688232421875,-818.9302978515625,-809.204833984375,-11.56202507019043,1.8365201950073242,0.06111464649438858,-0.0633954256772995,0.21448837220668793,0.007941894233226776,0.5534759759902954,0.5860539078712463,-13.928637504577637,429000
4.318098068237305,809.8353271484375,809.8353881835938,809.835205078125,-820.5440063476562,-809.79736328125,-12.635198593139648,1.8885301351547241,0.062413908541202545,0.003933944273740053,0.2186158448457718,0.006699369288980961,0.6109426021575928,0.5960750579833984,-14.245401382446289,430000
5.3168840408325195,809.0125122070312,809.0125122070312,809.0125122070312,-819.42236328125,-809.027587890625,-12.358631134033203,1.9638828039169312,0.05813003331422806,0.05881723761558533,0.2319740355014801,0.007097890600562096,0.5972107648849487,0.5845412015914917,-13.901205062866211,431000
2546.646484375,809.4208984375,809.4208984375,809.4208984375,-819.6900024414062,-809.4330444335938,-12.31039810180664,2.0534441471099854,0.05719972401857376,-0.042576856911182404,0.22181428968906403,0.0076217143796384335,0.5909295678138733,0.59892737865448,-14.433799743652344,432000
4.313356399536133,809.1500244140625,809.1500244140625,809.1500244140625,-819.52001953125,-809.2205810546875,-12.071290969848633,1.7718536853790283,0.060220908373594284,-0.00025573972379788756,0.21699117124080658,0.007440447807312012,0.58901047706604,0.5693389773368835,-13.313204765319824,433000
5.032660484313965,810.2744140625,810.2744140625,810.2744140625,-820.7205810546875,-810.2637329101562,-12.334003448486328,1.8771624565124512,0.059069838374853134,-0.03480440378189087,0.2137001007795334,0.006222122348845005,0.5935046672821045,0.5910195708274841,-14.062833786010742,434000
4.613262176513672,810.14404296875,810.14404296875,810.14404296875,-820.7112426757812,-810.1556396484375,-12.41265869140625,1.857073426246643,0.05881791561841965,0.07546179741621017,0.21761265397071838,0.007399062160402536,0.6082776188850403,0.5765383243560791,-13.510104179382324,435000
2551.072509765625,810.5701904296875,810.5701904296875,810.5701293945312,-821.19970703125,-810.4934692382812,-12.624600410461426,1.918307900428772,0.059021614491939545,-0.047507863491773605,0.2144772857427597,0.005628850776702166,0.6142011284828186,0.5971723794937134,-14.224656105041504,436000
4.179130554199219,810.921142578125,810.9212036132812,810.921142578125,-821.55029296875,-810.96728515625,-12.477628707885742,1.8946011066436768,0.06142132356762886,-0.1328059881925583,0.20954202115535736,0.008681466802954674,0.6045607924461365,0.5935955047607422,-14.23124885559082,437000
3.8517441749572754,811.025146484375,811.025146484375,811.025146484375,-821.1697998046875,-811.0095825195312,-12.0560884475708,1.8958631753921509,0.05967656895518303,-0.05705094709992409,0.2259487360715866,0.004342211410403252,0.5808916091918945,0.5905715227127075,-13.966880798339844,438000
4.207283973693848,811.5447998046875,811.5447998046875,811.5447998046875,-821.9791259765625,-811.5653686523438,-12.181742668151855,1.7680069208145142,0.05867038667201996,-0.036022257059812546,0.21072134375572205,0.0047103893011808395,0.5878143310546875,0.5928240418434143,-14.016216278076172,439000
4.177650451660156,811.5240478515625,811.5240478515625,811.5240478515625,-821.6139526367188,-811.5559692382812,-11.742696762084961,1.684707522392273,0.0628705769777298,0.014725843444466591,0.2085336297750473,0.004832427017390728,0.5647215843200684,0.5803885459899902,-13.774982452392578,440000
4.2047319412231445,811.955810546875,811.9577026367188,811.9539184570312,-823.044921875,-811.9592895507812,-12.900053977966309,1.8143819570541382,0.06473346799612045,-0.008810648694634438,0.21545369923114777,0.009861977770924568,0.6375234127044678,0.5829857587814331,-13.858577728271484,441000
4.801151275634766,811.43017578125,811.4302978515625,811.4301147460938,-822.6505737304688,-811.4597778320312,-13.046561241149902,1.8557809591293335,0.05817257612943649,0.05731755867600441,0.2273760437965393,0.01262754574418068,0.6498411297798157,0.5728964805603027,-13.475273132324219,442000
3.0394177436828613,811.6349487304688,811.6350708007812,811.6348266601562,-822.3591918945312,-811.6458129882812,-12.753937721252441,2.0406126976013184,0.05400490015745163,-0.03927168622612953,0.22325702011585236,0.0060009583830833435,0.6180334091186523,0.6056548357009888,-14.410029411315918,443000
2544.97021484375,812.3209838867188,812.3211059570312,812.3208618164062,-822.63525390625,-812.301513671875,-11.935543060302734,1.6018104553222656,0.06320354342460632,0.06255082041025162,0.20291419327259064,0.007099791429936886,0.5785962343215942,0.5695002675056458,-13.408021926879883,444000
5098.4072265625,812.4248657226562,812.4249267578125,812.4248046875,-823.3078002929688,-812.3395385742188,-12.699759483337402,1.7315070629119873,0.06253208220005035,-0.017517201602458954,0.20191481709480286,0.006919819861650467,0.622146725654602,0.5910568237304688,-14.023907661437988,445000
2549.920654296875,813.5643920898438,813.5643920898438,813.5643920898438,-824.6226196289062,-813.5765991210938,-12.874255180358887,1.828257441520691,0.058720823377370834,0.049254801124334335,0.21634067595005035,0.008211765438318253,0.6341971755027771,0.5947332978248596,-14.093029022216797,446000
4.027962684631348,812.8798828125,812.8798828125,812.8798217773438,-823.398193359375,-812.913330078125,-12.406229019165039,1.9214141368865967,0.05861585959792137,-0.09219250082969666,0.21916495263576508,0.0049735973589122295,0.5985239744186401,0.5982598066329956,-14.27419662475586,447000
5.304042339324951,813.0055541992188,813.0055541992188,813.0055541992188,-823.1395874023438,-813.0367431640625,-11.973590850830078,1.8707531690597534,0.0597400888800621,-0.01415579579770565,0.21542753279209137,0.008355545811355114,0.575430691242218,0.5946635007858276,-14.086195945739746,448000
3.339042901992798,813.7639770507812,813.7639770507812,813.7639770507812,-823.8307495117188,-813.7879638671875,-11.718637466430664,1.6758151054382324,0.061778727918863297,-0.03047793358564377,0.20367029309272766,0.006055326201021671,0.5714020729064941,0.5751929879188538,-13.551468849182129,449000
2566.717041015625,814.6376953125,814.6377563476562,814.6376342773438,-824.7344970703125,-814.5939331054688,-11.887293815612793,1.746710181236267,0.06369780004024506,0.040582817047834396,0.20788557827472687,0.0076830736361444,0.5743647813796997,0.580531120300293,-13.701300621032715,450000
2557.790771484375,814.0440063476562,814.044677734375,814.0433349609375,-823.9367065429688,-813.9940185546875,-11.801145553588867,1.8584519624710083,0.05858257785439491,0.0876626968383789,0.22442775964736938,0.008665704168379307,0.572843611240387,0.5842208862304688,-13.795709609985352,451000
3.7269067764282227,813.8070068359375,813.8079833984375,813.8060302734375,-824.2916259765625,-813.7858276367188,-12.416431427001953,1.910618543624878,0.05866002291440964,-0.024724533781409264,0.21309275925159454,0.009542947635054588,0.6013012528419495,0.593519389629364,-14.124017715454102,452000
4.098512172698975,814.0044555664062,814.0054931640625,814.00341796875,-824.4996337890625,-813.9968872070312,-12.221382141113281,1.7186014652252197,0.05967476963996887,-0.04643196985125542,0.2054058164358139,0.005221514962613583,0.5924826860427856,0.5941861867904663,-14.09242057800293,453000
4.544973850250244,814.4857177734375,814.4869384765625,814.4844360351562,-825.2244873046875,-814.4838256835938,-12.49038028717041,1.7497137784957886,0.06236206740140915,-0.026264052838087082,0.2050352841615677,0.00695895915850997,0.6126711368560791,0.5903856158256531,-14.001285552978516,454000
4.567050457000732,815.4901123046875,815.4902954101562,815.4899291992188,-825.6094360351562,-815.5240478515625,-11.718416213989258,1.6330565214157104,0.06494025886058807,0.03675370663404465,0.2023041844367981,0.008980324491858482,0.5654698014259338,0.572746992111206,-13.46664810180664,455000
5.159958362579346,814.953125,814.9531860351562,814.953125,-825.2220458984375,-814.966552734375,-12.138787269592285,1.883293867111206,0.056748226284980774,0.07858830690383911,0.22316837310791016,0.0078944843262434,0.5957344770431519,0.5821771621704102,-13.799436569213867,456000
4.925601005554199,815.118896484375,815.1189575195312,815.118896484375,-825.4569091796875,-815.1136474609375,-12.12587833404541,1.78258216381073,0.05955543369054794,-0.0025313531514257193,0.20796753466129303,0.008696747943758965,0.5975087285041809,0.5783975720405579,-13.684698104858398,457000
3.780979633331299,815.354248046875,815.3543090820312,815.354248046875,-825.8401489257812,-815.35302734375,-12.320222854614258,1.8331446647644043,0.061640359461307526,-0.04578930884599686,0.2114018350839615,0.0055888439528644085,0.6023925542831421,0.5908641815185547,-14.035981178283691,458000
2560.969482421875,815.7084350585938,815.7102661132812,815.7066040039062,-826.0274047851562,-815.6591796875,-12.140474319458008,1.772298812866211,0.06467030942440033,0.022536449134349823,0.21674619615077972,0.009107306599617004,0.5940837860107422,0.5760217905044556,-13.585646629333496,459000
2567.031005859375,815.9260864257812,815.9267578125,815.9254150390625,-826.7747802734375,-815.8514404296875,-12.80224609375,1.8788888454437256,0.05935908854007721,-0.09543415904045105,0.21097451448440552,0.008137372322380543,0.6210736632347107,0.5933626294136047,-14.216512680053711,460000
4.132012367248535,815.7562255859375,815.75634765625,815.7561645507812,-826.6204833984375,-815.7799682617188,-12.6765718460083,1.836087942123413,0.06322211772203445,0.020830759778618813,0.21498306095600128,0.012600050307810307,0.6231853365898132,0.5722469687461853,-13.495125770568848,461000
4.783872127532959,816.0643310546875,816.0643920898438,816.064208984375,-826.7440795898438,-816.0770263671875,-12.39720630645752,1.7301796674728394,0.06258482486009598,-0.01566159725189209,0.21131636202335358,0.011480811983346939,0.6122498512268066,0.5724326372146606,-13.566648483276367,462000
3.675621509552002,816.3834228515625,816.3836669921875,816.3832397460938,-826.3731079101562,-816.36767578125,-11.69333267211914,1.6879504919052124,0.06371428072452545,0.012248069979250431,0.19853799045085907,0.006523593328893185,0.5648174285888672,0.575096845626831,-13.536270141601562,463000
2571.626220703125,816.7015380859375,816.7017211914062,816.7013549804688,-826.9839477539062,-816.6591796875,-12.09244155883789,1.767680287361145,0.0621185302734375,0.060175810009241104,0.20770378410816193,0.009301727637648582,0.5916886329650879,0.586313009262085,-13.85738754272461,464000
4.118539810180664,816.7491455078125,816.7491455078125,816.7491455078125,-826.684326171875,-816.7398681640625,-11.657503128051758,1.7130897045135498,0.06179681792855263,0.027311883866786957,0.20392219722270966,0.005630812142044306,0.5635181665420532,0.5792806148529053,-13.611197471618652,465000
3.7260594367980957,817.978515625,817.97900390625,817.97802734375,-828.7408447265625,-817.9837646484375,-12.560750007629395,1.803670048713684,0.058302078396081924,-0.11454823613166809,0.19641771912574768,0.003967880271375179,0.6097849607467651,0.6005492806434631,-14.235254287719727,466000
3.6680362224578857,818.5166015625,818.51708984375,818.5161743164062,-829.4625854492188,-818.5399169921875,-12.71333122253418,1.7906438112258911,0.05798940360546112,-0.04478706791996956,0.19855225086212158,0.009090141393244267,0.6150644421577454,0.5982139110565186,-14.291290283203125,467000
2583.478271484375,818.5703125,818.5704956054688,818.5701904296875,-829.1785888671875,-818.552490234375,-12.466217994689941,1.8401386737823486,0.059157345443964005,-0.012361452914774418,0.2116660475730896,0.006262602284550667,0.6141470074653625,0.5874575972557068,-13.86805248260498,468000
4.153235912322998,819.3399658203125,819.3401489257812,819.3397827148438,-829.4537963867188,-819.37060546875,-11.743402481079102,1.6602272987365723,0.06268298625946045,0.035225361585617065,0.2032129168510437,0.005929010920226574,0.5686466693878174,0.5721778273582458,-13.375301361083984,469000
5.536056995391846,818.854736328125,818.854736328125,818.8546752929688,-828.8526611328125,-818.8690185546875,-11.755783081054688,1.7721810340881348,0.05689968913793564,-0.0167711079120636,0.20506396889686584,0.007564542815089226,0.561608076095581,0.5932930707931519,-14.063497543334961,470000
4.131739616394043,819.755615234375,819.7564086914062,819.7548828125,-829.55126953125,-819.7989501953125,-11.424261093139648,1.6719605922698975,0.06305338442325592,-0.007459436543285847,0.1979619860649109,0.008421887643635273,0.5541203022003174,0.5660536289215088,-13.365760803222656,471000
3.56695818901062,820.7994384765625,820.7999877929688,820.7989501953125,-831.5916137695312,-820.7630004882812,-12.501190185546875,1.672516107559204,0.057100165635347366,-0.07779967039823532,0.1963161826133728,0.005589895881712437,0.6026367545127869,0.603226363658905,-14.381035804748535,472000
6.335348606109619,819.85693359375,819.8577880859375,819.8560791015625,-831.0692749023438,-819.7993774414062,-13.078747749328613,1.808834433555603,0.06223229691386223,0.04330109432339668,0.2120790183544159,0.01212158054113388,0.6533160209655762,0.5826318264007568,-13.715950012207031,473000
3.792616367340088,821.0482177734375,821.04833984375,821.048095703125,-832.0694580078125,-821.0484619140625,-12.761669158935547,1.7406673431396484,0.05958070605993271,0.0671912208199501,0.20132344961166382,0.00805266760289669,0.6232762336730957,0.5811505317687988,-13.656549453735352,474000
4.520066261291504,821.812744140625,821.81591796875,821.8096313476562,-832.7033081054688,-821.852783203125,-12.574649810791016,1.724133014678955,0.0628114864230156,0.030682120472192764,0.20378337800502777,0.005991833284497261,0.6143026947975159,0.5881658792495728,-13.920414924621582,475000
5224.41845703125,821.3507080078125,821.3508911132812,821.3505859375,-831.821044921875,-821.2769775390625,-12.2905855178833,1.7465200424194336,0.06245020031929016,-0.058353208005428314,0.2070392519235611,0.006429280154407024,0.6061711311340332,0.576761782169342,-13.650070190429688,476000
4.087893009185791,820.9789428710938,820.9791259765625,820.978759765625,-831.8023681640625,-821.0174560546875,-12.694974899291992,1.910010814666748,0.06307942420244217,-0.10340321809053421,0.21098606288433075,0.006269190460443497,0.6139296293258667,0.6002782583236694,-14.321810722351074,477000
3.6490366458892822,821.085693359375,821.085693359375,821.0856323242188,-832.0403442382812,-821.0840454101562,-12.788641929626465,1.8323129415512085,0.05760107561945915,0.03753114491701126,0.21157750487327576,0.008125116117298603,0.6238978505134583,0.591476559638977,-13.991462707519531,478000
4.710793495178223,820.867431640625,820.8674926757812,820.8673706054688,-831.30712890625,-820.8699951171875,-12.013136863708496,1.5760174989700317,0.06423620134592056,-0.029357198625802994,0.19559884071350098,0.007021540310233831,0.5854771137237549,0.576552152633667,-13.549530029296875,479000
3.530954360961914,821.8171997070312,821.8173828125,821.8170166015625,-831.7687377929688,-821.7938842773438,-11.748353958129883,1.7734792232513428,0.06308846920728683,-0.017016666010022163,0.2035527378320694,0.0077674235217273235,0.5670793056488037,0.5843625068664551,-13.789755821228027,480000
4.351263999938965,821.8963623046875,821.896484375,821.8963012695312,-832.0825805664062,-821.8922729492188,-11.888856887817383,1.6985360383987427,0.06576313823461533,0.049456484615802765,0.20280954241752625,0.006086201872676611,0.5795061588287354,0.5854261517524719,-13.784932136535645,481000
4.236248016357422,822.2684326171875,822.2685546875,822.2682495117188,-832.30224609375,-822.2574462890625,-11.688339233398438,1.6435524225234985,0.0668320581316948,-0.06253188103437424,0.18971839547157288,0.006655776407569647,0.5639915466308594,0.5777983665466309,-13.68893051147461,482000
3.9913430213928223,822.9928588867188,822.992919921875,822.9927978515625,-833.455810546875,-823.015625,-12.110740661621094,1.6705150604248047,0.061640769243240356,0.016965901479125023,0.19771896302700043,0.0069976793602108955,0.5941071510314941,0.5778722763061523,-13.635093688964844,483000
2608.7373046875,822.7847290039062,822.7847290039062,822.7847290039062,-832.2017211914062,-822.77197265625,-11.203508377075195,1.7737609148025513,0.06124358996748924,0.13956281542778015,0.22251896560192108,0.011529220268130302,0.537684977054596,0.5698793530464172,-13.386409759521484,484000
4.574178695678711,823.064453125,823.064453125,823.0643920898438,-833.4964599609375,-823.0941162109375,-12.106317520141602,1.703996181488037,0.061086829751729965,0.008113090880215168,0.19710806012153625,0.008147803135216236,0.5863393545150757,0.5813581347465515,-13.691948890686035,485000
4.748317241668701,823.8720703125,823.8720703125,823.8720092773438,-834.1826782226562,-823.8616333007812,-11.834980964660645,1.513925313949585,0.06979759782552719,0.05032336339354515,0.1859179586172104,0.009308784268796444,0.5810079574584961,0.5553567409515381,-12.936594009399414,486000
4.803691864013672,823.512939453125,823.512939453125,823.5128784179688,-833.3670654296875,-823.5617065429688,-11.447327613830566,1.6419932842254639,0.06215821951627731,-0.01347160805016756,0.19960522651672363,0.007660402916371822,0.5533552169799805,0.5769184827804565,-13.579071998596191,487000
4.408266067504883,824.38525390625,824.3853149414062,824.38525390625,-835.2123413085938,-824.4177856445312,-12.440476417541504,1.6459344625473022,0.06552771478891373,-0.012088734656572342,0.19425742328166962,0.006393296178430319,0.6070988774299622,0.5872933268547058,-13.853422164916992,488000
5.167122840881348,825.17431640625,825.1743774414062,825.1742553710938,-835.2055053710938,-825.1780395507812,-11.598699569702148,1.5711987018585205,0.06462521106004715,0.1039799302816391,0.1906619817018509,0.0058015938848257065,0.5581325888633728,0.5764932632446289,-13.529809951782227,489000
4.341169357299805,824.9278564453125,824.9278564453125,824.9277954101562,-834.3950805664062,-824.9517822265625,-11.123645782470703,1.6803878545761108,0.06454803049564362,0.0417633019387722,0.19717732071876526,0.005592061206698418,0.5393790006637573,0.5804456472396851,-13.677430152893066,490000
3.7658016681671143,825.38525390625,825.3853149414062,825.38525390625,-834.9730224609375,-825.4187622070312,-11.301713943481445,1.747426152229309,0.06075361743569374,-0.025002384558320045,0.20354917645454407,0.00952447671443224,0.5418224334716797,0.5905016660690308,-13.984065055847168,491000
4.068262577056885,824.7794189453125,824.7794799804688,824.7794189453125,-833.9735717773438,-824.8081665039062,-10.883110046386719,1.7177345752716064,0.06613141298294067,0.03060396946966648,0.20560011267662048,0.009091987274587154,0.5147280693054199,0.5736759901046753,-13.475927352905273,492000
3.840116024017334,824.4676513671875,824.4676513671875,824.4675903320312,-834.0836181640625,-824.4340209960938,-11.244616508483887,1.5950188636779785,0.06368328630924225,0.1209888607263565,0.19969935715198517,0.01143097598105669,0.5420534014701843,0.5616240501403809,-13.098052978515625,493000
4.130433559417725,825.5067138671875,825.5067138671875,825.5066528320312,-834.875732421875,-825.50732421875,-10.862234115600586,1.4938589334487915,0.06343517452478409,0.0974053218960762,0.18723714351654053,0.00884978473186493,0.5199891328811646,0.5734513401985168,-13.465227127075195,494000
2628.922607421875,825.47705078125,825.4784545898438,825.4756469726562,-835.3067626953125,-825.445068359375,-11.553914070129395,1.6922192573547363,0.06343524903059006,0.019497742876410484,0.19601985812187195,0.010168416425585747,0.5542819499969482,0.5781576633453369,-13.67825698852539,495000
4.7141642570495605,825.6109619140625,825.6116333007812,825.6102905273438,-835.6965942382812,-825.572265625,-11.962138175964355,1.837841272354126,0.06308948248624802,-0.0688130185008049,0.20283229649066925,0.013234342448413372,0.575630784034729,0.5712067484855652,-13.428703308105469,496000
4.329516887664795,826.0870361328125,826.0870971679688,826.0870361328125,-835.5567626953125,-826.08154296875,-11.15455150604248,1.6793110370635986,0.0582619272172451,-0.025598682463169098,0.19404596090316772,0.008397094905376434,0.5335848927497864,0.5797067284584045,-13.641304016113281,497000
4.546390533447266,825.8208618164062,825.82275390625,825.8189697265625,-836.1322021484375,-825.858154296875,-11.94468879699707,1.67067289352417,0.05974617972970009,-0.03729667887091637,0.19397403299808502,0.008245239965617657,0.5850626230239868,0.5743104219436646,-13.611928939819336,498000
2632.26123046875,826.162353515625,826.1627197265625,826.1619873046875,-836.2369995117188,-826.1087646484375,-11.797893524169922,1.6696803569793701,0.062386393547058105,0.07282902300357819,0.20263276994228363,0.006474933587014675,0.574604868888855,0.5711894035339355,-13.41424560546875,499000
3.3279619216918945,826.2536010742188,826.254150390625,826.2530517578125,-836.1347045898438,-826.2639770507812,-11.627461433410645,1.7567015886306763,0.060814592987298965,-0.033831823617219925,0.20480461418628693,0.005947510711848736,0.569230854511261,0.5849670767784119,-13.72044563293457,500000
