critic/q_loss,critic/q_mean,critic/q_max,critic/q_min,actor/total_loss,actor/q_loss,actor/bc_loss,actor/entropy_loss,actor/mse,beta/beta_loss,beta/beta,step
452.5390625,-0.01119971927255392,0.09357224404811859,-0.108396515250206,-1.5354366302490234,-0.16842180490493774,9.694526672363281,-11.061541557312012,0.37805336713790894,19.372241973876953,0.9997000694274902,0
20.432783126831055,59.623931884765625,59.624000549316406,59.623497009277344,-65.56385803222656,-59.639503479003906,-8.783468246459961,2.859114646911621,0.08001250773668289,3.636610507965088,0.7993690967559814,1000
9.998420715332031,86.57462310791016,86.57679748535156,86.57243347167969,-93.67330169677734,-86.60647583007812,-11.497024536132812,4.430200099945068,0.06660998612642288,1.4886441230773926,0.6973758339881897,2000
11.340385437011719,108.06005859375,108.06304168701172,108.05707550048828,-115.36284637451172,-108.05401611328125,-12.950151443481445,5.641315937042236,0.058846067637205124,-0.12396551668643951,0.6497190594673157,3000
233.73074340820312,126.02775573730469,126.02855682373047,126.02693939208984,-133.35691833496094,-125.9827880859375,-12.81049633026123,5.436371803283691,0.061588969081640244,0.32089149951934814,0.6430482268333435,4000
8.862614631652832,142.01580810546875,142.01675415039062,142.0148468017578,-149.8643341064453,-142.06631469726562,-13.928506851196289,6.130494117736816,0.058825865387916565,-0.22551222145557404,0.6680733561515808,5000
9.012116432189941,156.66201782226562,156.6663360595703,156.6577606201172,-164.56719970703125,-156.62620544433594,-14.083232879638672,6.142250061035156,0.059418413788080215,-0.35386621952056885,0.6895837187767029,6000
13.495570182800293,169.64495849609375,169.64508056640625,169.64483642578125,-177.31431579589844,-169.68167114257812,-13.531442642211914,5.8988037109375,0.06043463572859764,0.14927755296230316,0.7099589109420776,7000
9.100896835327148,181.7952880859375,181.7952880859375,181.79525756835938,-189.5797882080078,-181.7884063720703,-13.877519607543945,6.086130142211914,0.06051111966371536,-0.25016316771507263,0.7111603021621704,8000
12.631028175354004,192.92599487304688,192.92599487304688,192.9259796142578,-200.46458435058594,-192.88279724121094,-13.769865989685059,6.188085556030273,0.06015454977750778,0.05023936182260513,0.7257745862007141,9000
14.925530433654785,202.97821044921875,202.97853088378906,202.9779052734375,-210.20101928710938,-202.98309326171875,-14.077634811401367,6.859705924987793,0.05706916004419327,-0.1963905394077301,0.7349474430084229,10000
13.89340591430664,212.73419189453125,212.74285888671875,212.7255096435547,-220.07693481445312,-212.64492797851562,-13.722648620605469,6.290655612945557,0.061432383954524994,0.5275952816009521,0.7444484829902649,11000
9.968650817871094,221.42758178710938,221.4620361328125,221.39315795898438,-228.8778076171875,-221.3832550048828,-13.766435623168945,6.27187967300415,0.060312747955322266,0.3325788080692291,0.740753710269928,12000
211.18409729003906,228.86685180664062,228.87017822265625,228.86351013183594,-236.56051635742188,-228.7955322265625,-14.085693359375,6.320704936981201,0.05939079821109772,-0.02664715237915516,0.750280499458313,13000
13.592988967895508,236.32852172851562,236.3379669189453,236.31910705566406,-243.91114807128906,-236.265869140625,-14.401358604431152,6.756068229675293,0.05561375617980957,0.0017685879720374942,0.7598592042922974,14000
237.02151489257812,242.62600708007812,242.63177490234375,242.62025451660156,-250.20538330078125,-242.60244750976562,-14.218786239624023,6.615848541259766,0.06256265938282013,0.005191790405660868,0.7672865986824036,15000
15.929366111755371,248.79757690429688,248.81576538085938,248.77940368652344,-256.3742370605469,-248.7477569580078,-14.253275871276855,6.626791477203369,0.056285809725522995,-0.037112120538949966,0.7674834132194519,16000
14.071741104125977,254.99325561523438,254.9946746826172,254.99179077148438,-262.4876708984375,-255.04052734375,-13.597146034240723,6.150000095367432,0.05897948890924454,0.356098473072052,0.7699063420295715,17000
14.879907608032227,260.0858154296875,260.0881042480469,260.0835266113281,-267.9388122558594,-260.1614074707031,-13.237282752990723,5.459857940673828,0.06328490376472473,0.7308194041252136,0.773277223110199,18000
276.3297119140625,265.160888671875,265.165283203125,265.1564636230469,-272.6539306640625,-265.1238708496094,-13.95687484741211,6.426819324493408,0.0581493005156517,0.49754902720451355,0.7837677597999573,19000
15.606977462768555,269.2652587890625,269.30889892578125,269.22161865234375,-276.8944396972656,-269.22064208984375,-14.134979248046875,6.461178302764893,0.0583953931927681,-0.32596850395202637,0.7835934162139893,20000
16.208799362182617,273.32257080078125,273.4425048828125,273.20263671875,-280.498779296875,-273.233642578125,-13.649031639099121,6.383887767791748,0.06118520721793175,0.39500749111175537,0.7905963659286499,21000
18.18927001953125,276.88629150390625,276.8879089355469,276.8846740722656,-284.3798828125,-276.89715576171875,-14.213422775268555,6.730667591094971,0.05781318247318268,0.13510997593402863,0.7899481058120728,22000
16.535011291503906,279.95831298828125,279.979248046875,279.9374084472656,-287.4177551269531,-279.96282958984375,-14.10952377319336,6.654594898223877,0.05648920685052872,0.10031270235776901,0.8001295924186707,23000
16.85056495666504,283.4728088378906,283.4975280761719,283.4480895996094,-290.895751953125,-283.4661560058594,-14.42717170715332,6.997583866119385,0.05648818239569664,-0.16996319591999054,0.7984785437583923,24000
14.623985290527344,285.97198486328125,285.9768981933594,285.967041015625,-293.1958923339844,-286.00250244140625,-13.724225997924805,6.530820846557617,0.0589522048830986,0.3096575140953064,0.7976171374320984,25000
16.31501579284668,288.4419860839844,288.5227966308594,288.3611755371094,-296.0015563964844,-288.3625793457031,-14.80064582824707,7.161668300628662,0.05402621254324913,-0.3613736033439636,0.7980384826660156,26000
16.621212005615234,291.0931396484375,291.0931701660156,291.0931091308594,-298.60107421875,-291.067138671875,-14.533357620239258,6.999410152435303,0.05547348037362099,-0.08693613857030869,0.8057343363761902,27000
15.001733779907227,293.57733154296875,293.57757568359375,293.5771179199219,-301.007080078125,-293.56134033203125,-13.845061302185059,6.399329662322998,0.05896366387605667,0.4928017854690552,0.8051102161407471,28000
17.511268615722656,295.278076171875,295.3703918457031,295.185791015625,-302.66168212890625,-295.1712341308594,-14.218496322631836,6.728061199188232,0.059137336909770966,0.300094336271286,0.8065705299377441,29000
18.128129959106445,297.0941162109375,297.1719055175781,297.01629638671875,-304.44287109375,-297.0567321777344,-14.165245056152344,6.779115200042725,0.057037584483623505,0.10130710899829865,0.8104953765869141,30000
22.210895538330078,298.4614562988281,298.5088195800781,298.4140930175781,-306.0123596191406,-298.40301513671875,-14.625102996826172,7.01575231552124,0.05741173028945923,-0.17585276067256927,0.8138207793235779,31000
17.825424194335938,300.0914306640625,300.20953369140625,299.9733581542969,-307.44964599609375,-300.0125732421875,-14.101219177246094,6.664150714874268,0.06060722470283508,0.2066643387079239,0.8091440200805664,32000
361.9542236328125,301.88421630859375,301.8845520019531,301.8838806152344,-309.10711669921875,-301.8306579589844,-13.854466438293457,6.578001499176025,0.060077156871557236,0.6436855792999268,0.8177096843719482,33000
18.027666091918945,302.98583984375,303.029541015625,302.942138671875,-310.5380859375,-302.96612548828125,-14.52128791809082,6.949349403381348,0.05860292911529541,-0.43524858355522156,0.8138526082038879,34000
15.845014572143555,304.41693115234375,304.4196472167969,304.4142150878906,-311.91357421875,-304.3747253417969,-13.945204734802246,6.406343460083008,0.05827828124165535,-0.12417151033878326,0.8116374015808105,35000
14.136348724365234,304.8610534667969,304.8956604003906,304.8264465332031,-311.8871154785156,-304.8152770996094,-14.135126113891602,7.063288688659668,0.057194843888282776,0.12553629279136658,0.8131462931632996,36000
20.3073787689209,305.8134765625,305.8134765625,305.8134765625,-313.24713134765625,-305.7767028808594,-14.637252807617188,7.166798114776611,0.05628914758563042,-0.14008750021457672,0.8194640874862671,37000
18.23175811767578,306.40081787109375,306.4064025878906,306.3952331542969,-313.8025817871094,-306.43548583984375,-14.565483093261719,7.198395252227783,0.056204549968242645,-0.08337793499231339,0.8233304619789124,38000
18.75784683227539,307.34942626953125,307.34954833984375,307.34930419921875,-314.5746765136719,-307.3754577636719,-13.71888542175293,6.519647598266602,0.06170523911714554,0.7342433333396912,0.8258897662162781,39000
13.649336814880371,307.8474426269531,307.85504150390625,307.83984375,-315.06573486328125,-307.8743591308594,-14.23007583618164,7.038692474365234,0.05486459657549858,0.10913319885730743,0.8233359456062317,40000
12.954668998718262,308.28125,308.2821044921875,308.2803649902344,-315.68865966796875,-308.3335266113281,-14.17106819152832,6.8159565925598145,0.05556362122297287,0.08823522180318832,0.8220359086990356,41000
19.19400405883789,308.95452880859375,308.9557800292969,308.9532470703125,-316.3505554199219,-308.97064208984375,-15.084038734436035,7.7041401863098145,0.05613008514046669,-0.5183864831924438,0.8283119797706604,42000
21.513458251953125,309.16143798828125,309.1634521484375,309.1593933105469,-316.5787658691406,-309.15057373046875,-14.533320426940918,7.105142593383789,0.05795244500041008,0.12137237191200256,0.8310635685920715,43000
17.70291519165039,309.588623046875,309.6263427734375,309.5509338378906,-317.1293640136719,-309.5648498535156,-14.915939331054688,7.351406574249268,0.055987484753131866,-0.27480489015579224,0.832602858543396,44000
19.921794891357422,310.1355895996094,310.1356201171875,310.13555908203125,-317.5965881347656,-310.1036071777344,-15.178022384643555,7.685037612915039,0.054426535964012146,-0.40468400716781616,0.8337163329124451,45000
18.778697967529297,310.59600830078125,310.59613037109375,310.5958557128906,-318.002685546875,-310.5804138183594,-14.8958740234375,7.473605155944824,0.054293688386678696,-0.43965524435043335,0.8292359709739685,46000
17.841358184814453,310.4845886230469,310.4866027832031,310.4825744628906,-317.72210693359375,-310.4541320800781,-14.418109893798828,7.150142192840576,0.055066727101802826,-0.11220921576023102,0.8302750587463379,47000
20.340103149414062,310.81732177734375,310.8226318359375,310.8120422363281,-318.3087158203125,-310.7456970214844,-15.294841766357422,7.731822490692139,0.053965117782354355,-0.9950190782546997,0.8400699496269226,48000
21.160886764526367,311.11297607421875,311.15179443359375,311.0741882324219,-318.6375732421875,-311.0179138183594,-14.724401473999023,7.104732036590576,0.056416723877191544,-0.48404595255851746,0.832409143447876,49000
17.80752944946289,311.0048828125,311.007568359375,311.0021667480469,-318.3907165527344,-310.968017578125,-14.904792785644531,7.482091426849365,0.05521869286894798,-0.5712155103683472,0.8327491283416748,50000
20.630149841308594,311.57867431640625,311.58306884765625,311.5743103027344,-319.0305480957031,-311.56475830078125,-14.566840171813965,7.101044178009033,0.05746157839894295,-0.1417686492204666,0.8366075158119202,51000
398.04290771484375,310.6279296875,311.84674072265625,-309.19451904296875,-316.9659729003906,-309.41387939453125,-14.6400146484375,7.087919235229492,0.05601063743233681,-0.047739606350660324,0.8336381912231445,52000
19.114459991455078,311.75421142578125,311.7543640136719,311.7540283203125,-319.2698669433594,-311.7603759765625,-14.300762176513672,6.79127311706543,0.05717809125781059,0.595747709274292,0.8406262397766113,53000
21.27340316772461,312.03729248046875,312.0613708496094,312.01324462890625,-319.21343994140625,-312.0139465332031,-14.296463012695312,7.096987724304199,0.05602065846323967,0.7119518518447876,0.839063286781311,54000
18.629352569580078,311.69189453125,311.69195556640625,311.6918640136719,-319.43450927734375,-311.7500915527344,-14.424209594726562,6.739821434020996,0.05682716891169548,-0.32932502031326294,0.8385146856307983,55000
19.381595611572266,311.5604553222656,311.574462890625,311.54644775390625,-318.8866271972656,-311.5642395019531,-14.264739990234375,6.942343235015869,0.061731331050395966,0.13175998628139496,0.837479293346405,56000
19.05724334716797,311.65875244140625,311.6610412597656,311.656494140625,-319.0419006347656,-311.71844482421875,-14.51894760131836,7.195501804351807,0.056140925735235214,-0.038622692227363586,0.8386993408203125,57000
21.713497161865234,311.7837219238281,311.78973388671875,311.7777099609375,-319.026611328125,-311.81451416015625,-14.425230026245117,7.213138103485107,0.05955781787633896,-0.2877313494682312,0.8390541076660156,58000
23.03276824951172,311.26959228515625,311.282470703125,311.2567138671875,-318.7037048339844,-311.28192138671875,-14.608603477478027,7.186831951141357,0.05797770619392395,-0.06305433809757233,0.8386524319648743,59000
17.964149475097656,311.38494873046875,311.3909606933594,311.37890625,-318.8330993652344,-311.4022521972656,-14.936847686767578,7.506020545959473,0.05295848101377487,-0.38960495591163635,0.8434550166130066,60000
18.825115203857422,311.48443603515625,311.48614501953125,311.4827575683594,-319.1445617675781,-311.4734191894531,-14.555834770202637,6.88469934463501,0.0557844303548336,0.23586946725845337,0.8387166261672974,61000
1485.32177734375,311.2010498046875,311.2011413574219,311.20098876953125,-318.1956481933594,-311.12261962890625,-14.234329223632812,7.161277770996094,0.05609295889735222,0.2098442167043686,0.841622531414032,62000
21.76250648498535,310.87255859375,310.8755798339844,310.8695068359375,-318.48211669921875,-310.84478759765625,-14.676607131958008,7.039290904998779,0.05785667151212692,-0.10183118283748627,0.839787483215332,63000
19.78951644897461,310.3236083984375,310.4138488769531,310.2333679199219,-317.9727783203125,-310.3116455078125,-14.813835144042969,7.15271520614624,0.05829652026295662,-0.414128839969635,0.8389266133308411,64000
22.625167846679688,310.7715148925781,310.7775573730469,310.7654724121094,-318.1749267578125,-310.7705078125,-14.250329971313477,6.845917224884033,0.056737273931503296,0.27660098671913147,0.844562828540802,65000
23.024757385253906,310.16546630859375,310.1661376953125,310.1648254394531,-317.5462951660156,-310.1956481933594,-14.875165939331055,7.524493217468262,0.054204974323511124,-0.4402749240398407,0.8422899842262268,66000
17.030942916870117,309.8468017578125,309.849853515625,309.84375,-317.490478515625,-309.8965148925781,-14.490442276000977,6.89647912979126,0.05586819350719452,0.029674608260393143,0.838963508605957,67000
783.129150390625,308.8092041015625,310.029296875,-307.0341796875,-315.04583740234375,-307.56451416015625,-14.435957908630371,6.954620361328125,0.05877712741494179,0.22677390277385712,0.8457639217376709,68000
24.164566040039062,309.11767578125,309.1187744140625,309.1165466308594,-316.5207824707031,-309.1171569824219,-14.534847259521484,7.131214618682861,0.057410597801208496,-0.07113704830408096,0.8501158356666565,69000
381.012939453125,309.0452880859375,309.0791015625,309.0115051269531,-316.3600158691406,-308.9783935546875,-14.91696834564209,7.535328388214111,0.06002270430326462,-0.0029968894086778164,0.8522353172302246,70000
19.150856018066406,308.6959228515625,308.6983337402344,308.6935119628906,-315.8480529785156,-308.68670654296875,-14.367645263671875,7.206296920776367,0.05661461129784584,0.1328655630350113,0.8456414937973022,71000
21.901769638061523,308.40863037109375,308.43505859375,308.3822021484375,-316.1228332519531,-308.3961181640625,-14.452138900756836,6.725447654724121,0.06076338142156601,0.05352436751127243,0.8418905735015869,72000
18.61517906188965,308.0103454589844,308.01800537109375,308.002685546875,-315.39141845703125,-307.97705078125,-15.121466636657715,7.707095146179199,0.05469426512718201,-0.6813275814056396,0.8423057794570923,73000
19.30272102355957,308.16998291015625,308.18133544921875,308.15863037109375,-315.3019104003906,-308.1921691894531,-13.774978637695312,6.665241241455078,0.058808907866477966,0.6097801327705383,0.842309832572937,74000
23.561237335205078,308.1334228515625,308.13775634765625,308.1291198730469,-315.44586181640625,-308.1670227050781,-13.975513458251953,6.696674823760986,0.05879855155944824,0.5077072978019714,0.8399032354354858,75000
23.653472900390625,307.51763916015625,307.5177307128906,307.5175476074219,-314.87347412109375,-307.4865417480469,-14.635086059570312,7.248170852661133,0.057182177901268005,0.015614230185747147,0.850357711315155,76000
19.951908111572266,307.3526611328125,307.3609619140625,307.3443298339844,-314.8426208496094,-307.4033203125,-15.223134994506836,7.783852577209473,0.051456231623888016,-0.48595890402793884,0.846927285194397,77000
26.032604217529297,306.77423095703125,306.7757263183594,306.772705078125,-314.0118103027344,-306.8249206542969,-14.767364501953125,7.580482006072998,0.052826397120952606,-0.3903694152832031,0.8529441356658936,78000
19.92877960205078,306.7576599121094,306.7583923339844,306.7569274902344,-313.94549560546875,-306.81219482421875,-13.793682098388672,6.660372257232666,0.0592181421816349,0.5236173272132874,0.8505326509475708,79000
22.382835388183594,305.7768249511719,305.77740478515625,305.7762451171875,-312.9880676269531,-305.7557067871094,-14.233785629272461,7.001443862915039,0.05773649364709854,0.23647825419902802,0.8515870571136475,80000
21.17181396484375,305.65057373046875,305.6600646972656,305.64111328125,-312.7405090332031,-305.6142272949219,-14.813058853149414,7.686769485473633,0.05486322566866875,-0.3182215094566345,0.8534818887710571,81000
21.14877700805664,305.4593505859375,305.460205078125,305.4585266113281,-312.8460693359375,-305.4341125488281,-15.155137062072754,7.743195533752441,0.05668577179312706,-0.4397795796394348,0.8517117500305176,82000
21.621414184570312,305.05877685546875,305.0724792480469,305.04510498046875,-312.5809020996094,-305.1011047363281,-13.826542854309082,6.34674596786499,0.05777468532323837,0.48417773842811584,0.8525407910346985,83000
21.751495361328125,304.377197265625,304.45343017578125,304.3009948730469,-311.7044677734375,-304.3291015625,-14.470185279846191,7.094823837280273,0.053832896053791046,0.045424606651067734,0.8531680107116699,84000
22.7562313079834,304.78887939453125,304.7940368652344,304.78375244140625,-311.9135437011719,-304.81121826171875,-14.322677612304688,7.220372676849365,0.05606701970100403,-0.03495943173766136,0.851837158203125,85000
20.215068817138672,304.59320068359375,304.5990295410156,304.58740234375,-311.8120422363281,-304.5708312988281,-14.525300979614258,7.284085273742676,0.05724726989865303,-0.01123541034758091,0.8486832976341248,86000
23.743257522583008,303.71484375,303.7757263183594,303.6539306640625,-311.1759948730469,-303.65301513671875,-15.503442764282227,7.98047399520874,0.05286592245101929,-1.1782084703445435,0.8534790277481079,87000
28.690994262695312,303.15179443359375,303.1524353027344,303.1511535644531,-310.6431579589844,-303.1301574707031,-15.48961067199707,7.976621627807617,0.05371541529893875,-0.8520845770835876,0.8561615943908691,88000
21.10235595703125,302.91888427734375,302.9189453125,302.9188537597656,-310.0837097167969,-302.9163513183594,-14.514389038085938,7.3470072746276855,0.05590731278061867,0.03888782858848572,0.8536059856414795,89000
23.20156478881836,302.7135314941406,302.714111328125,302.71295166015625,-310.0747375488281,-302.73773193359375,-14.661897659301758,7.324888229370117,0.05684060975909233,0.008852791041135788,0.858848512172699,90000
25.822704315185547,302.1651611328125,302.19793701171875,302.1324157714844,-309.2596740722656,-302.1749572753906,-13.934133529663086,6.849416255950928,0.06149831786751747,0.807021975517273,0.8582932353019714,91000
26.2318115234375,302.453857421875,302.48394775390625,302.4237976074219,-309.9991455078125,-302.40606689453125,-14.979677200317383,7.386589050292969,0.05626147240400314,-0.13574814796447754,0.8550909757614136,92000
2114.94873046875,300.89459228515625,302.0674743652344,-298.4422912597656,-307.1386413574219,-299.64178466796875,-14.010780334472656,6.513920783996582,0.05962703004479408,0.31648197770118713,0.8521667718887329,93000
23.28499984741211,301.9886474609375,301.98992919921875,301.9873352050781,-309.3032531738281,-301.973388671875,-14.629804611206055,7.2999138832092285,0.05808652192354202,-0.12347684800624847,0.8582623600959778,94000
22.40744400024414,301.1649169921875,301.1777038574219,301.152099609375,-308.4092712402344,-301.203369140625,-13.709146499633789,6.503246784210205,0.06047100946307182,0.8026874661445618,0.857327401638031,95000
22.110027313232422,300.9715576171875,300.9720458984375,300.9710693359375,-308.1618347167969,-300.9781799316406,-14.412826538085938,7.229142189025879,0.0574025884270668,0.062118031084537506,0.8553035855293274,96000
25.322288513183594,300.8212890625,300.8712158203125,300.7713623046875,-308.0140380859375,-300.767578125,-14.865531921386719,7.619067192077637,0.05520947650074959,-0.17967191338539124,0.8610000014305115,97000
24.97879981994629,300.29498291015625,300.2955322265625,300.2944030761719,-307.9197692871094,-300.2672424316406,-14.691326141357422,7.038791656494141,0.05830298736691475,-0.19914935529232025,0.8562257289886475,98000
26.033720016479492,300.2717590332031,300.2723388671875,300.27117919921875,-307.62738037109375,-300.2777099609375,-14.346763610839844,6.9971137046813965,0.05693688616156578,0.1504584550857544,0.8569371700286865,99000
23.16870880126953,299.27691650390625,299.2775573730469,299.27630615234375,-306.8179016113281,-299.2627258300781,-14.167425155639648,6.612245559692383,0.05656086653470993,0.44625499844551086,0.8601428866386414,100000
22.666149139404297,299.38201904296875,299.3919677734375,299.3721008300781,-306.7616271972656,-299.33245849609375,-15.007248878479004,7.578084945678711,0.0541011206805706,-0.6036787629127502,0.8562426567077637,101000
22.20348358154297,299.14703369140625,299.1488342285156,299.1452331542969,-306.4660339355469,-299.19964599609375,-14.851442337036133,7.585041522979736,0.055478647351264954,-0.1553400307893753,0.8583810925483704,102000
20.416908264160156,299.011962890625,299.01287841796875,299.0110778808594,-306.53460693359375,-299.0112609863281,-14.629730224609375,7.106390953063965,0.05847841128706932,0.01971489004790783,0.8574029803276062,103000
22.36464500427246,298.8724365234375,298.87249755859375,298.8724060058594,-305.93548583984375,-298.8793640136719,-14.454023361206055,7.397880554199219,0.057868842035532,0.2089991271495819,0.8575429320335388,104000
23.895069122314453,298.6098937988281,298.614501953125,298.60528564453125,-305.7071228027344,-298.6203308105469,-14.909173965454102,7.822375297546387,0.05436897277832031,-0.05840277299284935,0.8611809611320496,105000
21.481975555419922,298.319580078125,298.3328552246094,298.3063049316406,-305.40203857421875,-298.35205078125,-14.177642822265625,7.127659797668457,0.05522925406694412,0.517832338809967,0.8600372076034546,106000
21.88627815246582,298.349609375,298.3810119628906,298.3182373046875,-305.433837890625,-298.28875732421875,-14.675681114196777,7.5306172370910645,0.057620465755462646,-0.018409814685583115,0.858646810054779,107000
366.1391906738281,297.72528076171875,297.728759765625,297.7218017578125,-305.068115234375,-297.66766357421875,-14.079505920410156,6.679056167602539,0.06181371957063675,0.41222068667411804,0.8570421934127808,108000
24.879547119140625,297.38397216796875,297.4181213378906,297.349853515625,-304.6557312011719,-297.3670349121094,-14.310176849365234,7.021470546722412,0.05905945226550102,0.35403764247894287,0.858909547328949,109000
22.935155868530273,297.3905029296875,297.3910827636719,297.3899230957031,-304.9151916503906,-297.40460205078125,-14.97558879852295,7.4650068283081055,0.056897424161434174,-0.4145069122314453,0.8594871163368225,110000
24.578842163085938,297.1708984375,297.1739807128906,297.1678466796875,-304.68560791015625,-297.099609375,-15.092187881469727,7.506195545196533,0.05867089703679085,-0.272810697555542,0.8600926399230957,111000
24.446590423583984,297.0836181640625,297.08367919921875,297.08355712890625,-304.9199523925781,-297.0753479003906,-15.582174301147461,7.737578868865967,0.05481651797890663,-0.796052098274231,0.862312912940979,112000
22.386138916015625,296.99237060546875,297.0093994140625,296.9753723144531,-304.3404541015625,-296.96234130859375,-14.818475723266602,7.440362453460693,0.05444866791367531,-0.07931322604417801,0.8607082962989807,113000
28.35012435913086,296.40802001953125,296.40936279296875,296.4067077636719,-303.8634948730469,-296.4093933105469,-15.311912536621094,7.8578057289123535,0.05324883386492729,-0.3344539403915405,0.8603307604789734,114000
21.134632110595703,295.91876220703125,295.91888427734375,295.91864013671875,-303.42071533203125,-295.9459228515625,-14.606761932373047,7.131969451904297,0.05766889080405235,-0.07527192682027817,0.864169716835022,115000
22.823837280273438,295.9536437988281,295.9551086425781,295.9521789550781,-303.2137451171875,-295.97637939453125,-14.818666458129883,7.581288814544678,0.057321272790431976,-0.15563912689685822,0.8614049553871155,116000
22.166248321533203,296.18963623046875,296.21990966796875,296.15936279296875,-303.7205810546875,-296.13671875,-14.768780708312988,7.1849188804626465,0.056649334728717804,-0.41595950722694397,0.855660080909729,117000
23.225833892822266,295.69708251953125,295.69921875,295.6949462890625,-302.99945068359375,-295.7133483886719,-14.378422737121582,7.092327117919922,0.0579063817858696,0.5886464715003967,0.8665072917938232,118000
24.157459259033203,295.3263854980469,295.3263854980469,295.3263854980469,-302.6555480957031,-295.3367004394531,-14.128376007080078,6.809552192687988,0.05733940377831459,0.5358455181121826,0.8627925515174866,119000
27.24268913269043,295.2257080078125,295.22784423828125,295.2236022949219,-302.4254455566406,-295.2723083496094,-14.739689826965332,7.586541652679443,0.05811372399330139,-0.4050137996673584,0.8666707277297974,120000
24.893936157226562,294.83990478515625,294.96624755859375,294.7135925292969,-301.9851379394531,-294.6914978027344,-14.889723777770996,7.596068382263184,0.057758089154958725,-0.5292612910270691,0.8618385195732117,121000
23.736675262451172,294.7627258300781,294.7627868652344,294.7626647949219,-301.99249267578125,-294.8155517578125,-13.78762149810791,6.610694408416748,0.05712788179516792,0.8417440056800842,0.8621859550476074,122000
24.268024444580078,294.167724609375,294.2770690917969,294.058349609375,-301.266845703125,-294.0562438964844,-13.787050247192383,6.576441764831543,0.057229183614254,0.8949095606803894,0.8629998564720154,123000
346.668701171875,294.2767028808594,294.277099609375,294.27630615234375,-301.68548583984375,-294.2669677734375,-14.64163589477539,7.223125457763672,0.05738244578242302,-0.1638989895582199,0.8666567206382751,124000
26.564712524414062,293.56817626953125,293.5760803222656,293.560302734375,-301.22198486328125,-293.50482177734375,-14.890083312988281,7.1729254722595215,0.057647109031677246,-0.6191595196723938,0.8639287948608398,125000
20.370994567871094,293.88665771484375,293.99871826171875,293.7745666503906,-301.2185974121094,-293.6976623535156,-14.812387466430664,7.291446685791016,0.05925501137971878,-0.15287689864635468,0.8577596545219421,126000
24.816165924072266,293.73419189453125,293.7375793457031,293.7308044433594,-301.0759582519531,-293.74639892578125,-15.089597702026367,7.760042190551758,0.05570166930556297,-0.15676210820674896,0.862392783164978,127000
27.46806526184082,293.63958740234375,293.63995361328125,293.6391906738281,-300.7174072265625,-293.6098327636719,-15.395952224731445,8.28840160369873,0.0524931401014328,-0.45756539702415466,0.8649207353591919,128000
27.631526947021484,293.3043212890625,293.4232482910156,293.18536376953125,-300.3583679199219,-293.17254638671875,-14.603315353393555,7.417479515075684,0.05769961327314377,-0.10086048394441605,0.8588268160820007,129000
22.871864318847656,293.2604675292969,293.2644348144531,293.2565002441406,-300.5450134277344,-293.25946044921875,-14.532825469970703,7.247298717498779,0.0550210103392601,0.06584586203098297,0.8613826632499695,130000
25.24497413635254,293.526611328125,293.5274963378906,293.5257568359375,-300.9477844238281,-293.530029296875,-14.318111419677734,6.900355339050293,0.060187626630067825,0.15810008347034454,0.8677898645401001,131000
23.059646606445312,292.7998046875,292.8034362792969,292.79620361328125,-299.8116760253906,-292.7313232421875,-14.733407974243164,7.653059005737305,0.0562412403523922,-0.33070576190948486,0.8667336106300354,132000
26.041961669921875,292.96795654296875,292.96893310546875,292.9669494628906,-300.4021911621094,-292.9481506347656,-15.32258129119873,7.868527889251709,0.05262748897075653,-0.6024124622344971,0.8620507121086121,133000
23.507381439208984,292.0801696777344,292.0802307128906,292.0801086425781,-299.40521240234375,-292.12548828125,-13.606050491333008,6.326326370239258,0.05980293080210686,0.770355224609375,0.8655142188072205,134000
24.376976013183594,292.3747253417969,292.3751220703125,292.37432861328125,-300.16876220703125,-292.3791198730469,-15.35600471496582,7.566375255584717,0.0567268505692482,-0.5869109630584717,0.8597191572189331,135000
23.789997100830078,292.1186828613281,292.118896484375,292.11846923828125,-299.4215393066406,-292.1059875488281,-14.79354476928711,7.478000164031982,0.056567829102277756,-0.35179299116134644,0.8649533987045288,136000
23.728300094604492,292.0931091308594,292.1054992675781,292.0807189941406,-299.54376220703125,-292.070556640625,-15.577404022216797,8.104187965393066,0.05547260493040085,-1.014081358909607,0.8634418249130249,137000
23.67844581604004,291.76239013671875,291.7688903808594,291.75592041015625,-298.85546875,-291.77886962890625,-14.932168960571289,7.855565547943115,0.05279415473341942,-0.021158235147595406,0.8673568367958069,138000
28.315624237060547,291.1773986816406,291.17926025390625,291.175537109375,-298.4748840332031,-291.1365966796875,-15.48254108428955,8.144244194030762,0.05462202429771423,-0.8812662959098816,0.8666114211082458,139000
26.736597061157227,290.844970703125,290.845458984375,290.844482421875,-298.0590515136719,-290.8595275878906,-15.384302139282227,8.184775352478027,0.05409497767686844,-0.47628745436668396,0.8683740496635437,140000
27.060657501220703,291.00299072265625,291.0033874511719,291.0025634765625,-298.5238952636719,-291.0293884277344,-14.397886276245117,6.903378486633301,0.05728170648217201,-0.0839264914393425,0.8637392520904541,141000
345.0767517089844,290.7077331542969,290.7326354980469,290.6828308105469,-298.2424011230469,-290.6563415527344,-14.808511734008789,7.2224531173706055,0.05884341523051262,0.07189834117889404,0.8658618927001953,142000
25.583600997924805,290.1280517578125,290.15240478515625,290.1037292480469,-297.3597106933594,-290.10321044921875,-14.576458930969238,7.319954872131348,0.055862102657556534,0.16247186064720154,0.869480311870575,143000
23.083547592163086,290.60369873046875,290.6181640625,290.5892333984375,-297.7549133300781,-290.5706481933594,-14.68260383605957,7.49836540222168,0.056897107511758804,0.023236151784658432,0.8683350086212158,144000
27.7547607421875,290.1590576171875,290.1598205566406,290.15826416015625,-297.409912109375,-290.185302734375,-13.938812255859375,6.714210033416748,0.06101160869002342,0.6427900791168213,0.8692712187767029,145000
27.868091583251953,289.84466552734375,289.94378662109375,289.7455749511719,-297.0176696777344,-289.72021484375,-14.471099853515625,7.173631191253662,0.06130555272102356,0.19742847979068756,0.864104688167572,146000
653.2095336914062,289.9093017578125,289.9208679199219,289.89776611328125,-297.27032470703125,-289.8917541503906,-14.042464256286621,6.663893222808838,0.05807017162442207,0.5602203607559204,0.8688334822654724,147000
25.808544158935547,290.026123046875,290.06134033203125,289.9908752441406,-297.27728271484375,-289.97808837890625,-14.569887161254883,7.270695209503174,0.05876250937581062,-0.027972187846899033,0.8689689040184021,148000
28.755300521850586,289.6766357421875,289.679443359375,289.6737976074219,-297.138427734375,-289.73834228515625,-14.1343355178833,6.7342400550842285,0.06063130497932434,0.3527805209159851,0.8700947165489197,149000
23.197528839111328,289.7334899902344,289.7472229003906,289.7197570800781,-296.8694152832031,-289.67572021484375,-13.605084419250488,6.411375999450684,0.059278566390275955,1.11790931224823,0.8641799688339233,150000
25.113510131835938,289.4613037109375,289.4627685546875,289.4598388671875,-297.0318298339844,-289.4500427246094,-15.404394149780273,7.822589874267578,0.05307001993060112,-0.7029045820236206,0.8661441206932068,151000
29.115787506103516,289.2095947265625,289.21234130859375,289.2068176269531,-296.36083984375,-289.1695556640625,-14.182162284851074,6.990864276885986,0.05813056603074074,0.3395633101463318,0.8708171248435974,152000
30.247007369995117,289.70263671875,289.70404052734375,289.7012023925781,-297.202392578125,-289.6940612792969,-14.080635070800781,6.572284698486328,0.059511564671993256,0.32824793457984924,0.8704208135604858,153000
24.647682189941406,289.38861083984375,289.3949890136719,289.3822021484375,-296.766357421875,-289.3876647949219,-14.044593811035156,6.665884017944336,0.058668166399002075,0.5437635779380798,0.8733899593353271,154000
23.13266372680664,289.750244140625,289.7868347167969,289.713623046875,-296.9154052734375,-289.7553405761719,-13.519351959228516,6.359289169311523,0.061324890702962875,0.8307228684425354,0.8675177693367004,155000
23.525402069091797,288.91265869140625,288.9145202636719,288.9107666015625,-296.23089599609375,-288.8899841308594,-14.336729049682617,6.995833396911621,0.059953443706035614,0.15927451848983765,0.8705505728721619,156000
23.591041564941406,289.18902587890625,289.1910095214844,289.18707275390625,-296.4402770996094,-289.1943054199219,-13.71496295928955,6.469000339508057,0.059059761464595795,0.6503822207450867,0.8665000200271606,157000
24.195903778076172,288.84637451171875,288.9196472167969,288.7730712890625,-296.0738525390625,-288.72137451171875,-14.874552726745605,7.522054672241211,0.05821114033460617,0.03797271102666855,0.871578574180603,158000
23.876628875732422,288.6002197265625,288.6003112792969,288.60009765625,-295.8949279785156,-288.6201477050781,-13.627143859863281,6.352358341217041,0.060402434319257736,0.7646147608757019,0.8717650175094604,159000
22.981786727905273,288.41827392578125,288.44818115234375,288.3883361816406,-295.8419189453125,-288.35833740234375,-14.96030330657959,7.476714611053467,0.05527866631746292,-0.0387151762843132,0.8693771958351135,160000
25.976139068603516,287.99237060546875,288.0066223144531,287.9781188964844,-295.533447265625,-288.0432434082031,-14.022705078125,6.532499313354492,0.05917602404952049,0.8407673835754395,0.8709091544151306,161000
336.3577880859375,287.95556640625,287.95587158203125,287.9552917480469,-295.02349853515625,-287.9163513183594,-14.304584503173828,7.197440147399902,0.058225639164447784,0.45002955198287964,0.8645710349082947,162000
31.998580932617188,288.1514892578125,288.15191650390625,288.15106201171875,-295.5056457519531,-288.1718444824219,-15.306941986083984,7.97313928604126,0.053238462656736374,-0.8841935992240906,0.8703734874725342,163000
24.595247268676758,287.58941650390625,287.58978271484375,287.5890808105469,-294.89031982421875,-287.6265563964844,-13.746597290039062,6.4828386306762695,0.05843381956219673,0.8915512561798096,0.8725388646125793,164000
23.76616668701172,287.7425537109375,287.74542236328125,287.7397155761719,-295.0285949707031,-287.7315979003906,-14.928175926208496,7.63115119934082,0.054488375782966614,-0.44646137952804565,0.863531231880188,165000
27.509601593017578,287.15057373046875,287.1517333984375,287.1493835449219,-294.49957275390625,-287.22320556640625,-14.435102462768555,7.158709526062012,0.05849238857626915,0.06630057096481323,0.872663140296936,166000
23.75811767578125,287.2946472167969,287.2957458496094,287.2935485839844,-294.4621276855469,-287.2816162109375,-14.065062522888184,6.884555339813232,0.05802862346172333,0.33584100008010864,0.8750516176223755,167000
29.51824188232422,287.298583984375,287.29876708984375,287.29840087890625,-294.83447265625,-287.28125,-14.476129531860352,6.922903060913086,0.0587107352912426,0.26205965876579285,0.8647623658180237,168000
33.2197265625,286.8598327636719,286.9176025390625,286.80206298828125,-294.105224609375,-286.8194274902344,-15.097795486450195,7.812015533447266,0.05285200849175453,-0.3708474040031433,0.8718339204788208,169000
23.224767684936523,287.1231994628906,287.1299743652344,287.1164245605469,-294.621337890625,-287.1494445800781,-14.741659164428711,7.2697601318359375,0.05922742560505867,-0.01057581976056099,0.8755954504013062,170000
22.446928024291992,286.4388732910156,286.4395446777344,286.4382019042969,-293.64471435546875,-286.3995666503906,-14.748193740844727,7.503039836883545,0.0559677816927433,-9.027474879985675e-05,0.8728876113891602,171000
25.435705184936523,286.1591796875,286.16253662109375,286.1557922363281,-293.3254699707031,-286.175048828125,-14.673956871032715,7.523540019989014,0.05736331641674042,0.11587367951869965,0.870294451713562,172000
24.03713607788086,286.15521240234375,286.15533447265625,286.1550598144531,-293.4853210449219,-286.1399230957031,-15.051258087158203,7.705874919891357,0.05512750893831253,-0.4234800338745117,0.8711656928062439,173000
24.24042510986328,285.9144592285156,285.9189453125,285.90997314453125,-293.1901550292969,-285.91900634765625,-14.625438690185547,7.354281902313232,0.056103285402059555,-0.03204704448580742,0.8709604144096375,174000
24.60969352722168,285.9608154296875,285.96173095703125,285.9598693847656,-293.3581237792969,-286.0086975097656,-14.411177635192871,7.061731815338135,0.05929098278284073,0.4309924244880676,0.8750720620155334,175000
26.48172950744629,285.4358825683594,285.4359436035156,285.4358215332031,-292.84967041015625,-285.4366760253906,-15.16372299194336,7.750739097595215,0.055317044258117676,-0.32194027304649353,0.8716790080070496,176000
31.210426330566406,285.4892578125,285.48992919921875,285.4885559082031,-292.8727722167969,-285.4461975097656,-15.631914138793945,8.205349922180176,0.05318017676472664,-0.7182607650756836,0.8753630518913269,177000
26.988380432128906,285.28900146484375,285.2901611328125,285.2878723144531,-292.4967346191406,-285.3135986328125,-14.4890775680542,7.305947303771973,0.05716190114617348,-0.04676417261362076,0.8727221488952637,178000
23.45406723022461,285.548583984375,285.54901123046875,285.54815673828125,-292.8212585449219,-285.52496337890625,-14.443520545959473,7.147216796875,0.05773225426673889,0.19498121738433838,0.874704122543335,179000
25.582603454589844,285.2598876953125,285.2613525390625,285.2584228515625,-292.66650390625,-285.2295227050781,-15.096303939819336,7.659334182739258,0.0550273060798645,-0.2315487414598465,0.8735489249229431,180000
26.813621520996094,285.056640625,285.0566711425781,285.056640625,-292.37213134765625,-285.0689392089844,-14.645023345947266,7.341819763183594,0.057774003595113754,0.14417999982833862,0.8751311302185059,181000
28.800540924072266,284.5205993652344,284.52178955078125,284.5194091796875,-292.15155029296875,-284.5553894042969,-14.54245376586914,6.94629430770874,0.06079867482185364,0.3345319330692291,0.8774765133857727,182000
25.78993797302246,284.9404296875,284.943115234375,284.9377136230469,-292.14874267578125,-284.9116516113281,-14.426319122314453,7.189237594604492,0.058272067457437515,0.44210106134414673,0.8760748505592346,183000
20.12445640563965,284.6610107421875,284.6628112792969,284.6591796875,-292.4410400390625,-284.6799621582031,-14.95289421081543,7.191807746887207,0.054867539554834366,-0.3877575397491455,0.8691620826721191,184000
332.70562744140625,284.906494140625,284.9237976074219,284.88916015625,-292.34747314453125,-284.8519592285156,-14.159090042114258,6.66357946395874,0.060941584408283234,0.3898608982563019,0.8764027953147888,185000
29.166229248046875,284.8685302734375,284.86932373046875,284.8677673339844,-292.16204833984375,-284.8974609375,-14.633499145507812,7.36888313293457,0.06061604619026184,0.0029748210217803717,0.8685737252235413,186000
22.877655029296875,284.1820068359375,284.1822509765625,284.1817932128906,-291.54400634765625,-284.22625732421875,-14.903814315795898,7.586062908172607,0.0540548600256443,-0.11712050437927246,0.8739463686943054,187000
32.604469299316406,284.5313415527344,284.5324401855469,284.5302429199219,-292.07135009765625,-284.5917053222656,-15.239501953125,7.759870529174805,0.053955886512994766,-0.4202739894390106,0.8717948794364929,188000
338.3491516113281,284.56536865234375,284.5657653808594,284.56500244140625,-291.9665222167969,-284.5233459472656,-14.557175636291504,7.114023208618164,0.056161291897296906,0.25044384598731995,0.8779589533805847,189000
27.085609436035156,284.2209777832031,284.2250061035156,284.2169494628906,-291.5287170410156,-284.1966857910156,-14.9300537109375,7.598032474517822,0.05525948107242584,-0.047369688749313354,0.8704085946083069,190000
24.028032302856445,283.7530517578125,283.7531433105469,283.7529602050781,-290.8671875,-283.7537536621094,-14.37421703338623,7.260773658752441,0.05930071696639061,0.3977183997631073,0.8773984909057617,191000
25.416013717651367,283.712890625,283.7471923828125,283.6785583496094,-291.1582946777344,-283.7106018066406,-15.179990768432617,7.732299327850342,0.05645907670259476,-0.17636479437351227,0.8738114833831787,192000
24.584182739257812,284.1365966796875,284.18988037109375,284.0832824707031,-291.4804992675781,-284.0917663574219,-14.623392105102539,7.2346601486206055,0.057507261633872986,0.042715903371572495,0.8724057674407959,193000
31.190101623535156,283.3136291503906,283.3161315917969,283.3111267089844,-290.8515930175781,-283.3339538574219,-14.817380905151367,7.299755573272705,0.05467569828033447,-0.03704269602894783,0.8726856708526611,194000
24.7069091796875,283.735595703125,283.737060546875,283.7341003417969,-290.98516845703125,-283.7164306640625,-14.34912109375,7.080382823944092,0.05583610385656357,0.06686398386955261,0.8728878498077393,195000
26.551475524902344,283.7237854003906,283.7242126464844,283.7233581542969,-291.0050964355469,-283.673095703125,-14.33301067352295,7.0009965896606445,0.05987198278307915,0.4315038323402405,0.8784593939781189,196000
329.65155029296875,283.5799560546875,283.5937805175781,283.566162109375,-290.8422546386719,-283.5443420410156,-14.760546684265137,7.462650299072266,0.05542534217238426,-0.2781199514865875,0.8738712072372437,197000
28.578571319580078,283.21875,283.2207946777344,283.21673583984375,-290.6480407714844,-283.1615295410156,-15.079875946044922,7.59334659576416,0.056515853852033615,-0.36612018942832947,0.8743048906326294,198000
23.523605346679688,283.2505187988281,283.2514953613281,283.2495422363281,-290.173583984375,-283.26898193359375,-14.087518692016602,7.182910442352295,0.05464434623718262,0.55704265832901,0.87211012840271,199000
25.621427536010742,283.09820556640625,283.11224365234375,283.0841369628906,-290.37628173828125,-283.1095886230469,-14.808135032653809,7.541433811187744,0.05696873739361763,0.031232895329594612,0.8765880465507507,200000
29.895275115966797,283.2799072265625,283.2808532714844,283.2789611816406,-290.34881591796875,-283.232421875,-15.319437026977539,8.203035354614258,0.05314888805150986,-0.5456797480583191,0.8758103847503662,201000
27.68539047241211,282.6265869140625,282.7473449707031,282.50579833984375,-289.9215087890625,-282.5229797363281,-14.837915420532227,7.439378261566162,0.05540844425559044,-0.4221121668815613,0.8746720552444458,202000
26.546234130859375,283.0190124511719,283.068359375,282.96966552734375,-290.1874084472656,-282.9978942871094,-14.402032852172852,7.212531089782715,0.054184846580028534,0.3780026137828827,0.8781799077987671,203000
26.545230865478516,282.264892578125,282.2953186035156,282.2344970703125,-289.3788146972656,-282.2873840332031,-13.604635238647461,6.513217449188232,0.0599563829600811,0.9954947233200073,0.8783262372016907,204000
30.7417049407959,282.2406005859375,282.2441711425781,282.23699951171875,-289.8574523925781,-282.2291259765625,-14.935514450073242,7.307204723358154,0.057377465069293976,-0.14696148037910461,0.8742715120315552,205000
18.670501708984375,282.5166015625,282.5524597167969,282.48077392578125,-289.6000061035156,-282.5419921875,-14.458208084106445,7.400197982788086,0.05722511187195778,0.01911136507987976,0.8658261895179749,206000
28.66866683959961,282.2519226074219,282.2594299316406,282.2444152832031,-289.49017333984375,-282.29412841796875,-15.064764976501465,7.868711948394775,0.05366258695721626,0.014367916621267796,0.8758589625358582,207000
34.916805267333984,282.03570556640625,282.0371398925781,282.0342712402344,-289.5334167480469,-282.0965576171875,-14.790053367614746,7.353177070617676,0.05915199965238571,0.03935603052377701,0.8787540197372437,208000
31.084373474121094,281.92529296875,281.94403076171875,281.9065856933594,-289.3480224609375,-281.9059143066406,-15.333282470703125,7.8911895751953125,0.054652903228998184,-0.2504281997680664,0.8785040974617004,209000
23.48830795288086,281.87298583984375,281.9078369140625,281.838134765625,-289.167236328125,-281.809326171875,-14.897554397583008,7.539639949798584,0.058555494993925095,0.07931392639875412,0.8673169612884521,210000
25.410297393798828,281.7574157714844,281.76153564453125,281.7532958984375,-288.87103271484375,-281.78338623046875,-14.251583099365234,7.163938999176025,0.05979147553443909,0.48772403597831726,0.8752970099449158,211000
327.99432373046875,281.79425048828125,281.79461669921875,281.79388427734375,-288.9389953613281,-281.8036193847656,-14.103166580200195,6.967792510986328,0.06047647073864937,0.7466362118721008,0.8782103061676025,212000
23.624683380126953,281.819580078125,281.823486328125,281.8156433105469,-289.1227111816406,-281.802001953125,-14.708690643310547,7.387955665588379,0.05799005925655365,0.10962498933076859,0.8793523907661438,213000
33.164512634277344,281.37579345703125,281.3759765625,281.3756103515625,-288.7044372558594,-281.3717956542969,-14.832846641540527,7.500219821929932,0.055280718952417374,0.09201587736606598,0.8764399886131287,214000
29.976215362548828,281.1527099609375,281.16339111328125,281.1419982910156,-288.2716369628906,-281.087890625,-15.582452774047852,8.398707389831543,0.05228416621685028,-0.697068452835083,0.8762640953063965,215000
27.455739974975586,280.7815856933594,280.79034423828125,280.7728271484375,-288.10357666015625,-280.733154296875,-14.820640563964844,7.450229167938232,0.05424109101295471,-0.0815945640206337,0.8747938871383667,216000
33.122589111328125,280.82171630859375,280.826416015625,280.8170471191406,-288.210693359375,-280.8106384277344,-15.288568496704102,7.8885111808776855,0.05505958944559097,-0.6723811030387878,0.8751238584518433,217000
30.717893600463867,281.0257568359375,281.0261535644531,281.025390625,-288.2444763183594,-281.0167541503906,-14.379348754882812,7.151644706726074,0.05616002157330513,0.4525744616985321,0.8754520416259766,218000
30.809432983398438,280.7339172363281,280.7379150390625,280.72991943359375,-288.03436279296875,-280.7101745605469,-15.476253509521484,8.152053833007812,0.05179176107048988,-0.44192901253700256,0.8773083090782166,219000
23.929834365844727,280.79412841796875,280.82708740234375,280.7611999511719,-287.9088439941406,-280.84869384765625,-13.960166931152344,6.900027751922607,0.056399282068014145,0.21660585701465607,0.8708454966545105,220000
22.266826629638672,280.75732421875,280.7583312988281,280.75634765625,-287.9696350097656,-280.7776794433594,-14.582182884216309,7.390236854553223,0.058267898857593536,-0.34120866656303406,0.875403881072998,221000
27.94579315185547,280.3404541015625,280.4122314453125,280.2686767578125,-287.4693603515625,-280.2633972167969,-15.54028606414795,8.334306716918945,0.05169102922081947,-0.6864969730377197,0.8769130110740662,222000
23.30506134033203,281.07220458984375,281.07391357421875,281.07049560546875,-288.46551513671875,-281.04620361328125,-15.069809913635254,7.650508880615234,0.05504675582051277,-0.012725870124995708,0.8645486831665039,223000
29.622034072875977,281.08441162109375,281.0844421386719,281.08441162109375,-288.58917236328125,-281.08636474609375,-14.487571716308594,6.984771251678467,0.0591563917696476,0.0334140881896019,0.8674367070198059,224000
30.372282028198242,281.0775146484375,281.0821228027344,281.0728759765625,-288.69024658203125,-281.0229797363281,-15.369474411010742,7.702204704284668,0.05848371610045433,-0.492788702249527,0.8718299269676208,225000
26.445148468017578,281.0224609375,281.0314025878906,281.0135498046875,-288.18243408203125,-281.0701904296875,-14.403401374816895,7.291181564331055,0.05613360181450844,0.2826359272003174,0.8785174489021301,226000
27.51670265197754,281.0111999511719,281.0115051269531,281.0108947753906,-288.440673828125,-281.0225524902344,-15.03505802154541,7.616954803466797,0.054272592067718506,-0.09790182113647461,0.871898353099823,227000
24.370769500732422,280.73480224609375,280.7373352050781,280.7322998046875,-287.8810119628906,-280.7460021972656,-14.606348037719727,7.471329212188721,0.05935433879494667,0.17069676518440247,0.8775800466537476,228000
22.414295196533203,281.0150146484375,281.0284729003906,281.00152587890625,-287.9537658691406,-281.05853271484375,-13.912788391113281,7.017539024353027,0.0569576732814312,0.43935656547546387,0.8812354207038879,229000
24.255115509033203,280.4931640625,280.4988708496094,280.4874572753906,-287.8933410644531,-280.4847717285156,-15.149900436401367,7.741318702697754,0.05679502338171005,-0.24898548424243927,0.8797955513000488,230000
23.32537841796875,280.6199951171875,280.6236877441406,280.6163024902344,-288.0028076171875,-280.5971984863281,-14.570846557617188,7.165210247039795,0.05669349804520607,0.3394922614097595,0.8805063366889954,231000
21.267845153808594,281.06414794921875,281.1528015136719,280.97552490234375,-288.11041259765625,-280.9413757324219,-14.102381706237793,6.933341979980469,0.056491781026124954,0.7327169179916382,0.8740021586418152,232000
23.377870559692383,280.4925231933594,280.4971618652344,280.4878845214844,-287.8343200683594,-280.5007019042969,-14.588399887084961,7.25479793548584,0.057337142527103424,0.2838412821292877,0.876557469367981,233000
33.49303436279297,280.4229736328125,280.4276428222656,280.4183349609375,-287.7882995605469,-280.4129638671875,-15.519197463989258,8.143872261047363,0.053397852927446365,-0.7887858748435974,0.8800222277641296,234000
29.88085174560547,280.041015625,280.1184387207031,279.963623046875,-287.3665771484375,-279.9810485839844,-15.666119575500488,8.280593872070312,0.053497280925512314,-0.799561083316803,0.8797222971916199,235000
26.074153900146484,280.05084228515625,280.0960388183594,280.00567626953125,-287.618408203125,-279.9956970214844,-15.403103828430176,7.780393123626709,0.05702667310833931,-0.3451625406742096,0.8792933225631714,236000
22.823665618896484,279.543212890625,279.5803527832031,279.50604248046875,-286.4810485839844,-279.499755859375,-13.866619110107422,6.8853230476379395,0.057842083275318146,1.0960429906845093,0.8794316649436951,237000
26.052444458007812,279.80169677734375,279.8017272949219,279.80169677734375,-287.3105163574219,-279.795166015625,-14.382335662841797,6.86698579788208,0.05745703727006912,0.4172039330005646,0.8805415630340576,238000
27.45915985107422,279.54071044921875,279.54071044921875,279.54071044921875,-286.9814147949219,-279.60235595703125,-14.10276985168457,6.723710536956787,0.05941765382885933,0.21944527328014374,0.8766397833824158,239000
24.68756866455078,279.728271484375,279.7356262207031,279.720947265625,-286.8236083984375,-279.7294006347656,-13.878098487854004,6.7838969230651855,0.061398766934871674,0.5235435962677002,0.8743494153022766,240000
24.46287727355957,279.80548095703125,279.80572509765625,279.8052062988281,-287.1131591796875,-279.77349853515625,-14.757142066955566,7.417479038238525,0.0535687692463398,0.18735092878341675,0.8759057521820068,241000
29.471248626708984,279.54925537109375,279.54931640625,279.5492248535156,-286.95416259765625,-279.5697021484375,-14.731627464294434,7.347169876098633,0.05586880072951317,0.015528974123299122,0.8828045129776001,242000
24.408672332763672,280.0044250488281,280.0047607421875,280.00408935546875,-287.3431701660156,-279.99786376953125,-14.601740837097168,7.256424903869629,0.05710441246628761,-0.021210042759776115,0.8639538884162903,243000
29.48417091369629,280.06280517578125,280.065673828125,280.0599060058594,-287.3856506347656,-280.07989501953125,-14.467926025390625,7.162164688110352,0.05944317206740379,0.258341908454895,0.8704928755760193,244000
25.358919143676758,279.9002685546875,279.90179443359375,279.8987731933594,-287.203369140625,-279.947509765625,-14.36627197265625,7.1104254722595215,0.05592632666230202,0.24554698169231415,0.8760889172554016,245000
28.190677642822266,280.18792724609375,280.1983642578125,280.1775207519531,-287.36016845703125,-280.1789855957031,-14.980098724365234,7.798916816711426,0.05769074708223343,-0.2798851430416107,0.8741194605827332,246000
28.29128646850586,279.28875732421875,279.2919921875,279.2854919433594,-286.6728210449219,-279.3106689453125,-14.28032112121582,6.918196201324463,0.05857072025537491,0.1999780237674713,0.880378246307373,247000
32.181827545166016,279.3240966796875,279.3260498046875,279.3221435546875,-286.7958068847656,-279.3992004394531,-14.994132041931152,7.59752893447876,0.05872992053627968,-0.16795358061790466,0.8759947419166565,248000
30.38058853149414,279.75689697265625,279.7575378417969,279.75628662109375,-287.3939514160156,-279.75567626953125,-14.83810043334961,7.199842929840088,0.05892856791615486,0.0005784020759165287,0.8773438334465027,249000
29.132335662841797,279.75628662109375,279.75634765625,279.7562255859375,-287.02447509765625,-279.7253723144531,-15.219419479370117,7.920323848724365,0.052559081465005875,-0.519385039806366,0.8741068840026855,250000
24.295055389404297,279.4825439453125,279.4842834472656,279.4808044433594,-287.00640869140625,-279.47119140625,-14.676356315612793,7.141133785247803,0.05793550983071327,-0.04149700701236725,0.8812076449394226,251000
31.720306396484375,279.3780517578125,279.392333984375,279.3638000488281,-286.9717712402344,-279.3674621582031,-15.000164031982422,7.395840167999268,0.05844685062766075,0.22891925275325775,0.8792425394058228,252000
27.565948486328125,279.1457824707031,279.1460876464844,279.1454772949219,-286.46588134765625,-279.1787414550781,-14.796249389648438,7.5090837478637695,0.05581561103463173,-0.20590472221374512,0.8787975311279297,253000
32.760597229003906,279.1104736328125,279.110595703125,279.1103210449219,-286.3770751953125,-279.07232666015625,-14.388187408447266,7.083423137664795,0.06105084344744682,0.2682366371154785,0.8777972459793091,254000
25.4642333984375,278.8576965332031,278.869873046875,278.84552001953125,-286.2391357421875,-278.8626403808594,-15.319775581359863,7.9432806968688965,0.05255327373743057,-0.45269912481307983,0.8805728554725647,255000
23.39270782470703,278.97314453125,278.9740905761719,278.97216796875,-286.3720703125,-278.9526062011719,-14.627140045166016,7.2076873779296875,0.059540074318647385,0.5130214095115662,0.8771603107452393,256000
323.7344665527344,278.78619384765625,278.8545837402344,278.71783447265625,-285.9414367675781,-278.663330078125,-14.85818862915039,7.580069541931152,0.05958861485123634,0.04553214833140373,0.8778594136238098,257000
30.20314598083496,278.8878173828125,278.8900451660156,278.8855895996094,-286.5107116699219,-278.8872985839844,-15.06799602508545,7.44456672668457,0.05552641674876213,-0.4596191346645355,0.8789352178573608,258000
30.12601661682129,278.57611083984375,278.625244140625,278.5270080566406,-285.9151916503906,-278.5406494140625,-14.987464904785156,7.612902641296387,0.054187219589948654,-0.2431725561618805,0.8818910121917725,259000
33.843650817871094,278.5283508300781,278.5294189453125,278.52728271484375,-286.0586242675781,-278.51324462890625,-15.221681594848633,7.676296234130859,0.06222262233495712,-0.26801690459251404,0.8761948943138123,260000
27.701961517333984,278.814208984375,278.8152160644531,278.813232421875,-286.1180114746094,-278.8404846191406,-14.76315975189209,7.485619068145752,0.05633893981575966,0.19368892908096313,0.8820669651031494,261000
30.466094970703125,278.7401123046875,278.7436218261719,278.73663330078125,-286.0216064453125,-278.6759948730469,-15.059886932373047,7.714265823364258,0.054325271397829056,0.0318274050951004,0.8777259588241577,262000
28.687862396240234,278.63580322265625,278.640869140625,278.6307373046875,-285.559814453125,-278.5997314453125,-14.820850372314453,7.860776424407959,0.05394993722438812,-0.3072592318058014,0.8827093839645386,263000
322.6749572753906,278.2564697265625,278.25726318359375,278.25567626953125,-285.74957275390625,-278.2117004394531,-15.04532527923584,7.50745153427124,0.056543268263339996,-0.32843440771102905,0.8763043880462646,264000
27.171401977539062,278.63201904296875,278.63238525390625,278.63165283203125,-285.78564453125,-278.659423828125,-14.719578742980957,7.593350887298584,0.05526164546608925,0.05262875184416771,0.8782464265823364,265000
24.466678619384766,278.18109130859375,278.18121337890625,278.1809387207031,-285.504638671875,-278.19671630859375,-15.056743621826172,7.7488226890563965,0.058330733329057693,-0.3851475119590759,0.8825933337211609,266000
28.431556701660156,278.4521179199219,278.4530029296875,278.45123291015625,-285.758544921875,-278.50579833984375,-14.238011360168457,6.98524808883667,0.05670506879687309,0.5768014192581177,0.8794695734977722,267000
27.213428497314453,278.18450927734375,278.21832275390625,278.1507263183594,-285.56353759765625,-278.16680908203125,-14.740509033203125,7.3437819480896,0.058136072009801865,0.15789711475372314,0.8806381821632385,268000
28.386207580566406,277.9372253417969,277.9373779296875,277.93707275390625,-285.4302978515625,-277.9346923828125,-15.202800750732422,7.707170486450195,0.05665792152285576,-0.4126729667186737,0.8832895159721375,269000
26.353775024414062,277.6256408691406,277.62799072265625,277.623291015625,-285.1241149902344,-277.59075927734375,-15.400016784667969,7.866672039031982,0.05499827861785889,-0.5544679164886475,0.8809084892272949,270000
24.412473678588867,277.5848388671875,277.5858459472656,277.58380126953125,-284.88677978515625,-277.62335205078125,-14.675622940063477,7.412188529968262,0.05572103336453438,-0.06529656797647476,0.8849879503250122,271000
29.961894989013672,277.6856994628906,277.685791015625,277.68560791015625,-284.8946838378906,-277.71453857421875,-14.438360214233398,7.258195877075195,0.06087597832083702,0.14224351942539215,0.8785277009010315,272000
28.96208953857422,277.44976806640625,277.4510803222656,277.4484558105469,-284.4219970703125,-277.5040283203125,-14.000382423400879,7.082427024841309,0.05840457230806351,0.5776261687278748,0.8804910182952881,273000
27.947032928466797,277.6260681152344,277.63555908203125,277.6165771484375,-284.9412841796875,-277.6807861328125,-14.047048568725586,6.786550998687744,0.05949961394071579,0.5765256285667419,0.8787009119987488,274000
28.260719299316406,277.34552001953125,277.3605041503906,277.33056640625,-284.5701904296875,-277.3646240234375,-14.48394775390625,7.2783942222595215,0.0589725561439991,0.3580438494682312,0.8808603882789612,275000
31.867340087890625,276.65386962890625,276.7196044921875,276.5881042480469,-284.1463317871094,-276.58056640625,-16.474853515625,8.909073829650879,0.053330983966588974,-1.307287573814392,0.8811801671981812,276000
319.488037109375,277.035888671875,277.1462097167969,276.925537109375,-284.0689697265625,-276.89239501953125,-14.402820587158203,7.226271629333496,0.05775775760412216,0.5725156664848328,0.8784915804862976,277000
31.068817138671875,276.79931640625,276.8057861328125,276.7928161621094,-284.3674011230469,-276.74908447265625,-14.649298667907715,7.030982971191406,0.05813956260681152,0.14161527156829834,0.8779629468917847,278000
29.52260971069336,277.1619873046875,277.163818359375,277.1601867675781,-284.6800537109375,-277.1403503417969,-14.547303199768066,7.00759220123291,0.0577520914375782,0.09286797046661377,0.8809986710548401,279000
27.50885772705078,277.46844482421875,277.4751892089844,277.461669921875,-284.8687744140625,-277.4414978027344,-15.097875595092773,7.670598983764648,0.05422142893075943,-0.12461990863084793,0.8756865859031677,280000
25.514389038085938,277.1217041015625,277.1589050292969,277.08453369140625,-284.6112365722656,-277.1144104003906,-14.559864044189453,7.063056468963623,0.057860177010297775,-0.004800214432179928,0.8837947845458984,281000
30.32623291015625,276.95526123046875,277.05517578125,276.8553771972656,-284.2716064453125,-276.8607177734375,-15.307624816894531,7.896724700927734,0.05410893261432648,-0.8007087707519531,0.8755840063095093,282000
26.781293869018555,276.8928527832031,276.8942565917969,276.8914489746094,-284.1209716796875,-276.9231262207031,-14.36583423614502,7.1680006980896,0.05695541948080063,0.46874648332595825,0.8814422488212585,283000
29.16171646118164,277.01422119140625,277.0145263671875,277.0138854980469,-284.31890869140625,-276.994873046875,-15.249364852905273,7.925314903259277,0.05513502284884453,-0.2416871041059494,0.8813343048095703,284000
25.400863647460938,277.1632080078125,277.20880126953125,277.11761474609375,-284.4306640625,-277.14678955078125,-14.32835865020752,7.044499397277832,0.05782534182071686,0.574582576751709,0.8810024857521057,285000
318.200927734375,277.0563659667969,277.05926513671875,277.053466796875,-284.5160217285156,-277.07891845703125,-14.552314758300781,7.115207195281982,0.05664724111557007,0.2878129780292511,0.8791959285736084,286000
321.11859130859375,277.196044921875,277.1961669921875,277.1958923339844,-284.4162292480469,-277.18939208984375,-14.105721473693848,6.878879070281982,0.05950058251619339,0.4719681739807129,0.8855674266815186,287000
22.948759078979492,276.607666015625,276.607666015625,276.6076354980469,-283.9488525390625,-276.61920166015625,-15.270905494689941,7.9412407875061035,0.05173070728778839,-0.6451087594032288,0.8845211267471313,288000
320.552978515625,277.138916015625,277.1397705078125,277.1380920410156,-284.32177734375,-277.17108154296875,-13.89218521118164,6.741495609283447,0.060520999133586884,0.6180593371391296,0.8750375509262085,289000
36.94097137451172,276.3952331542969,276.3955383300781,276.3949279785156,-283.5640563964844,-276.423828125,-14.840030670166016,7.699807643890381,0.05558500438928604,0.09142746776342392,0.8835344314575195,290000
34.1493034362793,276.26861572265625,276.2724914550781,276.26470947265625,-283.52117919921875,-276.2294921875,-15.251163482666016,7.959461212158203,0.05372540280222893,-0.4359826147556305,0.8787949085235596,291000
28.742446899414062,276.2987060546875,276.2987976074219,276.2986145019531,-283.9138488769531,-276.3572692871094,-14.584816932678223,7.028234958648682,0.058222364634275436,0.32684892416000366,0.8831338286399841,292000
320.2153015136719,276.0216064453125,276.0221252441406,276.0211181640625,-283.3041687011719,-275.9738464355469,-15.457674980163574,8.127361297607422,0.056580010801553726,-0.49505293369293213,0.8836497068405151,293000
30.817569732666016,275.850341796875,275.8504333496094,275.85028076171875,-283.14154052734375,-275.8317565917969,-14.443849563598633,7.134057998657227,0.05742394179105759,0.1851651817560196,0.8845407962799072,294000
32.064064025878906,275.8822021484375,275.8860778808594,275.87835693359375,-283.30645751953125,-275.92401123046875,-14.810750007629395,7.428319931030273,0.05538259446620941,-0.302927702665329,0.8823307156562805,295000
32.92720031738281,276.15643310546875,276.1568603515625,276.156005859375,-283.834228515625,-276.17205810546875,-15.476312637329102,7.814138412475586,0.056560419499874115,-0.6678752899169922,0.8811425566673279,296000
31.205759048461914,276.2453308105469,276.24884033203125,276.2418212890625,-283.08203125,-276.189208984375,-14.713972091674805,7.821142196655273,0.05632690340280533,-0.1361677199602127,0.8801989555358887,297000
26.853919982910156,276.1988220214844,276.19915771484375,276.198486328125,-283.26556396484375,-276.2635803222656,-14.63195514678955,7.629973411560059,0.054101865738630295,-0.025138026103377342,0.874272882938385,298000
28.431331634521484,276.5760498046875,276.5763244628906,276.57574462890625,-283.92779541015625,-276.5869445800781,-15.146102905273438,7.805227756500244,0.05637450888752937,-0.4253987669944763,0.8805965781211853,299000
30.402835845947266,276.7539978027344,276.7542419433594,276.7537536621094,-283.80902099609375,-276.7174987792969,-14.730072021484375,7.638550758361816,0.0573284737765789,0.2417191118001938,0.8836566209793091,300000
28.197200775146484,276.65985107421875,276.6667785644531,276.6529541015625,-283.6069641113281,-276.68133544921875,-14.476808547973633,7.551185607910156,0.05261191353201866,0.23450925946235657,0.8869228959083557,301000
28.751953125,276.10443115234375,276.1280517578125,276.080810546875,-283.1806335449219,-276.0572814941406,-14.986437797546387,7.863093852996826,0.05397139489650726,-0.14509038627147675,0.8829317092895508,302000
24.441524505615234,276.03387451171875,276.0445861816406,276.02313232421875,-283.4237365722656,-276.0162658691406,-14.612342834472656,7.204860687255859,0.05982859060168266,0.14252129197120667,0.8798309564590454,303000
27.3282413482666,276.4913330078125,276.492919921875,276.4897155761719,-283.7002258300781,-276.5096435546875,-14.00059700012207,6.810041904449463,0.06338611990213394,0.3046116232872009,0.877957820892334,304000
24.543609619140625,276.4211120605469,276.4219055175781,276.4203186035156,-283.5439147949219,-276.4581604003906,-14.462050437927246,7.376266956329346,0.054636288434267044,0.37116336822509766,0.8821803331375122,305000
29.99673843383789,276.1553039550781,276.15570068359375,276.1549072265625,-283.2926025390625,-276.1411437988281,-14.602262496948242,7.4508185386657715,0.056003447622060776,0.014607262797653675,0.881468653678894,306000
29.234485626220703,275.83026123046875,275.8311767578125,275.8293151855469,-283.0137939453125,-275.84088134765625,-14.667530059814453,7.494615077972412,0.05836566910147667,0.47598880529403687,0.8863734006881714,307000
28.83176040649414,276.0654602050781,276.0657958984375,276.06512451171875,-283.3921203613281,-276.03546142578125,-14.405150413513184,7.048486709594727,0.059137701988220215,0.3846023380756378,0.8861737847328186,308000
31.454849243164062,276.07403564453125,276.0740661621094,276.0740051269531,-283.42694091796875,-276.10906982421875,-14.56332015991211,7.245452880859375,0.05931125581264496,0.08713869750499725,0.8820862174034119,309000
31.33953094482422,275.569091796875,275.58148193359375,275.5566711425781,-282.8445739746094,-275.62188720703125,-14.475147247314453,7.252466201782227,0.05748024210333824,0.18615300953388214,0.8857800960540771,310000
28.606109619140625,276.11834716796875,276.1289367675781,276.1077575683594,-283.11138916015625,-276.11981201171875,-14.550105094909668,7.558538436889648,0.05355197563767433,0.10104494541883469,0.8852875828742981,311000
26.56854248046875,275.3338928222656,275.33428955078125,275.33349609375,-282.3789367675781,-275.28509521484375,-14.445598602294922,7.351757526397705,0.055231355130672455,0.6174795031547546,0.8811818361282349,312000
29.958528518676758,276.21038818359375,276.2141418457031,276.2066650390625,-283.3220520019531,-276.1929931640625,-13.797660827636719,6.668605804443359,0.06235034391283989,1.1737431287765503,0.881465494632721,313000
23.606876373291016,275.80792236328125,275.8079833984375,275.8078308105469,-283.24969482421875,-275.845947265625,-13.83110523223877,6.427353858947754,0.061184946447610855,0.5922867059707642,0.880731463432312,314000
28.098487854003906,276.40252685546875,276.4138488769531,276.39117431640625,-283.6800537109375,-276.3981018066406,-14.644818305969238,7.362846374511719,0.060618750751018524,-0.05391671881079674,0.8797497153282166,315000
30.655235290527344,275.43267822265625,275.4345397949219,275.4307861328125,-282.5509338378906,-275.41412353515625,-14.564857482910156,7.428046703338623,0.05516240373253822,0.146181121468544,0.8863539099693298,316000
32.2962760925293,275.81829833984375,275.8183288574219,275.8182678222656,-283.1617431640625,-275.76751708984375,-15.072748184204102,7.678523063659668,0.05628928169608116,-0.16469378769397736,0.8820687532424927,317000
33.991214752197266,275.71142578125,275.7117919921875,275.7110595703125,-282.9158630371094,-275.7412414550781,-15.006658554077148,7.832040786743164,0.056362126022577286,-0.2770583927631378,0.8863013386726379,318000
25.450557708740234,275.6141357421875,275.61767578125,275.610595703125,-283.15386962890625,-275.56597900390625,-15.029853820800781,7.441958904266357,0.057639122009277344,-0.15551409125328064,0.8858919739723206,319000
28.1278076171875,275.4517822265625,275.45208740234375,275.4514465332031,-283.01519775390625,-275.5074157714844,-14.212194442749023,6.704413414001465,0.05995269492268562,0.40813586115837097,0.8850088119506836,320000
319.1865234375,275.54144287109375,275.5426330566406,275.540283203125,-282.837158203125,-275.5905456542969,-13.948436737060547,6.701807022094727,0.05946210026741028,0.8937386870384216,0.8862251043319702,321000
30.897281646728516,275.20709228515625,275.207763671875,275.2064208984375,-282.570068359375,-275.1642761230469,-14.893810272216797,7.488002777099609,0.05514879152178764,-0.06822356581687927,0.8864195346832275,322000
312.65509033203125,274.5531005859375,274.5539855957031,274.5522155761719,-281.8600158691406,-274.49835205078125,-15.39147663116455,8.029806137084961,0.055413808673620224,-0.4155183434486389,0.8854672908782959,323000
30.020294189453125,275.2501220703125,275.25018310546875,275.25006103515625,-282.28125,-275.25994873046875,-14.623922348022461,7.602643013000488,0.05527535453438759,-0.02489599958062172,0.8832975029945374,324000
27.376781463623047,275.09661865234375,275.0969543457031,275.0962829589844,-282.3369445800781,-275.1053161621094,-14.917677879333496,7.686043739318848,0.059815503656864166,0.11893820762634277,0.8844600319862366,325000
30.30112075805664,275.1793212890625,275.19012451171875,275.1684875488281,-282.38079833984375,-275.1138000488281,-15.529167175292969,8.262174606323242,0.053772665560245514,-0.5392230749130249,0.8848634362220764,326000
32.31012725830078,275.1939697265625,275.1971740722656,275.1907653808594,-282.52081298828125,-275.1683349609375,-15.101905822753906,7.749433517456055,0.055983997881412506,-0.3588092625141144,0.8792413473129272,327000
27.707075119018555,274.8623352050781,274.8663024902344,274.8583679199219,-282.2683410644531,-274.88580322265625,-14.798891067504883,7.416364669799805,0.06127144396305084,-0.1686619520187378,0.8876138925552368,328000
29.066234588623047,274.6009521484375,274.60858154296875,274.59332275390625,-282.1264343261719,-274.5572204589844,-15.14415168762207,7.574960231781006,0.05566304549574852,-0.3065186142921448,0.8841602206230164,329000
28.693771362304688,274.59735107421875,274.5986022949219,274.5960693359375,-282.0005798339844,-274.6405944824219,-15.1458740234375,7.785893440246582,0.055624186992645264,-0.23421087861061096,0.8815487623214722,330000
34.86894607543945,274.55267333984375,274.5530090332031,274.5523681640625,-281.82611083984375,-274.5748596191406,-14.184593200683594,6.933351993560791,0.05927397310733795,0.6847690939903259,0.8836442232131958,331000
315.8164978027344,274.171630859375,274.1829833984375,274.1602783203125,-281.4797058105469,-274.1362609863281,-15.21041488647461,7.866970062255859,0.05664818733930588,-0.246720090508461,0.8855823874473572,332000
311.68450927734375,274.3665771484375,274.36663818359375,274.3665466308594,-281.4761962890625,-274.366943359375,-14.275928497314453,7.166680812835693,0.05717404559254646,0.4884796142578125,0.885201632976532,333000
33.200927734375,274.1993103027344,274.2174072265625,274.18121337890625,-281.70458984375,-274.20233154296875,-14.877662658691406,7.3754096031188965,0.060012005269527435,-0.06243433430790901,0.8835957050323486,334000
24.72256088256836,274.38714599609375,274.3984375,274.3758544921875,-281.6368408203125,-274.36376953125,-14.224377632141113,6.951301097869873,0.06073782220482826,0.4844130575656891,0.8820490837097168,335000
24.114093780517578,274.2554931640625,274.26153564453125,274.24945068359375,-281.5961608886719,-274.2194519042969,-14.897799491882324,7.521089553833008,0.05536815896630287,-0.30797699093818665,0.8861106634140015,336000
308.00836181640625,274.36212158203125,274.3633117675781,274.3609619140625,-281.3110656738281,-274.3575439453125,-14.217597961425781,7.264079570770264,0.055615346878767014,0.30441489815711975,0.8859666585922241,337000
25.3975830078125,274.4567565917969,274.50341796875,274.41009521484375,-281.553955078125,-274.4124450683594,-15.177995681762695,8.036491394042969,0.05175752565264702,-0.16510939598083496,0.882539689540863,338000
27.675613403320312,274.23846435546875,274.238525390625,274.2383728027344,-281.2630920410156,-274.2600402832031,-14.902742385864258,7.899688243865967,0.0527484193444252,0.05183779075741768,0.8884182572364807,339000
36.35624313354492,274.5379638671875,274.5482177734375,274.5277404785156,-281.82586669921875,-274.5061950683594,-15.090326309204102,7.770671844482422,0.05571354553103447,-0.46493422985076904,0.8846806883811951,340000
315.4465637207031,274.166748046875,274.2244567871094,274.1090087890625,-281.2087707519531,-274.0832824707031,-14.932615280151367,7.807137966156006,0.0554165318608284,-0.005319686606526375,0.8844167590141296,341000
33.760047912597656,274.07659912109375,274.1169128417969,274.0362854003906,-281.3155517578125,-273.93475341796875,-15.02394962310791,7.643172264099121,0.057094357907772064,-0.20219112932682037,0.886705756187439,342000
31.456897735595703,274.32318115234375,274.3309326171875,274.3154602050781,-281.6538391113281,-274.3871154785156,-14.748067855834961,7.481357574462891,0.060490600764751434,0.12193846702575684,0.8860802054405212,343000
31.415809631347656,273.9161682128906,273.91668701171875,273.9156494140625,-281.3930969238281,-273.8955383300781,-14.854523658752441,7.356977462768555,0.05824493244290352,-0.08974598348140717,0.8861109018325806,344000
30.220394134521484,274.1114196777344,274.1304626464844,274.0923767089844,-281.45654296875,-274.14715576171875,-14.69598388671875,7.3865966796875,0.05877845361828804,0.3214057981967926,0.8817337155342102,345000
30.922266006469727,273.57421875,273.57659912109375,273.57183837890625,-280.85107421875,-273.6358642578125,-14.638836860656738,7.423617839813232,0.05705574154853821,0.2609155476093292,0.8852952718734741,346000
26.87606430053711,274.1212158203125,274.126220703125,274.1162414550781,-281.3152160644531,-274.05810546875,-14.949305534362793,7.692203044891357,0.05575389415025711,-0.06066247820854187,0.8815180063247681,347000
27.213682174682617,274.16180419921875,274.1635437011719,274.16009521484375,-281.37042236328125,-274.1612548828125,-14.866979598999023,7.657792091369629,0.05848127231001854,0.26053258776664734,0.8802979588508606,348000
32.45177459716797,273.52069091796875,273.5210876464844,273.52032470703125,-281.0098571777344,-273.5011901855469,-15.119824409484863,7.611145973205566,0.05495225638151169,-0.4183991551399231,0.8861797451972961,349000
33.270957946777344,273.4843444824219,273.48468017578125,273.4840087890625,-280.66143798828125,-273.4189453125,-14.908472061157227,7.665987014770508,0.056873392313718796,0.11772382259368896,0.8865135908126831,350000
27.652868270874023,273.04876708984375,273.0498352050781,273.0476989746094,-280.2181396484375,-273.0318603515625,-14.547972679138184,7.361701965332031,0.059121888130903244,0.19186341762542725,0.8817501068115234,351000
29.77983283996582,273.27166748046875,273.2722473144531,273.2710876464844,-280.3745422363281,-273.297119140625,-14.168689727783203,7.091282367706299,0.057583075016736984,0.8084959983825684,0.8804977536201477,352000
33.648277282714844,273.5841064453125,273.59478759765625,273.5734558105469,-281.0286865234375,-273.5732421875,-15.408247947692871,7.952785491943359,0.05580425262451172,-0.4452604353427887,0.8825980424880981,353000
34.789833068847656,273.1298828125,273.12994384765625,273.12982177734375,-280.11322021484375,-273.085693359375,-14.89862060546875,7.871098518371582,0.056724030524492264,-0.0028526808600872755,0.8852166533470154,354000
32.88780975341797,273.3756408691406,273.38958740234375,273.3616943359375,-280.6866455078125,-273.3849792480469,-15.236318588256836,7.934654712677002,0.056437209248542786,-0.43571415543556213,0.8829466700553894,355000
31.9269962310791,272.953125,273.05828857421875,272.8479309082031,-280.3734130859375,-272.78851318359375,-15.875850677490234,8.290956497192383,0.05402407795190811,-0.8967801332473755,0.8828489780426025,356000
26.626632690429688,273.5209655761719,273.5225524902344,273.5193786621094,-280.8212585449219,-273.4964294433594,-14.440469741821289,7.115616321563721,0.0583067312836647,0.39381226897239685,0.8852248191833496,357000
25.49884033203125,273.0274353027344,273.0286865234375,273.02618408203125,-280.5197448730469,-273.0399169921875,-15.820926666259766,8.341104507446289,0.05268162116408348,-0.8999808430671692,0.8808549642562866,358000
31.49030303955078,272.8946533203125,272.89556884765625,272.89373779296875,-280.0560607910156,-272.8850402832031,-14.856527328491211,7.685522079467773,0.055550504475831985,-0.11578860878944397,0.8873213529586792,359000
30.46733856201172,272.6312561035156,272.6316223144531,272.6308898925781,-280.14849853515625,-272.604248046875,-15.05103588104248,7.506787300109863,0.0582011416554451,-0.00828934833407402,0.8862146735191345,360000
26.027894973754883,273.071044921875,273.0715026855469,273.07061767578125,-280.3854064941406,-273.0845642089844,-14.745516777038574,7.444684982299805,0.05799466371536255,-0.16530242562294006,0.8828279376029968,361000
36.805503845214844,272.9613037109375,272.9882507324219,272.93438720703125,-280.2137451171875,-272.9345397949219,-15.339582443237305,8.060379028320312,0.05601029843091965,-0.3983098864555359,0.8847156763076782,362000
28.41023826599121,273.0066223144531,273.01190185546875,273.0013427734375,-280.1004333496094,-272.99566650390625,-15.054492950439453,7.949736595153809,0.054658789187669754,-0.44867879152297974,0.8822925090789795,363000
31.87793731689453,272.7379150390625,272.74041748046875,272.73541259765625,-279.890869140625,-272.7085876464844,-14.74747371673584,7.565195083618164,0.05626069754362106,0.06599156558513641,0.8821406960487366,364000
24.79935646057129,272.70379638671875,272.7038269042969,272.7037658691406,-280.08087158203125,-272.7441101074219,-14.906293869018555,7.569531440734863,0.05721864476799965,-0.13385465741157532,0.8856186866760254,365000
26.314224243164062,273.14923095703125,273.1494445800781,273.1490173339844,-280.4951477050781,-273.161865234375,-14.100969314575195,6.76769495010376,0.05805105343461037,0.727902352809906,0.8899722099304199,366000
24.86382484436035,272.46282958984375,272.52532958984375,272.4003601074219,-279.7757873535156,-272.4125671386719,-14.28667163848877,6.92344856262207,0.06034974381327629,0.4807974100112915,0.87659752368927,367000
26.78784942626953,273.1112976074219,273.11688232421875,273.105712890625,-280.36383056640625,-273.1973571777344,-14.642091751098633,7.47562837600708,0.05692174285650253,0.5260431170463562,0.882515549659729,368000
24.702781677246094,273.11138916015625,273.114990234375,273.1077880859375,-280.419677734375,-273.1044921875,-14.806079864501953,7.490917682647705,0.055689189583063126,0.10467936098575592,0.8870702385902405,369000
28.901508331298828,272.9863586425781,272.98638916015625,272.986328125,-280.2950439453125,-272.9628601074219,-14.845605850219727,7.513434886932373,0.05759407952427864,0.1136196181178093,0.88701993227005,370000
31.015975952148438,272.78973388671875,272.79095458984375,272.7885437011719,-279.98388671875,-272.8267822265625,-14.416152954101562,7.259035587310791,0.058407507836818695,0.3003174364566803,0.8916327357292175,371000
28.945526123046875,272.38970947265625,272.4025573730469,272.3768310546875,-279.59100341796875,-272.409912109375,-14.52463150024414,7.343527317047119,0.0543944351375103,0.39061444997787476,0.8831298351287842,372000
30.39862060546875,272.74639892578125,272.7469177246094,272.74591064453125,-279.94964599609375,-272.7670593261719,-14.969141960144043,7.786557197570801,0.05635058507323265,0.11121067404747009,0.8878176808357239,373000
30.693450927734375,273.1735534667969,273.1748352050781,273.1722717285156,-280.4307861328125,-273.1021423339844,-15.070699691772461,7.742059707641602,0.05654992163181305,-0.19769719243049622,0.8857542872428894,374000
302.43731689453125,273.606689453125,273.609375,273.60400390625,-280.889404296875,-273.5155944824219,-14.353104591369629,6.979308128356934,0.060647375881671906,0.5285648703575134,0.8775914907455444,375000
30.887834548950195,273.346435546875,273.349609375,273.3432922363281,-280.866455078125,-273.3774719238281,-14.373035430908203,6.88405704498291,0.05866043642163277,0.4426490068435669,0.8786112070083618,376000
34.186256408691406,272.913818359375,272.91650390625,272.9111022949219,-280.3604736328125,-272.8732604980469,-14.590885162353516,7.10367488861084,0.05907393991947174,0.31270572543144226,0.8867213726043701,377000
33.89607620239258,273.3471374511719,273.34912109375,273.34515380859375,-280.4425964355469,-273.37188720703125,-15.147909164428711,8.077198028564453,0.054716188460588455,-0.13249850273132324,0.8873453140258789,378000
27.910146713256836,273.06817626953125,273.07366943359375,273.0627136230469,-280.2607116699219,-273.0976867675781,-14.381569862365723,7.218527793884277,0.05726286396384239,0.13360749185085297,0.888797402381897,379000
26.463455200195312,272.7988586425781,272.8093566894531,272.7883605957031,-280.1945495605469,-272.7635192871094,-15.561110496520996,8.130069732666016,0.057061050087213516,-0.4613334536552429,0.8789998888969421,380000
33.71642303466797,273.4886779785156,273.4912414550781,273.4861145019531,-280.82122802734375,-273.4598083496094,-15.102828979492188,7.741387844085693,0.05817931145429611,-0.0666966587305069,0.8860312104225159,381000
308.95458984375,273.1166076660156,273.1173400878906,273.1158752441406,-280.2459411621094,-273.06683349609375,-14.305652618408203,7.126560211181641,0.058585260063409805,-0.12339400500059128,0.8848632574081421,382000
315.3045959472656,272.26202392578125,272.26800537109375,272.2560729980469,-279.5829162597656,-272.34918212890625,-14.50209903717041,7.268362522125244,0.05672065541148186,0.32350218296051025,0.8887698650360107,383000
26.608036041259766,272.26104736328125,272.36956787109375,272.15252685546875,-279.3693542480469,-272.18939208984375,-14.791748046875,7.611786842346191,0.05608818680047989,0.016853617504239082,0.890396773815155,384000
33.26310348510742,272.5191650390625,272.5217590332031,272.5166015625,-279.989990234375,-272.4703674316406,-14.904231071472168,7.38462495803833,0.06026529520750046,0.09614687412977219,0.88655024766922,385000
34.13682174682617,272.67169189453125,272.7780456542969,272.5653381347656,-279.6741638183594,-272.6369323730469,-14.520092010498047,7.482854843139648,0.05746009573340416,-0.12578347325325012,0.8869261145591736,386000
27.64328956604004,272.6146240234375,272.6183166503906,272.61090087890625,-279.8299560546875,-272.6244201660156,-14.367311477661133,7.161766529083252,0.05671289935708046,0.4987233579158783,0.8804295063018799,387000
26.59075927734375,272.866943359375,272.8677062988281,272.86614990234375,-280.0702819824219,-272.8048095703125,-15.109772682189941,7.844302177429199,0.0559445358812809,-0.5066112279891968,0.8889588713645935,388000
25.81509780883789,272.94049072265625,272.9411315917969,272.9398193359375,-280.3333435058594,-272.9633483886719,-14.21847915649414,6.848473072052002,0.05978386476635933,0.3321572244167328,0.8817129731178284,389000
305.0921630859375,272.6138916015625,272.61676025390625,272.6110534667969,-279.4654541015625,-272.55072021484375,-13.920064926147461,7.005326271057129,0.05851594731211662,0.6733705997467041,0.886336088180542,390000
32.993160247802734,272.5384216308594,272.53887939453125,272.5379638671875,-279.88031005859375,-272.5190734863281,-15.194246292114258,7.833016395568848,0.056947510689496994,-0.1796632707118988,0.8845937252044678,391000
30.369359970092773,272.8575439453125,272.8912658691406,272.8238220214844,-280.0106201171875,-272.87811279296875,-14.248867988586426,7.116358757019043,0.06022467464208603,0.5297961831092834,0.8851901888847351,392000
25.359039306640625,272.518798828125,272.52288818359375,272.5147399902344,-279.8788146972656,-272.53790283203125,-14.638395309448242,7.297486305236816,0.05949792638421059,0.08243788033723831,0.8867762088775635,393000
33.879791259765625,272.4878234863281,272.49310302734375,272.4825439453125,-280.1087341308594,-272.4316101074219,-15.639907836914062,7.962803840637207,0.05665329098701477,-0.6047843098640442,0.8830708861351013,394000
27.911008834838867,272.34649658203125,272.3794860839844,272.3134765625,-279.6911926269531,-272.3516845703125,-14.890402793884277,7.550899505615234,0.05489388480782509,-0.05483435094356537,0.888660192489624,395000
40.247947692871094,272.37078857421875,272.3721618652344,272.3694152832031,-279.7113037109375,-272.37835693359375,-15.285839080810547,7.9528727531433105,0.05887917801737785,-0.6251223683357239,0.8899504542350769,396000
28.998788833618164,272.83447265625,272.87396240234375,272.7949523925781,-280.14447021484375,-272.7831115722656,-14.398720741271973,7.037349224090576,0.05972695350646973,0.32169902324676514,0.883443295955658,397000
26.229543685913086,272.46026611328125,272.4604187011719,272.46014404296875,-279.79888916015625,-272.49224853515625,-14.298604965209961,6.991982936859131,0.0590972974896431,0.2596842646598816,0.8867570757865906,398000
1406.1221923828125,272.767333984375,272.7852783203125,272.7494201660156,-279.9940185546875,-272.6513977050781,-15.269289016723633,7.926652431488037,0.05432090535759926,-0.3783026933670044,0.8854019045829773,399000
32.67823791503906,272.14862060546875,272.1490478515625,272.1481628417969,-279.20953369140625,-272.08856201171875,-15.243496894836426,8.12252140045166,0.05653674528002739,-0.338301420211792,0.8877171874046326,400000
28.33857536315918,271.9007568359375,271.90667724609375,271.8948059082031,-278.98150634765625,-271.8915100097656,-14.758726119995117,7.668730735778809,0.057338643819093704,-0.18050912022590637,0.8847834467887878,401000
306.8716735839844,271.7849426269531,271.7854919433594,271.7843933105469,-278.97186279296875,-271.7264709472656,-15.238078117370605,7.992668628692627,0.05710311606526375,-0.31923630833625793,0.8876410126686096,402000
29.680225372314453,272.2323303222656,272.2433166503906,272.2213439941406,-279.7486267089844,-272.2520751953125,-15.531513214111328,8.03495979309082,0.056930072605609894,-0.9463770985603333,0.8876474499702454,403000
31.993356704711914,272.0172119140625,272.0205078125,272.0138854980469,-279.3119201660156,-272.0298767089844,-14.721355438232422,7.439297676086426,0.05748504772782326,-0.11017758399248123,0.8865861296653748,404000
26.701337814331055,272.44329833984375,272.446044921875,272.4405822753906,-279.6869201660156,-272.4365539550781,-14.55850887298584,7.3081488609313965,0.057894326746463776,0.3520163595676422,0.8839743137359619,405000
31.173625946044922,272.2445068359375,272.24761962890625,272.24139404296875,-279.3851013183594,-272.2653503417969,-14.90371322631836,7.7839579582214355,0.05642074719071388,0.12523335218429565,0.8898177742958069,406000
25.139049530029297,272.4494934082031,272.48284912109375,272.4161376953125,-279.9700622558594,-272.3928527832031,-14.912055969238281,7.3348388671875,0.05700801685452461,-0.21940404176712036,0.8869044184684753,407000
32.69926834106445,272.2535705566406,272.2537536621094,272.2533874511719,-279.94976806640625,-272.2937316894531,-15.235998153686523,7.579963207244873,0.05478377267718315,-0.3707992434501648,0.8821269869804382,408000
1091.95849609375,271.9399108886719,271.9985046386719,271.8813171386719,-279.49822998046875,-271.8636474609375,-14.984296798706055,7.349697589874268,0.05525927245616913,-0.13257448375225067,0.8835223317146301,409000
26.64842987060547,272.51556396484375,272.5171813964844,272.51397705078125,-279.7573547363281,-272.5130920410156,-14.64926528930664,7.404999256134033,0.05622031167149544,0.46030959486961365,0.8887966275215149,410000
29.323246002197266,272.54962158203125,272.551025390625,272.5482177734375,-280.1679992675781,-272.5832824707031,-14.70081901550293,7.116079807281494,0.059168506413698196,-0.017020821571350098,0.8886063694953918,411000
30.656879425048828,272.49505615234375,272.50164794921875,272.4884948730469,-279.6490478515625,-272.5352478027344,-14.290447235107422,7.176650047302246,0.058174535632133484,0.4410039484500885,0.8782700300216675,412000
33.36186981201172,272.64862060546875,272.6520080566406,272.6452331542969,-280.1291198730469,-272.66876220703125,-15.261773109436035,7.801417350769043,0.0549076572060585,-0.5503293871879578,0.8869356513023376,413000
31.09308624267578,272.4708251953125,272.47430419921875,272.4673156738281,-279.7132568359375,-272.54437255859375,-14.833089828491211,7.664200305938721,0.055734120309352875,-0.05368204787373543,0.8888038396835327,414000
309.124267578125,272.0145263671875,272.0177001953125,272.0113830566406,-279.3487243652344,-272.0157775878906,-15.138687133789062,7.805744171142578,0.05893003195524216,-0.3571362793445587,0.887885570526123,415000
28.602947235107422,272.18060302734375,272.1845397949219,272.1766662597656,-279.91351318359375,-272.186279296875,-15.342805862426758,7.615566730499268,0.05791960656642914,-0.38843804597854614,0.8823978304862976,416000
31.848623275756836,270.9417724609375,271.0558166503906,270.8277282714844,-278.25079345703125,-270.8106994628906,-14.897455215454102,7.457381248474121,0.05737939476966858,-0.11430908739566803,0.8882974982261658,417000
28.22252655029297,271.89642333984375,271.9073791503906,271.885498046875,-279.0016784667969,-271.91448974609375,-14.319260597229004,7.232082843780518,0.05845470726490021,0.14813312888145447,0.8779651522636414,418000
30.67235565185547,272.08306884765625,272.0837097167969,272.0824279785156,-279.3506164550781,-272.08978271484375,-14.66486644744873,7.404034614562988,0.05775635316967964,0.3492351174354553,0.8870152235031128,419000
26.05487823486328,272.08746337890625,272.0901794433594,272.08477783203125,-279.4034729003906,-272.0938720703125,-14.870203018188477,7.5606160163879395,0.056526780128479004,0.060598138719797134,0.8850207328796387,420000
29.692840576171875,271.86712646484375,271.9642639160156,271.77001953125,-279.1020812988281,-271.7720947265625,-14.533663749694824,7.203682899475098,0.05693638324737549,0.6129206418991089,0.8861681222915649,421000
27.230628967285156,271.80621337890625,271.82830810546875,271.78411865234375,-279.0172119140625,-271.81060791015625,-14.52270221710205,7.316097736358643,0.05712094157934189,0.20332956314086914,0.8810878396034241,422000
37.94184112548828,271.8740234375,271.8743591308594,271.87371826171875,-279.04888916015625,-271.8818664550781,-15.572708129882812,8.40568733215332,0.05309365317225456,-0.9677225351333618,0.881651759147644,423000
31.560325622558594,271.6868896484375,271.68768310546875,271.6860656738281,-279.098876953125,-271.7077941894531,-14.834596633911133,7.443516731262207,0.05785021558403969,-0.0826675072312355,0.8917443752288818,424000
36.12000274658203,271.2958984375,271.29620361328125,271.2955627441406,-278.2447509765625,-271.2889099121094,-15.330061912536621,8.374201774597168,0.05165731906890869,-0.2267792969942093,0.8872738480567932,425000
26.26880645751953,271.29803466796875,271.29803466796875,271.2980041503906,-278.7793884277344,-271.292724609375,-14.804560661315918,7.317890167236328,0.056126054376363754,0.10416429489850998,0.8892849683761597,426000
40.71245574951172,271.5928955078125,271.5957336425781,271.59002685546875,-278.74822998046875,-271.53607177734375,-15.036750793457031,7.824596405029297,0.056455403566360474,-0.21660281717777252,0.8896392583847046,427000
32.40366744995117,271.0284423828125,271.0325012207031,271.0243835449219,-278.3304138183594,-271.0173645019531,-14.073405265808105,6.7603559494018555,0.058723025023937225,0.8629232048988342,0.8901822566986084,428000
27.7914981842041,271.43316650390625,271.43560791015625,271.4306945800781,-278.8583984375,-271.4762878417969,-14.706583976745605,7.324474334716797,0.05761050432920456,-0.02833598293364048,0.8849366307258606,429000
39.47385025024414,271.4093017578125,271.51544189453125,271.3031921386719,-278.6617736816406,-271.2787780761719,-15.716344833374023,8.333357810974121,0.05551872029900551,-0.7717951536178589,0.8854926824569702,430000
31.153907775878906,270.9412536621094,271.04998779296875,270.83251953125,-278.2294921875,-270.83697509765625,-14.416657447814941,7.0241475105285645,0.05776047334074974,0.3326384723186493,0.8901298642158508,431000
317.58502197265625,271.63153076171875,271.64166259765625,271.6213684082031,-279.0395812988281,-271.6070556640625,-15.386587142944336,7.954083442687988,0.05389752611517906,-0.6545365452766418,0.8903126120567322,432000
25.393247604370117,271.76922607421875,271.7745056152344,271.76397705078125,-278.901123046875,-271.8112487792969,-13.936115264892578,6.846261024475098,0.06094077229499817,0.7958317399024963,0.8871937990188599,433000
32.532325744628906,271.359130859375,271.39752197265625,271.32073974609375,-278.33349609375,-271.3100280761719,-14.863378524780273,7.83991003036499,0.05713885277509689,-0.18537843227386475,0.886017382144928,434000
29.874868392944336,271.32421875,271.33154296875,271.3168640136719,-278.1429138183594,-271.3150939941406,-14.156463623046875,7.32864236831665,0.05640718713402748,0.4669054448604584,0.886055588722229,435000
311.4303283691406,270.4535827636719,270.5734558105469,270.3337097167969,-277.609619140625,-270.2829895019531,-15.457586288452148,8.130939483642578,0.05461464822292328,-0.5393332242965698,0.8890012502670288,436000
34.45880126953125,271.308837890625,271.3089904785156,271.3086853027344,-278.878662109375,-271.3113708496094,-15.353009223937988,7.785711288452148,0.05810884013772011,-0.4587953984737396,0.8897602558135986,437000
27.738906860351562,270.8753662109375,270.91510009765625,270.83563232421875,-277.90869140625,-270.84552001953125,-14.034612655639648,6.9714226722717285,0.0580708347260952,0.30259451270103455,0.8883168697357178,438000
30.811771392822266,271.2803955078125,271.28179931640625,271.27899169921875,-278.3906555175781,-271.2628479003906,-14.901752471923828,7.773951053619385,0.05496038869023323,0.0971265509724617,0.8876078724861145,439000
29.43286895751953,270.8063049316406,270.80682373046875,270.8057861328125,-277.9837646484375,-270.8310852050781,-14.94253921508789,7.789858341217041,0.05553301423788071,-0.03946814313530922,0.8908153772354126,440000
31.50423812866211,271.168212890625,271.1707763671875,271.1656494140625,-278.4473571777344,-271.1277160644531,-14.731937408447266,7.412290096282959,0.05455388128757477,-0.2927001118659973,0.8866774439811707,441000
27.076385498046875,270.6959533691406,270.7840270996094,270.6078796386719,-277.7805480957031,-270.6470947265625,-14.610428810119629,7.476984977722168,0.05656071752309799,0.11186718940734863,0.8855347037315369,442000
26.60919952392578,271.1368408203125,271.14642333984375,271.1272888183594,-278.4940185546875,-271.122802734375,-15.37340259552002,8.002182006835938,0.05642137676477432,-0.5395553708076477,0.8885748386383057,443000
306.2488708496094,270.676025390625,270.67669677734375,270.6753234863281,-278.0967712402344,-270.63409423828125,-14.870031356811523,7.40735387802124,0.059995245188474655,-0.0010072088334709406,0.8896452188491821,444000
576.7861938476562,270.0006103515625,270.0242614746094,269.9769592285156,-277.33953857421875,-270.0281677246094,-15.148856163024902,7.8375043869018555,0.056533973664045334,-0.6602889895439148,0.8927376866340637,445000
305.0132751464844,270.778076171875,270.7783203125,270.77783203125,-278.1623840332031,-270.7409362792969,-15.242809295654297,7.821357727050781,0.05649365484714508,-0.47320955991744995,0.886759877204895,446000
24.82771110534668,270.3393859863281,270.3403015136719,270.3384704589844,-278.0994873046875,-270.3719787597656,-15.500877380371094,7.77336311340332,0.058373961597681046,-0.7653143405914307,0.8788111209869385,447000
27.625171661376953,270.37799072265625,270.4349670410156,270.32098388671875,-277.6887512207031,-270.3242492675781,-15.056865692138672,7.692356586456299,0.057650450617074966,-0.27646559476852417,0.8877868056297302,448000
29.801227569580078,270.64019775390625,270.6402893066406,270.64007568359375,-277.8336181640625,-270.68695068359375,-14.865839004516602,7.71919059753418,0.05226461589336395,-0.07264060527086258,0.8848109841346741,449000
307.3197021484375,270.59063720703125,270.59521484375,270.5860290527344,-277.7117919921875,-270.5303649902344,-14.779160499572754,7.597752094268799,0.0559447705745697,-0.028797181323170662,0.8913235664367676,450000
303.9016418457031,270.34759521484375,270.38629150390625,270.3089294433594,-277.72955322265625,-270.27032470703125,-15.166067123413086,7.7068586349487305,0.05771913006901741,-0.24847494065761566,0.8903599977493286,451000
27.923564910888672,270.63177490234375,270.6331481933594,270.63043212890625,-277.7646484375,-270.6029357910156,-14.029958724975586,6.868247985839844,0.060313623398542404,0.7749316692352295,0.8784955739974976,452000
24.96567726135254,270.173583984375,270.17425537109375,270.1728820800781,-277.8016357421875,-270.17584228515625,-14.973873138427734,7.348087310791016,0.05587678775191307,-0.059487249702215195,0.884544849395752,453000
28.55976104736328,270.31414794921875,270.316162109375,270.3121337890625,-277.67413330078125,-270.3372497558594,-15.323196411132812,7.986332893371582,0.05576205253601074,-0.5918166041374207,0.8881096839904785,454000
25.276559829711914,270.620849609375,270.62396240234375,270.6177062988281,-278.22174072265625,-270.6557922363281,-14.54406452178955,6.97812557220459,0.05905018746852875,0.19462645053863525,0.8849398493766785,455000
28.709348678588867,270.1229248046875,270.1232604980469,270.1225891113281,-277.39947509765625,-270.1049499511719,-14.712834358215332,7.418291091918945,0.05656515061855316,0.25810468196868896,0.8932220935821533,456000
30.061532974243164,269.8210754394531,269.82696533203125,269.815185546875,-277.0119323730469,-269.82861328125,-14.22134017944336,7.038035869598389,0.0584678091108799,0.6356524229049683,0.8932132124900818,457000
35.83937072753906,269.84912109375,269.8804016113281,269.81781005859375,-277.24005126953125,-269.8264465332031,-15.029860496520996,7.6162543296813965,0.0565926693379879,-0.24814105033874512,0.8908889293670654,458000
298.4375915527344,269.757080078125,269.775634765625,269.738525390625,-277.2283630371094,-269.7283935546875,-14.443093299865723,6.943115234375,0.05837303772568703,0.6078209280967712,0.8921732902526855,459000
309.510498046875,270.06622314453125,270.0766906738281,270.0557861328125,-277.1991882324219,-269.96771240234375,-15.519235610961914,8.287742614746094,0.053894784301519394,-0.7506150007247925,0.8924679160118103,460000
33.76448059082031,270.0766906738281,270.0813903808594,270.0719909667969,-277.311767578125,-270.0639953613281,-14.727899551391602,7.4801344871521,0.05874226614832878,0.1239193007349968,0.8841058015823364,461000
44.57229232788086,270.199951171875,270.2016296386719,270.19830322265625,-277.6790466308594,-270.1941833496094,-15.480770111083984,7.995895862579346,0.057632554322481155,-0.7396204471588135,0.8857977390289307,462000
23.778194427490234,270.0546875,270.05633544921875,270.0530090332031,-277.52337646484375,-270.07452392578125,-14.116218566894531,6.667370319366455,0.06085071712732315,0.6046085953712463,0.889700174331665,463000
303.7701721191406,269.9710998535156,269.977294921875,269.96490478515625,-277.1344299316406,-269.9394836425781,-15.237338066101074,8.042376518249512,0.05780578404664993,-0.4153191149234772,0.8918006420135498,464000
31.110881805419922,269.7673645019531,269.7694091796875,269.76531982421875,-276.9543762207031,-269.763671875,-14.49487590789795,7.304183483123779,0.05939311906695366,0.06077946722507477,0.883263349533081,465000
23.90134620666504,270.5782470703125,270.5783996582031,270.57806396484375,-278.0361328125,-270.5651550292969,-14.812028884887695,7.341076850891113,0.055278461426496506,-0.35459524393081665,0.8802839517593384,466000
31.09063720703125,270.75830078125,270.760986328125,270.7556457519531,-278.15838623046875,-270.7834167480469,-15.208728790283203,7.8337788581848145,0.0576830618083477,0.051373109221458435,0.8896358609199524,467000
303.3584289550781,270.5736389160156,270.65771484375,270.48956298828125,-277.77362060546875,-270.3920593261719,-14.705548286437988,7.323978900909424,0.05923717841506004,0.30636894702911377,0.8878710865974426,468000
24.31206512451172,270.74151611328125,270.7420654296875,270.7409973144531,-277.7192077636719,-270.8027648925781,-13.714542388916016,6.798083782196045,0.06015658378601074,0.8639429211616516,0.8850971460342407,469000
31.15985107421875,270.270751953125,270.2723083496094,270.2691955566406,-277.4956970214844,-270.2864074707031,-14.960150718688965,7.7508416175842285,0.05408783629536629,-0.16847360134124756,0.8913289904594421,470000
31.99483871459961,270.55230712890625,270.5545654296875,270.550048828125,-277.8232727050781,-270.6099548339844,-14.712528228759766,7.499208450317383,0.058875951915979385,0.09745854139328003,0.8930557370185852,471000
27.936418533325195,270.5604553222656,270.56304931640625,270.557861328125,-277.9705505371094,-270.5087585449219,-15.631302833557129,8.169519424438477,0.0542861633002758,-0.6667522192001343,0.8893561363220215,472000
30.496082305908203,269.94317626953125,269.9501037597656,269.936279296875,-277.3033447265625,-269.9253845214844,-14.61726188659668,7.239291191101074,0.05658974498510361,0.42285865545272827,0.8937341570854187,473000
36.16169357299805,270.74713134765625,270.7657775878906,270.72845458984375,-278.09326171875,-270.72454833984375,-15.596771240234375,8.228062629699707,0.05507827550172806,-0.5234296917915344,0.8868193030357361,474000
28.69375228881836,271.08233642578125,271.08319091796875,271.08148193359375,-278.1487731933594,-271.0752258300781,-15.281309127807617,8.207775115966797,0.05564793571829796,-0.5897893309593201,0.8883675932884216,475000
589.6315307617188,270.7730407714844,270.77777099609375,270.768310546875,-278.0719909667969,-270.68670654296875,-15.105664253234863,7.720363140106201,0.05688442289829254,-0.3723008930683136,0.8838098049163818,476000
27.008304595947266,270.64312744140625,270.6468505859375,270.6393737792969,-278.2323303222656,-270.6669921875,-15.871786117553711,8.306469917297363,0.05500722676515579,-1.0012449026107788,0.8866001963615417,477000
26.67940902709961,271.01104736328125,271.0135192871094,271.00860595703125,-278.2710876464844,-270.99066162109375,-15.20612907409668,7.925703525543213,0.05486728996038437,-0.07723963260650635,0.8900718092918396,478000
28.29309844970703,270.4244384765625,270.4248046875,270.4241027832031,-277.6670837402344,-270.43658447265625,-14.940418243408203,7.709923267364502,0.05587237328290939,-0.18490737676620483,0.8883635997772217,479000
29.060436248779297,270.4349365234375,270.43878173828125,270.4310607910156,-277.638427734375,-270.4111328125,-14.887758255004883,7.6604509353637695,0.05331648513674736,-0.20587052404880524,0.8912544250488281,480000
29.55957794189453,270.359375,270.3603210449219,270.35845947265625,-277.6424255371094,-270.36883544921875,-14.701866149902344,7.428297996520996,0.05423374101519585,0.21113385260105133,0.889793336391449,481000
31.680795669555664,269.9994201660156,270.0026550292969,269.9961853027344,-277.0800476074219,-269.9534606933594,-15.013620376586914,7.8870134353637695,0.055846668779850006,-0.1546972543001175,0.889424204826355,482000
30.13944435119629,269.7682189941406,269.85028076171875,269.6861572265625,-276.8719482421875,-269.6871032714844,-14.744428634643555,7.559584617614746,0.05927589535713196,-0.039227161556482315,0.8899670839309692,483000
299.3399353027344,270.14801025390625,270.1485900878906,270.1474609375,-277.14239501953125,-270.2022399902344,-13.700544357299805,6.7603840827941895,0.06378082931041718,1.1537847518920898,0.8959864377975464,484000
34.077430725097656,270.02545166015625,270.0308837890625,270.0200500488281,-277.6488037109375,-270.0404357910156,-14.459989547729492,6.851633071899414,0.05889609456062317,0.7350706458091736,0.8923195600509644,485000
28.52367401123047,269.50311279296875,269.519287109375,269.4869079589844,-276.82440185546875,-269.4435729980469,-14.514847755432129,7.134033679962158,0.061698928475379944,0.12256328761577606,0.8910000324249268,486000
1101.484619140625,270.04742431640625,270.0483093261719,270.0465393066406,-277.17034912109375,-270.04608154296875,-14.385293006896973,7.261023998260498,0.05737689137458801,0.23665215075016022,0.8882004022598267,487000
28.679462432861328,270.04730224609375,270.0575256347656,270.037109375,-277.26251220703125,-270.0359802246094,-15.462869644165039,8.236313819885254,0.05462419241666794,-0.6199182868003845,0.8893854022026062,488000
25.13994789123535,270.12811279296875,270.13104248046875,270.12518310546875,-277.1526184082031,-270.111572265625,-14.355043411254883,7.31398868560791,0.05459093302488327,0.44889122247695923,0.8875046372413635,489000
35.755043029785156,269.5213317871094,269.52215576171875,269.5205078125,-277.04736328125,-269.4818420410156,-14.87083625793457,7.305343151092529,0.060364820063114166,-0.3309148848056793,0.892025351524353,490000
27.98900032043457,269.7632751464844,269.77362060546875,269.7529296875,-277.4107666015625,-269.7408142089844,-15.41175651550293,7.741801738739014,0.055347807705402374,-0.6619296669960022,0.8802853226661682,491000
28.202064514160156,269.5848388671875,269.58721923828125,269.5824279785156,-276.6333923339844,-269.6062316894531,-14.737886428833008,7.7107367515563965,0.05462872236967087,-0.10713918507099152,0.8913829922676086,492000
27.00141716003418,269.35284423828125,269.3550720214844,269.3505859375,-276.8489990234375,-269.35662841796875,-14.671255111694336,7.178893566131592,0.05840602517127991,0.10247696936130524,0.8905701637268066,493000
26.613853454589844,269.62994384765625,269.6304931640625,269.6293640136719,-276.90960693359375,-269.6551513671875,-14.163986206054688,6.9095540046691895,0.05857815593481064,0.8235930800437927,0.8901500701904297,494000
303.9637451171875,269.0469665527344,269.0472717285156,269.0466613769531,-276.25323486328125,-269.02581787109375,-15.01381778717041,7.786403656005859,0.05770313739776611,-0.019764704629778862,0.8910336494445801,495000
35.34190368652344,269.344482421875,269.3471374511719,269.34185791015625,-276.61700439453125,-269.2895812988281,-14.864013671875,7.536593914031982,0.060821209102869034,-0.05942803621292114,0.8918943405151367,496000
29.897872924804688,269.18890380859375,269.18914794921875,269.18865966796875,-276.3068542480469,-269.1979064941406,-14.531705856323242,7.422773838043213,0.05300247669219971,0.29914194345474243,0.8933265805244446,497000
34.812469482421875,269.19189453125,269.1957092285156,269.1881103515625,-276.67889404296875,-269.21429443359375,-15.485960006713867,8.021360397338867,0.05631237104535103,-0.4519762694835663,0.8912516236305237,498000
297.13507080078125,269.13201904296875,269.1488952636719,269.1151123046875,-276.4070739746094,-269.0718688964844,-14.520071983337402,7.184881210327148,0.05790203809738159,0.3382970690727234,0.8829131722450256,499000
30.915172576904297,269.4306335449219,269.4310607910156,269.4302062988281,-276.5868225097656,-269.49334716796875,-14.367948532104492,7.27448034286499,0.05724883824586868,0.22706101834774017,0.89324551820755,500000
