critic/q_loss,critic/q_mean,critic/q_max,critic/q_min,actor/total_loss,actor/q_loss,actor/bc_loss,actor/entropy_loss,actor/mse,beta/beta_loss,beta/beta,encoder/encoder_loss,encoder/dot_mean,encoder/kl_target_mean,encoder/nll_raw_mean,step
452.5390625,-0.01119971927255392,0.09357224404811859,-0.108396515250206,-1.5354366302490234,-0.16842180490493774,9.694526672363281,-11.061541557312012,0.37805336713790894,19.372241973876953,0.9997000694274902,0.2054937183856964,0.03306872397661209,-0.4201442003250122,8.958333015441895,0
21.8686466217041,59.493019104003906,59.5073127746582,59.47856903076172,-65.42961120605469,-59.529640197753906,-8.619824409484863,2.7198591232299805,0.0838896855711937,3.980041027069092,0.7989867329597473,0.022641748189926147,0.45977407693862915,0.40061765909194946,-8.704014778137207,1000
8.867116928100586,86.87022399902344,86.87454223632812,86.8658676147461,-93.95047760009766,-86.9322509765625,-11.431161880493164,4.412935256958008,0.06630498915910721,1.404801845550537,0.6953373551368713,0.02497457154095173,0.4266063868999481,0.5142014026641846,-11.710336685180664,2000
11.314019203186035,108.50106811523438,108.50196838378906,108.50017547607422,-116.07395935058594,-108.52540588378906,-12.82793140411377,5.279378414154053,0.06008628010749817,-0.04408254474401474,0.6462993025779724,0.013958025723695755,0.5214583873748779,0.5576732754707336,-12.95700454711914,3000
12.428850173950195,126.9429931640625,126.94353485107422,126.94244384765625,-134.31216430664062,-126.91378784179688,-12.947425842285156,5.549037933349609,0.05998730659484863,0.16172531247138977,0.6372690200805664,0.023110371083021164,0.5837836265563965,0.5542114973068237,-12.984935760498047,4000
8.831409454345703,143.497314453125,143.49746704101562,143.4971923828125,-151.48025512695312,-143.55166625976562,-13.886392593383789,5.957801818847656,0.058744654059410095,-0.02444859780371189,0.6561997532844543,0.01979256421327591,0.5415154695510864,0.586632490158081,-13.940673828125,5000
8.76005744934082,158.67413330078125,158.67483520507812,158.67340087890625,-166.49417114257812,-158.64451599121094,-13.982950210571289,6.133295059204102,0.058936335146427155,-0.4552609324455261,0.6751577258110046,0.012290539219975471,0.5939573049545288,0.5939785242080688,-14.216781616210938,6000
12.539688110351562,172.33541870117188,172.33554077148438,172.3352813720703,-180.0823211669922,-172.34483337402344,-13.42210578918457,5.68461799621582,0.05809669569134712,-0.05749255791306496,0.6910625696182251,0.01536642387509346,0.5536741018295288,0.5783339142799377,-13.729875564575195,7000
8.694221496582031,185.29364013671875,185.2938232421875,185.29345703125,-193.22340393066406,-185.28770446777344,-14.090252876281738,6.154550552368164,0.056321486830711365,-0.3236023783683777,0.6881999969482422,0.010734477080404758,0.6174441576004028,0.6016777157783508,-14.391109466552734,8000
13.274145126342773,197.3682861328125,197.4912109375,197.24679565429688,-204.68511962890625,-197.18646240234375,-13.600403785705566,6.101740837097168,0.061340052634477615,0.1314511001110077,0.7004414200782776,0.014372898265719414,0.5722180008888245,0.5765017867088318,-13.737832069396973,9000
14.271543502807617,208.05223083496094,208.06332397460938,208.0430145263672,-215.9143829345703,-208.03738403320312,-13.777692794799805,5.900691032409668,0.05894792079925537,-0.10892296582460403,0.7108712196350098,0.01384158618748188,0.5959266424179077,0.5836108922958374,-13.937699317932129,10000
13.145284652709961,218.66717529296875,218.6742401123047,218.66017150878906,-226.35848999023438,-218.5777130126953,-13.418693542480469,5.637901782989502,0.06009303778409958,0.54977947473526,0.713674008846283,0.013150367885828018,0.5723352432250977,0.5659982562065125,-13.430971145629883,11000
11.799548149108887,228.3436279296875,228.34561157226562,228.34161376953125,-236.09368896484375,-228.34429931640625,-13.67444133758545,5.925048351287842,0.06092750281095505,-0.18187950551509857,0.7128568887710571,0.010060809552669525,0.5655889511108398,0.5876864194869995,-13.977727890014648,12000
224.1344451904297,236.9066162109375,236.90692138671875,236.90635681152344,-244.51754760742188,-236.861083984375,-13.598430633544922,5.941963195800781,0.060508307069540024,0.2786179184913635,0.7200334072113037,0.012264741584658623,0.5753417015075684,0.5803387761116028,-13.753976821899414,13000
12.191654205322266,245.30880737304688,245.3092498779297,245.30836486816406,-253.4293212890625,-245.2713623046875,-14.243045806884766,6.085080146789551,0.057952214032411575,-0.069069042801857,0.7268705368041992,0.013098228722810745,0.5667803287506104,0.605863094329834,-14.624879837036133,14000
252.01016235351562,252.9817657470703,252.9818115234375,252.98171997070312,-260.7601318359375,-252.94627380371094,-14.17797565460205,6.36411714553833,0.05898537486791611,0.10953401774168015,0.7294899821281433,0.009703855030238628,0.6035476922988892,0.5947716236114502,-14.333979606628418,15000
14.626834869384766,260.4477233886719,260.4477233886719,260.4477233886719,-268.20770263671875,-260.44647216796875,-14.188419342041016,6.4271979331970215,0.05649344250559807,-0.03710678964853287,0.7286036610603333,0.011409865692257881,0.6015970706939697,0.596590518951416,-14.283698081970215,16000
12.908018112182617,267.8851318359375,267.8851318359375,267.8851013183594,-275.6457824707031,-267.9295959472656,-13.42081356048584,5.704626083374023,0.05968258157372475,0.4959146976470947,0.7259929776191711,0.013569734059274197,0.6042871475219727,0.5745458006858826,-13.642877578735352,17000
15.518392562866211,274.1097412109375,274.1100158691406,274.1094970703125,-282.1317138671875,-274.1960144042969,-13.036727905273438,5.101006984710693,0.06411989778280258,0.5672019124031067,0.7295957803726196,0.010791191831231117,0.6003787517547607,0.5653862357139587,-13.34760570526123,18000
308.13470458984375,280.95526123046875,280.98809814453125,280.9224548339844,-288.5989990234375,-280.8297424316406,-13.826441764831543,6.057181358337402,0.058847878128290176,0.08229727298021317,0.7338585257530212,0.010640066117048264,0.5597547888755798,0.5885565280914307,-14.04321575164795,19000
14.263472557067871,286.79803466796875,286.79986572265625,286.79620361328125,-294.6049499511719,-286.86505126953125,-14.066092491149902,6.326211929321289,0.05638245865702629,-0.13393506407737732,0.7324213981628418,0.008558095432817936,0.5627442598342896,0.6044746041297913,-14.525701522827148,20000
13.358488082885742,292.34210205078125,292.34222412109375,292.3419494628906,-300.08087158203125,-292.3703308105469,-13.966854095458984,6.2563276290893555,0.056878671050071716,0.32670581340789795,0.735855221748352,0.007639813236892223,0.6090255975723267,0.5969277620315552,-14.250350952148438,21000
12.714788436889648,297.529052734375,297.52978515625,297.5281982421875,-305.3923645019531,-297.53265380859375,-13.973197937011719,6.113492965698242,0.057848233729600906,-0.03481507673859596,0.7360067963600159,0.013470297679305077,0.6528748273849487,0.5901302099227905,-14.109920501708984,22000
38.134185791015625,283.86578369140625,285.6559753417969,261.8769226074219,-290.6144104003906,-282.549560546875,-13.806373596191406,5.741519927978516,0.06001769006252289,0.17892850935459137,0.7355449199676514,0.014138838276267052,0.6517717838287354,0.5889030694961548,-14.093036651611328,23000
16.131877899169922,288.54180908203125,288.6485595703125,286.6934509277344,-296.5933532714844,-288.445068359375,-14.24969482421875,6.101406574249268,0.05485351011157036,-0.324654221534729,0.7341227531433105,0.011103036813437939,0.6508231163024902,0.6041666269302368,-14.645964622497559,24000
12.781664848327637,292.6051940917969,294.2287902832031,289.9678649902344,-299.8097229003906,-291.82916259765625,-13.777091979980469,5.796544551849365,0.06134027615189552,0.18863405287265778,0.7347363233566284,0.01658300869166851,0.616318941116333,0.5798671841621399,-13.924495697021484,25000
17.482311248779297,292.8860778808594,295.5124816894531,280.86151123046875,-299.949462890625,-292.0999755859375,-14.445154190063477,6.5956645011901855,0.05420790985226631,-0.24606600403785706,0.7287184596061707,0.010674221441149712,0.6215670704841614,0.603371262550354,-14.554426193237305,26000
19.704696655273438,294.8437194824219,296.5865478515625,260.8446960449219,-301.950927734375,-294.13623046875,-14.187507629394531,6.372804641723633,0.05767499655485153,0.1641053855419159,0.7347170114517212,0.009679961018264294,0.6089252233505249,0.5975788831710815,-14.254817962646484,27000
31.492835998535156,296.8873291015625,299.560791015625,240.02337646484375,-303.2227783203125,-295.439453125,-13.620911598205566,5.837574005126953,0.05818381905555725,0.3004072308540344,0.731945276260376,0.010337685234844685,0.5514965653419495,0.5911153554916382,-14.082297325134277,28000
16.903438568115234,298.094482421875,301.09466552734375,236.80029296875,-304.9950256347656,-297.2686462402344,-14.04806137084961,6.321689128875732,0.056513622403144836,-0.11669585108757019,0.7255526781082153,0.011394396424293518,0.5540903210639954,0.5943849682807922,-14.358057022094727,29000
14.087234497070312,300.16058349609375,303.0273742675781,292.2467041015625,-307.1692810058594,-299.3728332519531,-14.002707481384277,6.206277370452881,0.05928507819771767,0.02915358357131481,0.7318562269210815,0.009587978944182396,0.5891984105110168,0.6008877754211426,-14.511646270751953,30000
79.65296936035156,301.1308898925781,303.8960266113281,294.2713317871094,-308.4443359375,-300.51922607421875,-14.340371131896973,6.415242671966553,0.05693785473704338,0.0804113820195198,0.7315730452537537,0.012851875275373459,0.6200539469718933,0.6035311222076416,-14.676753997802734,31000
15.250284194946289,302.7201232910156,306.3427734375,295.3123779296875,-309.72918701171875,-301.802001953125,-13.779109954833984,5.851940155029297,0.05994883179664612,0.30487900972366333,0.7231378555297852,0.016481611877679825,0.6348303556442261,0.5819551348686218,-13.980997085571289,32000
295.52276611328125,302.1891174316406,306.44061279296875,138.46299743652344,-307.9056701660156,-300.1156311035156,-13.699226379394531,5.90918493270874,0.05652309209108353,0.36315158009529114,0.7278372645378113,0.01047853846102953,0.6012554168701172,0.5839262008666992,-14.02410888671875,33000
17.08714485168457,304.2664794921875,307.8917541503906,288.4324035644531,-310.82958984375,-302.8625793457031,-14.238982200622559,6.271958351135254,0.05646176263689995,-0.30255618691444397,0.724526584148407,0.009458737447857857,0.5876145362854004,0.6116339564323425,-14.878737449645996,34000
120.87202453613281,303.9277648925781,307.83935546875,164.869873046875,-309.8132629394531,-301.98614501953125,-13.849088668823242,6.021977424621582,0.06061217561364174,0.09309114515781403,0.7155229449272156,0.011043325066566467,0.563138484954834,0.5968741178512573,-14.381614685058594,35000
19.275039672851562,303.38153076171875,307.1611633300781,282.1977233886719,-309.777587890625,-302.18359375,-13.63755989074707,6.043577671051025,0.05909523740410805,0.023359987884759903,0.7147880792617798,0.01131819561123848,0.560627281665802,0.5964046120643616,-14.253286361694336,36000
31.830345153808594,302.833251953125,306.8517150878906,206.74923706054688,-309.7430114746094,-301.73492431640625,-14.205930709838867,6.197835445404053,0.05690281093120575,0.05535421147942543,0.7208415269851685,0.01154367160052061,0.6019191741943359,0.6038377285003662,-14.633157730102539,37000
30.96487045288086,302.67572021484375,306.6311340332031,270.0222473144531,-309.1737060546875,-301.313720703125,-13.850564002990723,5.990580081939697,0.05680875852704048,0.05129826068878174,0.7083023190498352,0.009662717580795288,0.6013516187667847,0.5967003107070923,-14.380298614501953,38000
120.61614227294922,301.4273681640625,306.26483154296875,125.8150634765625,-307.33221435546875,-299.48663330078125,-13.845666885375977,6.00008487701416,0.05812031775712967,0.13727089762687683,0.7220970988273621,0.013117054477334023,0.6240236759185791,0.5856658220291138,-14.020729064941406,39000
55.6840705871582,301.22064208984375,306.0420227050781,147.4107666015625,-307.4051208496094,-299.4608154296875,-13.714125633239746,5.769809722900391,0.05899561196565628,0.18613922595977783,0.7174670100212097,0.00853072851896286,0.6041277050971985,0.5884746313095093,-14.003902435302734,40000
39.123661041259766,301.04461669921875,305.25958251953125,194.3890380859375,-307.6245422363281,-299.67657470703125,-13.437387466430664,5.489399433135986,0.056050531566143036,0.2532251477241516,0.7127505540847778,0.007766289636492729,0.6128361225128174,0.5932624340057373,-14.039632797241211,41000
17.97188949584961,299.8686828613281,303.66119384765625,286.9924621582031,-306.6740417480469,-298.76397705078125,-14.562480926513672,6.65241813659668,0.05391087383031845,-0.47553861141204834,0.7142560482025146,0.011349208652973175,0.58787602186203,0.6199127435684204,-15.144710540771484,42000
16.10756492614746,298.89837646484375,302.76824951171875,276.1317138671875,-305.4430236816406,-297.573486328125,-14.143871307373047,6.274322986602783,0.056376878172159195,-0.0016579231014475226,0.7147790789604187,0.00960240513086319,0.5888621211051941,0.6057173013687134,-14.586748123168945,43000
13.2935209274292,297.94879150390625,302.2508850097656,276.2602233886719,-304.9019775390625,-296.5750732421875,-14.520712852478027,6.193809509277344,0.05519389361143112,-0.33743685483932495,0.7083476185798645,0.010327490977942944,0.5897362232208252,0.6183006763458252,-15.151479721069336,44000
15.185763359069824,298.2910461425781,302.5505065917969,284.73193359375,-304.8871154785156,-297.17333984375,-14.265542984008789,6.5517578125,0.05296461656689644,-0.14048106968402863,0.713590145111084,0.008867820724844933,0.6066404581069946,0.6034421920776367,-14.641342163085938,45000
170.20016479492188,297.6822509765625,302.74237060546875,100.80729675292969,-304.9586486816406,-296.7374267578125,-14.427072525024414,6.205836296081543,0.05874873325228691,-0.36342498660087585,0.7044352889060974,0.0120440274477005,0.642197847366333,0.6082038879394531,-14.953587532043457,46000
21.578218460083008,299.5081787109375,303.71136474609375,278.9517517089844,-305.9709167480469,-298.0225830078125,-14.048354148864746,6.099999904632568,0.05752193555235863,-0.05165169760584831,0.6999193429946899,0.009629364125430584,0.5951197147369385,0.6031100749969482,-14.54377269744873,47000
13.565996170043945,299.9075927734375,304.2239685058594,277.8729553222656,-306.8638610839844,-298.58538818359375,-14.595348358154297,6.316876411437988,0.05539727583527565,-0.9117806553840637,0.7034586071968079,0.008797114714980125,0.606818675994873,0.6323221921920776,-15.537239074707031,48000
15.794113159179688,299.8819885253906,304.163330078125,280.28314208984375,-306.65228271484375,-298.724853515625,-14.14696216583252,6.219554424285889,0.056860655546188354,0.1537204086780548,0.6963300704956055,0.011811246164143085,0.6227031350135803,0.6014714241027832,-14.438827514648438,49000
38.74303436279297,299.7010192871094,304.630126953125,168.9443359375,-306.16766357421875,-297.9060974121094,-14.343286514282227,6.081729412078857,0.056308720260858536,-0.1450091004371643,0.6980269551277161,0.016024306416511536,0.6723637580871582,0.6029389500617981,-14.625008583068848,50000
16.35343360900879,300.15411376953125,304.1670227050781,280.7408142089844,-307.16070556640625,-299.01434326171875,-13.796854972839355,5.650486946105957,0.05700897052884102,0.02166600711643696,0.6964659690856934,0.008795516565442085,0.6256749629974365,0.5958280563354492,-14.292967796325684,51000
208.27662658691406,300.5097351074219,305.4470520019531,106.19149017333984,-306.7162780761719,-298.5509033203125,-14.083200454711914,5.917807579040527,0.0571788065135479,0.028051501139998436,0.6947510838508606,0.010156726464629173,0.617117702960968,0.5969786643981934,-14.433258056640625,52000
15.108823776245117,301.65692138671875,306.03778076171875,286.3479309082031,-308.4605712890625,-300.2887878417969,-13.862041473388672,5.690232276916504,0.058039404451847076,0.43603962659835815,0.697570264339447,0.010580798611044884,0.6062920093536377,0.5910117030143738,-14.164377212524414,53000
48.23884582519531,302.49981689453125,307.0684509277344,171.20497131347656,-309.4654846191406,-301.38006591796875,-13.900718688964844,5.815305233001709,0.06008831039071083,0.13340435922145844,0.6913797855377197,0.008909781463444233,0.589506983757019,0.5936819314956665,-14.255555152893066,54000
19.417823791503906,303.62921142578125,308.10107421875,280.3342590332031,-310.46844482421875,-302.31982421875,-14.32379150390625,6.175168514251709,0.05446285009384155,-0.4876336455345154,0.687125563621521,0.008279265835881233,0.6036221981048584,0.618515133857727,-15.128341674804688,55000
16.187219619750977,304.3728332519531,308.5495300292969,290.6421813964844,-310.7204895019531,-302.7847595214844,-13.763721466064453,5.828007698059082,0.05953146517276764,0.031131265684962273,0.6851925253868103,0.011738047935068607,0.5606552362442017,0.5960137844085693,-14.300688743591309,56000
65.85014343261719,304.2177429199219,308.9208679199219,153.74815368652344,-311.0641174316406,-302.85430908203125,-13.973725318908691,5.763911724090576,0.0606539249420166,0.016987036913633347,0.685601532459259,0.014520463533699512,0.5860068798065186,0.6038706302642822,-14.650829315185547,57000
22.13961410522461,305.2952880859375,309.4444274902344,275.5081787109375,-311.94482421875,-303.91009521484375,-14.096510887145996,6.061762809753418,0.055098868906497955,-0.03818082436919212,0.6816955804824829,0.010947433300316334,0.617554783821106,0.6040682196617126,-14.652353286743164,58000
149.89138793945312,304.7211608886719,309.7339172363281,108.26219940185547,-310.9312438964844,-302.7538757324219,-14.1875581741333,6.010182857513428,0.061878472566604614,-0.394098162651062,0.6817299723625183,0.014968551695346832,0.6369937658309937,0.5993183851242065,-14.68975830078125,59000
19.803390502929688,306.25,310.6833801269531,278.9413757324219,-312.9966125488281,-304.792236328125,-14.470420837402344,6.26605224609375,0.052977848798036575,-0.2544321119785309,0.6846874952316284,0.006583674810826778,0.6194915771484375,0.6167663335800171,-14.995612144470215,60000
24.401384353637695,306.922607421875,311.61419677734375,233.81663513183594,-313.5464782714844,-305.5576477050781,-13.795228004455566,5.806399345397949,0.056888800114393234,0.09970207512378693,0.6791866421699524,0.012400893494486809,0.5850294828414917,0.5911324620246887,-14.23973274230957,61000
92.92203521728516,307.00384521484375,312.2061767578125,93.6055679321289,-313.4834289550781,-305.2558898925781,-13.666438102722168,5.438894748687744,0.0619206577539444,0.050205644220113754,0.6778584718704224,0.010515525937080383,0.5896666049957275,0.5880669951438904,-14.081647872924805,62000
16.272083282470703,309.11297607421875,313.5716857910156,285.9756774902344,-315.74200439453125,-307.6121826171875,-13.962191581726074,5.832363128662109,0.058250896632671356,-0.145428866147995,0.6720786690711975,0.010397891514003277,0.5724897384643555,0.6063598394393921,-14.598512649536133,63000
34.57035446166992,309.9852600097656,313.86962890625,189.66160583496094,-316.8377380371094,-308.56298828125,-13.562788963317871,5.288018703460693,0.06062726303935051,0.4529719948768616,0.6705227494239807,0.007944444194436073,0.5988786816596985,0.5857832431793213,-14.033934593200684,64000
14.872085571289062,311.7156982421875,315.4609069824219,291.1543273925781,-318.57159423828125,-310.412109375,-13.835531234741211,5.676048278808594,0.05723748356103897,0.2660503387451172,0.6683127880096436,0.009106576442718506,0.5816922783851624,0.6040140390396118,-14.538773536682129,65000
13.28121280670166,313.4403991699219,317.7526550292969,289.8292541503906,-320.2065734863281,-312.0169677734375,-13.978788375854492,5.789188861846924,0.057881977409124374,-0.17165938019752502,0.6682130694389343,0.011266738176345825,0.5617948770523071,0.6143345236778259,-14.93513298034668,66000
14.365625381469727,315.6680603027344,319.45269775390625,305.351318359375,-322.4839782714844,-314.089599609375,-13.944158554077148,5.54978084564209,0.05909482017159462,-0.17045383155345917,0.6701937317848206,0.008067401126027107,0.5971598625183105,0.6100572347640991,-14.803427696228027,67000
78.44718933105469,315.955810546875,320.39453125,120.83428955078125,-322.80218505859375,-314.4718017578125,-13.921255111694336,5.590884208679199,0.0596688911318779,-0.1422296017408371,0.6660082340240479,0.009744909591972828,0.5731629729270935,0.6054975986480713,-14.76694393157959,68000
14.314251899719238,317.6463928222656,321.64935302734375,296.65673828125,-324.71124267578125,-316.464599609375,-14.20303726196289,5.956391334533691,0.05558421462774277,-0.3706541955471039,0.6641732454299927,0.00840572640299797,0.5962951183319092,0.6123883724212646,-14.92544937133789,69000
375.7276916503906,318.0621032714844,323.1211853027344,68.89350891113281,-323.74957275390625,-315.87872314453125,-13.607089042663574,5.7362518310546875,0.06432433426380157,-0.18967723846435547,0.6645628809928894,0.011134831234812737,0.5623695850372314,0.5865874290466309,-14.180601119995117,70000
14.924173355102539,321.0933532714844,324.87591552734375,300.34503173828125,-328.080810546875,-319.7038269042969,-13.80565071105957,5.428671836853027,0.061894964426755905,0.09101150184869766,0.6611670851707458,0.006960840430110693,0.6101824045181274,0.5979839563369751,-14.395853042602539,71000
174.6563262939453,321.49664306640625,326.91925048828125,89.58647918701172,-327.9830627441406,-320.0848388671875,-13.328444480895996,5.430210590362549,0.0636776015162468,0.37685054540634155,0.6595128774642944,0.012197956442832947,0.5882693529129028,0.5847851037979126,-14.048553466796875,72000
106.65644836425781,324.1455383300781,328.3580627441406,96.1832504272461,-330.446044921875,-322.31005859375,-14.101823806762695,5.965846061706543,0.05728060007095337,-0.6250558495521545,0.6578431725502014,0.01245245523750782,0.5615739226341248,0.618954062461853,-15.091551780700684,73000
57.474124908447266,324.8124694824219,329.1422424316406,174.8704071044922,-331.6046447753906,-323.319580078125,-13.942808151245117,5.6577467918396,0.05760599672794342,0.08063134551048279,0.6567886471748352,0.0098063163459301,0.5800374150276184,0.6064491271972656,-14.74467658996582,74000
14.588842391967773,327.22760009765625,331.21746826171875,309.1110534667969,-334.4450378417969,-326.16064453125,-13.560832023620605,5.276442050933838,0.05652386695146561,0.07889015227556229,0.6579662561416626,0.011161534115672112,0.6137640476226807,0.5901517271995544,-14.150411605834961,75000
15.718558311462402,328.6169738769531,332.3800964355469,314.1302185058594,-335.7988586425781,-327.6404113769531,-13.712610244750977,5.554154396057129,0.05722414702177048,0.0013791725505143404,0.6519636511802673,0.00913647934794426,0.5766090154647827,0.5959219932556152,-14.41014575958252,76000
12.422139167785645,331.43121337890625,335.2974853515625,319.2948913574219,-338.83978271484375,-330.18743896484375,-14.27957534790039,5.627226829528809,0.06034577637910843,-0.15623800456523895,0.6489768624305725,0.008045530878007412,0.6151452660560608,0.620368242263794,-15.095542907714844,77000
17.979694366455078,332.5893859863281,335.9758605957031,292.84185791015625,-339.8015441894531,-331.5863342285156,-13.665755271911621,5.450543403625488,0.05763940140604973,0.18697278201580048,0.6512486934661865,0.010387243703007698,0.6065768003463745,0.5969280004501343,-14.36307144165039,78000
12.463628768920898,335.29150390625,339.0002136230469,323.3707580566406,-342.5865783691406,-334.30596923828125,-13.217061042785645,4.936464786529541,0.060325440019369125,0.30844593048095703,0.6469812393188477,0.015115924179553986,0.6318110823631287,0.5789375305175781,-13.674513816833496,79000
130.30955505371094,336.77020263671875,340.97479248046875,79.81886291503906,-343.60174560546875,-335.1624450683594,-13.769660949707031,5.330338001251221,0.06039942055940628,0.14527274668216705,0.6485998630523682,0.009736066684126854,0.622772216796875,0.5934172868728638,-14.272603988647461,80000
109.5828857421875,337.53863525390625,341.8515930175781,152.18777465820312,-344.1034240722656,-335.99310302734375,-14.001749992370605,5.891408443450928,0.056622158735990524,-0.3180921971797943,0.646196186542511,0.012175323441624641,0.5824592113494873,0.6105482578277588,-14.842764854431152,81000
44.011329650878906,339.58013916015625,343.23040771484375,196.5890655517578,-346.2314147949219,-338.0329284667969,-14.230937957763672,6.0324387550354,0.05631369724869728,-0.584583580493927,0.6443233489990234,0.01234449353069067,0.5719821453094482,0.6219277381896973,-15.23806381225586,82000
13.053040504455566,342.4935302734375,345.65618896484375,327.32659912109375,-349.705322265625,-341.3935546875,-13.161752700805664,4.849970817565918,0.06000790745019913,0.3125641644001007,0.6402415633201599,0.01100732572376728,0.5588952898979187,0.5856338739395142,-14.014669418334961,83000
19.835540771484375,343.892822265625,347.4979248046875,321.2214660644531,-350.84979248046875,-342.614013671875,-13.681722640991211,5.445962905883789,0.057222072035074234,-0.06954249739646912,0.6366103291511536,0.012267062440514565,0.5438242554664612,0.6084702014923096,-14.68230152130127,84000
51.092227935791016,346.646484375,349.69427490234375,329.4693908691406,-354.0146484375,-345.2239990234375,-14.062851905822754,5.272207736968994,0.059905361384153366,-0.21232831478118896,0.6388018727302551,0.01047973707318306,0.6347732543945312,0.6065524220466614,-14.839883804321289,85000
16.19002342224121,348.75372314453125,351.908447265625,335.53045654296875,-355.62646484375,-347.55242919921875,-13.655561447143555,5.581524848937988,0.05676170811057091,0.0980873554944992,0.6403759717941284,0.009491944685578346,0.5804698467254639,0.5996965169906616,-14.430265426635742,86000
16.119659423828125,349.24884033203125,352.948974609375,333.5707092285156,-356.5494384765625,-347.9840087890625,-14.138888359069824,5.57344913482666,0.056866079568862915,-0.21028895676136017,0.6351060271263123,0.009591188281774521,0.5779334306716919,0.6188927888870239,-15.154216766357422,87000
12.436572074890137,351.780517578125,355.1797180175781,338.9490966796875,-358.90069580078125,-350.4158020019531,-14.208491325378418,5.723597526550293,0.054727014154195786,-0.16670465469360352,0.6317973136901855,0.006642268039286137,0.6114028692245483,0.6163485050201416,-15.072677612304688,88000
11.905648231506348,354.4151306152344,358.118408203125,345.7768249511719,-361.4832763671875,-353.22442626953125,-14.003944396972656,5.745091438293457,0.05394717678427696,-0.14448703825473785,0.6355493068695068,0.007927389815449715,0.5997119545936584,0.6084296107292175,-14.81158447265625,89000
115.49163055419922,355.71966552734375,359.90802001953125,213.2586669921875,-363.1127014160156,-354.52130126953125,-13.865815162658691,5.274406433105469,0.05936811864376068,0.16501517593860626,0.634341835975647,0.010075259953737259,0.6194726824760437,0.597867488861084,-14.477682113647461,90000
106.55502319335938,357.0040283203125,361.0227966308594,127.23104095458984,-363.9569091796875,-355.7716064453125,-13.322998046875,5.137709140777588,0.05821007117629051,0.44636911153793335,0.6311587691307068,0.010519265197217464,0.6027264595031738,0.5749877691268921,-13.848835945129395,91000
56.13585662841797,360.273193359375,363.3874816894531,272.7821350097656,-368.17926025390625,-359.5220031738281,-13.821316719055176,5.1640472412109375,0.06291095167398453,-0.04046737030148506,0.6263582110404968,0.01091157365590334,0.609716534614563,0.6018267869949341,-14.566615104675293,92000
183.69921875,363.29205322265625,366.5106201171875,126.81455993652344,-370.224609375,-361.7643127441406,-13.4277925491333,4.967491149902344,0.06244887411594391,0.08978384733200073,0.6262538433074951,0.010486803017556667,0.5878002047538757,0.5907283425331116,-14.20970344543457,93000
12.35324478149414,365.42218017578125,368.8327331542969,352.1278381347656,-372.6452941894531,-364.27685546875,-13.575074195861816,5.206642150878906,0.06253967434167862,0.26326999068260193,0.6242592334747314,0.007157398387789726,0.5898107886314392,0.5969864726066589,-14.326574325561523,94000
12.615299224853516,367.54278564453125,370.2795715332031,358.399169921875,-375.3018798828125,-366.7727355957031,-13.479063034057617,4.949926376342773,0.05928933620452881,0.4935523569583893,0.6225465536117554,0.010081048123538494,0.6219326257705688,0.5813521146774292,-13.833562850952148,95000
12.20931625366211,369.90606689453125,373.1461486816406,360.2603454589844,-376.9513244628906,-368.62945556640625,-13.448962211608887,5.127120494842529,0.05922624096274376,0.10921751707792282,0.620338499546051,0.009005050174891949,0.5873507261276245,0.5941071510314941,-14.280712127685547,96000
63.226112365722656,371.0725402832031,375.0201110839844,197.116943359375,-378.3124694824219,-369.7041931152344,-14.033869743347168,5.4255876541137695,0.0550716333091259,-0.2756488621234894,0.6216354370117188,0.01117459125816822,0.5889185070991516,0.613349437713623,-14.95641040802002,97000
64.89722442626953,373.95880126953125,377.3516540527344,194.65394592285156,-381.1718444824219,-372.6352844238281,-13.680153846740723,5.143579959869385,0.060887448489665985,0.062017932534217834,0.6186858415603638,0.008083904162049294,0.6078330278396606,0.5992571115493774,-14.446504592895508,98000
53.231101989746094,376.82403564453125,379.9222717285156,368.7647399902344,-384.16552734375,-375.90362548828125,-13.100228309631348,4.838318824768066,0.06133558601140976,0.4438752233982086,0.6101380586624146,0.010920739732682705,0.5714110732078552,0.5763517022132874,-13.882501602172852,99000
11.890156745910645,379.78173828125,381.8619079589844,376.1167907714844,-387.3694152832031,-378.7268981933594,-13.741325378417969,5.098819255828857,0.05742006376385689,0.06531182676553726,0.6172275543212891,0.010590653866529465,0.615167498588562,0.5967959761619568,-14.441844940185547,100000
84.34225463867188,381.51214599609375,385.1918029785156,266.5401916503906,-389.41497802734375,-380.40753173828125,-14.216792106628418,5.2093424797058105,0.059401076287031174,-0.20660333335399628,0.6105648875236511,0.007591188885271549,0.6321525573730469,0.6137111186981201,-15.023473739624023,101000
11.451082229614258,383.3404846191406,386.92376708984375,373.82318115234375,-390.9658203125,-382.12542724609375,-13.868012428283691,5.027625560760498,0.057097937911748886,0.0696069672703743,0.6098695397377014,0.008034429512917995,0.6063125133514404,0.6063975095748901,-14.623907089233398,102000
112.43711853027344,383.99261474609375,387.64739990234375,142.57814025878906,-390.8478088378906,-382.49932861328125,-12.855742454528809,4.507248401641846,0.06303226202726364,0.40215933322906494,0.5992555022239685,0.010130800306797028,0.5811246633529663,0.5654083490371704,-13.429723739624023,103000
12.028532028198242,383.96356201171875,387.6251525878906,368.6200256347656,-391.6208801269531,-382.853271484375,-13.908147811889648,5.140531063079834,0.06007349491119385,-0.0311513002961874,0.6141419410705566,0.010674212127923965,0.625251829624176,0.600295901298523,-14.540244102478027,104000
83.469482421875,385.38232421875,388.9681396484375,179.08006286621094,-392.5008850097656,-383.802001953125,-14.127455711364746,5.428564548492432,0.05692078918218613,-0.3869091868400574,0.6085132360458374,0.00934599433094263,0.6333102583885193,0.6073709726333618,-14.780941009521484,105000
40.4538688659668,387.39593505859375,390.90130615234375,374.1263427734375,-394.5191345214844,-386.1385498046875,-13.571118354797363,5.190512657165527,0.05823814868927002,-0.22462037205696106,0.6033369898796082,0.01484459638595581,0.5784986019134521,0.5963148474693298,-14.430219650268555,106000
173.17735290527344,388.4283447265625,392.88665771484375,122.1881103515625,-395.2852478027344,-386.6694641113281,-13.629425048828125,5.013632297515869,0.06073331832885742,0.15951116383075714,0.6063740849494934,0.008971072733402252,0.6079144477844238,0.5874512791633606,-14.159444808959961,107000
611.287841796875,389.5889892578125,393.8511047363281,86.62449645996094,-395.90625,-388.04150390625,-12.79977798461914,4.93503475189209,0.06330494582653046,0.27230122685432434,0.6010890007019043,0.014780107885599136,0.5203219652175903,0.5773184299468994,-13.961257934570312,108000
8.017537117004395,392.8690490722656,395.7372741699219,386.916748046875,-400.4242248535156,-392.08953857421875,-12.477071762084961,4.14240837097168,0.06545647233724594,0.5721390843391418,0.5985448956489563,0.008557971566915512,0.5889906883239746,0.5621767044067383,-13.220561981201172,109000
10.995147705078125,395.0615234375,398.4187316894531,385.497314453125,-402.4624938964844,-393.55218505859375,-14.197900772094727,5.287594318389893,0.059077054262161255,-0.2059391587972641,0.5973724126815796,0.01052596140652895,0.6428740620613098,0.604625940322876,-14.748537063598633,110000
74.00118255615234,396.2447509765625,400.4632568359375,140.67559814453125,-403.7890319824219,-395.26202392578125,-13.620360374450684,5.093338489532471,0.05956192687153816,-0.23094496130943298,0.5929012894630432,0.010351985692977905,0.5731563568115234,0.6094841361045837,-14.740476608276367,111000
32.10996627807617,397.1997375488281,401.3471374511719,278.7993469238281,-403.9600830078125,-395.87591552734375,-12.758472442626953,4.674324035644531,0.06194646283984184,0.1768019050359726,0.5938935279846191,0.010440058074891567,0.5708168745040894,0.5809658765792847,-13.875297546386719,112000
13.61640739440918,396.7376708984375,401.5279235839844,382.2410583496094,-404.15509033203125,-395.33148193359375,-13.982973098754883,5.159365653991699,0.05815322697162628,-0.04730542376637459,0.5966424345970154,0.008277224376797676,0.5998773574829102,0.6140695214271545,-14.931527137756348,113000
272.25079345703125,394.9942626953125,400.0006103515625,97.35504913330078,-402.2037353515625,-393.66351318359375,-13.801979064941406,5.261752605438232,0.06083231791853905,-0.34882786870002747,0.5951858162879944,0.011580657213926315,0.5774747133255005,0.6072345972061157,-14.838932037353516,114000
144.34498596191406,394.7452087402344,399.93182373046875,98.198486328125,-402.0616149902344,-393.36328125,-13.426506996154785,4.728184700012207,0.06275130808353424,0.19939953088760376,0.5952324271202087,0.010661636479198933,0.5998657941818237,0.5899957418441772,-14.251102447509766,115000
49.16823196411133,395.52276611328125,398.971923828125,321.9827575683594,-403.1336364746094,-394.40435791015625,-13.484421730041504,4.755165100097656,0.06202178820967674,0.3554028272628784,0.5911384224891663,0.011906249448657036,0.6101124882698059,0.5841905474662781,-14.092766761779785,116000
42.265533447265625,397.20989990234375,400.23382568359375,385.7473449707031,-404.6877136230469,-396.19708251953125,-13.745315551757812,5.2546772956848145,0.05650187283754349,-0.21417324244976044,0.5893022418022156,0.008634913712739944,0.581718921661377,0.6034218072891235,-14.656706809997559,117000
13.43826675415039,398.124755859375,402.2021789550781,383.23974609375,-405.32244873046875,-396.9703063964844,-12.81748104095459,4.465325355529785,0.06386224180459976,0.5263526439666748,0.5840007066726685,0.010407669469714165,0.5662063360214233,0.5800740718841553,-13.86685562133789,118000
10.40839958190918,399.880615234375,403.6588134765625,390.4939270019531,-407.6006164550781,-398.990234375,-13.494409561157227,4.884023189544678,0.0594027042388916,0.2520792484283447,0.587613046169281,0.011319098994135857,0.6300244927406311,0.5812301635742188,-13.927114486694336,119000
10.930246353149414,401.6707763671875,405.6941833496094,390.8367919921875,-408.9790954589844,-400.326416015625,-13.590085983276367,4.937422275543213,0.05913187563419342,-0.08270178735256195,0.589724600315094,0.00859967153519392,0.6041330099105835,0.596735954284668,-14.50240707397461,120000
35.98063659667969,402.93402099609375,406.76165771484375,328.1755065917969,-410.79937744140625,-401.88720703125,-13.932363510131836,5.020212173461914,0.060454003512859344,-0.16758951544761658,0.5804726481437683,0.009364347904920578,0.6314469575881958,0.6053619384765625,-14.769048690795898,121000
12.890277862548828,404.053466796875,407.6162414550781,384.1832275390625,-411.54229736328125,-402.8679504394531,-12.965287208557129,4.290968894958496,0.06374969333410263,0.3394528031349182,0.580783486366272,0.007246866822242737,0.5740065574645996,0.5817835330963135,-13.814303398132324,122000
10.043012619018555,404.9615478515625,408.3471984863281,392.147705078125,-412.29736328125,-403.6235656738281,-13.344902038574219,4.671126365661621,0.05963730812072754,0.0458625964820385,0.5830658674240112,0.007466056849807501,0.5812947750091553,0.5929914712905884,-14.27602767944336,123000
489.4848937988281,404.34429931640625,408.9791259765625,139.54705810546875,-410.8908386230469,-402.522705078125,-13.074655532836914,4.706507682800293,0.06408336758613586,0.2522065341472626,0.5813472867012024,0.009458673186600208,0.5892447233200073,0.5760042667388916,-13.80420207977295,124000
11.98866081237793,406.86456298828125,411.0089111328125,391.2351989746094,-414.5625305175781,-405.66571044921875,-13.821792602539062,4.92494535446167,0.0573665127158165,-0.17859280109405518,0.5776984095573425,0.008164014667272568,0.6085378527641296,0.6085604429244995,-14.763644218444824,125000
14.244091033935547,407.3366394042969,410.9742126464844,383.1643981933594,-414.51007080078125,-405.9027099609375,-13.672832489013672,5.06545877456665,0.05862867832183838,-0.05933331325650215,0.5784391760826111,0.007298997137695551,0.6124306917190552,0.6086229085922241,-14.642890930175781,126000
32.29670715332031,408.6419372558594,412.5476989746094,302.8359375,-414.33453369140625,-407.33184814453125,-11.979752540588379,4.977067470550537,0.061017148196697235,-0.07873613387346268,0.5666717886924744,0.07731472700834274,0.3574044108390808,0.6002522706985474,-14.555061340332031,127000
11.622900009155273,410.8544921875,414.2362976074219,384.5760803222656,-419.3431701660156,-410.14471435546875,-13.951009750366211,4.752549171447754,0.05799556523561478,-0.17350444197654724,0.5674914121627808,0.016794530674815178,0.6356141567230225,0.6020607948303223,-14.600346565246582,128000
221.39454650878906,413.3705749511719,417.30133056640625,76.47842407226562,-420.87939453125,-412.113037109375,-13.61587905883789,4.8495049476623535,0.05894717946648598,-0.004527196753770113,0.5648773908615112,0.026991602033376694,0.5896824598312378,0.5964780449867249,-14.615966796875,129000
11.144731521606445,415.716064453125,419.15673828125,402.474609375,-423.172607421875,-414.3936767578125,-13.691313743591309,4.91239070892334,0.05652701109647751,0.053398247808218,0.5704188346862793,0.012340333312749863,0.6161719560623169,0.5997022390365601,-14.409407615661621,130000
149.30380249023438,415.6893615722656,420.0054626464844,162.76010131835938,-423.53912353515625,-414.9623718261719,-13.300931930541992,4.724169731140137,0.06393352895975113,0.1213894933462143,0.5613436698913574,0.019302893429994583,0.606075644493103,0.5833527445793152,-14.065910339355469,131000
231.35641479492188,416.4460754394531,420.8740234375,81.06048583984375,-423.35009765625,-414.656005859375,-13.311538696289062,4.617435455322266,0.06273123621940613,0.24113285541534424,0.5673288106918335,0.0186261348426342,0.6082330942153931,0.5818255543708801,-14.011137962341309,132000
28.563735961914062,418.53399658203125,422.55474853515625,295.6339416503906,-426.3836364746094,-417.5687255859375,-13.77140998840332,4.9565253257751465,0.05548854544758797,0.08141805976629257,0.5663337111473083,0.017180856317281723,0.5875333547592163,0.6034804582595825,-14.718615531921387,133000
10.702184677124023,419.7126159667969,423.2689514160156,407.1771240234375,-427.2314758300781,-418.5425720214844,-12.957592010498047,4.268669128417969,0.06217575818300247,0.4727349877357483,0.5632085204124451,0.011075936257839203,0.5824870467185974,0.5696203708648682,-13.545449256896973,134000
281.2095031738281,419.47027587890625,423.5447082519531,83.74433898925781,-426.2487487792969,-417.38897705078125,-13.810174942016602,4.950414657592773,0.05869928374886513,-0.3022916615009308,0.5640530586242676,0.016355687752366066,0.6111549139022827,0.608620285987854,-14.817890167236328,135000
7.90559196472168,422.528076171875,425.12591552734375,417.55657958984375,-430.3435974121094,-421.32757568359375,-13.590302467346191,4.57427453994751,0.05881333351135254,0.10654931515455246,0.5657070279121399,0.009768975898623466,0.6137450933456421,0.6016290783882141,-14.471603393554688,136000
33.660247802734375,423.2234802246094,426.8074645996094,315.5409851074219,-431.01519775390625,-422.1338195800781,-14.032454490661621,5.15105676651001,0.054792847484350204,-0.2732696533203125,0.5604081153869629,0.013618677854537964,0.6058348417282104,0.6163351535797119,-15.110654830932617,137000
58.16972351074219,423.1243896484375,427.3501892089844,267.92572021484375,-430.2295837402344,-421.5113220214844,-13.831954956054688,5.11368465423584,0.05670987814664841,-0.28676286339759827,0.5618933439254761,0.011982803232967854,0.6054962873458862,0.6071078777313232,-14.844751358032227,138000
17.27549171447754,424.2923278808594,427.8905334472656,409.88623046875,-431.9139709472656,-423.10540771484375,-13.293642044067383,4.485073566436768,0.05982886999845505,0.2265472263097763,0.5553756952285767,0.010890163481235504,0.590766191482544,0.591718852519989,-14.319356918334961,139000
10.045488357543945,426.27313232421875,429.3808288574219,417.1722717285156,-434.1661682128906,-425.2325134277344,-13.924522399902344,4.990874767303467,0.05627794936299324,-0.2276671975851059,0.5595656633377075,0.011948442086577415,0.6136004328727722,0.6049408316612244,-14.915470123291016,140000
10.617671966552734,428.4425964355469,432.7698974609375,418.0807800292969,-435.66033935546875,-427.08734130859375,-13.242076873779297,4.669070720672607,0.05651569366455078,0.13133202493190765,0.5570911765098572,0.010989725589752197,0.5698716640472412,0.5964663028717041,-14.33900260925293,141000
399.0014343261719,429.12298583984375,433.0749816894531,142.09539794921875,-437.0081787109375,-427.98065185546875,-13.712377548217773,4.684840202331543,0.06285382807254791,0.04053134098649025,0.5557632446289062,0.010442341677844524,0.6162125468254089,0.5956172347068787,-14.56010627746582,142000
27.263080596923828,429.9609375,434.029541015625,334.0747985839844,-437.1770935058594,-428.59710693359375,-13.424610137939453,4.844624042510986,0.05949131026864052,0.16042973101139069,0.5578229427337646,0.00977720133960247,0.60219407081604,0.5903430581092834,-14.170334815979004,143000
90.07206726074219,429.94329833984375,433.98504638671875,182.76339721679688,-437.89471435546875,-429.1145935058594,-13.633476257324219,4.853359699249268,0.057113390415906906,-0.05690954253077507,0.5528392791748047,0.01073272991925478,0.5956646203994751,0.6056187152862549,-14.687922477722168,144000
218.71603393554688,430.58087158203125,434.7367858886719,154.7957000732422,-437.18182373046875,-428.8202209472656,-12.761539459228516,4.39993143081665,0.06594578176736832,0.49988022446632385,0.5523414611816406,0.015436969697475433,0.5711933374404907,0.5706202983856201,-13.587785720825195,145000
9.376849174499512,432.7508544921875,435.65972900390625,425.1005554199219,-440.4144287109375,-431.659423828125,-13.46864128112793,4.713621139526367,0.05764779821038246,0.0918184295296669,0.553773045539856,0.010070322081446648,0.5959817171096802,0.5938650369644165,-14.300702095031738,146000
1458.021484375,431.40814208984375,436.6308898925781,71.70377349853516,-436.83477783203125,-428.04791259765625,-13.050749778747559,4.26389741897583,0.06532568484544754,0.3867831826210022,0.5458444952964783,0.014065619558095932,0.598984956741333,0.5708675384521484,-13.655057907104492,147000
16.867361068725586,433.6649169921875,437.0669250488281,377.516357421875,-441.09783935546875,-432.5055847167969,-13.449677467346191,4.857420444488525,0.05520972982048988,-0.12949547171592712,0.5480746030807495,0.010510234162211418,0.5774409770965576,0.6085523366928101,-14.831430435180664,148000
9.413346290588379,434.6544189453125,438.2557067871094,421.2182312011719,-442.2575378417969,-433.4973449707031,-13.221328735351562,4.46116304397583,0.06054360792040825,-0.015154626220464706,0.5464968085289001,0.011294840835034847,0.592583417892456,0.5889583826065063,-14.10692310333252,149000
8.825666427612305,435.09722900390625,438.9191589355469,423.8149108886719,-442.60699462890625,-433.92071533203125,-13.240360260009766,4.554063320159912,0.0553886741399765,0.17494279146194458,0.5439918637275696,0.010077053681015968,0.5687463283538818,0.5935908555984497,-14.18409538269043,150000
11.292485237121582,435.956298828125,439.7547912597656,427.22906494140625,-444.0369567871094,-434.7088623046875,-14.032026290893555,4.703919410705566,0.05637136101722717,-0.08779443800449371,0.5458993315696716,0.009005565196275711,0.6451901793479919,0.6087512969970703,-14.818221092224121,151000
10.96165943145752,437.7210693359375,440.7310485839844,429.2939147949219,-445.35064697265625,-436.5615539550781,-13.046520233154297,4.257405757904053,0.06135949864983559,0.18553519248962402,0.5449913740158081,0.00989021547138691,0.5853230953216553,0.5852773785591125,-14.07652759552002,152000
10.495453834533691,438.9977111816406,441.7465515136719,430.2085266113281,-446.48583984375,-437.7664794921875,-13.320374488830566,4.601014137268066,0.057673122733831406,0.1347547173500061,0.5395441055297852,0.006278346758335829,0.5849074125289917,0.5916361212730408,-14.247010231018066,153000
18.804889678955078,440.15057373046875,443.90740966796875,392.16650390625,-448.2273254394531,-439.52362060546875,-12.719557762145996,4.015838623046875,0.06575989723205566,0.4994671046733856,0.5416756272315979,0.008552714250981808,0.5816688537597656,0.5699163675308228,-13.59891128540039,154000
56.29328918457031,440.54840087890625,444.5303649902344,301.5114440917969,-447.50439453125,-438.8085021972656,-13.253846168518066,4.557939052581787,0.060355521738529205,0.19899366796016693,0.5377276539802551,0.010113329626619816,0.5940046906471252,0.5873700976371765,-14.099533081054688,155000
12.537450790405273,441.018310546875,444.9361572265625,417.9444274902344,-448.8194274902344,-439.9393615722656,-13.160860061645508,4.280783653259277,0.06058946251869202,0.058080609887838364,0.5362491607666016,0.0070716990157961845,0.571678876876831,0.5909056663513184,-14.194025993347168,156000
299.91094970703125,441.801025390625,445.3337097167969,162.14013671875,-449.64947509765625,-440.75213623046875,-13.18897819519043,4.291622638702393,0.06351305544376373,0.21989233791828156,0.5374221801757812,0.010210543870925903,0.5993703007698059,0.5837053060531616,-13.966949462890625,157000
11.479232788085938,443.4771728515625,447.08135986328125,428.2947998046875,-451.18426513671875,-442.3890686035156,-13.276708602905273,4.481520175933838,0.05807540938258171,0.1175357773900032,0.5374354720115662,0.009487319737672806,0.5690568089485168,0.595703125,-14.397090911865234,158000
35.371578216552734,445.36163330078125,448.9579772949219,322.9539489746094,-453.6037292480469,-444.43927001953125,-13.145009994506836,3.9805514812469482,0.06051299348473549,0.3983740210533142,0.533189058303833,0.01246615033596754,0.6213061213493347,0.5779314041137695,-13.725043296813965,159000
8.252069473266602,446.4049377441406,449.6195068359375,431.83673095703125,-454.3839416503906,-445.30401611328125,-13.39867115020752,4.3187642097473145,0.06012465059757233,-0.05359959229826927,0.5306156277656555,0.008958040736615658,0.5862522721290588,0.6045982241630554,-14.57443904876709,160000
11.991752624511719,446.8935546875,450.4808654785156,432.9771423339844,-454.78082275390625,-445.7774658203125,-13.299221992492676,4.2958760261535645,0.058955106884241104,0.23233795166015625,0.5345352292060852,0.008968721143901348,0.6093915700912476,0.5832086801528931,-13.925677299499512,161000
396.72796630859375,446.99102783203125,451.5710144042969,55.6190299987793,-453.9659118652344,-445.21966552734375,-12.934154510498047,4.1879096031188965,0.05928076058626175,0.3475264310836792,0.5272656083106995,0.00740814208984375,0.5863926410675049,0.5795033574104309,-13.8606538772583,162000
191.28330993652344,446.829833984375,451.93450927734375,149.5303497314453,-454.2016906738281,-445.41436767578125,-13.2313814163208,4.444068431854248,0.05941102281212807,0.06023697555065155,0.5256738066673279,0.008653449825942516,0.5843814015388489,0.5957815647125244,-14.453526496887207,163000
9.419351577758789,448.8367919921875,452.6949768066406,434.7596130371094,-456.4986572265625,-447.80596923828125,-12.774826049804688,4.082152843475342,0.059264954179525375,0.2420845627784729,0.5246954560279846,0.00933435745537281,0.5600695013999939,0.5827332735061646,-13.976921081542969,164000
346.5019226074219,448.6807556152344,453.73077392578125,87.66632080078125,-455.1600341796875,-446.41326904296875,-13.322662353515625,4.5758867263793945,0.061058592051267624,-0.050233688205480576,0.5239980220794678,0.009721505455672741,0.5899442434310913,0.5959317684173584,-14.465860366821289,165000
104.64582824707031,449.81280517578125,454.2960510253906,208.36410522460938,-457.4046630859375,-448.4300231933594,-13.044044494628906,4.0693888664245605,0.0658416599035263,0.1340116560459137,0.5185273885726929,0.011227315291762352,0.6025768518447876,0.580551028251648,-13.855729103088379,166000
32.41826248168945,449.33880615234375,453.6603088378906,349.6652526855469,-457.0171813964844,-448.271240234375,-12.816940307617188,4.071010112762451,0.06267116218805313,0.48289403319358826,0.5268285274505615,0.00885308999568224,0.571838915348053,0.5789524912834167,-13.76986312866211,167000
214.7628631591797,448.79052734375,453.6998596191406,161.40121459960938,-455.4866638183594,-446.81475830078125,-13.065438270568848,4.393523693084717,0.06263478845357895,0.31337445974349976,0.5241536498069763,0.008139971643686295,0.5846076011657715,0.5842112302780151,-14.052343368530273,168000
13.613042831420898,449.19219970703125,453.1886901855469,423.76422119140625,-457.1144104003906,-447.85546875,-13.52574348449707,4.266821384429932,0.059374190866947174,0.19226855039596558,0.5237159729003906,0.010705945082008839,0.6222783327102661,0.5901713967323303,-14.276678085327148,169000
62.040435791015625,448.64910888671875,453.1370544433594,281.8104248046875,-455.5229187011719,-446.78741455078125,-13.147232055664062,4.411700248718262,0.05902120843529701,0.1800570785999298,0.5214375257492065,0.0077036116272211075,0.5823341608047485,0.5907729864120483,-14.2623291015625,170000
17.30362319946289,448.8430480957031,452.5765380859375,417.0156555175781,-457.26446533203125,-447.92291259765625,-13.693704605102539,4.352136611938477,0.05736861005425453,-0.07923044264316559,0.514968991279602,0.012631388381123543,0.6312367916107178,0.5986731648445129,-14.476411819458008,171000
11.233820915222168,448.7586669921875,452.67987060546875,424.87310791015625,-456.23614501953125,-447.325439453125,-13.127161026000977,4.2164506912231445,0.06276611983776093,0.10726000368595123,0.515993595123291,0.009411940351128578,0.5796984434127808,0.589949369430542,-14.348081588745117,172000
144.19027709960938,448.41058349609375,452.497314453125,159.5723876953125,-455.7371520996094,-446.55108642578125,-13.710360527038574,4.524305820465088,0.06080637127161026,-0.1373101770877838,0.514318585395813,0.00878104381263256,0.6215028166770935,0.610442578792572,-14.841878890991211,173000
146.98516845703125,448.2806701660156,452.45648193359375,190.760498046875,-456.24560546875,-447.3936767578125,-13.169112205505371,4.317174434661865,0.06516487151384354,-0.01325251255184412,0.5154825448989868,0.007714016363024712,0.5878899097442627,0.5861673355102539,-14.17590045928955,174000
11.745203018188477,449.1595458984375,452.7121276855469,419.8871154785156,-457.18896484375,-448.1502685546875,-13.394294738769531,4.355592727661133,0.0567006841301918,0.19209064543247223,0.5160146951675415,0.00911661796271801,0.6132330894470215,0.5924469828605652,-14.188023567199707,175000
300.40185546875,449.0713195800781,453.68463134765625,118.28015899658203,-456.4937744140625,-447.25640869140625,-13.884370803833008,4.647010803222656,0.05693379417061806,-0.43302181363105774,0.5135625600814819,0.009118609130382538,0.613730251789093,0.6202147006988525,-15.164448738098145,176000
19.768457412719727,449.354736328125,453.0955810546875,414.43072509765625,-457.31573486328125,-448.2156982421875,-13.646385192871094,4.546360015869141,0.05893303453922272,-0.32486653327941895,0.5150179862976074,0.007859592325985432,0.6172664165496826,0.5999231338500977,-14.658533096313477,177000
14.074347496032715,449.8349609375,454.0146789550781,412.2729797363281,-457.4228210449219,-448.5142517089844,-13.252633094787598,4.344052791595459,0.05774945393204689,-0.10395447164773941,0.5106197595596313,0.007763145491480827,0.5808863639831543,0.5995954275131226,-14.513011932373047,178000
164.34011840820312,449.21405029296875,453.0489807128906,125.24358367919922,-456.41253662109375,-447.8000183105469,-12.567997932434082,3.955479383468628,0.06323887407779694,0.34835779666900635,0.5132021307945251,0.008502811193466187,0.5628936290740967,0.5739954113960266,-13.624124526977539,179000
10.902745246887207,450.5938720703125,454.5354919433594,432.0805358886719,-458.7115478515625,-449.41290283203125,-13.692134857177734,4.393495082855225,0.05891823023557663,-0.08771710097789764,0.5112085938453674,0.008717438206076622,0.6129025816917419,0.6116101741790771,-14.887226104736328,180000
13.545236587524414,451.2863464355469,455.23602294921875,426.4415283203125,-458.9857177734375,-449.8634033203125,-13.538698196411133,4.4163689613342285,0.05676766484975815,-0.13105131685733795,0.510622501373291,0.007861077785491943,0.5839007496833801,0.6172366738319397,-14.924565315246582,181000
87.83820343017578,451.26580810546875,454.6847229003906,255.0347137451172,-459.3529052734375,-450.1733093261719,-13.35925579071045,4.179644584655762,0.0630347728729248,0.1344621777534485,0.508554995059967,0.011080266907811165,0.6098706126213074,0.5930960774421692,-14.259252548217773,182000
13.970874786376953,452.6630859375,455.7409973144531,433.08209228515625,-460.520263671875,-451.46893310546875,-12.983224868774414,3.931884765625,0.06251592934131622,0.29957258701324463,0.5077983140945435,0.008528338745236397,0.5938631296157837,0.5845208168029785,-14.010300636291504,183000
348.82464599609375,452.69451904296875,457.3426513671875,58.004337310791016,-459.5350341796875,-450.5061950683594,-13.390031814575195,4.361207485198975,0.05843569338321686,-0.3875909447669983,0.5065160989761353,0.007801889441907406,0.584285318851471,0.6087877750396729,-14.841842651367188,184000
410.38201904296875,453.027099609375,457.55230712890625,57.58182144165039,-460.086669921875,-451.0196533203125,-13.081402778625488,4.01436710357666,0.0614745058119297,0.2737905979156494,0.5093826055526733,0.013148939236998558,0.5951822400093079,0.576583981513977,-13.926251411437988,185000
117.438720703125,454.32501220703125,458.1581115722656,251.62728881835938,-461.57220458984375,-452.78900146484375,-12.820889472961426,4.037695407867432,0.06274715065956116,0.28202205896377563,0.5070865154266357,0.008192259818315506,0.580534040927887,0.5766317248344421,-13.784246444702148,186000
8.675729751586914,455.5898742675781,458.8691101074219,447.3684387207031,-463.4443054199219,-454.28466796875,-13.46180534362793,4.302144527435303,0.05475834384560585,0.10360811650753021,0.5083455443382263,0.006646092049777508,0.6200246810913086,0.6045330762863159,-14.557918548583984,187000
13.943739891052246,456.2855529785156,459.9461975097656,415.4811706542969,-463.8993225097656,-454.84698486328125,-13.378118515014648,4.325769424438477,0.058034852147102356,-0.012766947038471699,0.5037404298782349,0.007555518765002489,0.5969693660736084,0.6047521829605103,-14.68695068359375,188000
614.8323974609375,456.08843994140625,460.2576599121094,259.30389404296875,-464.3727111816406,-455.26507568359375,-13.347894668579102,4.240261554718018,0.06112710013985634,0.09691056609153748,0.5010265111923218,0.009383723139762878,0.6172751784324646,0.591785192489624,-14.242829322814941,189000
9.125055313110352,457.6939697265625,461.25927734375,444.6714172363281,-466.18463134765625,-456.7812194824219,-13.877073287963867,4.473663330078125,0.05639607459306717,-0.18386316299438477,0.502738893032074,0.007441922090947628,0.6193957328796387,0.6125971078872681,-14.876802444458008,190000
14.05092716217041,459.06378173828125,462.1578369140625,450.602783203125,-466.8129577636719,-457.87322998046875,-13.193830490112305,4.254093647003174,0.06160418316721916,0.0327598974108696,0.5006268620491028,0.008233574219048023,0.5753390789031982,0.5948304533958435,-14.48123550415039,191000
10.132190704345703,460.5283508300781,463.8143310546875,447.8866271972656,-468.35284423828125,-459.1741638183594,-13.803722381591797,4.6250410079956055,0.056649889796972275,-0.4386521875858307,0.49793216586112976,0.0074162534438073635,0.614762008190155,0.6142313480377197,-15.08173942565918,192000
8.764066696166992,462.49822998046875,465.81121826171875,451.76190185546875,-470.59619140625,-461.449462890625,-13.401651382446289,4.2549285888671875,0.05532568320631981,-0.047676682472229004,0.5005041360855103,0.005824146792292595,0.5925596952438354,0.6009750366210938,-14.572013854980469,193000
151.40008544921875,461.8618469238281,466.5121765136719,182.10504150390625,-469.51763916015625,-460.56097412109375,-13.219230651855469,4.2625861167907715,0.062323346734046936,-0.1852065771818161,0.4984489977359772,0.009249751456081867,0.5871203541755676,0.5986736416816711,-14.639471054077148,194000
11.833585739135742,462.7581787109375,466.23419189453125,438.4508056640625,-470.8209228515625,-461.65155029296875,-13.29179573059082,4.122435569763184,0.0548136942088604,0.21898283064365387,0.4994593858718872,0.006256197579205036,0.6024692058563232,0.5938678979873657,-14.182969093322754,195000
10.320146560668945,464.01531982421875,467.4727783203125,441.87945556640625,-471.8551940917969,-462.93072509765625,-12.814786911010742,3.8903305530548096,0.06011355668306351,0.3766736388206482,0.4998892545700073,0.010482956655323505,0.5866261720657349,0.5789902806282043,-13.885089874267578,196000
493.39703369140625,464.0467529296875,468.06915283203125,193.43014526367188,-471.10491943359375,-462.6711120605469,-12.640947341918945,4.207143306732178,0.06046444550156593,-0.08863656967878342,0.49717652797698975,0.01093338243663311,0.5457941889762878,0.5898436903953552,-14.278630256652832,197000
13.179720878601074,464.5362548828125,468.8487548828125,438.93255615234375,-472.85797119140625,-463.2370300292969,-13.628490447998047,4.007537841796875,0.061057426035404205,0.0557682104408741,0.4962884187698364,0.008395163342356682,0.6311122179031372,0.5951687693595886,-14.456483840942383,198000
12.501028060913086,465.529052734375,469.2584228515625,437.989501953125,-473.2328186035156,-464.2894287109375,-12.752962112426758,3.809556245803833,0.056923363357782364,0.47157615423202515,0.4927693009376526,0.006916494108736515,0.5824476480484009,0.5791484117507935,-13.798014640808105,199000
15.866018295288086,465.11773681640625,468.99053955078125,430.00872802734375,-472.8839416503906,-463.8575134277344,-13.186038970947266,4.159613132476807,0.0567532442510128,-0.003969992510974407,0.49109798669815063,0.006945721339434385,0.5850067138671875,0.5980425477027893,-14.519463539123535,200000
13.123506546020508,465.16064453125,468.77685546875,435.6886291503906,-473.3551940917969,-463.7913818359375,-14.221580505371094,4.6577887535095215,0.05459357425570488,-0.2890138626098633,0.4925529956817627,0.0077094947919249535,0.644848108291626,0.6191930770874023,-15.261619567871094,201000
12.623359680175781,464.33233642578125,468.39971923828125,432.045654296875,-471.9326171875,-462.9749755859375,-13.03426742553711,4.076627254486084,0.057915955781936646,0.014942643232643604,0.4919763207435608,0.007241705432534218,0.5791292786598206,0.5958456993103027,-14.436046600341797,202000
52.717952728271484,464.4276428222656,468.27337646484375,312.7275390625,-472.482421875,-463.4505920410156,-13.16219711303711,4.130362033843994,0.058891281485557556,0.14627444744110107,0.48934346437454224,0.008898920379579067,0.591943621635437,0.5870192646980286,-14.127555847167969,203000
20.8399658203125,465.071533203125,468.9306335449219,432.8142395019531,-473.13067626953125,-463.9058837890625,-12.947628021240234,3.722827911376953,0.06108739227056503,0.4020116925239563,0.4867458641529083,0.008105793967843056,0.5961823463439941,0.579419732093811,-13.796751022338867,204000
55.943870544433594,464.6673278808594,468.90789794921875,382.5282897949219,-472.270751953125,-462.9922180175781,-13.537954330444336,4.2594313621521,0.05741371959447861,-0.305360347032547,0.48854854702949524,0.00765644758939743,0.590834379196167,0.6164257526397705,-14.993337631225586,205000
15.464605331420898,465.940673828125,469.20208740234375,448.14056396484375,-474.1181945800781,-464.8296813964844,-13.386590003967285,4.098085880279541,0.0580059215426445,0.11206413060426712,0.48736807703971863,0.006917675957083702,0.6075639724731445,0.5996743440628052,-14.485420227050781,206000
118.56120300292969,464.9134521484375,469.475830078125,319.1060485839844,-472.9108581542969,-463.7189025878906,-13.504631042480469,4.312677383422852,0.060397058725357056,-0.22668510675430298,0.4882836937904358,0.005318355746567249,0.5959855318069458,0.6099090576171875,-14.872529983520508,207000
63.406455993652344,465.6618957519531,470.15496826171875,422.0526428222656,-473.2611389160156,-464.4969787597656,-12.695470809936523,3.9313063621520996,0.06307598948478699,0.23352214694023132,0.4866040050983429,0.007951904088258743,0.5618943572044373,0.5818267464637756,-14.111393928527832,208000
15.267355918884277,465.55975341796875,468.74859619140625,428.00091552734375,-474.1392822265625,-464.45465087890625,-13.892899513244629,4.208271026611328,0.057741694152355194,-0.22159869968891144,0.48722463846206665,0.008246015757322311,0.6308590769767761,0.6141554713249207,-15.01553726196289,209000
10.189260482788086,466.3094482421875,470.0238037109375,437.8516845703125,-474.3419189453125,-465.17486572265625,-13.551025390625,4.383985996246338,0.05913328379392624,-0.22714346647262573,0.4836477041244507,0.007062393240630627,0.6050838232040405,0.6061725616455078,-14.737900733947754,210000
256.5790710449219,466.43756103515625,470.9097900390625,84.23094177246094,-473.8580017089844,-464.748779296875,-13.124560356140137,4.015363693237305,0.061445917934179306,0.05280051380395889,0.47428032755851746,0.009038223884999752,0.6086294651031494,0.5866975784301758,-13.94563102722168,211000
428.5302734375,465.7136535644531,470.5180969238281,32.213279724121094,-472.2493591308594,-463.36181640625,-12.756814956665039,3.8692498207092285,0.06162536144256592,0.17406228184700012,0.4814152717590332,0.007099753245711327,0.5762269496917725,0.5766749382019043,-13.883247375488281,212000
9.409677505493164,467.0635986328125,470.2410583496094,444.6255187988281,-475.42364501953125,-465.69677734375,-13.635063171386719,3.9082090854644775,0.06086931377649307,-0.0113474540412426,0.4797533452510834,0.007418056018650532,0.6352537870407104,0.6020611524581909,-14.5686616897583,213000
19.20376205444336,466.534423828125,469.89642333984375,433.430908203125,-474.2506408691406,-465.1773681640625,-13.208183288574219,4.13491678237915,0.05761273205280304,0.06475295126438141,0.4787411391735077,0.00642120698466897,0.5819144248962402,0.599008321762085,-14.55645751953125,214000
199.73033142089844,466.9781494140625,471.1797790527344,145.2050018310547,-474.4329528808594,-464.9349060058594,-13.813783645629883,4.315721035003662,0.05544733628630638,-0.14669598639011383,0.4787980020046234,0.00908263772726059,0.621129035949707,0.6120081543922424,-15.02595329284668,215000
32.99327087402344,468.54302978515625,472.0219421386719,317.3323669433594,-476.5788879394531,-467.3529052734375,-13.17173957824707,3.94575572013855,0.06132187694311142,-0.053520482033491135,0.476269006729126,0.007423987612128258,0.5937142968177795,0.5951659679412842,-14.407999038696289,216000
18.336599349975586,468.80291748046875,472.81036376953125,426.952392578125,-476.8561096191406,-467.5792541503906,-13.34450912475586,4.067656993865967,0.06458752602338791,-0.003180587664246559,0.4762451946735382,0.010738605633378029,0.6096309423446655,0.591476321220398,-14.324479103088379,217000
40.29749298095703,468.9488525390625,473.0751647949219,349.2908630371094,-476.33245849609375,-467.13555908203125,-13.051758766174316,3.854872226715088,0.059656452387571335,0.1286744475364685,0.4782760441303253,0.006927128881216049,0.5898168087005615,0.592383861541748,-14.351581573486328,218000
16.957788467407227,469.60906982421875,473.70501708984375,426.30462646484375,-477.7992858886719,-468.399658203125,-13.682433128356934,4.282807350158691,0.056915927678346634,-0.38582050800323486,0.47699740529060364,0.006405668333172798,0.5987048149108887,0.6231822967529297,-15.239961624145508,219000
16.736553192138672,469.8047180175781,473.7586975097656,433.5137634277344,-477.3919677734375,-468.4689025878906,-12.652286529541016,3.729220151901245,0.06288314610719681,0.5074243545532227,0.4780387282371521,0.006632485892623663,0.578062117099762,0.5778499245643616,-13.698548316955566,220000
11.383527755737305,470.1055908203125,473.5182189941406,432.57891845703125,-477.6622009277344,-468.59039306640625,-12.998598098754883,3.926790714263916,0.058990444988012314,0.13722951710224152,0.471437007188797,0.005265552084892988,0.5774771571159363,0.5931336879730225,-14.283658981323242,221000
22.136863708496094,470.1894836425781,473.6651611328125,435.79034423828125,-478.6915588378906,-469.0352783203125,-13.863378524780273,4.207099914550781,0.05689351633191109,-0.34841790795326233,0.47293779253959656,0.005257872864603996,0.6249673962593079,0.6203319430351257,-15.213630676269531,222000
11.078216552734375,472.2032470703125,475.9399108886719,447.8481750488281,-480.5083923339844,-470.90777587890625,-13.716949462890625,4.116343021392822,0.056933555752038956,-0.2683071792125702,0.4651254117488861,0.005541280843317509,0.61533522605896,0.611580491065979,-14.898592948913574,223000
13.253387451171875,473.30865478515625,476.46160888671875,445.78009033203125,-481.2419738769531,-471.9901123046875,-13.35722541809082,4.105363368988037,0.056290969252586365,0.03652581572532654,0.46692606806755066,0.005274360068142414,0.5964874029159546,0.6005135774612427,-14.572835922241211,224000
15.036775588989258,473.0208435058594,476.9928894042969,441.8818054199219,-481.2818298339844,-471.705322265625,-13.66398811340332,4.087501049041748,0.05670708790421486,-0.17177070677280426,0.46518924832344055,0.006670224480330944,0.6148490905761719,0.6091623306274414,-14.803714752197266,225000
156.8957061767578,473.02508544921875,477.3297424316406,116.9133071899414,-480.34619140625,-471.217529296875,-12.792062759399414,3.663393259048462,0.059680063277482986,0.4558669924736023,0.47156354784965515,0.011166799813508987,0.5900769233703613,0.5827114582061768,-13.95776653289795,226000
14.526044845581055,474.15936279296875,478.20111083984375,433.7967529296875,-481.98748779296875,-472.71820068359375,-13.296764373779297,4.0274577140808105,0.05835326015949249,-0.03620479628443718,0.4627726972103119,0.007027708925306797,0.5906729698181152,0.6065259575843811,-14.70589828491211,227000
29.887699127197266,476.889892578125,480.1360778808594,460.6641845703125,-484.6958923339844,-475.4280700683594,-13.205913543701172,3.9380886554718018,0.056460410356521606,0.04261239245533943,0.4649714231491089,0.006800653412938118,0.5959488153457642,0.5982773303985596,-14.47103500366211,228000
10.362987518310547,478.28717041015625,481.7649841308594,458.1189880371094,-486.17498779296875,-477.0385437011719,-12.886621475219727,3.750197172164917,0.05737290531396866,0.2565688192844391,0.4687902629375458,0.006480862386524677,0.5852352380752563,0.5864653587341309,-13.987350463867188,229000
10.028045654296875,478.76629638671875,482.1917724609375,454.3189697265625,-487.0292663574219,-477.534912109375,-13.531241416931152,4.036891937255859,0.05555262789130211,0.10936770588159561,0.46575698256492615,0.007907511666417122,0.6303706765174866,0.6017168760299683,-14.465364456176758,230000
13.950603485107422,479.63897705078125,482.9858703613281,448.8537292480469,-487.50982666015625,-478.2878112792969,-13.065606117248535,3.843595504760742,0.055281490087509155,-0.022033585235476494,0.4553695023059845,0.008612602949142456,0.5893362760543823,0.6004851460456848,-14.45098876953125,231000
13.824361801147461,480.4343566894531,484.0196838378906,441.3714599609375,-488.9232177734375,-479.3932800292969,-13.366615295410156,3.8366711139678955,0.0578545480966568,-0.14247722923755646,0.46167299151420593,0.005051577463746071,0.604623556137085,0.6084532737731934,-14.677289009094238,232000
16.101472854614258,480.0435791015625,483.70684814453125,442.200439453125,-488.12200927734375,-478.9134826660156,-12.915706634521484,3.7071692943573,0.06007358804345131,0.07518955320119858,0.46167024970054626,0.007296365220099688,0.5814894437789917,0.592656135559082,-14.295005798339844,233000
13.856807708740234,481.5167236328125,485.3177185058594,451.5741271972656,-489.8870544433594,-480.298095703125,-13.366090774536133,3.7771196365356445,0.058942921459674835,0.06208477541804314,0.45871275663375854,0.009013161063194275,0.6241908073425293,0.5911605954170227,-14.306503295898438,234000
188.8728790283203,481.224365234375,485.3829345703125,57.98533248901367,-489.04736328125,-479.59600830078125,-13.473745346069336,4.0224103927612305,0.06115541607141495,-0.1416061669588089,0.4559871256351471,0.006005808711051941,0.6081306338310242,0.6094377636909485,-14.80075454711914,235000
172.7191925048828,482.2456970214844,486.7153015136719,200.79933166503906,-490.5243835449219,-480.82989501953125,-13.8541259765625,4.159650802612305,0.05860224738717079,-0.2958084046840668,0.45835426449775696,0.006862955167889595,0.63340163230896,0.6134182214736938,-15.00760269165039,236000
240.01048278808594,482.4581298828125,487.3097229003906,181.23333740234375,-489.94891357421875,-480.9654846191406,-12.517810821533203,3.5344009399414062,0.06396962702274323,0.15589208900928497,0.4624766707420349,0.007875805720686913,0.5705772042274475,0.5715345740318298,-13.553872108459473,237000
278.43255615234375,483.5038146972656,488.18255615234375,117.7764892578125,-490.8975524902344,-481.53729248046875,-13.190864562988281,3.8305907249450684,0.06202643737196922,0.0019576179329305887,0.45651790499687195,0.008489356376230717,0.5937587022781372,0.5922608375549316,-14.354157447814941,238000
33.02099609375,485.38690185546875,489.3206787109375,362.66973876953125,-492.9410095214844,-484.11248779296875,-12.605386734008789,3.7768635749816895,0.06264985352754593,0.15663833916187286,0.4599185585975647,0.007437851279973984,0.5705462098121643,0.5776976346969604,-13.792703628540039,239000
16.111984252929688,486.43316650390625,490.39666748046875,458.255615234375,-494.25238037109375,-485.18682861328125,-12.900201797485352,3.8346633911132812,0.06045622006058693,-0.0561666376888752,0.4593086838722229,0.00588237214833498,0.5861371159553528,0.5898772478103638,-14.192304611206055,240000
49.36116409301758,486.9404296875,491.03240966796875,324.9748229980469,-494.3519287109375,-485.0255126953125,-13.050416946411133,3.7240049839019775,0.061380535364151,0.019226137548685074,0.4558331370353699,0.005368547514081001,0.5979477763175964,0.5907029509544373,-14.151134490966797,241000
8.867094039916992,488.8879699707031,491.6454772949219,460.47052001953125,-497.24310302734375,-487.7679443359375,-13.492986679077148,4.017812728881836,0.055740244686603546,-0.09832114726305008,0.4566430151462555,0.005686779506504536,0.6116037368774414,0.6128664612770081,-14.875602722167969,242000
226.9081573486328,489.8246765136719,494.3066711425781,132.28848266601562,-496.9986877441406,-487.97125244140625,-13.101953506469727,4.074515342712402,0.05868925154209137,-0.15402454137802124,0.4540816843509674,0.007509450428187847,0.5779440402984619,0.6042643189430237,-14.695844650268555,243000
10.382214546203613,493.3443908691406,495.9810485839844,454.8109130859375,-501.8081359863281,-492.45367431640625,-13.026945114135742,3.6724941730499268,0.05864566192030907,0.015406881459057331,0.445416659116745,0.006982861086726189,0.5976359844207764,0.5925105810165405,-14.213003158569336,244000
75.60391998291016,495.3025817871094,498.31353759765625,367.774169921875,-503.65435791015625,-494.13348388671875,-13.154972076416016,3.634087324142456,0.06192120537161827,0.25219640135765076,0.45484891533851624,0.0076790982857346535,0.6223089098930359,0.584587037563324,-13.975852012634277,245000
7.960114479064941,496.9116516113281,500.3859558105469,490.4834289550781,-505.158203125,-495.7938232421875,-13.130022048950195,3.765652894973755,0.05899202078580856,0.10966887325048447,0.45314282178878784,0.00647224485874176,0.5925207138061523,0.5973919034004211,-14.397130966186523,246000
28.675460815429688,496.82415771484375,500.3682861328125,441.2564697265625,-504.8553466796875,-495.3777770996094,-13.01059341430664,3.533031463623047,0.06349240988492966,0.31478917598724365,0.45291706919670105,0.008550341241061687,0.6146911978721619,0.569870114326477,-13.601533889770508,247000
60.160614013671875,496.7713623046875,501.3360595703125,317.4151611328125,-504.6171569824219,-495.59564208984375,-12.794862747192383,3.7733583450317383,0.06622879952192307,-0.09301280975341797,0.4493272006511688,0.007257932797074318,0.5813125967979431,0.5818977355957031,-14.053778648376465,248000
9.61038589477539,498.6819152832031,501.5948791503906,484.2944641113281,-507.1095886230469,-497.65203857421875,-13.197511672973633,3.739961624145508,0.05936012417078018,0.20668484270572662,0.4488566219806671,0.0073890602216124535,0.6101460456848145,0.5895254611968994,-14.213715553283691,249000
34.97859191894531,500.1885986328125,503.5953063964844,339.9192810058594,-508.69024658203125,-499.155517578125,-13.597793579101562,4.063051223754883,0.05921855568885803,-0.19010810554027557,0.4497963786125183,0.005544592626392841,0.6112847924232483,0.6111081838607788,-14.903179168701172,250000
19.172237396240234,500.6531982421875,504.52490234375,451.17431640625,-508.8215637207031,-499.434814453125,-13.336884498596191,3.9501543045043945,0.057747166603803635,-0.1333598494529724,0.44726938009262085,0.00619275588542223,0.586527407169342,0.6143567562103271,-14.91445541381836,251000
12.800817489624023,501.6897277832031,505.0671081542969,477.642333984375,-509.99102783203125,-500.66278076171875,-13.129112243652344,3.8008575439453125,0.05745968595147133,0.1353786587715149,0.44716352224349976,0.007485905196517706,0.5843629240989685,0.5979543328285217,-14.419168472290039,252000
8.121746063232422,503.2205505371094,505.7335205078125,482.5980529785156,-511.58441162109375,-502.16748046875,-13.11572265625,3.698798894882202,0.06042018532752991,0.19848160445690155,0.450033575296402,0.006769415456801653,0.6073906421661377,0.5893171429634094,-14.11878776550293,253000
11.299388885498047,504.60968017578125,508.3291015625,486.05230712890625,-512.545654296875,-503.50244140625,-12.753894805908203,3.710705518722534,0.06149179860949516,-0.08468548208475113,0.4443938434123993,0.006159211043268442,0.5710718631744385,0.5910400152206421,-14.26455307006836,254000
13.92427921295166,505.46649169921875,508.31646728515625,479.9853820800781,-513.5166015625,-504.0087585449219,-13.370996475219727,3.8631746768951416,0.05728037282824516,0.027217034250497818,0.44602686166763306,0.008625056594610214,0.6123563647270203,0.6016433238983154,-14.662212371826172,255000
8.475311279296875,506.3638610839844,509.8181457519531,486.64556884765625,-514.5010986328125,-505.1767272949219,-13.097442626953125,3.773087739944458,0.0576014518737793,-0.1565798670053482,0.44262924790382385,0.006766466423869133,0.5812271237373352,0.6074709892272949,-14.744651794433594,256000
795.3411865234375,507.57421875,510.9984130859375,393.97198486328125,-515.6845092773438,-506.3619384765625,-13.220810890197754,3.898226022720337,0.061063501983881,-0.17432256042957306,0.4436100125312805,0.006407286040484905,0.5988191366195679,0.60498046875,-14.56028938293457,257000
151.28538513183594,507.63385009765625,511.7500305175781,236.6046600341797,-515.542724609375,-506.14251708984375,-13.308880805969238,3.908677816390991,0.060334548354148865,-0.17169126868247986,0.4345912039279938,0.008918294683098793,0.601748526096344,0.5987946391105652,-14.660428047180176,258000
8.60986328125,509.2947692871094,512.4819946289062,482.9040832519531,-517.8086547851562,-508.12017822265625,-13.358370780944824,3.669916868209839,0.05730004236102104,0.029447048902511597,0.43789082765579224,0.006009888835251331,0.6164376139640808,0.6008710265159607,-14.463628768920898,259000
14.60753059387207,509.49163818359375,513.4642944335938,472.6143493652344,-517.7133178710938,-508.1587219238281,-13.370997428894043,3.8164031505584717,0.060605015605688095,-0.16904973983764648,0.4404371976852417,0.0055610560812056065,0.6078463792800903,0.6091059446334839,-14.760147094726562,260000
9.512715339660645,510.3664245605469,513.7693481445312,490.7862548828125,-518.2243041992188,-508.9083251953125,-12.842235565185547,3.526273012161255,0.060444608330726624,0.2570054531097412,0.44259122014045715,0.006700239144265652,0.5777028799057007,0.5846869349479675,-14.031288146972656,261000
11.856496810913086,511.2335205078125,514.5905151367188,488.1440734863281,-519.425537109375,-509.7859802246094,-13.475711822509766,3.8361525535583496,0.05901781842112541,-0.1681927591562271,0.4391765296459198,0.006733819842338562,0.6173717975616455,0.6039899587631226,-14.681833267211914,262000
9.129737854003906,511.98583984375,515.4735717773438,490.2976989746094,-519.650634765625,-510.6730651855469,-12.817569732666016,3.84000825881958,0.05708278343081474,-0.07605449855327606,0.43871814012527466,0.007803895976394415,0.5652819275856018,0.5931880474090576,-14.342979431152344,263000
940.9525146484375,512.2495727539062,516.8357543945312,113.0107421875,-519.3907470703125,-509.7771911621094,-13.36337661743164,3.7498273849487305,0.05983010306954384,-0.01165812835097313,0.4384095072746277,0.005684175528585911,0.6198726892471313,0.6034904718399048,-14.613774299621582,264000
322.2176513671875,512.73583984375,516.8366088867188,106.64791870117188,-520.2985229492188,-511.3145446777344,-12.832120895385742,3.848161220550537,0.05942179262638092,-0.03982953727245331,0.43654105067253113,0.0070975059643387794,0.5651962757110596,0.5986282825469971,-14.471939086914062,265000
10.109350204467773,514.20458984375,517.7427978515625,484.0797424316406,-522.94873046875,-513.0621337890625,-13.616517066955566,3.729909896850586,0.06188743934035301,0.04099014401435852,0.4344165623188019,0.009828595444560051,0.6438150405883789,0.5949601531028748,-14.455240249633789,266000
615.5542602539062,513.2011108398438,518.1932373046875,104.76482391357422,-519.8919067382812,-510.8957824707031,-12.586231231689453,3.590067148208618,0.06275355070829391,0.05473768338561058,0.436961829662323,0.009055073373019695,0.5531896352767944,0.587375283241272,-14.13283634185791,267000
13.47227668762207,515.2303466796875,517.49169921875,479.3078918457031,-523.1716918945312,-513.8314208984375,-13.039081573486328,3.698765754699707,0.059435948729515076,-0.0016185719287022948,0.4334850013256073,0.006505629047751427,0.5887458324432373,0.5960614681243896,-14.387279510498047,268000
14.09353256225586,515.3099975585938,518.6434936523438,485.49090576171875,-523.359130859375,-513.8236083984375,-13.525348663330078,3.989821672439575,0.05537251755595207,-0.0601983368396759,0.43507057428359985,0.006004543974995613,0.6115018129348755,0.6095584034919739,-14.909048080444336,269000
10.356626510620117,515.58984375,518.6728515625,510.7634582519531,-524.1217041015625,-514.4406127929688,-13.611330032348633,3.9302315711975098,0.053527675569057465,-0.16567423939704895,0.4333265423774719,0.005774493329226971,0.6052859425544739,0.6256324052810669,-15.296747207641602,270000
13.323040962219238,516.1533203125,519.3201904296875,484.27301025390625,-524.361083984375,-514.6725463867188,-13.209259033203125,3.5207631587982178,0.05769949406385422,0.1117183193564415,0.4325443208217621,0.005229074973613024,0.6074398756027222,0.601180911064148,-14.413311958312988,271000
189.83758544921875,516.1845703125,519.6064453125,198.45147705078125,-523.68310546875,-514.3935546875,-12.90510368347168,3.615513801574707,0.05887793004512787,-0.22146284580230713,0.4335666298866272,0.007923120632767677,0.5848055481910706,0.5951436758041382,-14.454615592956543,272000
25.742124557495117,516.7887573242188,520.76171875,384.1156311035156,-524.7186889648438,-515.4326782226562,-12.763891220092773,3.4779200553894043,0.061503030359745026,0.2351481020450592,0.4327930808067322,0.0071179866790771484,0.5885816812515259,0.5763132572174072,-13.827585220336914,273000
12.364916801452637,517.5123291015625,520.85498046875,487.595458984375,-525.6016845703125,-516.0882568359375,-13.025968551635742,3.512533187866211,0.05554885044693947,0.0325218066573143,0.42864927649497986,0.00585561478510499,0.5853267312049866,0.6078261137008667,-14.606645584106445,274000
9.566935539245605,518.5068359375,521.8489990234375,470.6742248535156,-526.9540405273438,-517.4688110351562,-13.034692764282227,3.549437999725342,0.05752875283360481,-0.013775307685136795,0.42638060450553894,0.005498845595866442,0.5985772013664246,0.5918667316436768,-14.187145233154297,275000
13.135885238647461,518.608154296875,522.6912841796875,484.6429748535156,-527.0341186523438,-517.1820068359375,-13.927131652832031,4.075042247772217,0.05289873108267784,-0.5509809255599976,0.42150482535362244,0.005348706617951393,0.6162430644035339,0.6318634748458862,-15.786867141723633,276000
544.054443359375,519.94873046875,523.72607421875,88.8151626586914,-528.2485961914062,-519.0167846679688,-12.648630142211914,3.4168002605438232,0.06023670732975006,-0.008852730505168438,0.42881396412849426,0.009189719334244728,0.5727587938308716,0.5873434543609619,-14.086427688598633,277000
9.573724746704102,520.732421875,523.9003295898438,490.5928649902344,-529.1881103515625,-519.4549560546875,-13.276824951171875,3.5436859130859375,0.05912953242659569,0.11996566504240036,0.4292769432067871,0.009626753628253937,0.6243112087249756,0.5932760834693909,-14.27704906463623,278000
10.533780097961426,522.02197265625,525.3312377929688,496.6717834472656,-530.134033203125,-520.6956787109375,-12.931897163391113,3.4935085773468018,0.05722329020500183,0.0238192081451416,0.42263349890708923,0.007123781368136406,0.5858845114707947,0.595657229423523,-14.37162971496582,279000
13.40290641784668,523.749267578125,526.9991455078125,499.5414733886719,-532.2791748046875,-522.3013916015625,-13.651870727539062,3.674051284790039,0.05547652393579483,-0.1948186308145523,0.4233638644218445,0.004582415334880352,0.6299423575401306,0.6126142740249634,-14.947986602783203,280000
7.632116317749023,524.2017211914062,526.51318359375,517.1416015625,-532.7429809570312,-523.14990234375,-13.383341789245605,3.7902743816375732,0.05442531779408455,-0.1740266978740692,0.4255974292755127,0.006517833098769188,0.6015439033508301,0.6141976714134216,-14.9495267868042,281000
17.033506393432617,523.34716796875,527.1084594726562,491.5775451660156,-531.7490234375,-522.3009033203125,-13.345926284790039,3.897810935974121,0.05967496335506439,-0.1488129198551178,0.4203427731990814,0.007448009215295315,0.5986000299453735,0.6068458557128906,-14.799151420593262,282000
12.787206649780273,524.46337890625,527.5636596679688,488.3681640625,-532.9276733398438,-523.2059326171875,-13.135273933410645,3.4135284423828125,0.06175103038549423,0.21108213067054749,0.4216606020927429,0.006536134053021669,0.6105034351348877,0.592684805393219,-14.262934684753418,283000
17.782062530517578,523.6636962890625,527.3477172851562,483.6883544921875,-532.061767578125,-522.6445922851562,-12.99433422088623,3.5771303176879883,0.059769295156002045,0.07756966352462769,0.42095381021499634,0.007394059561192989,0.5886777639389038,0.602046012878418,-14.581642150878906,284000
15.031835556030273,525.411865234375,528.5291137695312,474.08026123046875,-534.1683959960938,-524.3486938476562,-13.37143325805664,3.551738977432251,0.05978759750723839,-0.029797067865729332,0.4192257225513458,0.007863705977797508,0.6231948733329773,0.6008152961730957,-14.442488670349121,285000
556.9948120117188,526.7373046875,530.8040161132812,35.5291633605957,-534.5126342773438,-525.347900390625,-12.757078170776367,3.5923221111297607,0.06440682709217072,0.17745386064052582,0.42397162318229675,0.006010801997035742,0.5858265161514282,0.5804606080055237,-13.929489135742188,286000
903.3450317382812,530.657958984375,533.2589721679688,432.6023254394531,-538.9088745117188,-529.5509643554688,-12.585938453674316,3.2280116081237793,0.06138494610786438,0.3291563391685486,0.4204555153846741,0.006077091209590435,0.5734298229217529,0.5775847434997559,-13.818350791931152,287000
5.975852966308594,533.3651123046875,535.9241943359375,525.8546142578125,-542.3297119140625,-532.4019775390625,-13.772741317749023,3.8450427055358887,0.049917273223400116,-0.30842292308807373,0.4179528057575226,0.004663127474486828,0.623333752155304,0.6261792182922363,-15.300018310546875,288000
570.926025390625,534.70361328125,538.7015380859375,38.902278900146484,-543.2542724609375,-533.88671875,-12.866979598999023,3.4994285106658936,0.06042564660310745,0.0648282915353775,0.4230532944202423,0.008471169508993626,0.5967952013015747,0.5838210582733154,-13.99565315246582,289000
139.68093872070312,535.03564453125,539.2393798828125,182.55947875976562,-543.2095336914062,-533.93408203125,-12.821773529052734,3.546351909637451,0.05920299515128136,0.07672789692878723,0.42381471395492554,0.005720632150769234,0.5866484642028809,0.5918029546737671,-14.156614303588867,290000
13.186761856079102,535.3864135742188,538.8775024414062,487.9886474609375,-543.6134033203125,-534.2510986328125,-13.022970199584961,3.660674810409546,0.05620167776942253,-0.1731647253036499,0.4139229357242584,0.0064937458373606205,0.5826394557952881,0.6037078499794006,-14.621517181396484,291000
8.02294921875,535.602783203125,538.8247680664062,516.4497680664062,-544.1666259765625,-534.4866943359375,-13.02122974395752,3.3413002490997314,0.05918944627046585,0.16828198730945587,0.41578975319862366,0.006655585020780563,0.6070154905319214,0.5899798274040222,-14.174903869628906,292000
557.1072998046875,534.7796630859375,539.043212890625,37.55641555786133,-542.8929443359375,-532.8786010742188,-13.528097152709961,3.5137054920196533,0.0618504136800766,-0.27744558453559875,0.4183012843132019,0.007934506982564926,0.6348512172698975,0.6028180718421936,-14.607654571533203,293000
13.035218238830566,536.1647338867188,539.5534057617188,510.1723937988281,-544.3899536132812,-534.84619140625,-12.969902038574219,3.4261176586151123,0.053611110895872116,0.051583655178546906,0.4161529242992401,0.007497609127312899,0.5990572571754456,0.5955935716629028,-14.262479782104492,294000
18.716323852539062,536.5781860351562,539.6571655273438,467.1059875488281,-544.9147338867188,-535.3779296875,-13.024986267089844,3.4881715774536133,0.059968557208776474,0.013163425959646702,0.4168630838394165,0.006259287241846323,0.6046901345252991,0.5901654958724976,-14.17129135131836,295000
7.9421796798706055,538.16748046875,540.6235961914062,517.765380859375,-546.4573974609375,-536.9774169921875,-13.060016632080078,3.5800342559814453,0.05954602360725403,-0.08159185200929642,0.4110676646232605,0.005389120429754257,0.5868713855743408,0.604247510433197,-14.737550735473633,296000
73.7469711303711,539.427978515625,542.9243774414062,386.1322326660156,-547.6131591796875,-538.1890869140625,-12.978065490722656,3.55403208732605,0.06307192891836166,0.12075846642255783,0.41015303134918213,0.007503583561629057,0.6028720736503601,0.5795338153839111,-13.890581130981445,297000
11.415928840637207,540.20751953125,543.6728515625,511.61590576171875,-548.2844848632812,-538.893310546875,-12.948628425598145,3.5574071407318115,0.05640975013375282,0.07065767794847488,0.4163200557231903,0.007958428002893925,0.5819883346557617,0.5987491607666016,-14.516979217529297,298000
10.587647438049316,541.2880249023438,544.406982421875,512.8499755859375,-549.7615356445312,-540.0833740234375,-13.158112525939941,3.4800009727478027,0.055979713797569275,-0.27055099606513977,0.4112492501735687,0.00689989747479558,0.6038528680801392,0.5998864769935608,-14.607812881469727,299000
11.06605339050293,541.68701171875,544.6757202148438,515.5905151367188,-550.1785888671875,-540.55712890625,-13.198780059814453,3.5773203372955322,0.05591152235865593,0.06496044248342514,0.41122400760650635,0.006858763284981251,0.6149227619171143,0.5982539057731628,-14.335693359375,300000
17.256763458251953,541.6968994140625,545.1468505859375,515.8004150390625,-549.6235961914062,-540.2236328125,-12.777135848999023,3.377188205718994,0.0575883686542511,0.23678109049797058,0.41543832421302795,0.006623946130275726,0.592806339263916,0.5855618119239807,-14.028326034545898,301000
83.26123809814453,540.8973999023438,544.6068725585938,308.0178527832031,-549.24658203125,-539.5499267578125,-13.252287864685059,3.5555832386016846,0.060339752584695816,-0.14921557903289795,0.4096010625362396,0.007078932598233223,0.6125625371932983,0.6006078720092773,-14.529292106628418,302000
74.40758514404297,541.3809814453125,544.645263671875,390.9803466796875,-549.253173828125,-540.2135009765625,-12.526571273803711,3.4868528842926025,0.06077023223042488,0.11380299925804138,0.4097813069820404,0.0058766696602106094,0.577177882194519,0.5806571841239929,-13.783366203308105,303000
11.429168701171875,541.9248046875,544.7686157226562,507.7047424316406,-550.4966430664062,-541.026123046875,-12.5067138671875,3.036205768585205,0.0642952248454094,0.27103736996650696,0.407694548368454,0.006970644928514957,0.585018515586853,0.5700947046279907,-13.601179122924805,304000
25.86750030517578,542.4593505859375,545.655029296875,506.7718505859375,-550.7366333007812,-541.1231079101562,-13.110061645507812,3.4965128898620605,0.05646958202123642,-0.027150295674800873,0.4078105390071869,0.004899844527244568,0.5978991985321045,0.5999175310134888,-14.446203231811523,305000
25.574874877929688,542.3331298828125,545.9606323242188,509.2488098144531,-550.4797973632812,-541.0860595703125,-12.714271545410156,3.3205490112304688,0.061202891170978546,0.18314488232135773,0.4086323082447052,0.006616769824177027,0.5763421654701233,0.5862143039703369,-14.125906944274902,306000
10.259712219238281,542.5390625,545.939453125,519.6799926757812,-550.7064208984375,-541.2076416015625,-13.059118270874023,3.560366630554199,0.056503113359212875,-0.018934156745672226,0.40573209524154663,0.006041261833161116,0.6015533804893494,0.5940943360328674,-14.360723495483398,307000
18.781410217285156,541.909912109375,545.2158203125,504.88885498046875,-550.0324096679688,-540.510498046875,-12.860278129577637,3.3383796215057373,0.05919276177883148,0.17453576624393463,0.40309858322143555,0.005873026326298714,0.601146399974823,0.5807933211326599,-13.879164695739746,308000
20.605531692504883,542.3276977539062,545.6272583007812,438.6629638671875,-550.7678833007812,-541.263671875,-12.850057601928711,3.345841407775879,0.06166236475110054,0.22190241515636444,0.4035879969596863,0.007058328483253717,0.5896204113960266,0.5870171785354614,-14.172706604003906,309000
17.045652389526367,542.4688720703125,545.6951293945312,510.5098876953125,-550.6213989257812,-541.1699829101562,-12.809188842773438,3.357794761657715,0.0584866926074028,0.15723496675491333,0.40410083532333374,0.005372351035475731,0.5933002233505249,0.58366858959198,-14.097068786621094,310000
14.183038711547852,542.9069213867188,546.1991577148438,481.90496826171875,-551.260986328125,-541.5079345703125,-13.004507064819336,3.2514443397521973,0.06115035340189934,0.10046529024839401,0.4075375199317932,0.008053747937083244,0.6070063710212708,0.590833306312561,-14.238078117370605,311000
8.972054481506348,542.9601440429688,545.8104248046875,516.9161376953125,-551.564697265625,-541.8104248046875,-13.295940399169922,3.5416622161865234,0.05872803553938866,0.0938783511519432,0.4019993543624878,0.006746135652065277,0.6119781732559204,0.5973098874092102,-14.455602645874023,312000
11.665517807006836,543.0455932617188,546.198486328125,507.206787109375,-551.298095703125,-541.916259765625,-12.47000503540039,3.088226318359375,0.06214812397956848,0.194016233086586,0.3993017077445984,0.007817313075065613,0.5827733874320984,0.5703979730606079,-13.543713569641113,313000
119.72956085205078,543.034912109375,546.4637451171875,220.0865020751953,-550.6888427734375,-541.5279541015625,-12.357985496520996,3.1971027851104736,0.06422165781259537,0.24816858768463135,0.4036044478416443,0.007054301910102367,0.580594539642334,0.5734667181968689,-13.611320495605469,314000
8.37092399597168,544.3306884765625,547.2076416015625,521.413818359375,-552.9911499023438,-543.049072265625,-13.153616905212402,3.2115395069122314,0.05856632441282272,0.17836065590381622,0.4045843183994293,0.006766103208065033,0.6240829229354858,0.5874913930892944,-14.03709888458252,315000
85.73321533203125,543.6444091796875,547.9307861328125,298.32183837890625,-551.9052124023438,-542.5105590820312,-12.701781272888184,3.3071467876434326,0.06576845049858093,-0.016370153054594994,0.40045464038848877,0.005805232562124729,0.5937618017196655,0.579892098903656,-13.917802810668945,316000
136.0158233642578,544.5833129882812,547.747802734375,284.0070495605469,-553.343017578125,-543.447021484375,-13.41646957397461,3.520476818084717,0.05944238603115082,-0.24610528349876404,0.4011421799659729,0.00649093184620142,0.624190628528595,0.6074451804161072,-14.800302505493164,317000
11.84434986114502,545.5045166015625,548.5633544921875,515.2457275390625,-553.7635498046875,-544.32080078125,-12.905807495117188,3.4630467891693115,0.05536283925175667,0.010051341727375984,0.4023078978061676,0.005968077108263969,0.588499128818512,0.599549412727356,-14.569379806518555,318000
99.58767700195312,546.0740356445312,549.5455322265625,242.56912231445312,-553.8828735351562,-544.1062622070312,-13.288726806640625,3.5121614933013916,0.05441569536924362,-0.023132365196943283,0.39747464656829834,0.007064491510391235,0.6105774641036987,0.6021984815597534,-14.64920425415039,319000
189.7721405029297,546.83837890625,550.1153564453125,369.9396667480469,-555.0288696289062,-545.6249389648438,-12.585813522338867,3.1818675994873047,0.06147283688187599,0.13959477841854095,0.4011387825012207,0.008304964751005173,0.5956713557243347,0.5724015235900879,-13.730557441711426,320000
592.3268432617188,547.1058959960938,550.9542846679688,37.659576416015625,-555.3587646484375,-545.7227172851562,-12.765851974487305,3.1298253536224365,0.06233584135770798,0.08133496344089508,0.39788469672203064,0.007570414803922176,0.5965434312820435,0.580931544303894,-13.800418853759766,321000
12.651373863220215,548.508056640625,551.1314086914062,515.7147216796875,-556.9903564453125,-547.5933837890625,-12.665206909179688,3.268220901489258,0.05872398987412453,0.21097290515899658,0.39930662512779236,0.007842731662094593,0.5755383968353271,0.5835838913917542,-13.94961166381836,322000
741.5035400390625,548.8341674804688,552.0113525390625,243.93777465820312,-556.5693359375,-546.944580078125,-13.13543701171875,3.5106565952301025,0.0590243898332119,-0.26480478048324585,0.4002675414085388,0.0062835123389959335,0.6110638380050659,0.6012734174728394,-14.569656372070312,323000
10.62360954284668,550.3020629882812,553.0748901367188,517.5048217773438,-558.4218139648438,-549.03125,-12.832448959350586,3.4419147968292236,0.05485009402036667,-0.03912508860230446,0.39548781514167786,0.006246110890060663,0.5796874761581421,0.6002767086029053,-14.488237380981445,324000
30.549110412597656,549.7581176757812,552.9427490234375,464.98553466796875,-558.2271728515625,-548.6025390625,-13.004806518554688,3.3801827430725098,0.06257256120443344,-0.161660835146904,0.3978159427642822,0.00965176522731781,0.5941141843795776,0.5985769629478455,-14.41098690032959,325000
11.216300964355469,551.9081420898438,553.8368530273438,532.0115356445312,-560.7576293945312,-550.69482421875,-13.773765563964844,3.710948944091797,0.05316556990146637,-0.3318706452846527,0.39658355712890625,0.006337059196084738,0.6354870796203613,0.6190077662467957,-15.172830581665039,326000
172.13150024414062,551.7982177734375,556.0927124023438,376.29864501953125,-559.4627685546875,-550.1761474609375,-12.579475402832031,3.2928216457366943,0.06928888708353043,-0.1746974140405655,0.37780579924583435,0.007780240382999182,0.580613374710083,0.5819451212882996,-13.977975845336914,327000
7.711752414703369,554.2155151367188,556.7177124023438,526.6324462890625,-562.6162109375,-553.2919311523438,-12.697879791259766,3.373581647872925,0.057812973856925964,0.07227914035320282,0.38758620619773865,0.0055096084251999855,0.5807965993881226,0.5953148603439331,-14.459248542785645,328000
59.95600509643555,556.3611450195312,558.72607421875,412.38787841796875,-564.9569702148438,-555.2757568359375,-13.091070175170898,3.409855842590332,0.06009235978126526,0.01601846143603325,0.390387624502182,0.005730742588639259,0.6099595427513123,0.5941203832626343,-14.289276123046875,329000
43.9448356628418,557.613037109375,560.7587890625,376.5820617675781,-566.2448120117188,-556.3350219726562,-13.272308349609375,3.3624939918518066,0.05946870520710945,-0.2295723855495453,0.38757917284965515,0.004640028811991215,0.6052585244178772,0.6112236976623535,-14.80559253692627,330000
63.07601547241211,559.552001953125,562.274169921875,369.55010986328125,-568.2543334960938,-558.8211059570312,-12.402063369750977,2.9688262939453125,0.06190511956810951,0.24719226360321045,0.38880476355552673,0.007787288166582584,0.5794015526771545,0.567455530166626,-13.524545669555664,331000
897.8912353515625,558.2516479492188,563.0050659179688,17.212326049804688,-565.107421875,-555.8540649414062,-12.728092193603516,3.4747540950775146,0.0627886950969696,-0.1428915560245514,0.39100944995880127,0.0051072733476758,0.5812726616859436,0.596815824508667,-14.29812240600586,332000
607.3214111328125,559.2615966796875,562.7021484375,12.733007431030273,-566.5474853515625,-557.1279296875,-12.423272132873535,3.0037107467651367,0.06288780272006989,0.35944172739982605,0.38892072439193726,0.00600393395870924,0.5877280235290527,0.5668094754219055,-13.342592239379883,333000
34.50408172607422,560.729736328125,564.1065673828125,419.1470031738281,-569.0783081054688,-559.676513671875,-12.596965789794922,3.195164442062378,0.06204546242952347,-0.038538504391908646,0.3870447874069214,0.008519085124135017,0.5688862800598145,0.5954371690750122,-14.356821060180664,334000
7.326530456542969,560.392333984375,563.1543579101562,551.3626708984375,-568.8618774414062,-559.4481201171875,-12.58538818359375,3.171657085418701,0.060058075934648514,0.22490444779396057,0.391916424036026,0.005657694302499294,0.569466769695282,0.5926664471626282,-14.144962310791016,335000
15.331786155700684,560.8836669921875,563.8507690429688,524.197021484375,-569.6539916992188,-559.6297607421875,-13.311521530151367,3.287285089492798,0.05588460713624954,-0.10491709411144257,0.38230201601982117,0.009032096713781357,0.6321119070053101,0.5948593616485596,-14.28761100769043,336000
912.43115234375,558.6339111328125,563.641845703125,52.60403823852539,-566.5104370117188,-557.4248657226562,-12.346989631652832,3.26138973236084,0.06509596109390259,0.06978841871023178,0.3885728120803833,0.00570457661524415,0.5727292895317078,0.5860241055488586,-13.846327781677246,337000
12.420153617858887,560.30224609375,563.7449951171875,524.1463623046875,-568.7693481445312,-558.984130859375,-13.168373107910156,3.3831534385681152,0.055543284863233566,-0.05306701734662056,0.3906429708003998,0.005192105658352375,0.6066722869873047,0.6066722869873047,-14.680900573730469,338000
483.220703125,559.7652587890625,563.9581298828125,64.30313110351562,-567.58056640625,-558.0205078125,-12.86580753326416,3.3057334423065186,0.058349158614873886,-0.10964544862508774,0.388290137052536,0.005442406050860882,0.5958524942398071,0.5904664993286133,-14.165014266967773,339000
288.556640625,560.3116455078125,564.8878173828125,234.8018035888672,-568.6331787109375,-558.940673828125,-12.84261417388916,3.1501147747039795,0.06254660338163376,-0.08755139261484146,0.38536134362220764,0.007475422695279121,0.6005759239196777,0.5882318019866943,-14.23420524597168,340000
725.8917236328125,560.1795654296875,563.5567016601562,243.4595947265625,-568.1502075195312,-558.68505859375,-12.763650894165039,3.298543691635132,0.060625109821558,-0.10577654093503952,0.384704053401947,0.006670630071312189,0.5873585343360901,0.5937690734863281,-14.235919952392578,341000
17.7076416015625,560.733154296875,563.9470825195312,514.588134765625,-569.1323852539062,-559.6015014648438,-12.83541488647461,3.3045244216918945,0.058803047984838486,0.025556478649377823,0.3832224905490875,0.00669475132599473,0.5913143157958984,0.5887324810028076,-14.158784866333008,342000
51.064796447753906,560.5661010742188,563.7886352539062,524.6920776367188,-568.8843383789062,-559.1342163085938,-12.877321243286133,3.1271908283233643,0.05920163169503212,0.09866593033075333,0.3860976994037628,0.007000698707997799,0.5996840596199036,0.5865437388420105,-14.087913513183594,343000
332.0199890136719,559.4830322265625,564.2490234375,223.25233459472656,-566.59716796875,-557.4395751953125,-12.374004364013672,3.216459274291992,0.06727928668260574,0.11781778931617737,0.38357535004615784,0.008760606870055199,0.5798710584640503,0.5727936029434204,-13.596263885498047,344000
19.682390213012695,560.6365356445312,563.9972534179688,490.3641052246094,-569.0722045898438,-559.5247802734375,-12.682308197021484,3.134877920150757,0.06244990602135658,0.2549239695072174,0.3842414617538452,0.0082617849111557,0.5948165655136108,0.5777958631515503,-13.887052536010742,345000
7.273479461669922,561.7951049804688,564.0769653320312,544.2982788085938,-570.7604370117188,-560.6424560546875,-13.439749717712402,3.321793556213379,0.05673021450638771,-0.18893049657344818,0.38417088985443115,0.0058897919952869415,0.6273825168609619,0.6165601015090942,-14.889881134033203,346000
12.390693664550781,561.9002685546875,565.2891845703125,527.9246826171875,-570.0195922851562,-560.6777954101562,-12.540745735168457,3.199000358581543,0.05910138413310051,-0.11273957043886185,0.38167324662208557,0.00828365795314312,0.553063154220581,0.6057611703872681,-14.641231536865234,347000
11.341941833496094,563.4613037109375,566.57373046875,533.6619262695312,-571.9437255859375,-562.197021484375,-13.218208312988281,3.47149658203125,0.05420274659991264,-0.2820146977901459,0.3855724036693573,0.005147609394043684,0.5968139171600342,0.6145461797714233,-14.932281494140625,348000
10.765327453613281,564.6868896484375,567.7716674804688,539.05078125,-573.3746337890625,-563.3291015625,-13.175018310546875,3.1295454502105713,0.057657379657030106,-0.07171932607889175,0.37431231141090393,0.005517506040632725,0.6170692443847656,0.6026793718338013,-14.545379638671875,349000
7.582555770874023,567.8358154296875,570.3667602539062,547.9972534179688,-576.6717529296875,-566.9002685546875,-12.967477798461914,3.195995807647705,0.05853049457073212,0.07447675615549088,0.38309118151664734,0.00548164639621973,0.60263991355896,0.5964882373809814,-14.39657974243164,350000
89.83175659179688,568.11083984375,571.4449462890625,543.5133666992188,-576.2597045898438,-566.3118896484375,-13.125758171081543,3.1779465675354004,0.06017166003584862,0.05736510828137398,0.3814472556114197,0.006201272830367088,0.6124398708343506,0.5905230641365051,-14.320937156677246,351000
11.115436553955078,568.968994140625,571.3494873046875,532.14404296875,-577.3804321289062,-567.702392578125,-12.624555587768555,2.94655179977417,0.05984766408801079,0.26155757904052734,0.37786635756492615,0.005641410127282143,0.5978765487670898,0.5771651268005371,-13.742685317993164,352000
6.638830661773682,569.9429321289062,572.3123779296875,552.9956665039062,-578.5604858398438,-568.9896240234375,-12.8766508102417,3.305786609649658,0.054235365241765976,-0.08573400974273682,0.377193808555603,0.007483369670808315,0.5832400321960449,0.6030595302581787,-14.719573020935059,353000
504.583984375,570.0950927734375,573.9801025390625,42.47468566894531,-577.9717407226562,-568.3118286132812,-12.99117660522461,3.331251621246338,0.054100655019283295,-0.1541023850440979,0.3807840645313263,0.005939400754868984,0.5938243865966797,0.5989827513694763,-14.519742012023926,354000
7.084622383117676,572.4434814453125,575.0744018554688,544.2313842773438,-581.0944213867188,-571.0618896484375,-13.512380599975586,3.4798643589019775,0.05586102977395058,-0.1359437257051468,0.38245606422424316,0.006503150798380375,0.6224892735481262,0.61790931224823,-15.082117080688477,355000
8.159852027893066,573.8832397460938,576.3903198242188,549.3900146484375,-582.7276611328125,-572.89306640625,-13.034722328186035,3.2001631259918213,0.055014513432979584,-0.027594294399023056,0.3767264783382416,0.013861258514225483,0.5965942144393921,0.6053756475448608,-14.681180000305176,356000
5.782959938049316,574.97119140625,577.41845703125,568.65869140625,-583.3740844726562,-573.8404541015625,-12.570228576660156,3.036592960357666,0.05653638020157814,0.07495727390050888,0.3740819990634918,0.005261539481580257,0.5844384431838989,0.5902279615402222,-14.027384757995605,357000
10.541757583618164,575.494873046875,578.3111572265625,539.552490234375,-583.9788208007812,-574.2174682617188,-13.101872444152832,3.340538501739502,0.05336418002843857,-0.2733640670776367,0.37215882539749146,0.0077764540910720825,0.5861086845397949,0.6249281764030457,-15.29256820678711,358000
13.800813674926758,576.4718627929688,579.5621948242188,543.0036010742188,-585.0227661132812,-575.093505859375,-12.969435691833496,3.040191173553467,0.05626165494322777,-0.028575612232089043,0.37405771017074585,0.006732076406478882,0.6007227301597595,0.5989067554473877,-14.45444393157959,359000
536.4508666992188,576.34033203125,580.29638671875,51.9794921875,-584.1362915039062,-574.6068115234375,-12.664299964904785,3.1348443031311035,0.061181336641311646,-0.11674761027097702,0.37070533633232117,0.006261663977056742,0.5852245092391968,0.5926262736320496,-14.270779609680176,360000
804.440185546875,575.6780395507812,580.290771484375,48.24720001220703,-582.0801391601562,-572.6641235351562,-12.59162712097168,3.1755988597869873,0.059739939868450165,-0.012739919126033783,0.3723905384540558,0.005367398262023926,0.5837191343307495,0.5824552774429321,-13.913081169128418,361000
7.055694580078125,578.1937255859375,580.728271484375,550.7835083007812,-586.8696899414062,-577.19384765625,-13.08448314666748,3.408639430999756,0.054895687848329544,-0.24651513993740082,0.371300607919693,0.005840706173330545,0.5921612977981567,0.6157350540161133,-14.976493835449219,362000
8.790855407714844,578.9378662109375,581.7337036132812,555.8483276367188,-587.4957885742188,-577.6983032226562,-13.011682510375977,3.2142021656036377,0.05942968651652336,-0.09305700659751892,0.3617956042289734,0.00594873633235693,0.5994923710823059,0.6076174974441528,-14.74397087097168,363000
11.74339771270752,579.0958862304688,581.7449340820312,543.4020385742188,-587.9661254882812,-577.9676513671875,-13.071212768554688,3.07273530960083,0.058916401118040085,-0.06496120989322662,0.3710213899612427,0.014066105708479881,0.6100403070449829,0.5905288457870483,-14.299077033996582,364000
8.461475372314453,580.040771484375,582.5479736328125,554.21240234375,-588.5951538085938,-578.9581298828125,-12.719294548034668,3.0822982788085938,0.05930342525243759,0.008209176361560822,0.3635860085487366,0.009240394458174706,0.587185263633728,0.5937799215316772,-14.350669860839844,365000
10.899446487426758,580.5574951171875,583.2448120117188,548.3372802734375,-589.28271484375,-579.4307861328125,-12.894876480102539,3.0429723262786865,0.05800380930304527,0.18945574760437012,0.37188559770584106,0.005927504040300846,0.5992844104766846,0.5909073948860168,-14.139240264892578,366000
201.4789581298828,580.6380615234375,584.3067626953125,408.8768310546875,-588.7236328125,-579.2987060546875,-12.41440200805664,2.989515781402588,0.06594771146774292,0.20105606317520142,0.37011560797691345,0.012085773050785065,0.5833162069320679,0.5712867975234985,-13.546428680419922,367000
576.2640380859375,580.3972778320312,584.7833251953125,43.377376556396484,-587.7174072265625,-578.0985107421875,-12.680097579956055,3.061248779296875,0.058597955852746964,0.08391119539737701,0.37179049849510193,0.006883995607495308,0.5802885293960571,0.5937181711196899,-14.28275203704834,368000
12.505582809448242,581.35546875,583.9528198242188,540.8152465820312,-590.17724609375,-580.418212890625,-12.736917495727539,2.977897882461548,0.05732392519712448,0.21774420142173767,0.37966421246528625,0.0064107151702046394,0.6000198721885681,0.5870188474655151,-13.955609321594238,369000
10.072094917297363,581.9562377929688,584.9747314453125,547.9232788085938,-590.804443359375,-580.7041015625,-13.184000015258789,3.083658218383789,0.0590231828391552,0.1273573487997055,0.3687582015991211,0.008655687794089317,0.6222144365310669,0.5881444215774536,-14.205255508422852,370000
12.054214477539062,582.231201171875,585.0985107421875,547.1278076171875,-590.9518432617188,-581.0125732421875,-12.926719665527344,2.987424850463867,0.05946878716349602,0.17232723534107208,0.36958587169647217,0.006994697265326977,0.6104011535644531,0.5863636136054993,-13.9322509765625,371000
8.494837760925293,582.1900024414062,584.5109252929688,554.1017456054688,-590.4840087890625,-581.123779296875,-12.577056884765625,3.2167961597442627,0.05547948181629181,-0.12621484696865082,0.36960139870643616,0.0076059321872889996,0.5605627298355103,0.603493332862854,-14.513579368591309,372000
41.50535583496094,584.13525390625,586.8812866210938,524.7822265625,-592.7321166992188,-582.8782348632812,-12.893143653869629,3.0392680168151855,0.055239200592041016,0.1344725638628006,0.3691672384738922,0.008571840822696686,0.5928488969802856,0.5939438343048096,-14.309930801391602,373000
16.884235382080078,585.03662109375,588.4835205078125,550.9356079101562,-593.5194702148438,-583.80517578125,-12.95872688293457,3.2444677352905273,0.05859100818634033,-0.12820325791835785,0.36768102645874023,0.006718243472278118,0.5933938026428223,0.5920835137367249,-14.420656204223633,374000
781.1956787109375,584.5799560546875,588.3555908203125,227.27186584472656,-592.3046875,-583.0814208984375,-12.303504943847656,3.0802698135375977,0.0646311491727829,0.09277883917093277,0.3686234652996063,0.006474155932664871,0.569779634475708,0.5744777917861938,-13.650264739990234,375000
10.103166580200195,583.7322998046875,586.6460571289062,553.2339477539062,-592.307861328125,-582.495849609375,-12.776203155517578,2.964195489883423,0.05771065875887871,0.034928079694509506,0.3646515905857086,0.004695639945566654,0.6015774011611938,0.5932294130325317,-14.176288604736328,376000
104.8747329711914,582.8386840820312,586.7825927734375,424.40045166015625,-591.0833129882812,-581.6787719726562,-12.382269859313965,2.9777143001556396,0.06418482959270477,0.1959458589553833,0.36564934253692627,0.006319746375083923,0.5754829049110413,0.5746127367019653,-13.570626258850098,377000
422.5363464355469,583.034423828125,587.0543823242188,214.1390380859375,-591.3041381835938,-581.5982666015625,-12.858091354370117,3.152228355407715,0.058991461992263794,-0.147962287068367,0.3580778241157532,0.007737364154309034,0.5911839008331299,0.6000800132751465,-14.484012603759766,378000
43.44520950317383,583.0989990234375,586.1212768554688,506.5564880371094,-591.1011962890625,-581.4647216796875,-12.5902099609375,2.953718662261963,0.06123337894678116,0.072230763733387,0.3638986647129059,0.01113785058259964,0.5907589197158813,0.5898569822311401,-14.222650527954102,379000
430.4070739746094,582.77734375,586.0592041015625,466.165771484375,-590.9437866210938,-581.2942504882812,-13.101346015930176,3.4518113136291504,0.05612659454345703,-0.3087332844734192,0.3662623465061188,0.005644792690873146,0.5963152647018433,0.6100143790245056,-14.871191024780273,380000
8.118852615356445,584.0468139648438,586.751953125,555.6301879882812,-593.0296020507812,-582.9408569335938,-13.273094177246094,3.1843273639678955,0.058145251125097275,-0.1465679109096527,0.3663983941078186,0.005680288653820753,0.6131390929222107,0.6067526340484619,-14.768989562988281,381000
668.9110717773438,583.960205078125,587.1378784179688,53.91325378417969,-591.5252075195312,-582.23876953125,-12.257369995117188,2.970964193344116,0.0583154521882534,0.09335188567638397,0.3600916564464569,0.005888973828405142,0.5606309771537781,0.5797663927078247,-13.841814994812012,382000
715.8145141601562,584.4346923828125,588.8927001953125,29.26837921142578,-591.6848754882812,-582.0890502929688,-12.627484321594238,3.031700372695923,0.06012413278222084,0.05921357497572899,0.36394360661506653,0.006807172205299139,0.5845360159873962,0.5792137384414673,-13.966665267944336,383000
261.30023193359375,585.287353515625,589.0715942382812,260.18548583984375,-593.706787109375,-583.68701171875,-13.145055770874023,3.1253302097320557,0.05911242216825485,-0.18277831375598907,0.36299893260002136,0.005853281356394291,0.6118389368057251,0.6080788969993591,-14.689435005187988,384000
287.48492431640625,586.10693359375,589.6946411132812,105.96635437011719,-594.69091796875,-585.0396728515625,-12.660409927368164,3.0091540813446045,0.06176206097006798,-0.015008714981377125,0.3602477014064789,0.007023061625659466,0.5821342468261719,0.5922048091888428,-14.360507011413574,385000
929.6571044921875,585.1328125,590.0362548828125,28.18156623840332,-591.9797973632812,-582.27880859375,-12.85693359375,3.1559298038482666,0.0590413473546505,0.025390321388840675,0.35988274216651917,0.005696069449186325,0.6028046011924744,0.590691328048706,-14.237836837768555,386000
12.019777297973633,588.1676025390625,591.030517578125,550.3115844726562,-596.6196899414062,-586.8381958007812,-12.759124755859375,2.977597713470459,0.05846160277724266,0.10052673518657684,0.3613903224468231,0.006420428864657879,0.5984684228897095,0.5860942602157593,-13.984201431274414,387000
126.61521911621094,588.078369140625,591.0108032226562,347.17547607421875,-596.062255859375,-586.6971435546875,-12.390583992004395,3.025421142578125,0.05866669863462448,0.06646330654621124,0.3561750054359436,0.005870441440492868,0.5631980895996094,0.591185450553894,-14.160724639892578,388000
74.25505828857422,589.80322265625,592.5374145507812,568.140380859375,-598.375244140625,-588.366455078125,-12.904533386230469,2.8957760334014893,0.05838420242071152,0.04435088112950325,0.3582082986831665,0.005851239897310734,0.6099209785461426,0.5900464653968811,-14.217480659484863,389000
811.1323852539062,589.1028442382812,593.704345703125,60.3924560546875,-595.8052368164062,-586.8912963867188,-11.620803833007812,2.706852436065674,0.06917028874158859,0.19923268258571625,0.35132017731666565,0.006043136585503817,0.5305430293083191,0.556909441947937,-13.08250617980957,390000
10.944190979003906,591.5220336914062,594.3090209960938,559.0534057617188,-601.0155029296875,-590.7107543945312,-13.435859680175781,3.1310811042785645,0.05866217613220215,-0.1546439826488495,0.35868996381759644,0.008156255818903446,0.6389479637145996,0.6043401956558228,-14.60153579711914,391000
8.842836380004883,593.656005859375,595.8180541992188,562.4197387695312,-602.0247802734375,-592.6069946289062,-12.240449905395508,2.822718858718872,0.05933288112282753,0.14220798015594482,0.35323581099510193,0.006274411454796791,0.55455482006073,0.5846452713012695,-14.075906753540039,392000
6.1763434410095215,595.9332275390625,598.0331420898438,571.6077270507812,-604.5675659179688,-594.8599243164062,-12.834739685058594,3.1270687580108643,0.05551490560173988,-0.03725080564618111,0.35732924938201904,0.004515878856182098,0.6045114994049072,0.5983980298042297,-14.283056259155273,393000
106.9974594116211,596.5507202148438,600.1283569335938,365.03631591796875,-604.47998046875,-594.60546875,-12.95191764831543,3.0774168968200684,0.06173565983772278,-0.16655787825584412,0.35524725914001465,0.007311606779694557,0.5999170541763306,0.5961058735847473,-14.500431060791016,394000
14.705148696899414,597.5542602539062,600.4308471679688,537.7069091796875,-606.5964965820312,-596.757568359375,-12.957449913024902,3.118507146835327,0.05452350154519081,-0.16738097369670868,0.35513150691986084,0.006044005509465933,0.5952073931694031,0.6088107824325562,-14.712669372558594,395000
24.1031494140625,597.6482543945312,600.7994384765625,539.0839233398438,-605.9552612304688,-596.3779907226562,-12.738252639770508,3.1609978675842285,0.05847775191068649,-0.14507077634334564,0.35812610387802124,0.005628335755318403,0.5868873596191406,0.5935664176940918,-14.510443687438965,396000
19.76678466796875,598.7880249023438,601.6631469726562,560.3168334960938,-607.8585815429688,-597.6730346679688,-13.241053581237793,3.05545973777771,0.05735247954726219,-0.1508610099554062,0.3566555380821228,0.0061342897824943066,0.6227378845214844,0.6087639331817627,-14.725934982299805,397000
12.253780364990234,599.0332641601562,601.603515625,566.2093505859375,-607.42919921875,-597.7279663085938,-12.630193710327148,2.9289402961730957,0.0568191222846508,0.07610532641410828,0.3540419638156891,0.00583269726485014,0.5928066372871399,0.586822509765625,-14.052870750427246,398000
754.2655029296875,599.41015625,603.10986328125,131.95115661621094,-606.2085571289062,-597.2135009765625,-12.074448585510254,3.079430103302002,0.06494839489459991,0.03219342231750488,0.35449033975601196,0.007873275317251682,0.5510343313217163,0.5801886916160583,-13.840963363647461,399000
29.072826385498047,601.3067016601562,604.1434936523438,501.86865234375,-610.126708984375,-600.12841796875,-13.01214599609375,3.0138635635375977,0.05957035347819328,-0.0008194122347049415,0.3521799147129059,0.004575501196086407,0.6016108989715576,0.5988708138465881,-14.461353302001953,400000
611.426513671875,600.6026000976562,605.0202026367188,43.619354248046875,-607.9400634765625,-598.286865234375,-12.700315475463867,3.0471272468566895,0.06303626298904419,-0.006586166098713875,0.351725697517395,0.00541394017636776,0.591524064540863,0.5886339545249939,-14.098716735839844,401000
1460.81201171875,599.9905395507812,604.6914672851562,332.1144714355469,-607.8235473632812,-598.5511474609375,-12.38111400604248,3.1087260246276855,0.06594052165746689,-0.17733903229236603,0.3531096577644348,0.004988030530512333,0.5622364282608032,0.5884102582931519,-14.163459777832031,402000
18.877735137939453,600.1098022460938,603.4517211914062,559.016845703125,-608.735595703125,-598.679931640625,-13.311238288879395,3.2555830478668213,0.055169686675071716,-0.21941648423671722,0.34908396005630493,0.006357678212225437,0.6126368641853333,0.6150301694869995,-14.957356452941895,403000
12.461999893188477,600.831787109375,603.4221801757812,563.1854858398438,-609.3170166015625,-599.6987915039062,-12.385482788085938,2.767301082611084,0.05985359475016594,0.2050119787454605,0.34863632917404175,0.005565195810049772,0.5751722455024719,0.5742432475090027,-13.687713623046875,404000
10.796428680419922,603.1551513671875,605.409423828125,562.050537109375,-612.0455322265625,-602.20361328125,-12.728793144226074,2.886878490447998,0.056725502014160156,0.08618771284818649,0.3520491421222687,0.007076320704072714,0.5887221097946167,0.5870509147644043,-14.069066047668457,405000
14.786706924438477,604.580078125,607.1529541015625,560.4458618164062,-613.4625244140625,-603.5963134765625,-13.07152271270752,3.205301284790039,0.05402606725692749,-0.15673336386680603,0.3533705770969391,0.005495910532772541,0.6069488525390625,0.6014103889465332,-14.636185646057129,406000
12.266587257385254,605.0640869140625,607.7108764648438,569.21337890625,-613.9722900390625,-604.040771484375,-12.962931632995605,3.031463384628296,0.05846710130572319,-0.05208111181855202,0.3457452058792114,0.0062378644943237305,0.5975521206855774,0.6031590104103088,-14.550437927246094,407000
146.19578552246094,604.9827880859375,608.51513671875,463.2047424316406,-613.3613891601562,-603.3578491210938,-13.095254898071289,3.091763973236084,0.057898346334695816,-0.15103475749492645,0.34837400913238525,0.006608247756958008,0.6068605184555054,0.6129459738731384,-14.863500595092773,408000
359.0003967285156,603.8048706054688,608.0493774414062,122.1746597290039,-611.8468627929688,-602.111572265625,-12.790082931518555,3.0548369884490967,0.061622269451618195,-0.07539795339107513,0.3451917767524719,0.006127587985247374,0.5939322710037231,0.5964528322219849,-14.302191734313965,409000
11.512812614440918,605.0707397460938,608.0300903320312,564.6737670898438,-613.7373657226562,-603.9583129882812,-12.663761138916016,2.8847081661224365,0.0612778514623642,0.10941056162118912,0.3487568199634552,0.004570349119603634,0.5938608646392822,0.5951840281486511,-14.257052421569824,410000
262.6594543457031,603.928955078125,607.936767578125,248.2593994140625,-612.2991333007812,-602.65673828125,-12.572834014892578,2.930396795272827,0.05758165568113327,-0.023921765387058258,0.3443307876586914,0.005616157781332731,0.5852517485618591,0.5879570245742798,-14.094181060791016,411000
53.39794921875,604.9447021484375,607.8428344726562,404.3852233886719,-613.0291748046875,-603.5106201171875,-12.4044771194458,2.8859286308288574,0.05937664583325386,0.15761293470859528,0.3476172387599945,0.0055899182334542274,0.5811822414398193,0.5781630277633667,-13.751008987426758,412000
10.005327224731445,604.7470703125,608.21630859375,567.2890625,-613.5057983398438,-603.5339965820312,-12.88481330871582,2.913008451461792,0.05675746127963066,-0.05843547731637955,0.34973663091659546,0.0054939850233495235,0.6009231805801392,0.5981839895248413,-14.496227264404297,413000
15.84789752960205,604.9293212890625,607.370361328125,566.7725830078125,-613.5243530273438,-603.63623046875,-12.830598831176758,2.942526340484619,0.05920244753360748,-0.005038656760007143,0.3449581265449524,0.005952071864157915,0.6042528748512268,0.5979928374290466,-14.369565963745117,414000
992.9000244140625,602.470703125,607.3977661132812,7.613428592681885,-609.8087768554688,-600.4560546875,-12.156318664550781,2.8035852909088135,0.06661608815193176,0.1467224508523941,0.3458249270915985,0.007862209342420101,0.5741802453994751,0.5624948740005493,-13.369157791137695,415000
8.896879196166992,606.3770751953125,609.0361938476562,571.0015258789062,-615.3350219726562,-605.272705078125,-13.07328987121582,3.011003255844116,0.05434487760066986,-0.05489567294716835,0.338615357875824,0.0063647255301475525,0.6051476001739502,0.6108025312423706,-14.763284683227539,416000
7.401872634887695,607.1442260742188,609.4696655273438,576.2831420898438,-615.9752197265625,-605.89892578125,-13.153549194335938,3.077277421951294,0.05349156633019447,-0.1625700443983078,0.3461914360523224,0.0038089477457106113,0.6190552711486816,0.6109352707862854,-14.68021297454834,417000
15.295055389404297,607.9190673828125,610.6325073242188,573.1665649414062,-616.5248413085938,-606.821044921875,-12.562678337097168,2.858867645263672,0.059714991599321365,0.13940058648586273,0.34017178416252136,0.0058326032012701035,0.584740161895752,0.582256555557251,-13.925015449523926,418000
9.28804874420166,609.678955078125,612.3433227539062,572.9943237304688,-618.4777221679688,-608.734619140625,-12.745847702026367,3.0027713775634766,0.054794151335954666,0.06738317012786865,0.34304216504096985,0.00630016066133976,0.5877623558044434,0.5946051478385925,-14.327739715576172,419000
11.423304557800293,610.0892333984375,612.650390625,541.546142578125,-618.98974609375,-608.9904174804688,-12.798739433288574,2.799459457397461,0.05852213874459267,0.08026932924985886,0.3408721387386322,0.006413670722395182,0.6011921167373657,0.591219425201416,-14.212570190429688,420000
39.88981628417969,610.9960327148438,614.1923828125,510.90692138671875,-619.4547729492188,-609.68408203125,-12.435998916625977,2.665257692337036,0.06093363091349602,0.1337786167860031,0.3384582996368408,0.005175046622753143,0.5754268169403076,0.5874018669128418,-14.075233459472656,421000
269.18316650390625,612.2159423828125,615.3897705078125,107.89749908447266,-621.1373901367188,-611.1478881835938,-12.66889762878418,2.6793699264526367,0.05985456332564354,0.22735603153705597,0.3374643623828888,0.007302458398044109,0.6050770878791809,0.5759509801864624,-13.673099517822266,422000
19.623477935791016,613.7918090820312,616.273681640625,576.48388671875,-622.5626831054688,-612.5406494140625,-13.039327621459961,3.0172781944274902,0.05686245113611221,-0.08729521185159683,0.34279340505599976,0.0062975576147437096,0.6054174304008484,0.6008089780807495,-14.601902961730957,423000
10.596041679382324,614.8795776367188,617.3418579101562,577.6568603515625,-623.7527465820312,-613.923095703125,-12.774654388427734,2.9449946880340576,0.05689524859189987,0.009507741779088974,0.34485122561454773,0.006239199545234442,0.5906670093536377,0.5969372987747192,-14.367118835449219,424000
166.756103515625,614.3899536132812,617.5225830078125,332.00054931640625,-622.3997192382812,-613.2265625,-12.272167205810547,3.098968982696533,0.059572093188762665,-0.1891312450170517,0.340597003698349,0.0061447834596037865,0.5593394041061401,0.5880931615829468,-14.19601058959961,425000
123.50534057617188,615.2962646484375,618.3231201171875,319.0347595214844,-624.1875610351562,-614.1181030273438,-12.92564582824707,2.856201171875,0.05923575535416603,0.13368207216262817,0.34607869386672974,0.007140393368899822,0.6148878335952759,0.5860406160354614,-13.92828369140625,426000
17.310604095458984,615.9442138671875,619.2605590820312,575.97314453125,-624.401123046875,-614.8529052734375,-12.430599212646484,2.8823795318603516,0.05698738247156143,-0.14244656264781952,0.33775246143341064,0.005125606432557106,0.5658704042434692,0.5976004600524902,-14.40625,427000
12.363998413085938,616.0288696289062,618.6705932617188,582.0491943359375,-624.8736572265625,-614.79736328125,-12.690839767456055,2.614567756652832,0.05702288821339607,0.211900994181633,0.3410305082798004,0.005359153263270855,0.6081916093826294,0.5762264728546143,-13.627128601074219,428000
7.049462795257568,616.6687622070312,619.1285400390625,588.942138671875,-625.076904296875,-615.7191162109375,-12.322317123413086,2.9645557403564453,0.05834732577204704,0.18722714483737946,0.3376927971839905,0.005617143586277962,0.5637198686599731,0.5849124193191528,-14.064876556396484,429000
14.957895278930664,617.3812255859375,620.0662231445312,581.1173095703125,-626.2781372070312,-616.0068359375,-13.222906112670898,2.951572895050049,0.05507400631904602,-0.04561708867549896,0.3367454707622528,0.006377005483955145,0.6251139044761658,0.5997910499572754,-14.501500129699707,430000
7.359394073486328,618.5750732421875,621.6552734375,609.5216064453125,-626.8359985351562,-617.190673828125,-12.482732772827148,2.837420701980591,0.058733660727739334,0.0516963005065918,0.33700650930404663,0.005059393122792244,0.5689728260040283,0.5938825011253357,-14.35168743133545,431000
763.5247802734375,616.36083984375,620.7247924804688,71.11549377441406,-623.5247802734375,-613.7429809570312,-12.934852600097656,3.1530516147613525,0.05683229863643646,-0.11230316758155823,0.337931752204895,0.006988328415900469,0.6080631017684937,0.5956244468688965,-14.509634017944336,432000
12.047435760498047,616.4862060546875,619.4491577148438,576.0984497070312,-624.9478149414062,-615.248779296875,-12.30444622039795,2.6054091453552246,0.05877033993601799,0.1499069184064865,0.33669590950012207,0.0064507052302360535,0.5769046545028687,0.572119414806366,-13.47032642364502,433000
15.204429626464844,616.830810546875,619.1115112304688,575.7230224609375,-625.5062255859375,-615.759033203125,-12.616145133972168,2.8689687252044678,0.05774125084280968,-0.18146581947803497,0.3331453204154968,0.007642167154699564,0.5761818289756775,0.6004996299743652,-14.56532096862793,434000
11.071331024169922,617.56982421875,620.3515625,578.7305297851562,-626.0879516601562,-616.111572265625,-12.748523712158203,2.772141218185425,0.056544773280620575,0.08317136764526367,0.33812716603279114,0.0049493322148919106,0.6036654710769653,0.5862635374069214,-13.951300621032715,435000
752.3053588867188,616.8635864257812,620.28857421875,47.09904861450195,-624.75390625,-614.94873046875,-12.870147705078125,3.0649659633636475,0.056091949343681335,-0.11474858969449997,0.3354051113128662,0.0048788306303322315,0.5867729187011719,0.6062166094779968,-14.659830093383789,436000
16.10334587097168,619.3440551757812,622.0110473632812,581.0320434570312,-628.3887939453125,-618.37353515625,-12.96187973022461,2.9466052055358887,0.05796310678124428,-0.2154020369052887,0.3327220380306244,0.0066362470388412476,0.5972105264663696,0.6079869866371155,-14.88520622253418,437000
11.55860710144043,621.2791748046875,623.1739501953125,586.427734375,-630.0107421875,-620.3934936523438,-12.308563232421875,2.6912806034088135,0.0572516992688179,0.043129630386829376,0.33091944456100464,0.0058774687349796295,0.5646994113922119,0.5905083417892456,-14.05938720703125,438000
10.280315399169922,622.831787109375,625.2608642578125,587.1240234375,-631.9259643554688,-621.9222412109375,-12.778532028198242,2.7747507095336914,0.05682060495018959,-0.029160117730498314,0.33333122730255127,0.006391298025846481,0.5962473154067993,0.5964914560317993,-14.264877319335938,439000
28.033899307250977,624.4681396484375,626.6227416992188,485.7112731933594,-633.54736328125,-623.6881103515625,-12.67173957824707,2.8124759197235107,0.05928485468029976,0.09359563142061234,0.33126965165138245,0.005179648753255606,0.595115065574646,0.5839815139770508,-14.034140586853027,440000
52.38441467285156,625.8527221679688,627.7427368164062,562.2150268554688,-634.5447998046875,-625.00830078125,-12.520054817199707,2.983579635620117,0.05924736708402634,-0.1395675241947174,0.3320438861846924,0.007501543033868074,0.5772116184234619,0.593605637550354,-14.312250137329102,441000
13.251909255981445,626.1898193359375,629.4303588867188,593.5148315429688,-634.3111572265625,-624.461181640625,-12.581207275390625,2.731194496154785,0.05629182234406471,0.052925560623407364,0.3296741247177124,0.005135253071784973,0.5971043705940247,0.5826766490936279,-13.90601921081543,442000
11.658138275146484,626.6104736328125,628.7345581054688,589.7128295898438,-635.8018798828125,-625.6512451171875,-12.895352363586426,2.744676113128662,0.059640660881996155,-0.10757485777139664,0.3322615921497345,0.0060915229842066765,0.603529691696167,0.5991741418838501,-14.414312362670898,443000
761.9829711914062,626.5698852539062,629.4784545898438,21.070091247558594,-634.2567138671875,-624.6914672851562,-12.349626541137695,2.78433895111084,0.06324267387390137,0.07950493693351746,0.3333357274532318,0.007065725512802601,0.5852980017662048,0.5786845684051514,-13.832494735717773,444000
1616.90576171875,625.732666015625,629.3794555664062,51.322715759277344,-632.7987670898438,-622.7110595703125,-12.898435592651367,2.810706615447998,0.05778202414512634,0.004282824229449034,0.32964539527893066,0.005709262099117041,0.6027584075927734,0.59722900390625,-14.38111686706543,445000
785.0474243164062,628.1658935546875,631.3189697265625,114.13213348388672,-636.876220703125,-627.0741577148438,-12.636295318603516,2.834230422973633,0.05902332440018654,0.02269962802529335,0.3316478133201599,0.004980547819286585,0.5959314107894897,0.5859798192977905,-13.963251113891602,446000
7.462154388427734,628.8380126953125,631.1746215820312,597.9017944335938,-637.7371215820312,-627.7017822265625,-13.062835693359375,3.027500629425049,0.05314626917243004,-0.19706541299819946,0.33073756098747253,0.004472589120268822,0.5979927778244019,0.6107159852981567,-14.831527709960938,447000
14.32928466796875,628.923095703125,631.3809204101562,593.878662109375,-637.431884765625,-627.6683349609375,-12.650471687316895,2.8869240283966064,0.05544878914952278,-0.09501928836107254,0.3312132954597473,0.005401853937655687,0.5936499834060669,0.5961357355117798,-14.200973510742188,448000
148.65554809570312,628.65185546875,630.5450439453125,306.2977294921875,-637.7670288085938,-627.84619140625,-12.671026229858398,2.750185489654541,0.05901191011071205,-0.11124730110168457,0.33074119687080383,0.004628996830433607,0.5978179574012756,0.5891547203063965,-14.070487022399902,449000
1056.1202392578125,628.5943603515625,631.667724609375,385.4480285644531,-636.8353881835938,-626.9693603515625,-12.539924621582031,2.6738603115081787,0.05849804729223251,0.10033000260591507,0.3300747871398926,0.008386154659092426,0.5954993367195129,0.5795227289199829,-13.818965911865234,450000
790.2059936523438,627.625244140625,630.9779663085938,99.94355010986328,-635.5336303710938,-626.0662841796875,-12.373031616210938,2.9057083129882812,0.05759648606181145,-0.06500561535358429,0.3291250467300415,0.006197747774422169,0.5748113393783569,0.5944220423698425,-14.171916961669922,451000
11.627613067626953,628.81982421875,631.0445556640625,585.8399658203125,-637.7348022460938,-627.6591186523438,-12.874918937683105,2.7992637157440186,0.05714184790849686,0.023766644299030304,0.3250078558921814,0.006195372901856899,0.608022153377533,0.5971665382385254,-14.323732376098633,452000
11.79946517944336,629.4479370117188,631.9124145507812,588.1747436523438,-637.8551025390625,-628.164794921875,-12.52414321899414,2.8338727951049805,0.056002531200647354,0.06999754905700684,0.32749301195144653,0.0067373039200901985,0.5714884996414185,0.5977483987808228,-14.403883934020996,453000
9.903470993041992,629.1363525390625,631.8353881835938,596.7528686523438,-638.2970581054688,-627.8178100585938,-13.365814208984375,2.886507511138916,0.0544591061770916,-0.1445702761411667,0.3294486999511719,0.0060622310265898705,0.6348509192466736,0.6090383529663086,-14.780155181884766,454000
46.158363342285156,629.683349609375,632.3267211914062,504.3204345703125,-637.6136474609375,-628.2078857421875,-12.020532608032227,2.6147334575653076,0.060172002762556076,0.1540074646472931,0.327177494764328,0.007399366237223148,0.5559332966804504,0.5762313604354858,-13.720579147338867,455000
16.386985778808594,629.64794921875,632.0150756835938,591.0509643554688,-637.9743041992188,-628.3306884765625,-12.2940673828125,2.6504299640655518,0.05845412611961365,0.15350377559661865,0.3305533230304718,0.005020731594413519,0.5807381868362427,0.5775783658027649,-13.7781982421875,456000
12.431694030761719,630.9970703125,633.3856811523438,592.3546142578125,-639.4827880859375,-629.8147583007812,-12.426063537597656,2.7580339908599854,0.058187078684568405,0.1540612429380417,0.3322259187698364,0.006165374536067247,0.5782327651977539,0.5821346640586853,-13.974124908447266,457000
288.110107421875,630.1558227539062,633.4099731445312,253.953857421875,-638.7333374023438,-628.759033203125,-12.684284210205078,2.709987163543701,0.06068139895796776,0.021338097751140594,0.33135780692100525,0.004622099921107292,0.6016974449157715,0.5812472105026245,-13.831277847290039,458000
808.6461181640625,630.367431640625,633.9964599609375,147.9450225830078,-637.681884765625,-628.0909423828125,-12.27725601196289,2.6863696575164795,0.06022471562027931,0.07799117267131805,0.32469451427459717,0.006398381665349007,0.5743846893310547,0.5816484689712524,-13.89856243133545,459000
994.3048095703125,629.3477172851562,633.324462890625,203.27593994140625,-638.1425170898438,-628.4293212890625,-12.683218002319336,2.9700474739074707,0.06369844824075699,-0.27311086654663086,0.3232017755508423,0.005026595667004585,0.5877950191497803,0.5920217037200928,-14.255343437194824,460000
10.272050857543945,631.4393310546875,634.0928344726562,598.5643920898438,-639.9686889648438,-630.2166748046875,-12.56201457977295,2.8100080490112305,0.056828901171684265,0.08380526304244995,0.32672420144081116,0.005122694652527571,0.578373908996582,0.5937044620513916,-14.28038215637207,461000
9.84722900390625,631.3138427734375,633.4330444335938,594.7351684570312,-640.215087890625,-629.9388427734375,-13.110244750976562,2.834010362625122,0.05695880204439163,-0.10589456558227539,0.32433581352233887,0.005577176809310913,0.6147697567939758,0.6001683473587036,-14.588842391967773,462000
7.644988536834717,630.121337890625,633.2197875976562,595.1144409179688,-638.5861206054688,-629.0900268554688,-12.24530029296875,2.7492027282714844,0.05860364809632301,-0.002955035539343953,0.32335007190704346,0.007489974144846201,0.5575350522994995,0.5916870832443237,-14.18642520904541,463000
843.2159423828125,629.4689331054688,633.8440551757812,140.2749481201172,-637.9495849609375,-627.9894409179688,-12.866422653198242,2.9062280654907227,0.06523562222719193,-0.3551415503025055,0.32541540265083313,0.005110166966915131,0.6064476370811462,0.5946053266525269,-14.180597305297852,464000
7.364835262298584,630.2846069335938,632.767578125,602.8672485351562,-638.8870849609375,-629.223388671875,-12.432404518127441,2.7687323093414307,0.05763953924179077,-0.029082220047712326,0.3282601535320282,0.005495877005159855,0.5798050165176392,0.5894787311553955,-14.126424789428711,465000
12.553576469421387,630.3519897460938,633.0094604492188,593.8858032226562,-639.3601684570312,-629.2393798828125,-12.90407943725586,2.7832589149475098,0.05568573251366615,-0.0006882497109472752,0.32080739736557007,0.004727758467197418,0.5985516309738159,0.6031651496887207,-14.462141036987305,466000
379.2260437011719,628.781005859375,632.1695556640625,288.1055603027344,-636.4874267578125,-626.7919311523438,-12.69736099243164,3.001899242401123,0.05502874776721001,-0.062134530395269394,0.3214929401874542,0.007028176449239254,0.5819588899612427,0.6036195755004883,-14.622335433959961,467000
770.2451171875,628.4238891601562,632.0075073242188,34.237754821777344,-636.4599609375,-626.2987670898438,-12.947555541992188,2.786395311355591,0.06150243058800697,-0.10941136628389359,0.32119452953338623,0.004564138129353523,0.6117624044418335,0.5929075479507446,-14.17856502532959,468000
12.815113067626953,629.5946044921875,632.1432495117188,577.4459838867188,-637.90673828125,-628.3221435546875,-12.21356201171875,2.628990888595581,0.06213228031992912,0.13586223125457764,0.3195844292640686,0.005649266764521599,0.5867430567741394,0.5651634931564331,-13.198472023010254,469000
14.959478378295898,630.2025756835938,633.1220092773438,588.8425903320312,-639.0978393554688,-629.0123291015625,-12.902261734008789,2.8167636394500732,0.05732165277004242,0.09795214980840683,0.32104697823524475,0.006683295127004385,0.6033996343612671,0.5978789329528809,-14.379427909851074,470000
675.6394653320312,628.353759765625,632.5416870117188,215.75999450683594,-635.38427734375,-626.056396484375,-12.209794044494629,2.881869077682495,0.06215565279126167,0.0185551755130291,0.3243527412414551,0.005771429277956486,0.5585222244262695,0.5748283863067627,-13.78748607635498,471000
9.272687911987305,630.151123046875,633.1383666992188,593.7263793945312,-638.8104858398438,-628.796875,-12.924787521362305,2.911168336868286,0.055165600031614304,-0.11201272159814835,0.31908121705055237,0.004726516082882881,0.6061923503875732,0.6111236810684204,-14.774040222167969,472000
9.392908096313477,628.505126953125,631.5849609375,607.6359252929688,-637.2373046875,-627.13916015625,-12.71630859375,2.6181912422180176,0.057615168392658234,0.09966597706079483,0.320064902305603,0.006953306961804628,0.602942943572998,0.5844112634658813,-13.857730865478516,473000
10.79511833190918,627.123779296875,629.887939453125,591.7545776367188,-635.6296997070312,-625.7013549804688,-12.742963790893555,2.814661741256714,0.0546848364174366,-0.13277485966682434,0.3155326247215271,0.005515135824680328,0.5925624370574951,0.6061161160469055,-14.54488754272461,474000
20.35029411315918,626.32177734375,629.1493530273438,584.6294555664062,-635.2157592773438,-624.8355102539062,-12.999378204345703,2.6191136837005615,0.05660238489508629,0.03583240881562233,0.31986597180366516,0.00471179373562336,0.6170804500579834,0.6006112098693848,-14.405136108398438,475000
2009.72509765625,623.615234375,627.7429809570312,31.749452590942383,-630.7748413085938,-621.156494140625,-12.527860641479492,2.909507989883423,0.065192811191082,-0.30685922503471375,0.3115103244781494,0.008073020726442337,0.5998924970626831,0.5874255299568176,-13.818550109863281,476000
824.2918701171875,623.199462890625,627.2037353515625,120.71977996826172,-631.5595092773438,-621.8526611328125,-12.538053512573242,2.8311550617218018,0.061895594000816345,-0.18449930846691132,0.31823864579200745,0.0056218309327960014,0.5759273171424866,0.5975369215011597,-14.346780776977539,477000
13.562744140625,623.39208984375,625.891845703125,583.36669921875,-632.0006713867188,-621.9815673828125,-13.015115737915039,2.9960286617279053,0.05234069004654884,-0.09089729189872742,0.32060128450393677,0.006091729737818241,0.6041064858436584,0.6002828478813171,-14.548742294311523,478000
14.17310905456543,622.05126953125,624.6808471679688,582.3114624023438,-630.439453125,-620.5952758789062,-12.435887336730957,2.591763973236084,0.0584755502641201,0.034293223172426224,0.32082346081733704,0.00659946259111166,0.5830392241477966,0.5910544395446777,-14.180158615112305,479000
186.40097045898438,620.1580810546875,623.72900390625,253.82583618164062,-628.5361328125,-618.6666870117188,-12.592784881591797,2.7233498096466064,0.060955509543418884,-0.08556535094976425,0.3149579167366028,0.0040750652551651,0.5893327593803406,0.595920205116272,-14.225066184997559,480000
63.04933166503906,620.2103881835938,623.7455444335938,499.5452575683594,-628.7720336914062,-618.7291870117188,-12.605698585510254,2.562894344329834,0.061857033520936966,0.07722911238670349,0.3142818510532379,0.004548958502709866,0.59549880027771,0.5903788208961487,-14.092486381530762,481000
7.399166107177734,620.4041137695312,623.4281616210938,611.373779296875,-628.9637451171875,-619.1929321289062,-12.425027847290039,2.6542584896087646,0.05761956423521042,0.022559400647878647,0.31928062438964844,0.005908477585762739,0.5775498151779175,0.5887258052825928,-14.052595138549805,482000
11.60036849975586,621.4059448242188,624.0040893554688,592.7811279296875,-630.1239624023438,-620.0670166015625,-12.642608642578125,2.5856189727783203,0.05993242934346199,-0.05206688493490219,0.31017768383026123,0.005386341363191605,0.6030797362327576,0.5793206691741943,-13.843904495239258,483000
766.6766967773438,620.198974609375,623.8531494140625,97.2193603515625,-628.2357788085938,-618.7725219726562,-11.944997787475586,2.4817752838134766,0.06206749379634857,0.1972482055425644,0.3130495250225067,0.005165338050574064,0.5660825967788696,0.5656467080116272,-13.272838592529297,484000
18.68499755859375,620.535888671875,623.7818603515625,573.909912109375,-628.7102661132812,-618.914794921875,-12.528085708618164,2.7326102256774902,0.05553429201245308,0.03447090834379196,0.3158113956451416,0.006366754416376352,0.5828984379768372,0.5911299586296082,-14.162492752075195,485000
290.2770080566406,618.2605590820312,622.684326171875,166.4488525390625,-627.1141967773438,-617.21875,-12.465742111206055,2.5702834129333496,0.06157214567065239,0.05650085210800171,0.313370019197464,0.008177584037184715,0.5888415575027466,0.5769777894020081,-13.62453842163086,486000
43.541805267333984,617.912841796875,621.5032958984375,572.9545288085938,-626.0922241210938,-616.2899780273438,-12.359525680541992,2.557241678237915,0.06524335592985153,0.0008628343930467963,0.3115709125995636,0.0063460469245910645,0.5826778411865234,0.573966383934021,-13.703655242919922,487000
17.157373428344727,617.5535278320312,620.3634643554688,572.9779663085938,-626.2564697265625,-616.3147583007812,-12.87916374206543,2.9374516010284424,0.053585898131132126,-0.22081750631332397,0.3124134838581085,0.007785177789628506,0.5898551344871521,0.6110835075378418,-14.880387306213379,488000
13.93362045288086,616.4827880859375,619.7322998046875,583.0293579101562,-625.2529907226562,-614.9140014648438,-12.827874183654785,2.4889109134674072,0.05656304955482483,0.19603975117206573,0.3166319727897644,0.0052832080982625484,0.6092364192008972,0.5846693515777588,-13.858001708984375,489000
13.703987121582031,615.9251708984375,618.591552734375,568.0361938476562,-624.2388305664062,-614.7249755859375,-12.156896591186523,2.643080711364746,0.05997973307967186,0.1682688593864441,0.3144671618938446,0.005204337649047375,0.5609748363494873,0.5855634808540344,-13.93509292602539,490000
25.52399444580078,614.7125244140625,617.7579345703125,568.0120849609375,-623.6286010742188,-613.3931274414062,-12.859642028808594,2.6241579055786133,0.05916953086853027,-0.10353846848011017,0.31062746047973633,0.004509572871029377,0.6072195768356323,0.6001843810081482,-14.46635627746582,491000
9.563828468322754,614.1117553710938,617.041748046875,584.29150390625,-622.5438232421875,-612.6514892578125,-12.62651252746582,2.7341806888580322,0.0522247776389122,-0.03559768572449684,0.31293147802352905,0.005917186848819256,0.5874373316764832,0.5981994867324829,-14.37414264678955,492000
15.167827606201172,612.78466796875,615.8168334960938,577.7158813476562,-620.9701538085938,-611.225341796875,-12.338953018188477,2.5941379070281982,0.056364621967077255,0.17431628704071045,0.31522029638290405,0.005635528359562159,0.579177737236023,0.5853528380393982,-13.931608200073242,493000
10.103960990905762,612.703857421875,615.915771484375,583.1608276367188,-621.1104736328125,-611.2544555664062,-12.337882041931152,2.481896162033081,0.05908161774277687,0.04142143204808235,0.3095393776893616,0.005150034092366695,0.5875990986824036,0.5812983512878418,-13.836400032043457,494000
795.7744140625,611.7423095703125,615.4881591796875,186.7445831298828,-619.5867919921875,-609.7818603515625,-12.544654846191406,2.7397408485412598,0.05896596238017082,-0.21958625316619873,0.3134799301624298,0.008380739018321037,0.5898886919021606,0.5905748605728149,-14.207781791687012,495000
8.617323875427246,612.8751220703125,615.3203125,588.2623291015625,-621.5957641601562,-611.635009765625,-12.608062744140625,2.6472935676574707,0.05937892571091652,0.09261414408683777,0.3085859715938568,0.0060752322897315025,0.6024539470672607,0.5786432027816772,-13.746695518493652,496000
91.40763854980469,612.54931640625,615.7774658203125,581.3912963867188,-620.9365234375,-611.1367797851562,-12.409584999084473,2.6098666191101074,0.05846433714032173,0.07092763483524323,0.3106834888458252,0.005397654138505459,0.5882852077484131,0.5837936401367188,-13.905500411987305,497000
12.388712882995605,612.950439453125,615.80224609375,572.977294921875,-621.997314453125,-611.819091796875,-12.897211074829102,2.719003438949585,0.057322509586811066,-0.05235285311937332,0.31447646021842957,0.006338754668831825,0.6097093224525452,0.5902609825134277,-14.273075103759766,498000
823.2236938476562,611.6181640625,615.7147216796875,170.64389038085938,-618.9121704101562,-609.8123779296875,-11.692377090454102,2.5926103591918945,0.06131827086210251,0.1456526666879654,0.309965044260025,0.006563458126038313,0.5687766075134277,0.5644209384918213,-13.305561065673828,499000
11.821120262145996,613.2076416015625,616.0328369140625,573.8211059570312,-621.9962158203125,-611.9017333984375,-12.866325378417969,2.7718520164489746,0.052799519151449203,-0.10080041736364365,0.31105169653892517,0.004705189727246761,0.6046335697174072,0.6046527624130249,-14.452688217163086,500000
