critic/q_loss,critic/q_mean,critic/q_max,critic/q_min,actor/total_loss,actor/q_loss,actor/bc_loss,actor/entropy_loss,actor/mse,beta/beta_loss,beta/beta,encoder/encoder_loss,encoder/dot_mean,encoder/kl_target_mean,encoder/nll_raw_mean,step
452.5390625,-0.01119971927255392,0.09357224404811859,-0.108396515250206,-1.5354366302490234,-0.16842180490493774,9.694526672363281,-11.061541557312012,0.37805336713790894,19.372241973876953,0.9997000694274902,0.2631889581680298,0.09260313957929611,-0.4201442003250122,8.958333015441895,0
21.77158546447754,59.706298828125,59.7064323425293,59.704715728759766,-65.69140625,-59.721168518066406,-8.650235176086426,2.679997682571411,0.08328534662723541,3.927842140197754,0.7990041375160217,0.1429014652967453,0.05983859673142433,0.4062938094139099,-8.874532699584961,1000
9.037725448608398,86.89251708984375,86.89341735839844,86.89158630371094,-94.0364990234375,-86.96033477783203,-11.375332832336426,4.299173355102539,0.06729444116353989,1.4709073305130005,0.6954947113990784,0.05510088801383972,0.6992250680923462,0.511411190032959,-11.629356384277344,2000
11.23305606842041,108.33175659179688,108.33285522460938,108.3306884765625,-115.94635009765625,-108.34803771972656,-12.992850303649902,5.394540786743164,0.05870383605360985,-0.23314443230628967,0.6467630863189697,0.035038501024246216,0.42079028487205505,0.5673633217811584,-13.2499418258667,3000
11.86523151397705,126.61296081542969,126.61470794677734,126.61128234863281,-133.9072265625,-126.591064453125,-12.832218170166016,5.516055107116699,0.061472002416849136,0.29522523283958435,0.6397228240966797,0.02511664852499962,0.5662884712219238,0.5484888553619385,-12.80855941772461,4000
8.508016586303711,143.34033203125,143.34071350097656,143.3398895263672,-151.30062866210938,-143.38519287109375,-13.902698516845703,5.9872565269470215,0.057718466967344284,-0.0570271834731102,0.6558650135993958,0.019752738997340202,0.6152185797691345,0.5883169174194336,-13.979780197143555,5000
8.447924613952637,158.443359375,158.4445343017578,158.44219970703125,-166.31300354003906,-158.4201202392578,-13.845226287841797,5.95234489440918,0.05974481254816055,-0.26406633853912354,0.6750237345695496,0.013888433575630188,0.5629156827926636,0.5895335674285889,-14.042401313781738,6000
11.931798934936523,172.107177734375,172.1073455810547,172.10699462890625,-179.90760803222656,-172.1002197265625,-13.473104476928711,5.665710926055908,0.05848480761051178,-0.009507061913609505,0.689473032951355,0.014275876805186272,0.5668527483940125,0.5785181522369385,-13.717798233032227,7000
8.869609832763672,184.98519897460938,185.00070190429688,184.96958923339844,-192.84634399414062,-184.97247314453125,-14.114372253417969,6.24050760269165,0.05663102865219116,-0.304200679063797,0.6932457685470581,0.011407197453081608,0.5971474647521973,0.6018462181091309,-14.37673282623291,8000
11.969017028808594,196.98193359375,196.9823455810547,196.98146057128906,-204.4422607421875,-196.955810546875,-13.5321044921875,6.045649528503418,0.061679624021053314,0.20389874279499054,0.6998805403709412,0.017438331618905067,0.5640170574188232,0.5750237703323364,-13.653128623962402,9000
14.490206718444824,207.8086700439453,207.8790283203125,207.7386016845703,-215.6520233154297,-207.75213623046875,-13.675819396972656,5.775918960571289,0.0587589256465435,-0.12996920943260193,0.7083501815795898,0.013972325250506401,0.5826200246810913,0.5866631865501404,-14.00595474243164,10000
13.118834495544434,218.78445434570312,218.784912109375,218.7839813232422,-226.4838409423828,-218.69720458984375,-13.68278980255127,5.896148204803467,0.05985540524125099,0.2221323847770691,0.7151061296463013,0.016368594020605087,0.5820140838623047,0.5780821442604065,-13.815532684326172,11000
9.35092830657959,228.56869506835938,228.61170959472656,228.5256805419922,-236.1675262451172,-228.51010131835938,-13.458365440368652,5.800939559936523,0.0617324523627758,-0.12113296985626221,0.7062374949455261,0.01190791092813015,0.5859668850898743,0.5808331370353699,-13.765741348266602,12000
223.97288513183594,236.89950561523438,236.9407501220703,236.8582305908203,-244.51361083984375,-236.79457092285156,-13.914877891540527,6.195835113525391,0.05861494317650795,-0.043815191835165024,0.718212902545929,0.010340020060539246,0.5676529407501221,0.5947200655937195,-14.160226821899414,13000
11.506786346435547,245.57455444335938,245.57566833496094,245.57342529296875,-253.66317749023438,-245.52667236328125,-14.192556381225586,6.056060314178467,0.05654001235961914,0.061757560819387436,0.7188594341278076,0.013235392048954964,0.5628233551979065,0.6001757383346558,-14.396574020385742,14000
252.5282440185547,253.15948486328125,253.1640167236328,253.15496826171875,-261.0087890625,-253.11843872070312,-14.221467018127441,6.331111431121826,0.057801730930805206,0.08117282390594482,0.7249714136123657,0.010676966980099678,0.5919599533081055,0.5953397154808044,-14.37661361694336,15000
14.716524124145508,260.6143798828125,260.62139892578125,260.607421875,-268.2887878417969,-260.5905456542969,-14.159790992736816,6.461541175842285,0.056199271231889725,-0.015094437636435032,0.7277264595031738,0.012397104874253273,0.6089177131652832,0.5931893587112427,-14.195250511169434,16000
12.405948638916016,267.8221435546875,267.8232727050781,267.8210144042969,-275.504150390625,-267.85882568359375,-13.41494083404541,5.769608497619629,0.05897273123264313,0.3988803029060364,0.724938154220581,0.015797140076756477,0.5899475812911987,0.5767211318016052,-13.714790344238281,17000
13.857933044433594,274.03240966796875,274.0904541015625,273.97430419921875,-281.84503173828125,-274.01007080078125,-13.00602912902832,5.171083927154541,0.06440753489732742,0.5254026055335999,0.7262630462646484,0.010090608149766922,0.566851019859314,0.5646485090255737,-13.329399108886719,18000
307.7195739746094,281.0675048828125,281.0678405761719,281.0671081542969,-288.8678283691406,-281.030029296875,-13.976162910461426,6.138369083404541,0.058722417801618576,0.013119111768901348,0.7327597141265869,0.010411818511784077,0.6079720854759216,0.5907464027404785,-14.117474555969238,19000
13.928080558776855,286.83721923828125,286.83837890625,286.8360595703125,-294.6387634277344,-286.89837646484375,-13.960897445678711,6.2205071449279785,0.05678195133805275,-0.019773440435528755,0.7283043265342712,0.007975907996296883,0.6031533479690552,0.5985109806060791,-14.344863891601562,20000
13.268396377563477,292.45880126953125,292.4589538574219,292.4586181640625,-300.079833984375,-292.4748229980469,-13.78554630279541,6.180532932281494,0.05702400207519531,0.36847949028015137,0.7347069382667542,0.009407620877027512,0.5953278541564941,0.5930831432342529,-14.12346076965332,21000
12.83344841003418,297.6090087890625,297.609130859375,297.60882568359375,-305.38922119140625,-297.59423828125,-14.005719184875488,6.2107391357421875,0.05852724611759186,-0.13202904164791107,0.7296661138534546,0.011096520349383354,0.6082780957221985,0.5916910171508789,-14.181870460510254,22000
14.170204162597656,302.46826171875,302.4747009277344,302.4617919921875,-310.4281005859375,-302.4986267089844,-13.665645599365234,5.7361650466918945,0.06000426411628723,0.14096154272556305,0.735710620880127,0.00997947622090578,0.5724897384643555,0.5913785696029663,-14.149858474731445,23000
15.523042678833008,307.1141357421875,307.1241760253906,307.1040954589844,-315.12628173828125,-307.12890625,-14.325435638427734,6.328056335449219,0.05358004570007324,-0.44915348291397095,0.7332424521446228,0.00751467514783144,0.6014941930770874,0.608574628829956,-14.73136043548584,24000
11.200601577758789,311.8006896972656,311.80126953125,311.80010986328125,-319.6586608886719,-311.8103332519531,-13.545580863952637,5.69727087020874,0.061332717537879944,0.1672404557466507,0.7330872416496277,0.016986850649118423,0.5917397141456604,0.5777350664138794,-13.838117599487305,25000
15.601500511169434,315.790283203125,315.7905578613281,315.7900390625,-323.5049743652344,-315.7864990234375,-14.283527374267578,6.56505012512207,0.05475279316306114,-0.17775025963783264,0.7288784384727478,0.010075097903609276,0.5891203880310059,0.5986757278442383,-14.41309642791748,26000
13.16961669921875,320.06353759765625,320.06414794921875,320.0628967285156,-327.7991027832031,-320.0626220703125,-14.159592628479004,6.423134803771973,0.05717593804001808,0.09667327255010605,0.7354928255081177,0.009011253714561462,0.5917060375213623,0.5988460779190063,-14.306114196777344,27000
14.018460273742676,324.0101318359375,324.0121154785156,324.00811767578125,-331.7706604003906,-323.97332763671875,-13.603019714355469,5.805696487426758,0.0588902086019516,0.3850554823875427,0.736223578453064,0.009303875267505646,0.5744713544845581,0.5884546041488647,-14.023347854614258,28000
13.782576560974121,327.6387939453125,327.64202880859375,327.6357727050781,-335.4397888183594,-327.6595153808594,-14.028179168701172,6.247907638549805,0.057286184281110764,0.022717859596014023,0.7292838096618652,0.009465242736041546,0.5964345932006836,0.5877467393875122,-14.179176330566406,29000
14.507293701171875,331.476318359375,331.4779052734375,331.4750061035156,-339.3009033203125,-331.51763916015625,-14.022872924804688,6.2396159172058105,0.05825519561767578,0.041022028774023056,0.7338165044784546,0.00935465469956398,0.5909485220909119,0.6002379059791565,-14.509649276733398,30000
14.75023078918457,334.40478515625,334.40545654296875,334.40411376953125,-342.3419189453125,-334.4260559082031,-14.293197631835938,6.37730598449707,0.05628908425569534,0.03682359680533409,0.733031153678894,0.010784079320728779,0.6068928241729736,0.6059408187866211,-14.762571334838867,31000
14.62900447845459,337.64239501953125,337.6436767578125,337.6411437988281,-345.6452331542969,-337.70428466796875,-13.971030235290527,6.030092716217041,0.059068307280540466,0.16229958832263947,0.7271323800086975,0.012467553839087486,0.6219300031661987,0.5909789800643921,-14.215038299560547,32000
453.86859130859375,340.88128662109375,340.88153076171875,340.8810119628906,-348.5181884765625,-340.8148498535156,-13.544551849365234,5.841213703155518,0.057139310985803604,0.4891091287136078,0.7294500470161438,0.01119893230497837,0.5562232732772827,0.580011785030365,-13.910791397094727,33000
15.098194122314453,343.50494384765625,343.5098571777344,343.5,-351.5445251464844,-343.5414733886719,-14.380309104919434,6.377270698547363,0.0563514269888401,-0.3489620089530945,0.7235459089279175,0.007819313555955887,0.6172822713851929,0.6118534803390503,-14.859357833862305,34000
12.023715019226074,346.64892578125,346.658935546875,346.6388854980469,-354.4674377441406,-346.6126403808594,-13.753896713256836,5.8991217613220215,0.061698295176029205,0.23310644924640656,0.7221134901046753,0.008452639915049076,0.5841351747512817,0.5949068069458008,-14.260652542114258,35000
13.557445526123047,349.072021484375,349.0729064941406,349.0711669921875,-356.8623046875,-349.0612487792969,-13.90845775604248,6.107378959655762,0.05683346465229988,0.07910019904375076,0.7210095524787903,0.007648735772818327,0.589549720287323,0.6015411019325256,-14.394414901733398,36000
15.354032516479492,351.693115234375,351.89471435546875,351.4915466308594,-359.4954528808594,-351.4622802734375,-14.14041519165039,6.1072282791137695,0.05673662945628166,0.2331952005624771,0.7239091992378235,0.011904750019311905,0.6051260232925415,0.5971989631652832,-14.445747375488281,37000
15.896035194396973,354.26348876953125,354.26409912109375,354.2627868652344,-362.17645263671875,-354.2796936035156,-14.077945709228516,6.18117618560791,0.05513089522719383,-0.11615849286317825,0.7179052829742432,0.008082510903477669,0.6031566858291626,0.6069643497467041,-14.731597900390625,38000
17.218666076660156,357.0718994140625,357.0753173828125,357.068359375,-364.9640197753906,-357.09222412109375,-13.581287384033203,5.7094950675964355,0.05973559245467186,0.3975386917591095,0.7213565707206726,0.010754548944532871,0.6044086217880249,0.5777928233146667,-13.758529663085938,39000
11.457487106323242,359.5316162109375,359.5355529785156,359.52728271484375,-367.51611328125,-359.5680847167969,-13.887001037597656,5.938960552215576,0.056850261986255646,-0.016823025420308113,0.7215749025344849,0.0073243435472249985,0.5955491065979004,0.5981921553611755,-14.285388946533203,40000
10.929670333862305,361.952392578125,362.0090637207031,361.9303283691406,-369.900390625,-361.9407043457031,-14.128073692321777,6.168389320373535,0.053418103605508804,-0.3554419279098511,0.7153518199920654,0.007599559612572193,0.6224380731582642,0.6128356456756592,-14.782303810119629,41000
1024.39404296875,360.5705871582031,364.6600341796875,-363.1815185546875,-363.0152893066406,-355.07568359375,-14.601217269897461,6.661624431610107,0.05278770253062248,-0.47237393260002136,0.7174094915390015,0.010392067953944206,0.5787174701690674,0.6212943196296692,-15.197684288024902,42000
17.276647567749023,364.9815673828125,365.8120422363281,364.1517333984375,-372.0172119140625,-364.1614685058594,-14.132617950439453,6.276897430419922,0.05663697421550751,0.045621391385793686,0.717521607875824,0.008193733170628548,0.5919889807701111,0.6019883155822754,-14.531776428222656,43000
13.40413761138916,366.44873046875,366.48284912109375,366.41461181640625,-374.66015625,-366.4449462890625,-14.307364463806152,6.092161178588867,0.05601765215396881,-0.1616148054599762,0.7156394124031067,0.008116166107356548,0.5948572754859924,0.6096068024635315,-14.889474868774414,44000
13.816596984863281,368.0829162597656,370.2679138183594,360.1528625488281,-374.75921630859375,-367.09600830078125,-14.408842086791992,6.7456231117248535,0.05142565444111824,-0.31758007407188416,0.7181856036186218,0.010031430050730705,0.5764219164848328,0.6108918190002441,-14.911463737487793,45000
16.496219635009766,370.61456298828125,370.659912109375,370.56915283203125,-378.8175354003906,-370.5780944824219,-14.70934009552002,6.469916343688965,0.05567584186792374,-0.4316088557243347,0.7095836997032166,0.010054530575871468,0.6149571537971497,0.6157704591751099,-15.215126037597656,46000
12.611491203308105,373.014892578125,373.8272705078125,369.86895751953125,-380.3593444824219,-372.32305908203125,-14.239575386047363,6.20327091217041,0.055393971502780914,-0.17158564925193787,0.7100934982299805,0.008758550509810448,0.587636411190033,0.61234450340271,-14.820093154907227,47000
12.040247917175293,373.8719482421875,375.6742858886719,366.30322265625,-381.50140380859375,-373.31036376953125,-14.665939331054688,6.474926948547363,0.05382606387138367,-0.7729807496070862,0.7118274569511414,0.009083593264222145,0.5911863446235657,0.6266903877258301,-15.401132583618164,48000
13.143040657043457,380.18267822265625,380.3081970214844,380.0368957519531,-387.9779968261719,-380.107666015625,-13.763582229614258,5.893237113952637,0.05700460448861122,0.298017680644989,0.6947864890098572,0.008109517395496368,0.5947941541671753,0.5971547365188599,-14.277961730957031,49000
143.81875610351562,381.26324462890625,382.0732421875,135.61399841308594,-388.783203125,-380.6473388671875,-14.185410499572754,6.0495452880859375,0.05525960773229599,-0.01735040917992592,0.7061997056007385,0.009744375944137573,0.6332639455795288,0.6026686429977417,-14.588458061218262,50000
17.915088653564453,384.8251953125,384.8791198730469,384.77166748046875,-392.76593017578125,-384.7787780761719,-13.769460678100586,5.7823052406311035,0.05665626376867294,-0.00010663518332876265,0.7019859552383423,0.009376319125294685,0.5931475758552551,0.5951181650161743,-14.363216400146484,51000
253.58815002441406,387.4768981933594,389.2010803222656,160.28311157226562,-395.3322448730469,-387.20941162109375,-14.096330642700195,5.973503112792969,0.056106723845005035,-0.11540146172046661,0.7017338871955872,0.01045265793800354,0.5912362933158875,0.6039766073226929,-14.746870040893555,52000
12.97109603881836,391.3892822265625,391.4057922363281,391.370849609375,-399.4846496582031,-391.4122314453125,-13.881792068481445,5.809390068054199,0.0570969432592392,0.3904148042201996,0.7059197425842285,0.009156227111816406,0.6055996417999268,0.5915286540985107,-14.230559349060059,53000
121.08247375488281,392.5346374511719,395.34136962890625,162.82493591308594,-400.55975341796875,-392.5101318359375,-13.992242813110352,5.942639350891113,0.05846144258975983,-0.004661265294998884,0.6999590992927551,0.008713417686522007,0.5873914957046509,0.5997239351272583,-14.511937141418457,54000
84.05404663085938,395.76214599609375,396.33721923828125,195.24319458007812,-403.3650817871094,-395.16302490234375,-14.260396003723145,6.058340072631836,0.05304063484072685,-0.40917742252349854,0.691826581954956,0.00809936597943306,0.6038020253181458,0.6180069446563721,-15.128549575805664,55000
15.484556198120117,397.99658203125,398.03680419921875,397.96142578125,-405.8658752441406,-398.03460693359375,-13.692180633544922,5.8609113693237305,0.05919099599123001,0.04475307837128639,0.6927080750465393,0.011310080997645855,0.5507545471191406,0.5951818227767944,-14.342658996582031,56000
29.653892517089844,398.81719970703125,400.29925537109375,164.8028106689453,-406.9041748046875,-398.64276123046875,-14.052227020263672,5.7907938957214355,0.05905915051698685,0.02933439612388611,0.6927202343940735,0.01189922820776701,0.6121114492416382,0.6034147143363953,-14.648784637451172,57000
16.3926944732666,401.18475341796875,402.0799865722656,400.785888671875,-409.14971923828125,-401.037353515625,-14.247030258178711,6.1346845626831055,0.05324462056159973,0.04723723977804184,0.6927649974822998,0.010346717201173306,0.642217755317688,0.6018901467323303,-14.66697883605957,58000
190.7974090576172,402.4893493652344,406.3525695800781,144.51353454589844,-409.1720275878906,-401.1424560546875,-14.139253616333008,6.109673500061035,0.059496451169252396,-0.30541712045669556,0.6912052631378174,0.018150079995393753,0.6270043849945068,0.5949509143829346,-14.607738494873047,59000
12.737564086914062,407.6797790527344,409.4217224121094,397.3517150878906,-414.9038391113281,-406.8563232421875,-14.307862281799316,6.260350227355957,0.053005825728178024,-0.20595912635326385,0.6875388622283936,0.006836676970124245,0.5819485187530518,0.6141092777252197,-14.949484825134277,60000
22.198715209960938,407.51910400390625,414.53289794921875,182.68539428710938,-414.4712829589844,-406.29437255859375,-13.949225425720215,5.772305011749268,0.05368989333510399,0.18291407823562622,0.6796888709068298,0.008039714768528938,0.5999249815940857,0.5935534834861755,-14.291155815124512,61000
29.588768005371094,412.67352294921875,420.4792175292969,154.37997436523438,-420.1969909667969,-411.9240417480469,-13.552923202514648,5.27998161315918,0.05966753140091896,0.2677289545536041,0.6829864382743835,0.013257571496069431,0.6096221804618835,0.5801891684532166,-13.87706184387207,62000
30.036968231201172,412.5331726074219,424.1011047363281,161.5966796875,-420.60540771484375,-412.3792724609375,-14.303735733032227,6.07761287689209,0.056923605501651764,-0.23775018751621246,0.6851487159729004,0.008442760445177555,0.5981830358505249,0.6109488010406494,-14.821483612060547,63000
56.00948715209961,413.7506103515625,426.135009765625,212.9881134033203,-421.8805847167969,-413.72833251953125,-13.950078010559082,5.797829627990723,0.056991856545209885,0.05826622247695923,0.681830883026123,0.009014899842441082,0.5735862851142883,0.603187084197998,-14.645736694335938,64000
27.89759063720703,416.8394775390625,429.629150390625,142.39073181152344,-423.78338623046875,-415.9449768066406,-13.502740859985352,5.664345741271973,0.06037864834070206,0.37560829520225525,0.6796407103538513,0.012289613485336304,0.54681795835495,0.5956790447235107,-14.328847885131836,65000
39.88995361328125,421.34759521484375,433.0951843261719,324.60369873046875,-428.654541015625,-420.338134765625,-13.959638595581055,5.6432204246521,0.061416301876306534,-0.07121700048446655,0.6698141098022461,0.009553780779242516,0.6049752235412598,0.606265664100647,-14.650257110595703,66000
22.71440887451172,425.310302734375,436.505126953125,389.1407470703125,-432.5534973144531,-424.2075500488281,-13.369556427001953,5.023616313934326,0.06410054862499237,0.3072301745414734,0.6691911816596985,0.007007545791566372,0.6020302176475525,0.59073805809021,-14.0740327835083,67000
60.27407455444336,426.8874816894531,439.7901306152344,132.86849975585938,-433.58441162109375,-425.4613037109375,-13.603909492492676,5.480796813964844,0.06438492983579636,-0.08259314298629761,0.662601888179779,0.013473853468894958,0.5579965114593506,0.596731424331665,-14.49095344543457,68000
44.02239227294922,430.36224365234375,443.83648681640625,174.35507202148438,-437.70062255859375,-429.78253173828125,-13.946083068847656,6.0279765129089355,0.05896958336234093,-0.5261985659599304,0.6630560159683228,0.013393177650868893,0.5552053451538086,0.6101268529891968,-14.87122917175293,69000
69.20636749267578,430.22625732421875,446.93603515625,106.8274154663086,-437.12701416015625,-429.1914367675781,-13.631832122802734,5.6962571144104,0.06336065381765366,-0.25843000411987305,0.6615985035896301,0.0122224111109972,0.5719188451766968,0.5896860361099243,-14.232856750488281,70000
30.79233741760254,439.1767578125,450.8922119140625,362.5367126464844,-446.54736328125,-438.4992980957031,-13.57807445526123,5.530008792877197,0.06829817593097687,-0.05754340812563896,0.6552069783210754,0.010319780558347702,0.5977451801300049,0.5925748348236084,-14.22451400756836,71000
57.370574951171875,438.00152587890625,454.1067810058594,48.49382019042969,-445.97265625,-438.45660400390625,-12.872214317321777,5.356167316436768,0.06909617781639099,0.4696013927459717,0.6582813858985901,0.01701289415359497,0.5580368041992188,0.5692920684814453,-13.576799392700195,72000
37.46701431274414,444.90447998046875,457.23974609375,53.555381774902344,-452.824951171875,-444.683837890625,-14.021114349365234,5.87999153137207,0.06189699098467827,-0.5384272336959839,0.6492518186569214,0.012290527112782001,0.6051539778709412,0.6071376800537109,-14.631760597229004,73000
53.271995544433594,449.7694091796875,462.0372009277344,52.2429084777832,-456.99627685546875,-448.9557189941406,-13.932807922363281,5.892238140106201,0.0613696351647377,-0.11439121514558792,0.6540035009384155,0.010413069278001785,0.5834653377532959,0.6064726114273071,-14.667778968811035,74000
12.73106575012207,455.1816101074219,466.7011413574219,401.0412292480469,-463.3772888183594,-455.3836669921875,-13.418869018554688,5.4252519607543945,0.06240154802799225,-0.007730546873062849,0.6501379013061523,0.013549343682825565,0.5922878384590149,0.5817717909812927,-13.954156875610352,75000
18.87460708618164,461.31427001953125,471.8056945800781,410.9161071777344,-468.50238037109375,-460.6214599609375,-13.412117958068848,5.531196117401123,0.06329386681318283,0.0634688064455986,0.648632287979126,0.011299669742584229,0.5620096921920776,0.5877227783203125,-14.091967582702637,76000
13.805730819702148,465.56488037109375,476.5311279296875,411.2486877441406,-473.6233825683594,-465.0627136230469,-13.960180282592773,5.399520397186279,0.0647931769490242,-0.02028779312968254,0.6459907293319702,0.00870042759925127,0.620419442653656,0.6094786524772644,-14.67751407623291,77000
24.312997817993164,468.4075927734375,480.56402587890625,81.27544403076172,-475.5566711425781,-467.5233154296875,-13.637168884277344,5.603816032409668,0.06286465376615524,0.09808054566383362,0.6492732763290405,0.01034156046807766,0.6021885871887207,0.590678334236145,-14.205406188964844,78000
67.45426177978516,472.81414794921875,485.2843017578125,419.9551086425781,-480.30731201171875,-472.3528747558594,-13.122812271118164,5.168367862701416,0.06457243114709854,0.2058570384979248,0.6433315277099609,0.01199771836400032,0.5844859480857849,0.5759919881820679,-13.654695510864258,79000
15.785157203674316,475.49945068359375,489.5850524902344,47.928646087646484,-483.41888427734375,-475.3051452636719,-13.548181533813477,5.434452533721924,0.06390950828790665,0.015479618683457375,0.6404060125350952,0.011781742796301842,0.5694219470024109,0.5945461988449097,-14.287227630615234,80000
15.783334732055664,479.91680908203125,493.2928466796875,39.11300277709961,-487.67352294921875,-479.667724609375,-13.743396759033203,5.737624645233154,0.06348209083080292,-0.26573729515075684,0.6383228302001953,0.01483592577278614,0.5990519523620605,0.5963870286941528,-14.4068603515625,81000
112.61029815673828,483.86737060546875,496.7961120605469,100.26937103271484,-492.539794921875,-484.5450744628906,-13.78250503540039,5.787787914276123,0.06458364427089691,-0.3856916129589081,0.6372432112693787,0.010186992585659027,0.5716257691383362,0.6025557518005371,-14.603032112121582,82000
14.251522064208984,489.6951904296875,499.379150390625,435.51336669921875,-497.36785888671875,-489.1346130371094,-13.222057342529297,4.988791465759277,0.06264178454875946,0.3075466752052307,0.6388674974441528,0.010961031541228294,0.5895155072212219,0.5783302187919617,-13.700435638427734,83000
18.936506271362305,492.741455078125,503.80438232421875,159.82708740234375,-501.1700439453125,-493.1160583496094,-13.471456527709961,5.417486190795898,0.06445857882499695,-0.10914862900972366,0.6325806379318237,0.013549665920436382,0.5866305232048035,0.5902121067047119,-14.14694595336914,84000
14.221359252929688,494.73760986328125,506.93182373046875,86.1824951171875,-502.5166015625,-494.3548583984375,-13.001293182373047,4.8395466804504395,0.07128643989562988,0.08887724578380585,0.6196613907814026,0.010721905156970024,0.5700323581695557,0.5793852806091309,-13.84536361694336,85000
574.8640747070312,502.82196044921875,511.4676818847656,448.66497802734375,-509.63958740234375,-501.74298095703125,-13.360795021057129,5.464161396026611,0.0644899532198906,0.07790103554725647,0.6311292052268982,0.008438619785010815,0.5799374580383301,0.5883232951164246,-14.008509635925293,86000
15.31829833984375,505.399169921875,515.1262817382812,477.3081970214844,-513.220458984375,-504.8526916503906,-13.756879806518555,5.389122486114502,0.0624731220304966,-0.030681511387228966,0.6336473822593689,0.007658881135284901,0.5794393420219421,0.6057076454162598,-14.561638832092285,87000
10.401510238647461,510.5592041015625,518.8814086914062,472.55426025390625,-518.709716796875,-510.4200744628906,-13.861662864685059,5.572010040283203,0.060816820710897446,-0.10781507194042206,0.6263196468353271,0.00890564825385809,0.6018508672714233,0.6102267503738403,-14.73577880859375,88000
11.414205551147461,515.8387451171875,524.3729248046875,487.4573974609375,-523.76953125,-515.7935180664062,-13.651165008544922,5.675148010253906,0.06485976278781891,-0.14042781293392181,0.6263428926467896,0.01124605629593134,0.5862876176834106,0.5970867276191711,-14.40560531616211,89000
65.33843994140625,517.2347412109375,527.9953002929688,108.08670043945312,-524.8995361328125,-516.592529296875,-13.701574325561523,5.394587516784668,0.06360629200935364,-0.06207402050495148,0.6269987225532532,0.008205117657780647,0.5898364782333374,0.5998196601867676,-14.44772720336914,90000
10.659576416015625,522.4560546875,531.2149047851562,94.22122955322266,-530.0413818359375,-521.9000854492188,-13.506502151489258,5.365244388580322,0.06091902032494545,0.24319815635681152,0.6251266002655029,0.009866584092378616,0.6012505292892456,0.5818109512329102,-13.973960876464844,91000
14.987409591674805,530.0947875976562,536.1807861328125,89.61256408691406,-537.9917602539062,-529.4345703125,-13.91657829284668,5.359386920928955,0.06195749342441559,-0.2702973783016205,0.6208750009536743,0.009453561156988144,0.5959803462028503,0.6080492734909058,-14.748029708862305,92000
681.453857421875,530.1617431640625,541.182861328125,96.7276611328125,-537.7351684570312,-529.4310302734375,-13.158316612243652,4.854191780090332,0.06673795729875565,0.21289116144180298,0.6234861016273499,0.008541354909539223,0.599029541015625,0.5793715715408325,-13.675777435302734,93000
10.95120620727539,539.6761474609375,545.5183715820312,521.7302856445312,-547.7564697265625,-539.4901123046875,-13.549263000488281,5.28289270401001,0.06467524915933609,0.06811098754405975,0.6207489371299744,0.007522338069975376,0.5966298580169678,0.6011290550231934,-14.396849632263184,94000
9.92696762084961,543.04296875,548.7042846679688,526.6344604492188,-551.0484008789062,-542.9639892578125,-13.221185684204102,5.136776447296143,0.06020021438598633,0.26394179463386536,0.6176239252090454,0.009238696657121181,0.5576335191726685,0.5876903533935547,-13.979944229125977,95000
9.135005950927734,546.01904296875,553.0176391601562,527.9339599609375,-554.0112915039062,-545.853271484375,-13.11352825164795,4.955533981323242,0.06477154046297073,0.4009009599685669,0.6107558608055115,0.010404396802186966,0.5884748101234436,0.5724627375602722,-13.560461044311523,96000
22.249366760253906,548.65625,555.5784912109375,151.89407348632812,-556.1422729492188,-547.5891723632812,-13.962587356567383,5.409513473510742,0.0594557449221611,-0.2970847487449646,0.6138148903846741,0.0068986499682068825,0.6073216199874878,0.6061242818832397,-14.683088302612305,97000
24.74650001525879,551.6510009765625,560.0355224609375,67.21843719482422,-559.3056030273438,-550.832763671875,-13.551400184631348,5.078542709350586,0.0651414692401886,0.13558009266853333,0.6084361672401428,0.006498776376247406,0.6004981994628906,0.5904790163040161,-14.171974182128906,98000
17.32731819152832,553.5341796875,560.70263671875,301.3609619140625,-562.1849975585938,-554.360107421875,-12.716705322265625,4.891802787780762,0.06503022462129593,0.4862360954284668,0.6137765645980835,0.01023319736123085,0.5444276332855225,0.5677101612091064,-13.476186752319336,99000
16.337142944335938,556.833740234375,564.0423583984375,498.6051940917969,-564.0264282226562,-555.634521484375,-13.527860641479492,5.13591194152832,0.060984667390584946,-0.02162506803870201,0.607072114944458,0.009022451005876064,0.5962573289871216,0.5936497449874878,-14.287357330322266,100000
317.2865295410156,554.2108154296875,563.6055908203125,411.4862365722656,-562.3960571289062,-553.753662109375,-13.746376037597656,5.104002952575684,0.06536633521318436,-0.07426173985004425,0.607134997844696,0.006791061721742153,0.6103983521461487,0.5980421304702759,-14.47271728515625,101000
10.754470825195312,562.3841552734375,567.218017578125,542.2732543945312,-570.5883178710938,-561.8967895507812,-13.708227157592773,5.016745090484619,0.06231710687279701,-0.021647712215781212,0.6086091995239258,0.0063221147283911705,0.6158394813537598,0.6055150032043457,-14.5264892578125,102000
86.79240417480469,564.6949462890625,569.849609375,154.09767150878906,-571.5760498046875,-563.1748046875,-13.649632453918457,5.248432636260986,0.06408952176570892,-0.18273255228996277,0.6071112751960754,0.010376587510108948,0.5996673107147217,0.5922027826309204,-14.258699417114258,103000
250.00668334960938,568.094970703125,574.343994140625,288.9568786621094,-576.7191162109375,-568.2935791015625,-13.380141258239746,4.9545793533325195,0.06694359332323074,0.01827271468937397,0.600697934627533,0.009578426368534565,0.6054043173789978,0.5860547423362732,-14.029828071594238,104000
12.465963363647461,572.263671875,576.28759765625,186.7830352783203,-579.86572265625,-571.4696044921875,-13.751144409179688,5.355043888092041,0.05706334859132767,-0.3122623562812805,0.6099804043769836,0.007887482643127441,0.5832104682922363,0.6069844961166382,-14.68389892578125,105000
132.11497497558594,573.4596557617188,579.9136352539062,186.18310546875,-579.5240478515625,-571.2608032226562,-13.42615795135498,5.162888050079346,0.05978945270180702,-0.12118128687143326,0.607176661491394,0.01239518541842699,0.5795781016349792,0.5903363227844238,-14.161796569824219,106000
17.430713653564453,573.7615356445312,582.3961791992188,137.4034423828125,-581.3057250976562,-572.7093505859375,-13.47138786315918,4.875006675720215,0.06440963596105576,0.15525458753108978,0.602228045463562,0.007804168853908777,0.6131834387779236,0.5841400623321533,-14.006170272827148,107000
118.8065414428711,572.613525390625,583.9982299804688,124.31388854980469,-581.0758666992188,-573.2762451171875,-12.75123119354248,4.951597213745117,0.06635316461324692,0.185599222779274,0.5940801501274109,0.012320157140493393,0.5479112863540649,0.5702313184738159,-13.596551895141602,108000
9.600696563720703,578.3038330078125,585.1744384765625,546.01171875,-586.0863037109375,-577.847900390625,-12.870180130004883,4.631779670715332,0.06425053626298904,0.24653145670890808,0.5994147062301636,0.007434500847011805,0.5801184177398682,0.5758480429649353,-13.60528564453125,109000
19.405431747436523,575.7568969726562,586.798828125,519.5454711914062,-585.44091796875,-576.7969360351562,-14.015026092529297,5.371034622192383,0.06559164077043533,-0.29504960775375366,0.595254123210907,0.012994028627872467,0.6417997479438782,0.5987881422042847,-14.577836990356445,110000
31.6741943359375,577.645263671875,588.087890625,128.3974609375,-586.6145629882812,-578.132568359375,-13.923076629638672,5.441119194030762,0.06274069100618362,-0.4443359375,0.5874770283699036,0.008891630917787552,0.5914692878723145,0.6124917268753052,-14.76072883605957,111000
10.842670440673828,582.0777587890625,589.3845825195312,527.3991088867188,-590.2691650390625,-581.9375610351562,-13.642436027526855,5.310843467712402,0.06182188168168068,-0.29070162773132324,0.5950373411178589,0.01060635969042778,0.5695575475692749,0.6081337332725525,-14.82189655303955,112000
9.951302528381348,581.4801025390625,590.4503173828125,513.6760864257812,-591.2557373046875,-582.4749755859375,-13.819405555725098,5.038632869720459,0.06259415298700333,-0.032338086515665054,0.5886269807815552,0.006875017192214727,0.6161394715309143,0.6041748523712158,-14.565145492553711,113000
73.304931640625,580.5501708984375,591.6578369140625,78.6968765258789,-589.0258178710938,-580.9920654296875,-13.138582229614258,5.104851245880127,0.0653010830283165,-0.39634573459625244,0.5810298323631287,0.010325850918889046,0.553459644317627,0.5950643420219421,-14.329122543334961,114000
117.71131896972656,579.8167114257812,592.9849853515625,213.81634521484375,-588.5933227539062,-580.559326171875,-12.791596412658691,4.757628440856934,0.0727817490696907,0.18285168707370758,0.5879373550415039,0.007367699407041073,0.5641708970069885,0.5744285583496094,-13.543256759643555,115000
36.6622428894043,582.541015625,593.1483154296875,157.5274200439453,-591.2349853515625,-582.9320068359375,-13.19305419921875,4.890049457550049,0.07218672335147858,0.2009640485048294,0.586632251739502,0.01058933138847351,0.6040027141571045,0.5779454708099365,-13.77298355102539,116000
38.1218376159668,585.7899169921875,593.24853515625,313.1773986816406,-594.3170166015625,-586.2138061523438,-13.391412734985352,5.2882161140441895,0.06562251597642899,-0.2848674952983856,0.5877159833908081,0.009261742234230042,0.5715749859809875,0.5943400263786316,-14.301375389099121,117000
12.934337615966797,587.4343872070312,595.0682983398438,485.4450378417969,-596.6025390625,-588.2671508789062,-13.171520233154297,4.83611536026001,0.06482357531785965,0.4331297278404236,0.5904142260551453,0.009774960577487946,0.5925097465515137,0.5785683393478394,-13.819705963134766,118000
24.984004974365234,590.0259399414062,597.3190307617188,534.6433715820312,-596.7062377929688,-588.386962890625,-13.07024097442627,4.750991344451904,0.06493296474218369,0.21042263507843018,0.5744770169258118,0.008346419781446457,0.6017686724662781,0.5714755654335022,-13.59427261352539,119000
8.545172691345215,592.2940063476562,597.9885864257812,573.726806640625,-600.6370849609375,-592.232421875,-12.94791316986084,4.543280601501465,0.06403956562280655,0.2680211663246155,0.5815258622169495,0.008234646171331406,0.5914415717124939,0.5745590925216675,-13.6397123336792,120000
31.034671783447266,591.6927490234375,600.2578125,153.478515625,-599.59765625,-591.306396484375,-13.376123428344727,5.0848188400268555,0.06856091320514679,-0.11050517857074738,0.5819591283798218,0.007780349813401699,0.6043447256088257,0.5894684791564941,-14.160367965698242,121000
131.72975158691406,595.5870971679688,602.0834350585938,539.2694702148438,-603.5382080078125,-594.7772216796875,-13.28494930267334,4.52401065826416,0.06420265138149261,0.1323556751012802,0.5810646414756775,0.008455387316644192,0.6106150150299072,0.5857380628585815,-13.916929244995117,122000
9.608475685119629,596.3121337890625,606.0384521484375,556.0475463867188,-604.3396606445312,-595.67333984375,-13.12129020690918,4.454968452453613,0.06357456743717194,0.16701890528202057,0.5789816379547119,0.007236260920763016,0.5978560447692871,0.5834158062934875,-13.84615707397461,123000
36.29397201538086,593.7093505859375,607.20654296875,60.1353874206543,-602.0299682617188,-593.9674072265625,-12.942634582519531,4.880056381225586,0.07051090151071548,-0.086333267390728,0.568768322467804,0.0109935961663723,0.5887759923934937,0.5760948657989502,-13.728900909423828,124000
12.832084655761719,597.0982666015625,607.7940673828125,545.8275146484375,-605.82421875,-597.401123046875,-13.471086502075195,5.047966480255127,0.06229853630065918,-0.34531086683273315,0.5721561908721924,0.011567102745175362,0.5621705055236816,0.6063115000724792,-14.60999870300293,125000
16.243738174438477,598.4244384765625,607.4510498046875,535.4820556640625,-606.3097534179688,-598.0582275390625,-13.42232894897461,5.170806407928467,0.06513626128435135,-0.14793066680431366,0.5695895552635193,0.0058024609461426735,0.6037311553955078,0.5994384288787842,-14.34166431427002,126000
133.15060424804688,596.5069580078125,608.3445434570312,101.91520690917969,-605.2254028320312,-596.852783203125,-13.650276184082031,5.277676582336426,0.06661864370107651,-0.26675304770469666,0.569385826587677,0.008060508407652378,0.6014193296432495,0.5975621938705444,-14.407459259033203,127000
10.287054061889648,600.7425537109375,609.83349609375,544.614501953125,-609.7236938476562,-601.088623046875,-13.650300025939941,5.015279293060303,0.06431520730257034,-0.47373950481414795,0.5645772814750671,0.009190531447529793,0.5982261300086975,0.6043034791946411,-14.602987289428711,128000
137.83709716796875,600.005126953125,610.0130615234375,62.369441986083984,-607.7805786132812,-599.3292236328125,-13.260730743408203,4.809387683868408,0.06619414687156677,-0.0200034286826849,0.56063312292099,0.008557877503335476,0.5833125114440918,0.5866420269012451,-14.173680305480957,129000
7.531462669372559,603.9091796875,613.3447875976562,553.812255859375,-611.796875,-603.5007934570312,-13.029008865356445,4.732887268066406,0.06432660669088364,0.2173132747411728,0.5658620595932007,0.0073829758912324905,0.5811905860900879,0.5805699825286865,-13.810543060302734,130000
79.21036529541016,602.069580078125,614.8418579101562,85.7571792602539,-611.1534423828125,-603.0303955078125,-12.6494779586792,4.526425838470459,0.07318159937858582,0.26539647579193115,0.555198073387146,0.013540292158722878,0.589015543460846,0.5601446628570557,-13.294544219970703,131000
24.00244140625,602.7376098632812,615.1500244140625,77.95606231689453,-611.4374389648438,-603.1907958984375,-12.827241897583008,4.580654621124268,0.07076510787010193,0.1713368147611618,0.561608076095581,0.008676550351083279,0.5910669565200806,0.5679321885108948,-13.495790481567383,132000
14.772066116333008,607.1124267578125,616.4788208007812,418.7777099609375,-616.2705078125,-608.0375366210938,-13.036766052246094,4.803778648376465,0.06623118370771408,0.14676474034786224,0.5609302520751953,0.0076927728950977325,0.5599044561386108,0.5862185955047607,-14.03605842590332,133000
10.348125457763672,610.5318603515625,617.6934204101562,571.4979248046875,-617.7955932617188,-609.5716552734375,-12.798336029052734,4.574408054351807,0.06958414614200592,0.14722010493278503,0.561381459236145,0.008429339155554771,0.5897828936576843,0.5681650638580322,-13.43320083618164,134000
475.138916015625,609.1395263671875,619.7594604492188,86.67410278320312,-617.9203491210938,-609.4573364257812,-13.313558578491211,4.850533485412598,0.0650518536567688,-0.27320596575737,0.5574353933334351,0.012508810497820377,0.5782852172851562,0.5985618829727173,-14.39777946472168,135000
10.301843643188477,613.5770263671875,621.6148681640625,584.6868896484375,-621.0916748046875,-612.6716918945312,-12.899273872375488,4.479302406311035,0.06945890188217163,0.18533410131931305,0.5587241053581238,0.007221636828035116,0.571393609046936,0.5819858312606812,-13.851436614990234,136000
207.60809326171875,614.2739868164062,621.1494750976562,199.7938995361328,-623.287109375,-614.6959838867188,-13.924125671386719,5.333011627197266,0.05895472317934036,-0.5697405338287354,0.5499310493469238,0.00750033650547266,0.5869404673576355,0.6210651397705078,-15.131208419799805,137000
21.044546127319336,614.1796264648438,625.1068725585938,216.61878967285156,-622.9569702148438,-614.7887573242188,-13.094792366027832,4.926599025726318,0.06783312559127808,-0.24901141226291656,0.5531988739967346,0.010538309812545776,0.5703588724136353,0.5910087823867798,-14.223264694213867,138000
38.87178421020508,617.0610961914062,625.7052001953125,512.6487426757812,-625.15869140625,-616.5834350585938,-13.385406494140625,4.810209274291992,0.06698711216449738,-0.05170580744743347,0.5551892518997192,0.009209031239151955,0.591461181640625,0.5936642289161682,-14.395864486694336,139000
12.791494369506836,620.3594970703125,629.1273803710938,581.5443725585938,-628.3430786132812,-619.7998046875,-13.232818603515625,4.689507961273193,0.06637293845415115,-0.009186556562781334,0.5502790212631226,0.010186667554080486,0.5983203649520874,0.5852862596511841,-14.147384643554688,140000
9.87921142578125,621.0176391601562,630.0094604492188,578.9215698242188,-629.2548828125,-620.7434692382812,-13.09706974029541,4.5856194496154785,0.0654778927564621,0.16715337336063385,0.5529347658157349,0.008904274553060532,0.5991349816322327,0.5818442702293396,-13.813727378845215,141000
276.28033447265625,621.13037109375,632.6385498046875,245.5596466064453,-630.5039672851562,-622.0543212890625,-13.07918643951416,4.629497528076172,0.07621514052152634,0.02180481143295765,0.5450155138969421,0.007460332475602627,0.5833077430725098,0.5792925953865051,-13.93705940246582,142000
41.91447448730469,623.7467651367188,633.8961791992188,152.2375030517578,-632.4982299804688,-624.0910034179688,-13.048704147338867,4.64150857925415,0.06755542010068893,0.21643342077732086,0.5469144582748413,0.007516118697822094,0.5991140007972717,0.5758258700370789,-13.604528427124023,143000
31.302993774414062,624.36279296875,635.0657348632812,228.72984313964844,-632.9696044921875,-624.5115356445312,-13.054258346557617,4.59621524810791,0.06758161634206772,0.037194542586803436,0.5410121083259583,0.006960560567677021,0.5898456573486328,0.5837752819061279,-13.85216236114502,144000
16.211257934570312,624.8773193359375,636.236328125,91.31082153320312,-632.9462890625,-624.7972412109375,-12.693029403686523,4.544025897979736,0.07087801396846771,0.26824235916137695,0.5462981462478638,0.00897781178355217,0.5669994950294495,0.5702329277992249,-13.528345108032227,145000
9.649209976196289,629.948974609375,637.7362670898438,575.8385620117188,-638.5863647460938,-630.1516723632812,-12.965028762817383,4.530313014984131,0.06556282192468643,0.14641696214675903,0.5470698475837708,0.007809911854565144,0.58352130651474,0.5787291526794434,-13.718767166137695,146000
596.4422607421875,625.8589477539062,639.0293579101562,61.0233154296875,-634.1423950195312,-625.93896484375,-12.52254867553711,4.319104194641113,0.07724946737289429,0.24013549089431763,0.5434755682945251,0.010088704526424408,0.5771639347076416,0.5604629516601562,-13.19015121459961,147000
10.611963272094727,634.266845703125,641.8140869140625,601.2213745117188,-641.8544311523438,-633.1419677734375,-13.482877731323242,4.770367622375488,0.0609625019133091,-0.021865909919142723,0.5445023775100708,0.008115509524941444,0.6127657890319824,0.5951553583145142,-14.29722785949707,148000
8.33846664428711,637.9437255859375,645.3001708984375,608.08154296875,-645.4292602539062,-637.1403198242188,-12.680601119995117,4.391645908355713,0.06309440732002258,0.04629115015268326,0.5440210103988647,0.0112769715487957,0.5386166572570801,0.5854237675666809,-13.899129867553711,149000
10.674034118652344,637.9404296875,646.939697265625,610.1115112304688,-646.0150146484375,-637.4776611328125,-12.759325981140137,4.22197961807251,0.06550842523574829,0.4940950572490692,0.5389811992645264,0.009078455157577991,0.5872476100921631,0.5620971322059631,-13.122279167175293,150000
7.762363910675049,641.6937866210938,649.824462890625,610.9119262695312,-650.3058471679688,-641.4138793945312,-13.571290969848633,4.679312705993652,0.06469541788101196,-0.1489448845386505,0.5375655889511108,0.006773150525987148,0.6146464943885803,0.6022850275039673,-14.50788402557373,151000
8.679515838623047,645.0822143554688,651.8023071289062,619.6749877929688,-652.4325561523438,-643.888671875,-12.789692878723145,4.245763778686523,0.06507068872451782,0.19300344586372375,0.5375499129295349,0.008136698976159096,0.564623236656189,0.5810635685920715,-13.852797508239746,152000
9.45606803894043,649.4556274414062,655.8997802734375,619.189697265625,-657.997802734375,-649.4563598632812,-12.9918212890625,4.450348377227783,0.06642002612352371,0.21256659924983978,0.5361340045928955,0.006164726335555315,0.5924590826034546,0.5769663453102112,-13.724691390991211,153000
101.9594497680664,647.939697265625,657.6044921875,316.44329833984375,-657.4326171875,-649.3192138671875,-12.188193321228027,4.074790954589844,0.07455962896347046,0.3903866112232208,0.5353708267211914,0.00926634855568409,0.5494831800460815,0.5596985220909119,-13.277629852294922,154000
33.191707611083984,650.0506591796875,657.9479370117188,436.6772155761719,-658.4725952148438,-650.0301513671875,-12.797359466552734,4.354938507080078,0.0645107552409172,0.3139377534389496,0.5328648686408997,0.007997105829417706,0.5843170285224915,0.5739341974258423,-13.527305603027344,155000
10.601739883422852,654.154052734375,661.5720825195312,619.719482421875,-663.2799682617188,-654.3627319335938,-13.20710277557373,4.289871692657471,0.06502214819192886,-0.0344730019569397,0.5286122560501099,0.007168474607169628,0.5918165445327759,0.5902007818222046,-14.088251113891602,156000
33.64005661010742,654.531494140625,664.5535278320312,123.37995147705078,-663.1678466796875,-654.4699096679688,-12.932908058166504,4.234989166259766,0.06797537952661514,0.21064826846122742,0.5298765301704407,0.010000539012253284,0.5870026350021362,0.5790976285934448,-13.7050199508667,157000
10.515209197998047,659.1776123046875,666.9108276367188,620.4242553710938,-668.0729370117188,-659.3629760742188,-13.149656295776367,4.439706802368164,0.06131511554121971,0.09677822887897491,0.5295248031616211,0.008894726634025574,0.5672268867492676,0.5928323268890381,-14.232871055603027,158000
6.808541297912598,661.6532592773438,668.1174926757812,632.889892578125,-670.3359985351562,-661.3778076171875,-12.990813255310059,4.032589912414551,0.06427494436502457,0.33505532145500183,0.5308994650840759,0.009154725819826126,0.6180622577667236,0.5754857063293457,-13.573034286499023,159000
9.49509048461914,659.1925048828125,668.8162841796875,611.939453125,-667.5679321289062,-658.7506103515625,-13.123983383178711,4.306658744812012,0.0682738646864891,-0.06670591235160828,0.5256049633026123,0.007820860482752323,0.577276349067688,0.5966143608093262,-14.268285751342773,160000
9.068395614624023,660.6133422851562,669.373291015625,608.2232055664062,-668.8724365234375,-660.1591796875,-13.065444946289062,4.352174758911133,0.06281498074531555,0.0779624804854393,0.5268544554710388,0.006366203539073467,0.5845133066177368,0.5819540023803711,-13.869336128234863,161000
34.65553283691406,659.213134765625,670.9524536132812,51.252105712890625,-667.945556640625,-659.4450073242188,-12.680120468139648,4.179571628570557,0.06722845882177353,0.33572977781295776,0.5231649279594421,0.007752645295113325,0.5936775207519531,0.5682486295700073,-13.37274169921875,162000
72.02930450439453,658.9044189453125,669.5964965820312,86.25640869140625,-667.5072021484375,-659.0729370117188,-12.963157653808594,4.5288543701171875,0.0679282695055008,0.026994233950972557,0.5247900485992432,0.006774074863642454,0.5850807428359985,0.5848392248153687,-13.905807495117188,163000
7.261248588562012,662.0048217773438,671.6212158203125,595.7474365234375,-670.7219848632812,-662.4378662109375,-12.44310188293457,4.15899133682251,0.06644994765520096,0.2251577526330948,0.5265241265296936,0.007579062599688768,0.5470418334007263,0.5738402605056763,-13.575912475585938,164000
27.08943748474121,658.508056640625,671.5510864257812,74.57505798339844,-667.2599487304688,-658.8013916015625,-13.200952529907227,4.742391586303711,0.06895187497138977,-0.1798536330461502,0.52395099401474,0.007920471951365471,0.5952163338661194,0.591938316822052,-14.153489112854004,165000
44.330360412597656,661.2930908203125,671.9411010742188,126.68395233154297,-669.5424194335938,-661.076171875,-12.713526725769043,4.247278213500977,0.07166197896003723,-0.057176683098077774,0.5157236456871033,0.009043700993061066,0.5652216672897339,0.5824130773544312,-13.818509101867676,166000
9.33725357055664,663.1949462890625,671.692138671875,612.5606689453125,-671.342041015625,-662.671875,-12.742780685424805,4.07260799407959,0.0674474760890007,0.3967307507991791,0.5216550827026367,0.008094417862594128,0.5812004804611206,0.5736083984375,-13.58473014831543,167000
61.88744354248047,660.283203125,672.2857055664062,164.2008819580078,-669.0570678710938,-660.6748046875,-12.877647399902344,4.4953789710998535,0.06821322441101074,0.2184058427810669,0.5214647054672241,0.008103087544441223,0.5573043823242188,0.5814976692199707,-13.891584396362305,168000
15.33521842956543,663.2440185546875,670.5317993164062,595.9151611328125,-671.9114990234375,-662.866455078125,-13.374056816101074,4.3290696144104,0.06457916647195816,0.019396036863327026,0.516158401966095,0.006952451076358557,0.6065386533737183,0.5927852392196655,-14.24809455871582,169000
91.680419921875,662.1741943359375,673.3232421875,283.5165710449219,-671.23291015625,-662.8102416992188,-12.793618202209473,4.370959281921387,0.06915562599897385,0.16228452324867249,0.515979528427124,0.008113060146570206,0.5805056691169739,0.5796934366226196,-13.801862716674805,170000
9.706870079040527,663.0493774414062,673.5703125,585.2941284179688,-672.4085083007812,-663.6488037109375,-13.285486221313477,4.525749683380127,0.06636244058609009,-0.21931765973567963,0.515565037727356,0.008556349202990532,0.595299243927002,0.5905908346176147,-14.210514068603516,171000
8.325556755065918,663.7974243164062,672.252685546875,602.1088256835938,-672.4716796875,-663.9127197265625,-12.887094497680664,4.3281378746032715,0.06791228801012039,-0.04369594529271126,0.5126702189445496,0.007257213816046715,0.5628645420074463,0.5862184762954712,-14.113388061523438,172000
57.189823150634766,661.9498291015625,671.9983520507812,228.0787353515625,-670.8050537109375,-662.0669555664062,-13.313817977905273,4.575734615325928,0.06989093124866486,-0.15205097198486328,0.5142794251441956,0.007108855992555618,0.5963166952133179,0.598690390586853,-14.45545768737793,173000
270.4396667480469,661.588134765625,673.5576171875,291.77069091796875,-669.6212158203125,-661.1246337890625,-12.80171012878418,4.305088996887207,0.07444074004888535,-0.07763467729091644,0.5117965936660767,0.007868820801377296,0.5849800109863281,0.5739510655403137,-13.716642379760742,174000
8.11269474029541,664.6661987304688,673.4525146484375,598.2035522460938,-673.5142211914062,-664.834228515625,-13.089739799499512,4.409701347351074,0.06410152465105057,0.09331127256155014,0.5084095597267151,0.007973957806825638,0.5929213762283325,0.5884652733802795,-13.977968215942383,175000
399.21337890625,663.9498291015625,674.8837280273438,273.19952392578125,-672.0183715820312,-663.20361328125,-13.406362533569336,4.591618537902832,0.0645042136311531,-0.3810957074165344,0.507569432258606,0.008190842345356941,0.5873581171035767,0.6070845127105713,-14.632808685302734,176000
13.898029327392578,666.4534912109375,674.1455688476562,580.5604248046875,-674.99658203125,-666.166748046875,-13.442237854003906,4.612428665161133,0.06450290232896805,-0.44901031255722046,0.5094233751296997,0.006035610102117062,0.6009610891342163,0.602461576461792,-14.565628051757812,177000
37.86965560913086,665.706787109375,674.046630859375,528.9625854492188,-674.4963989257812,-665.616455078125,-13.247411727905273,4.367486953735352,0.06533323973417282,-0.11916147172451019,0.5028957724571228,0.008448690176010132,0.6003137230873108,0.5897351503372192,-14.099920272827148,178000
12.449512481689453,665.46337890625,676.1129150390625,435.0809020996094,-672.7839965820312,-664.5718994140625,-12.324127197265625,4.112011909484863,0.07116061449050903,0.16018007695674896,0.5041828155517578,0.00794357992708683,0.5449115037918091,0.5717602372169495,-13.387685775756836,179000
13.204530715942383,670.5542602539062,678.482421875,637.1448364257812,-678.6215209960938,-669.5726928710938,-13.491272926330566,4.442447662353516,0.06764132529497147,-0.158477783203125,0.5052453875541687,0.007373034954071045,0.603841245174408,0.6037934422492981,-14.569711685180664,180000
7.767579078674316,669.9752807617188,679.6094970703125,617.1632080078125,-678.6707153320312,-669.6732177734375,-13.21682357788086,4.219303131103516,0.06430890411138535,-0.022706594318151474,0.5034340023994446,0.005275318864732981,0.5857299566268921,0.6009056568145752,-14.322216033935547,181000
214.6914825439453,669.749755859375,679.3311767578125,98.87674713134766,-678.978271484375,-670.0902099609375,-13.053844451904297,4.16579008102417,0.07311172783374786,0.19983594119548798,0.505293071269989,0.011899428442120552,0.6078503131866455,0.5717920064926147,-13.651151657104492,182000
10.185272216796875,673.6424560546875,682.4081420898438,638.8873901367188,-680.75732421875,-671.7841796875,-13.058313369750977,4.085133075714111,0.0659325122833252,0.17095644772052765,0.506930410861969,0.006752375978976488,0.5920950770378113,0.5817802548408508,-13.91412353515625,183000
513.9454345703125,675.6744384765625,685.3659057617188,56.105445861816406,-682.1672973632812,-673.556884765625,-12.764006614685059,4.15357780456543,0.0661962553858757,-0.2232004553079605,0.49903231859207153,0.009364161640405655,0.5623297095298767,0.5868393182754517,-14.106075286865234,184000
46.2342529296875,676.681396484375,687.0999755859375,98.06269836425781,-685.9734497070312,-677.3688354492188,-12.505733489990234,3.9011194705963135,0.07125385105609894,0.33844640851020813,0.5009627342224121,0.012175594456493855,0.5800200700759888,0.5606132745742798,-13.243597984313965,185000
54.994712829589844,675.7389526367188,688.9622192382812,92.31061553955078,-685.299072265625,-676.5701904296875,-12.98031234741211,4.251389980316162,0.07073695212602615,0.05295465886592865,0.4989410936832428,0.007680077571421862,0.5946832895278931,0.5764904618263245,-13.763998031616211,186000
6.0799407958984375,684.3065185546875,690.37255859375,654.85595703125,-693.0806884765625,-684.2036743164062,-13.26047134399414,4.383481025695801,0.060005299746990204,0.0345434844493866,0.5011171698570251,0.005724119022488594,0.5960639119148254,0.6032507419586182,-14.446237564086914,187000
12.840713500976562,684.2512817382812,693.0134887695312,637.6600952148438,-692.4597778320312,-683.8172607421875,-12.977790832519531,4.335241794586182,0.06832794845104218,-0.06330769509077072,0.49358049035072327,0.007567908614873886,0.5715262293815613,0.5972132682800293,-14.259201049804688,188000
680.8969116210938,679.9561157226562,689.93212890625,307.1455383300781,-688.4306030273438,-679.63720703125,-13.065544128417969,4.2721757888793945,0.06541919708251953,0.04586898535490036,0.4962467849254608,0.005300157703459263,0.5906566381454468,0.5871770977973938,-14.054383277893066,189000
12.545391082763672,682.2123413085938,690.3028564453125,624.3296508789062,-690.8241577148438,-681.7862548828125,-13.30136489868164,4.263489246368408,0.06608288735151291,-0.07123556733131409,0.495179682970047,0.006813970394432545,0.6081807613372803,0.5925572514533997,-14.172683715820312,190000
38.9047966003418,680.98828125,690.9848022460938,531.2664184570312,-689.6028442382812,-681.322265625,-12.121273040771484,3.840677499771118,0.07749522477388382,0.26978635787963867,0.48467108607292175,0.007473197299987078,0.538770318031311,0.5594395995140076,-13.281233787536621,191000
9.993428230285645,682.677978515625,691.2389526367188,618.5527954101562,-691.6724853515625,-682.7393188476562,-13.4009370803833,4.4677934646606445,0.06469794362783432,-0.27868083119392395,0.49093136191368103,0.006678806152194738,0.6114561557769775,0.5949403047561646,-14.321859359741211,192000
8.471603393554688,682.4121704101562,690.0101928710938,620.9407958984375,-691.1974487304688,-682.12158203125,-13.300063133239746,4.224153518676758,0.060408592224121094,-0.03114144504070282,0.4962318241596222,0.007864413782954216,0.6056941747665405,0.5894756317138672,-14.165875434875488,193000
110.17930603027344,681.1470336914062,689.0267333984375,248.01504516601562,-690.1679077148438,-681.6552124023438,-12.988117218017578,4.475393295288086,0.06901729106903076,-0.44873592257499695,0.49520042538642883,0.010208431631326675,0.551450252532959,0.6046596765518188,-14.734850883483887,194000
18.65280532836914,680.8695068359375,690.0731811523438,609.9138793945312,-689.8043823242188,-680.7330322265625,-13.348063468933105,4.276761054992676,0.06227092817425728,-0.022772930562496185,0.49191179871559143,0.005894521251320839,0.622516930103302,0.5921818017959595,-14.050302505493164,195000
7.538512229919434,682.646484375,692.19091796875,634.320556640625,-691.4651489257812,-682.769775390625,-12.621225357055664,3.925839424133301,0.06769663840532303,0.24365632236003876,0.492915540933609,0.006930853705853224,0.5814955234527588,0.5711724758148193,-13.58163070678711,196000
750.2085571289062,683.0922241210938,691.7782592773438,357.6506042480469,-692.609375,-684.2992553710938,-12.520095825195312,4.209949493408203,0.06889289617538452,-0.07498587667942047,0.4901449382305145,0.010826392099261284,0.5638748407363892,0.5711445808410645,-13.657901763916016,197000
7.709048271179199,683.72216796875,692.7820434570312,643.7001342773438,-692.0518188476562,-683.2457275390625,-12.886884689331055,4.080781936645508,0.07228682190179825,-0.0770055502653122,0.4875197112560272,0.006718867924064398,0.5734047293663025,0.5884249210357666,-14.13705825805664,198000
8.852394104003906,682.94677734375,692.67578125,630.9136352539062,-691.4114990234375,-682.81103515625,-12.358416557312012,3.7579269409179688,0.06589600443840027,0.43937960267066956,0.48652082681655884,0.006441776640713215,0.5746358633041382,0.5643528699874878,-13.276500701904297,199000
43.80277633666992,685.1312255859375,694.1270141601562,638.2348022460938,-693.9953002929688,-685.06103515625,-13.198787689208984,4.264530658721924,0.06671646237373352,-0.08658957481384277,0.4851374924182892,0.006581841502338648,0.6085416078567505,0.5881566405296326,-14.107515335083008,200000
8.202451705932617,684.2616577148438,693.0670776367188,626.0165405273438,-692.9841918945312,-684.13916015625,-13.214750289916992,4.369708061218262,0.06816277652978897,-0.07831806689500809,0.48339128494262695,0.005529994145035744,0.5902671813964844,0.5955458283424377,-14.35288143157959,201000
7.432730674743652,686.3558349609375,693.0620727539062,655.3451538085938,-694.73291015625,-686.0782470703125,-12.704683303833008,4.050057411193848,0.06433644145727158,0.05270190164446831,0.48870283365249634,0.007513172924518585,0.5507500171661377,0.5880314707756042,-14.112147331237793,202000
21.254772186279297,687.0653076171875,694.5852661132812,597.6135864257812,-696.0904541015625,-687.286376953125,-12.723652839660645,3.919529438018799,0.06399030238389969,0.2251918911933899,0.47939029335975647,0.010159939527511597,0.5759406089782715,0.5772700309753418,-13.67554759979248,203000
9.792461395263672,689.623046875,695.1060791015625,644.4049072265625,-699.0326538085938,-689.851318359375,-12.934097290039062,3.752748966217041,0.0665663555264473,0.3931577205657959,0.48488903045654297,0.009268457069993019,0.6082172393798828,0.5727555751800537,-13.534008026123047,204000
11.479095458984375,690.7786865234375,697.0091552734375,490.8294677734375,-699.4899291992188,-690.603515625,-12.999776840209961,4.113325119018555,0.06634099781513214,-0.2821577191352844,0.4847400486469269,0.007408645935356617,0.5735999345779419,0.6055908799171448,-14.47707462310791,205000
7.4475789070129395,693.15869140625,697.860107421875,665.2279663085938,-702.1611938476562,-693.18994140625,-12.932767868041992,3.9615108966827393,0.06405115872621536,0.18673551082611084,0.4821379780769348,0.007101396098732948,0.589977502822876,0.5892422199249268,-14.04930305480957,206000
383.452880859375,692.39404296875,700.6525268554688,515.4696655273438,-700.0420532226562,-691.1009521484375,-13.078424453735352,4.13735294342041,0.0703708603978157,-0.15576857328414917,0.480304092168808,0.0052327848970890045,0.5928589105606079,0.5927579402923584,-14.186759948730469,207000
74.46417999267578,695.6312866210938,702.5201416015625,487.65106201171875,-704.6688232421875,-696.1180419921875,-12.379467010498047,3.828653573989868,0.06813029944896698,0.31696391105651855,0.4853809177875519,0.009374874643981457,0.5454397201538086,0.5698221325874329,-13.665948867797852,208000
8.352681159973145,699.2908325195312,705.8887939453125,679.42626953125,-708.5855102539062,-699.412109375,-13.157204627990723,3.983809471130371,0.06828467547893524,-0.045144617557525635,0.4784667491912842,0.00801941566169262,0.5981418490409851,0.5921813249588013,-14.2560453414917,209000
8.164073944091797,701.0364990234375,708.1067504882812,676.2666625976562,-709.8485717773438,-700.6021118164062,-13.508234977722168,4.261783123016357,0.06607896834611893,-0.15247558057308197,0.47448813915252686,0.009565738029778004,0.623684823513031,0.5927748680114746,-14.239519119262695,210000
8.497248649597168,699.7395629882812,709.1590576171875,133.6457977294922,-707.9127807617188,-699.6466064453125,-12.297511100769043,4.0313005447387695,0.07004929333925247,0.06854834407567978,0.4759960472583771,0.00803924910724163,0.5441234707832336,0.5749561786651611,-13.508781433105469,211000
241.81207275390625,701.240234375,709.7923583984375,104.09297943115234,-708.8867797851562,-699.9627075195312,-12.883666038513184,3.9596078395843506,0.0647805705666542,-0.029117858037352562,0.4730956256389618,0.006771796382963657,0.5994076728820801,0.577688455581665,-13.782100677490234,212000
7.288281440734863,706.3888549804688,712.4154052734375,684.08740234375,-715.0233764648438,-705.7186279296875,-13.080368995666504,3.775613784790039,0.068081334233284,0.13322612643241882,0.4761657118797302,0.008330588229000568,0.6130635142326355,0.5850286483764648,-13.95806884765625,213000
11.786528587341309,707.2075805664062,715.2305297851562,676.4025268554688,-714.8021850585938,-706.0868530273438,-12.826056480407715,4.110743522644043,0.06387296319007874,0.02294769324362278,0.4771040976047516,0.006980727426707745,0.5635164976119995,0.5928877592086792,-14.262290000915527,214000
291.5758972167969,707.7946166992188,714.3037109375,242.75050354003906,-716.5765991210938,-707.5664672851562,-13.17605972290039,4.165937423706055,0.06082246080040932,-0.12079764902591705,0.4689994156360626,0.010834554210305214,0.5860324501991272,0.6010981798171997,-14.570934295654297,215000
17.367372512817383,708.8509521484375,714.7265625,629.5916748046875,-717.912109375,-708.84130859375,-13.137575149536133,4.066793441772461,0.061842773109674454,-0.19802360236644745,0.4751829206943512,0.006619553081691265,0.5927397608757019,0.5971089601516724,-14.38953685760498,216000
9.794292449951172,707.986572265625,717.958740234375,659.4220581054688,-717.8096313476562,-708.8824462890625,-13.148021697998047,4.220841884613037,0.06981309503316879,-0.24350114166736603,0.4716944694519043,0.008203253149986267,0.5862650871276855,0.5987737774848938,-14.556517601013184,217000
43.28648376464844,705.879150390625,717.646484375,505.5278625488281,-714.8896484375,-706.0785522460938,-12.545077323913574,3.733999252319336,0.06907672435045242,0.18086230754852295,0.4694364070892334,0.009330006316304207,0.5764538645744324,0.5722421407699585,-13.593511581420898,218000
7.429342269897461,708.1555786132812,715.3587646484375,663.3408203125,-716.7826538085938,-707.614990234375,-13.440397262573242,4.272716999053955,0.06060697138309479,-0.3661271631717682,0.472801148891449,0.005874259397387505,0.5934322476387024,0.6143746376037598,-14.871088027954102,219000
8.641586303710938,707.7000732421875,716.5845336914062,652.0812377929688,-716.170654296875,-707.6016845703125,-12.397843360900879,3.828845500946045,0.06725803762674332,0.32077494263648987,0.47187942266464233,0.0059772999957203865,0.5588514804840088,0.5810406804084778,-13.718539237976074,220000
7.368866920471191,706.90625,715.5728149414062,650.0223999023438,-715.0439453125,-706.0375366210938,-12.799615859985352,3.7931954860687256,0.06570477038621902,0.1641692966222763,0.4683283269405365,0.006768642924726009,0.5922744870185852,0.577897310256958,-13.777008056640625,221000
19.33739471435547,704.9750366210938,714.5355224609375,537.546875,-715.706787109375,-706.5517578125,-13.403495788574219,4.248461723327637,0.06712344288825989,-0.37582939863204956,0.4651886224746704,0.005194693338125944,0.599835216999054,0.6049224138259888,-14.592512130737305,222000
6.634497165679932,708.2837524414062,714.8027954101562,673.551513671875,-716.7669067382812,-707.6439208984375,-13.237034797668457,4.1140923500061035,0.06234106048941612,-0.3180743455886841,0.4667286276817322,0.005113342776894569,0.5816934108734131,0.6045393943786621,-14.628372192382812,223000
7.482555389404297,709.9967041015625,716.3613891601562,674.5677490234375,-719.0017700195312,-710.0554809570312,-12.975963592529297,4.029668807983398,0.06252332776784897,0.08787499368190765,0.4667017161846161,0.005417587235569954,0.5841715335845947,0.5869895815849304,-14.111867904663086,224000
8.019966125488281,710.8046875,718.6680297851562,680.4500732421875,-720.4898071289062,-711.0901489257812,-13.479068756103516,4.079378604888916,0.0640798956155777,-0.24330760538578033,0.46716591715812683,0.005838150158524513,0.6172093152999878,0.602187991142273,-14.555267333984375,225000
10.18295669555664,708.70556640625,718.693603515625,352.56463623046875,-717.8673706054688,-709.1433715820312,-12.471426963806152,3.7474253177642822,0.06330893188714981,0.3259897232055664,0.46594253182411194,0.0068005225621163845,0.5666767358779907,0.5764245390892029,-13.71049976348877,226000
7.965396881103516,711.016845703125,720.940673828125,660.54638671875,-719.749755859375,-710.6895751953125,-13.070852279663086,4.010659217834473,0.06553107500076294,-0.013473819009959698,0.46371087431907654,0.006321893073618412,0.5928879976272583,0.5962218046188354,-14.251827239990234,227000
8.520334243774414,713.3492431640625,720.3003540039062,665.0739135742188,-721.8441772460938,-712.9019165039062,-12.949953079223633,4.007680416107178,0.0635497197508812,-0.0055728452280163765,0.46364453434944153,0.007513296790421009,0.5840151906013489,0.5857372283935547,-14.133537292480469,228000
8.24299144744873,712.26171875,720.1195678710938,647.7510986328125,-720.9295654296875,-712.18701171875,-12.558927536010742,3.8163607120513916,0.061877280473709106,0.17475102841854095,0.4683517813682556,0.006102242041379213,0.5666685104370117,0.5800631046295166,-13.76850700378418,229000
7.193481922149658,712.821533203125,720.6080932617188,631.6595458984375,-721.9921875,-712.9481201171875,-13.10791015625,4.063838481903076,0.06478827446699142,0.06326886266469955,0.4622083008289337,0.005800706800073385,0.6061774492263794,0.590073823928833,-14.031767845153809,230000
8.91232967376709,710.9708251953125,720.9734497070312,633.6898193359375,-719.9832153320312,-711.1220703125,-12.765530586242676,3.904358386993408,0.06572340428829193,0.024023130536079407,0.46310651302337646,0.006369895301759243,0.5762612223625183,0.5874207019805908,-14.01072883605957,231000
9.485116004943848,710.8839721679688,720.4431762695312,631.360595703125,-719.7583618164062,-710.585205078125,-12.881322860717773,3.7082085609436035,0.06648477911949158,0.03797532990574837,0.46165329217910767,0.0068957931362092495,0.5901171565055847,0.5866885781288147,-13.943071365356445,232000
7.939455032348633,710.6533203125,719.4339599609375,624.0588989257812,-719.3721313476562,-710.2757568359375,-12.81414794921875,3.717759132385254,0.06650832295417786,-0.005832398310303688,0.4573410451412201,0.006442000158131123,0.5837122797966003,0.583149790763855,-14.015727996826172,233000
13.274264335632324,711.7887573242188,719.8087158203125,653.7756958007812,-720.2410888671875,-711.1236572265625,-12.953473091125488,3.83606219291687,0.06676313281059265,-0.016590235754847527,0.4582382142543793,0.009022010490298271,0.5960855484008789,0.5809264183044434,-13.93864631652832,234000
38.0479621887207,710.4187622070312,720.2996215820312,313.1688232421875,-720.4812622070312,-711.209716796875,-13.276650428771973,4.005156517028809,0.07113222777843475,-0.13015645742416382,0.45551443099975586,0.006129492539912462,0.6127984523773193,0.5978848934173584,-14.355440139770508,235000
13.372819900512695,711.25146484375,720.6061401367188,479.3437805175781,-720.7245483398438,-711.6146240234375,-13.28333568572998,4.173418045043945,0.06458383798599243,-0.3366727828979492,0.4569994807243347,0.0067970892414450645,0.604539155960083,0.6014889478683472,-14.577032089233398,236000
600.7944946289062,708.7970581054688,720.76611328125,159.9090118408203,-718.0247802734375,-709.638671875,-11.972915649414062,3.586761474609375,0.07825669646263123,0.045484501868486404,0.45722153782844543,0.008056728169322014,0.5505368709564209,0.5541839599609375,-12.932840347290039,237000
80.90711212158203,711.1737060546875,720.1325073242188,300.65411376953125,-720.3060913085938,-711.2991943359375,-12.767816543579102,3.760915756225586,0.06476102024316788,0.023662282153964043,0.4534964859485626,0.0068556927144527435,0.5752074122428894,0.5848917961120605,-13.98676872253418,238000
75.66278076171875,712.271240234375,720.93310546875,510.6833801269531,-722.04638671875,-713.1823120117188,-12.517776489257812,3.6536567211151123,0.06831268966197968,0.24729888141155243,0.4591849446296692,0.008311784826219082,0.5894546508789062,0.5639023780822754,-13.324922561645508,239000
7.026872634887695,713.4664306640625,722.0355224609375,646.120361328125,-722.5023803710938,-713.6419677734375,-12.54129409790039,3.6808950901031494,0.07237668335437775,0.04704572632908821,0.45379236340522766,0.007192245684564114,0.5921052098274231,0.5653718709945679,-13.399967193603516,240000
140.92575073242188,711.7044067382812,722.652587890625,167.4103546142578,-720.5431518554688,-711.7807006835938,-12.477688789367676,3.7152249813079834,0.07028763741254807,-0.013928131200373173,0.45056799054145813,0.005015247501432896,0.575580894947052,0.5734572410583496,-13.5654296875,241000
6.897514343261719,714.1400756835938,722.4266967773438,634.32421875,-723.0889282226562,-713.97802734375,-12.91561222076416,3.804706335067749,0.06743300706148148,0.09301083534955978,0.45429736375808716,0.0053909653797745705,0.5983296632766724,0.5874987840652466,-13.9947509765625,242000
71.93315887451172,709.7633666992188,722.2160034179688,46.63420104980469,-718.3049926757812,-709.6427612304688,-12.683649063110352,4.021396636962891,0.06675633043050766,-0.12509702146053314,0.45058131217956543,0.006111949682235718,0.5639420747756958,0.5891547203063965,-14.055987358093262,243000
10.564512252807617,713.2532958984375,722.43505859375,630.4060668945312,-721.7407836914062,-712.6202392578125,-12.964879989624023,3.844359874725342,0.06602760404348373,-0.12588246166706085,0.4468785524368286,0.006212242878973484,0.5993155837059021,0.5874305963516235,-14.027643203735352,244000
70.24120330810547,711.6736450195312,721.4791259765625,424.18267822265625,-721.4639892578125,-712.7957763671875,-12.353225708007812,3.6849684715270996,0.07428957521915436,0.2243354618549347,0.4512690305709839,0.007047641556710005,0.577009379863739,0.5660092830657959,-13.27566909790039,245000
8.789186477661133,714.2114868164062,722.3156127929688,678.0516357421875,-723.1939697265625,-713.918701171875,-12.93824291229248,3.6629514694213867,0.06720101088285446,0.13053977489471436,0.4486887753009796,0.006903358735144138,0.6052941679954529,0.5807703733444214,-13.814615249633789,246000
10.221776962280273,712.8277587890625,721.7733764648438,584.2969970703125,-722.1304321289062,-713.061767578125,-12.609710693359375,3.541104316711426,0.06728915870189667,0.21317361295223236,0.4498097896575928,0.007033871486783028,0.5890648365020752,0.5676845908164978,-13.475897789001465,247000
116.45106506347656,710.2708740234375,723.125,403.6302185058594,-719.0471801757812,-710.6828002929688,-12.055352210998535,3.690985918045044,0.07784886658191681,0.0064834970980882645,0.44844645261764526,0.008917398750782013,0.5517778396606445,0.5565348267555237,-13.23326301574707,248000
14.612778663635254,712.202880859375,721.1701049804688,654.0973510742188,-721.7249755859375,-712.6407470703125,-12.952852249145508,3.8686769008636475,0.06717003136873245,0.11626626551151276,0.4488328695297241,0.006833574268966913,0.6001456379890442,0.5849188566207886,-13.9956693649292,249000
13.826858520507812,713.5725708007812,722.7608642578125,519.692626953125,-722.7896118164062,-713.4898071289062,-13.142324447631836,3.8425307273864746,0.07066138833761215,-0.08931892365217209,0.4438766837120056,0.005466729402542114,0.6088463664054871,0.5917331576347351,-14.221848487854004,250000
40.15938949584961,713.4566040039062,722.3761596679688,649.8916015625,-722.5448608398438,-713.4072875976562,-13.01950740814209,3.881929636001587,0.06391026824712753,-0.13253410160541534,0.44315609335899353,0.006031453609466553,0.5781209468841553,0.6019526720046997,-14.437677383422852,251000
14.0197114944458,716.1792602539062,723.063232421875,612.92431640625,-724.73681640625,-715.6492919921875,-12.766407012939453,3.67887020111084,0.06430400162935257,0.13773538172245026,0.44283273816108704,0.007231531664729118,0.5801899433135986,0.5858893394470215,-14.008563041687012,252000
8.403023719787598,715.532958984375,723.0773315429688,639.1677856445312,-724.4790649414062,-715.704833984375,-12.43218994140625,3.657933473587036,0.0680696964263916,0.261892706155777,0.44484642148017883,0.006035780534148216,0.5735939741134644,0.5686249136924744,-13.419219017028809,253000
10.700502395629883,716.06982421875,725.8959350585938,614.3228759765625,-725.2185668945312,-716.281005859375,-12.662050247192383,3.724487543106079,0.06905903667211533,-0.13828715682029724,0.44517359137535095,0.007587646134197712,0.5806734561920166,0.5840199589729309,-14.01766586303711,254000
7.009763717651367,717.2510986328125,725.62060546875,660.2094116210938,-725.9705810546875,-716.921875,-12.886710166931152,3.8379852771759033,0.06011936441063881,0.046981081366539,0.4423758387565613,0.007584193721413612,0.5876865386962891,0.5948395133018494,-14.245296478271484,255000
7.410759925842285,717.6121215820312,727.0059204101562,659.8456420898438,-726.5215454101562,-717.2853393554688,-12.82733154296875,3.591132402420044,0.06806249916553497,0.01880067028105259,0.4423155188560486,0.007280572317540646,0.594892680644989,0.5824264883995056,-13.832948684692383,256000
1036.21484375,716.7757568359375,727.90380859375,469.3969421386719,-724.0810546875,-715.2335815429688,-12.64102554321289,3.793606996536255,0.07027111202478409,-0.15223105251789093,0.43915727734565735,0.006948790512979031,0.5751039981842041,0.58880615234375,-13.919656753540039,257000
29.82343864440918,717.0508422851562,726.771728515625,352.7037658691406,-726.216552734375,-717.3441162109375,-12.652416229248047,3.7799935340881348,0.06725646555423737,-0.011262808926403522,0.4413011968135834,0.006569065153598785,0.574633777141571,0.5748395323753357,-13.72046947479248,258000
29.03419303894043,718.6437377929688,726.2095336914062,555.9581909179688,-727.5751342773438,-718.1267700195312,-13.194334030151367,3.74597430229187,0.06220219284296036,-0.0479426309466362,0.44112980365753174,0.006763376295566559,0.6120404005050659,0.5967942476272583,-14.283258438110352,259000
13.34082317352295,718.41455078125,727.7521362304688,632.8635864257812,-727.8585815429688,-718.591552734375,-13.103200912475586,3.8361852169036865,0.06768222153186798,-0.15599538385868073,0.4364283084869385,0.006324371788650751,0.591651201248169,0.5973334312438965,-14.384944915771484,260000
9.303003311157227,718.7789916992188,728.99951171875,619.32958984375,-727.7203369140625,-719.071533203125,-12.181619644165039,3.5328080654144287,0.07250304520130157,0.13550280034542084,0.43639054894447327,0.0075677973218262196,0.5395311117172241,0.5711283683776855,-13.549832344055176,261000
8.280349731445312,719.2525024414062,729.3359985351562,623.6044311523438,-728.5929565429688,-719.666259765625,-12.611600875854492,3.684846878051758,0.07315487414598465,-0.0011631209636107087,0.4375615119934082,0.008960628882050514,0.5754655599594116,0.5722023248672485,-13.6605224609375,262000
6.884573459625244,719.7887573242188,729.3063354492188,642.1146850585938,-728.4255981445312,-719.744384765625,-12.505309104919434,3.824120044708252,0.06619146466255188,-0.15222375094890594,0.43240880966186523,0.0079785892739892,0.5576328039169312,0.5835779905319214,-14.015735626220703,263000
537.6217651367188,718.9102783203125,730.1312255859375,159.6022186279297,-727.5675048828125,-718.7547607421875,-12.637014389038086,3.824268341064453,0.07116290926933289,-0.06120660528540611,0.436715692281723,0.0055918507277965546,0.5728142857551575,0.5890883207321167,-14.021968841552734,264000
27.5469970703125,718.2752685546875,729.8168334960938,73.0184326171875,-726.2565307617188,-717.5687866210938,-12.436872482299805,3.74912691116333,0.06847217679023743,0.11432717740535736,0.43899136781692505,0.005744254216551781,0.5637677907943726,0.5746990442276001,-13.616897583007812,265000
7.503745079040527,722.4913330078125,731.656005859375,647.1350708007812,-731.7947998046875,-722.4679565429688,-12.979625701904297,3.652777671813965,0.0729658305644989,0.11982373893260956,0.42903563380241394,0.006709633860737085,0.6119531393051147,0.5756474733352661,-13.70665168762207,266000
355.28765869140625,716.163330078125,731.595947265625,42.49910354614258,-725.8060913085938,-717.1670532226562,-12.237058639526367,3.5979926586151123,0.0748620256781578,0.04679198935627937,0.43244490027427673,0.007588300388306379,0.5629215240478516,0.5674329996109009,-13.177492141723633,267000
10.081624984741211,723.4173583984375,731.08740234375,630.7788696289062,-731.617919921875,-722.8563232421875,-12.530440330505371,3.7688496112823486,0.06888233870267868,-0.08477488160133362,0.4321115016937256,0.0076442318968474865,0.5556906461715698,0.5907782316207886,-14.144068717956543,268000
19.66236686706543,721.5291748046875,730.5911865234375,640.2332153320312,-729.538818359375,-720.5194091796875,-13.010614395141602,3.991220712661743,0.06535612791776657,-0.09853025525808334,0.4347785413265228,0.006421123165637255,0.5878297090530396,0.5989161729812622,-14.465736389160156,269000
6.110761642456055,722.6405029296875,730.6510620117188,686.781005859375,-732.0315551757812,-722.6171875,-13.22056770324707,3.806220293045044,0.06169288232922554,-0.07032767683267593,0.43450266122817993,0.004530252888798714,0.6044126152992249,0.6081703901290894,-14.640623092651367,270000
8.409603118896484,719.9874267578125,730.4581909179688,628.4043579101562,-728.8373413085938,-719.5626220703125,-12.72089672088623,3.446138381958008,0.062279559671878815,0.1896713674068451,0.43405234813690186,0.004741044715046883,0.5858820676803589,0.5812593698501587,-13.819849014282227,271000
487.8028564453125,717.7318115234375,729.0989990234375,60.16743087768555,-726.3474731445312,-717.3934326171875,-12.707597732543945,3.753530740737915,0.07056048512458801,-0.3517420291900635,0.42967087030410767,0.006782209500670433,0.5783049464225769,0.5875177383422852,-14.12948989868164,272000
8.978904724121094,719.123779296875,729.0341796875,654.4536743164062,-727.9375,-719.2518310546875,-12.169463157653809,3.4837751388549805,0.0700792744755745,0.22489124536514282,0.4331985116004944,0.007806375622749329,0.5610685348510742,0.5621232986450195,-13.341699600219727,273000
5.988377094268799,721.92626953125,729.3186645507812,652.0755004882812,-731.5157470703125,-721.8106079101562,-13.242889404296875,3.5377161502838135,0.0624268613755703,0.07570261508226395,0.4328652024269104,0.006384930573403835,0.6238465309143066,0.591616153717041,-14.066442489624023,274000
16.111740112304688,722.263671875,729.5565795898438,633.270751953125,-731.1654052734375,-722.33837890625,-12.372932434082031,3.545924186706543,0.0650131031870842,0.0007294712704606354,0.4279162585735321,0.004959818907082081,0.56400465965271,0.5773862600326538,-13.682990074157715,275000
10.90805435180664,720.7564697265625,730.2573852539062,644.3519287109375,-728.8255615234375,-719.372802734375,-13.482101440429688,4.029349327087402,0.06178976595401764,-0.4394140839576721,0.42451703548431396,0.005041067488491535,0.6009629964828491,0.6158472299575806,-15.121047019958496,276000
129.41729736328125,720.3807983398438,730.7826538085938,124.95140838623047,-729.558837890625,-720.476318359375,-12.456680297851562,3.37412166595459,0.06639741361141205,0.071038156747818,0.42789995670318604,0.0056059034541249275,0.5771273374557495,0.5688765645027161,-13.449676513671875,277000
8.65995979309082,721.9220581054688,730.1103515625,645.920654296875,-731.4386596679688,-722.28125,-12.841442108154297,3.684011459350586,0.06433895230293274,-0.005618738010525703,0.431074857711792,0.006594368256628513,0.5848389863967896,0.5894396305084229,-14.116786003112793,278000
11.35544204711914,719.31396484375,729.2037353515625,633.9207153320312,-727.2617797851562,-718.2859497070312,-12.496501922607422,3.5206618309020996,0.06687451153993607,0.041270606219768524,0.42104437947273254,0.007554780226200819,0.5605176687240601,0.5844419598579407,-13.922309875488281,279000
12.739001274108887,721.4993896484375,729.567138671875,647.3511352539062,-729.9598388671875,-720.6219482421875,-12.850785255432129,3.5128540992736816,0.06621158868074417,-0.013359937816858292,0.4248192608356476,0.004138241522014141,0.5960640907287598,0.5912458896636963,-14.169957160949707,280000
6.308019638061523,722.2830200195312,728.6731567382812,681.3406372070312,-731.8678588867188,-722.3297119140625,-13.247632026672363,3.709463119506836,0.0619821697473526,-0.0853070542216301,0.4245791733264923,0.007042934652417898,0.6190648674964905,0.5965798497200012,-14.283340454101562,281000
6.998884677886963,720.710693359375,728.1620483398438,645.7086791992188,-730.120361328125,-720.9849853515625,-13.094001770019531,3.958603858947754,0.06616923213005066,-0.19353295862674713,0.4256592094898224,0.006158524192869663,0.5891408920288086,0.6019984483718872,-14.563873291015625,282000
6.358463764190674,721.8641357421875,730.43994140625,653.0362548828125,-730.7761840820312,-721.6029052734375,-12.496927261352539,3.3236448764801025,0.06710854917764664,0.2804141044616699,0.4225565493106842,0.005700085312128067,0.5689700841903687,0.5814273357391357,-13.845405578613281,283000
8.29456901550293,720.2132568359375,731.2058715820312,642.2566528320312,-729.0061645507812,-719.6409301757812,-12.960941314697266,3.595729351043701,0.06873053312301636,0.0638570636510849,0.42122897505760193,0.00601568166166544,0.6009706854820251,0.5920650959014893,-14.225899696350098,284000
17.483715057373047,721.1998291015625,730.5519409179688,481.269775390625,-731.1110229492188,-721.948486328125,-12.578971862792969,3.4164371490478516,0.07334649562835693,0.13937416672706604,0.42090725898742676,0.009078502655029297,0.5895801782608032,0.5705164074897766,-13.438887596130371,285000
14.578498840332031,719.5419921875,731.6148071289062,36.32052230834961,-728.4087524414062,-719.79736328125,-12.24800968170166,3.636599063873291,0.07639803737401962,0.12643101811408997,0.4207201600074768,0.006696505472064018,0.567391037940979,0.5692319869995117,-13.285569190979004,286000
1491.321533203125,722.2125244140625,731.1908569335938,582.322265625,-730.6470947265625,-721.5673828125,-12.329545021057129,3.249809741973877,0.06693461537361145,0.2816295921802521,0.4200180172920227,0.005105906166136265,0.5772436857223511,0.565962553024292,-13.328756332397461,287000
6.009646415710449,723.5419921875,731.1154174804688,636.1448364257812,-733.0188598632812,-723.509521484375,-13.219091415405273,3.7097694873809814,0.056107163429260254,-0.16217903792858124,0.4201347231864929,0.0041577937081456184,0.6066612601280212,0.6081417202949524,-14.549915313720703,288000
205.59751892089844,721.3519287109375,731.794921875,68.06712341308594,-731.927490234375,-723.2215576171875,-12.35329818725586,3.6473238468170166,0.0678151324391365,-0.05534481257200241,0.42114773392677307,0.008085123263299465,0.5738229155540466,0.5736312866210938,-13.568595886230469,289000
23.370243072509766,724.724365234375,733.4359741210938,546.8303833007812,-733.507080078125,-724.3888549804688,-12.670534133911133,3.552302360534668,0.06884775310754776,0.06952977180480957,0.41998207569122314,0.006103940308094025,0.5895497798919678,0.5779252052307129,-13.718029975891113,290000
7.979203701019287,726.1476440429688,735.7999877929688,668.4161987304688,-734.8657836914062,-726.03955078125,-12.521849632263184,3.6956276893615723,0.06252304464578629,-0.17188788950443268,0.4191529154777527,0.006053865887224674,0.5575850605964661,0.5923477411270142,-14.108145713806152,291000
12.39571762084961,727.81201171875,733.9791259765625,676.5611572265625,-736.4547119140625,-727.0146484375,-12.972015380859375,3.531959295272827,0.06293298304080963,0.01759468950331211,0.4182651937007904,0.005444927606731653,0.608492374420166,0.5943526029586792,-14.140276908874512,292000
66.6566390991211,725.0328369140625,735.4827270507812,124.8177261352539,-733.6385498046875,-724.337646484375,-12.783859252929688,3.482997417449951,0.07232047617435455,-0.2811751067638397,0.4090902507305145,0.007760966196656227,0.5944355726242065,0.5873023271560669,-13.913663864135742,293000
14.389130592346191,726.3126220703125,735.1965942382812,639.8849487304688,-735.7936401367188,-726.6790161132812,-12.498153686523438,3.3835253715515137,0.06391628831624985,0.1035245880484581,0.41220465302467346,0.00618385523557663,0.5810772180557251,0.5767016410827637,-13.600658416748047,294000
380.228759765625,725.4484252929688,735.6175537109375,179.4536895751953,-734.9288940429688,-725.9825439453125,-12.484975814819336,3.538642644882202,0.06939003616571426,-0.04267439991235733,0.4126628637313843,0.007024538703262806,0.5801621675491333,0.5716546773910522,-13.557720184326172,295000
55.295623779296875,727.5574951171875,735.3665771484375,589.1177978515625,-736.3162231445312,-727.2521362304688,-12.573671340942383,3.509611129760742,0.07032138109207153,-0.05587876960635185,0.4099021255970001,0.008918195962905884,0.5707895159721375,0.5898891091346741,-14.208394050598145,296000
226.42591857910156,723.964111328125,734.2932739257812,393.6289978027344,-732.73095703125,-723.7884521484375,-12.693906784057617,3.751404285430908,0.0670488029718399,-0.05481913685798645,0.4193539023399353,0.0070176334120333195,0.5861902236938477,0.5772696733474731,-13.681835174560547,297000
10.746835708618164,725.6689453125,734.9740600585938,632.1544189453125,-734.4752197265625,-725.4989624023438,-12.49752140045166,3.5212669372558594,0.06268507987260818,0.06469539552927017,0.41265255212783813,0.0061814747750759125,0.5629023909568787,0.5868731737136841,-14.003181457519531,298000
10.50206184387207,726.9752807617188,734.719482421875,642.9089965820312,-735.883056640625,-726.5851440429688,-12.6802396774292,3.3823177814483643,0.06605051457881927,-0.22040581703186035,0.4067732095718384,0.006343788467347622,0.5891599655151367,0.5846325159072876,-13.98765754699707,299000
11.41241455078125,725.8450317382812,735.3120727539062,648.518310546875,-734.7064819335938,-725.4826049804688,-12.80760669708252,3.5837299823760986,0.061082951724529266,0.03626721352338791,0.41337156295776367,0.006900705397129059,0.5908913612365723,0.5870424509048462,-13.930418014526367,300000
7.223587512969971,723.8623657226562,734.66943359375,627.493896484375,-733.1267700195312,-724.290283203125,-12.366068840026855,3.529629945755005,0.06593750417232513,0.06425196677446365,0.41311514377593994,0.00701160030439496,0.5687584280967712,0.5769243240356445,-13.768644332885742,301000
57.4007568359375,723.86865234375,734.0183715820312,220.87582397460938,-734.2857055664062,-724.9442138671875,-12.928631782531738,3.5871694087982178,0.07281199842691422,-0.20669859647750854,0.4092485308647156,0.007557822857052088,0.6125435829162598,0.5778425931930542,-13.815980911254883,302000
66.42716979980469,722.0936889648438,733.7003173828125,148.5623016357422,-732.087158203125,-723.344970703125,-12.273246765136719,3.531073808670044,0.06909949332475662,0.12257306277751923,0.4143938422203064,0.005245617125183344,0.5740877389907837,0.5656939744949341,-13.31973648071289,303000
18.966630935668945,723.7302856445312,733.1908569335938,617.5712280273438,-733.4710083007812,-724.2576904296875,-12.308677673339844,3.095323085784912,0.07263020426034927,0.28266704082489014,0.4126721918582916,0.0076171038672327995,0.5911335945129395,0.5539993047714233,-13.04991626739502,304000
133.71405029296875,722.15625,732.9944458007812,537.9639892578125,-730.69482421875,-721.6853637695312,-12.517256736755371,3.5077826976776123,0.0646800547838211,-0.059901610016822815,0.40566912293434143,0.006970101501792669,0.5734416842460632,0.5835980176925659,-13.939531326293945,305000
25.047243118286133,725.3666381835938,734.129638671875,593.2337036132812,-733.5445556640625,-724.3201293945312,-12.65459156036377,3.4301671981811523,0.06660597771406174,-0.014386268332600594,0.40420007705688477,0.006374868098646402,0.5837966203689575,0.5846666097640991,-13.995410919189453,306000
7.554804801940918,723.8997802734375,734.6044311523438,642.6426391601562,-732.9505004882812,-723.8714599609375,-12.50576400756836,3.426682710647583,0.06795191764831543,0.13034425675868988,0.4063883125782013,0.006462112069129944,0.5845561027526855,0.5661509037017822,-13.464344024658203,307000
7.345211029052734,725.0316162109375,734.4884643554688,621.2526245117188,-734.2568969726562,-725.2387084960938,-12.51552677154541,3.497286558151245,0.06843139976263046,0.04884110018610954,0.4087352752685547,0.007224369328469038,0.5867420434951782,0.5734524726867676,-13.680537223815918,308000
33.87821960449219,723.2771606445312,734.3079223632812,492.1944580078125,-733.1705932617188,-724.091064453125,-12.543582916259766,3.4640798568725586,0.06943098455667496,0.11228708922863007,0.4095490574836731,0.006730886176228523,0.586919903755188,0.5769569873809814,-13.719524383544922,309000
10.339324951171875,724.9119873046875,734.585205078125,623.005126953125,-733.9878540039062,-725.0543212890625,-12.397241592407227,3.46370005607605,0.06613592058420181,0.12609505653381348,0.4099368453025818,0.005654709879308939,0.5666947364807129,0.5740282535552979,-13.741089820861816,310000
11.3692626953125,726.2479248046875,735.0374145507812,523.7830810546875,-735.682373046875,-726.3757934570312,-12.651639938354492,3.34504771232605,0.06662105768918991,-0.05134549364447594,0.405358225107193,0.006130170542746782,0.5903961658477783,0.5833892822265625,-13.845474243164062,311000
7.662384033203125,727.3622436523438,735.04443359375,644.4510498046875,-736.6337890625,-727.3189697265625,-12.610918045043945,3.2960803508758545,0.066946841776371,0.2996046543121338,0.40453633666038513,0.0063695041462779045,0.5911659002304077,0.5746515989303589,-13.581615447998047,312000
14.490551948547363,726.389404296875,735.931640625,630.7474975585938,-735.237548828125,-726.39501953125,-11.961533546447754,3.1190242767333984,0.0702676922082901,0.2573772966861725,0.4048360586166382,0.007379843387752771,0.5546956658363342,0.5545578598976135,-13.006735801696777,313000
10.153236389160156,725.3950805664062,736.2627563476562,398.8304443359375,-733.7771606445312,-725.04150390625,-11.780792236328125,3.0450878143310547,0.07174671441316605,0.4105185866355896,0.40426015853881836,0.007818545214831829,0.5528892278671265,0.5468500852584839,-12.813848495483398,314000
7.096561908721924,728.43798828125,736.3419189453125,640.5777587890625,-737.52783203125,-728.1431884765625,-12.639469146728516,3.2548086643218994,0.0649542510509491,0.12781623005867004,0.4074770510196686,0.006706466898322105,0.5996730327606201,0.578516960144043,-13.635991096496582,315000
66.96497344970703,725.4716796875,736.9356079101562,238.9591064453125,-734.2169799804688,-725.5729370117188,-11.953210830688477,3.3091557025909424,0.07872213423252106,0.08750736713409424,0.40696099400520325,0.0054598599672317505,0.5629502534866333,0.5547693967819214,-12.955429077148438,316000
35.31167221069336,726.461181640625,736.1953735351562,106.47608947753906,-736.8301391601562,-727.4641723632812,-12.947717666625977,3.5817172527313232,0.06583655625581741,-0.2014497071504593,0.40640509128570557,0.005978362634778023,0.6012994647026062,0.5964236259460449,-14.264808654785156,317000
11.367570877075195,727.3931884765625,736.4552001953125,613.8115234375,-736.1683349609375,-727.258056640625,-12.316413879394531,3.4061472415924072,0.06412070244550705,0.053664177656173706,0.40124842524528503,0.007102411240339279,0.5614510774612427,0.5813433527946472,-13.888562202453613,318000
62.14262771606445,725.5509033203125,736.6229858398438,291.6387939453125,-734.9981689453125,-725.8812255859375,-12.696876525878906,3.579932689666748,0.06637553125619888,0.052896663546562195,0.4068067967891693,0.006962491665035486,0.5950949788093567,0.5748116970062256,-13.64838981628418,319000
11.321893692016602,728.554931640625,736.2568969726562,470.00347900390625,-737.3973999023438,-728.5633544921875,-12.081518173217773,3.247521162033081,0.06780307739973068,0.128588005900383,0.40240293741226196,0.006103109568357468,0.572776198387146,0.5604259967803955,-13.28929615020752,320000
11.999300956726074,728.1072998046875,737.3892822265625,28.920700073242188,-737.2936401367188,-728.13134765625,-12.493786811828613,3.3314926624298096,0.0683869794011116,-0.11835605651140213,0.3966144919395447,0.007922426797449589,0.586294949054718,0.5780863165855408,-13.552014350891113,321000
6.361536979675293,729.4459228515625,737.5804443359375,664.9952392578125,-738.6891479492188,-729.7444458007812,-12.259306907653809,3.3145599365234375,0.07000745832920074,0.10847418010234833,0.3976849317550659,0.005719773005694151,0.5654793977737427,0.5773583650588989,-13.621295928955078,322000
61.44213104248047,727.720703125,739.3438720703125,33.86931610107422,-736.675048828125,-727.4406127929688,-12.705606460571289,3.4711923599243164,0.06403781473636627,-0.20551630854606628,0.4037882685661316,0.006380070932209492,0.5981718897819519,0.5823675394058228,-13.897064208984375,323000
11.983236312866211,733.0811157226562,739.9780883789062,675.4410400390625,-741.3147583007812,-731.8360595703125,-13.005435943603516,3.526745557785034,0.058144427835941315,-0.10276608914136887,0.39768245816230774,0.006287929601967335,0.6018381714820862,0.596947431564331,-14.280324935913086,324000
39.92078399658203,730.4662475585938,741.2804565429688,548.9485473632812,-739.7684326171875,-730.8424072265625,-12.324864387512207,3.3988547325134277,0.07058267295360565,-0.21508608758449554,0.39747491478919983,0.007645832374691963,0.5691463947296143,0.5843731760978699,-13.858580589294434,325000
18.47762107849121,729.9390869140625,740.7827758789062,620.419921875,-739.77978515625,-730.4554443359375,-12.84077262878418,3.5163888931274414,0.06440170854330063,-0.11721441149711609,0.39654630422592163,0.0064722588285803795,0.5940295457839966,0.5905295610427856,-14.177769660949707,326000
56.795555114746094,730.3275146484375,741.4382934570312,497.78466796875,-739.7337036132812,-731.1124877929688,-11.964273452758789,3.3430826663970947,0.08105935156345367,-0.09799933433532715,0.3949306607246399,0.005292430520057678,0.5567876100540161,0.5650986433029175,-13.15444278717041,327000
11.396979331970215,733.6898803710938,742.7515258789062,642.728515625,-742.6351318359375,-733.40478515625,-12.75532341003418,3.5249500274658203,0.06350045651197433,-0.046758536249399185,0.3962329030036926,0.007482233922928572,0.5824201703071594,0.5946251153945923,-14.305377006530762,328000
177.9263458251953,731.5765380859375,742.1129150390625,195.3545684814453,-740.9954833984375,-732.1610717773438,-12.362669944763184,3.5282483100891113,0.06724032014608383,-0.09629802405834198,0.3940168023109436,0.005969353951513767,0.5595784187316895,0.5861722826957703,-13.947538375854492,329000
30.89253044128418,732.5048217773438,742.3370361328125,396.6622009277344,-741.4962158203125,-732.0634765625,-12.886961936950684,3.4542438983917236,0.06465505808591843,-0.28885188698768616,0.3952025771141052,0.004115927033126354,0.5879534482955933,0.6025415658950806,-14.42637825012207,330000
86.53156280517578,730.1180419921875,742.2853393554688,107.43738555908203,-740.305419921875,-731.5496215820312,-11.926135063171387,3.1703765392303467,0.07055649906396866,0.10296154022216797,0.3940475881099701,0.008737067691981792,0.5583840608596802,0.5562235116958618,-13.003501892089844,331000
47.15955352783203,729.4698486328125,742.595703125,37.43074417114258,-738.3729248046875,-729.4777221679688,-12.327308654785156,3.432098627090454,0.07302036136388779,-0.11951734125614166,0.38988032937049866,0.005973488092422485,0.5703568458557129,0.5785831809043884,-13.658476829528809,332000
18.20134735107422,733.3833618164062,744.646240234375,27.30461311340332,-742.65625,-733.4346923828125,-12.485921859741211,3.264350175857544,0.0678495541214943,0.15225549042224884,0.3925311267375946,0.006718359421938658,0.592357337474823,0.5651105642318726,-13.312531471252441,333000
102.72471618652344,733.9223022460938,745.2715454101562,357.7158508300781,-744.0789794921875,-734.9994506835938,-12.367115020751953,3.2876245975494385,0.07441634684801102,-0.07316868007183075,0.3916410505771637,0.008325308561325073,0.5765877366065979,0.5806275606155396,-13.782580375671387,334000
61.51658630371094,734.368408203125,744.7608642578125,543.97119140625,-742.456787109375,-733.8443603515625,-11.653844833374023,3.0414364337921143,0.0744270607829094,0.30424144864082336,0.38781189918518066,0.006172446999698877,0.5393838882446289,0.5506739616394043,-12.996971130371094,335000
11.489571571350098,732.9852905273438,744.6422729492188,630.1957397460938,-742.097900390625,-732.6194458007812,-12.806817054748535,3.3283820152282715,0.06211049482226372,-0.047953229397535324,0.3936416208744049,0.007114933803677559,0.6013298034667969,0.580509603023529,-13.852805137634277,336000
560.7133178710938,729.8167724609375,744.2898559570312,42.84189224243164,-739.6204223632812,-730.985595703125,-11.86273193359375,3.2278778553009033,0.07569605112075806,0.12424492090940475,0.388701468706131,0.0065703848376870155,0.5657637715339661,0.5589969158172607,-12.916513442993164,337000
7.937392234802246,736.0980834960938,744.95166015625,620.09228515625,-744.861572265625,-735.3339233398438,-12.810270309448242,3.282569646835327,0.06373129040002823,0.008207463659346104,0.38632798194885254,0.004103570245206356,0.5921376943588257,0.5924135446548462,-14.144430160522461,338000
31.133934020996094,733.662109375,745.4091796875,20.189741134643555,-742.9172973632812,-733.870849609375,-12.373422622680664,3.3269875049591064,0.06829364597797394,-0.1450655162334442,0.38874661922454834,0.0055344002321362495,0.5755758285522461,0.5725969076156616,-13.552958488464355,339000
23.0469970703125,731.4324951171875,745.79443359375,133.52830505371094,-741.003662109375,-732.0913696289062,-12.08138656616211,3.169069528579712,0.07667894661426544,-0.07963374257087708,0.38353022933006287,0.00653369165956974,0.5656040906906128,0.5657323002815247,-13.4000883102417,340000
208.0542449951172,734.3760986328125,746.52685546875,204.0558624267578,-743.854248046875,-734.7832641601562,-12.443296432495117,3.3723199367523193,0.07094547152519226,-0.11644098162651062,0.3892970085144043,0.005487595684826374,0.5749199986457825,0.5794224739074707,-13.713357925415039,341000
18.00142478942871,734.2152099609375,745.7913208007812,622.3936157226562,-743.0763549804688,-734.187255859375,-12.122541427612305,3.2334303855895996,0.07283910363912582,0.09095726907253265,0.3842456638813019,0.00821953546255827,0.5616335868835449,0.5562261939048767,-13.180183410644531,342000
12.774957656860352,733.9555053710938,746.0118408203125,612.024169921875,-743.1444702148438,-734.0361938476562,-12.216682434082031,3.108407974243164,0.07229100912809372,0.09581618756055832,0.3863547444343567,0.005043173208832741,0.5715557932853699,0.5631463527679443,-13.267298698425293,343000
216.08294677734375,731.9462280273438,746.4722900390625,309.9338684082031,-742.1812133789062,-733.6326904296875,-11.875848770141602,3.3273611068725586,0.08103108406066895,0.07086742669343948,0.38907143473625183,0.009101005271077156,0.5685516595840454,0.5508488416671753,-12.770015716552734,344000
80.33917999267578,735.453857421875,747.88720703125,439.6886901855469,-744.1748046875,-735.188232421875,-12.137138366699219,3.1505913734436035,0.07744261622428894,0.22968266904354095,0.3843627870082855,0.00818007905036211,0.5749115943908691,0.5505858659744263,-13.071222305297852,345000
7.017088890075684,738.3052978515625,747.3640747070312,632.8502807617188,-747.8067626953125,-738.3910522460938,-12.556049346923828,3.1403415203094482,0.06974931061267853,0.07567735761404037,0.38691818714141846,0.0058624474331736565,0.5885927081108093,0.5800683498382568,-13.717649459838867,346000
12.397432327270508,735.4207763671875,747.5317993164062,616.2721557617188,-744.76953125,-735.5196533203125,-12.389663696289062,3.1397485733032227,0.06705974042415619,0.013056051917374134,0.3868587017059326,0.005394677631556988,0.5707886219024658,0.5777869820594788,-13.674400329589844,347000
8.187507629394531,737.7037353515625,747.7621459960938,621.2015380859375,-746.9501342773438,-737.6990966796875,-12.670276641845703,3.419257879257202,0.06319684535264969,-0.20950934290885925,0.3869917392730713,0.005661345552653074,0.5708056092262268,0.59298175573349,-14.28904914855957,348000
7.750175952911377,737.7088623046875,747.798095703125,621.044189453125,-746.7096557617188,-737.397705078125,-12.541010856628418,3.2290456295013428,0.06656443327665329,-0.13245418667793274,0.38255441188812256,0.0057640052400529385,0.5807617902755737,0.5918866991996765,-14.090123176574707,349000
9.112939834594727,735.7747802734375,747.6700439453125,624.1400146484375,-745.3230590820312,-736.0653076171875,-12.543057441711426,3.285308599472046,0.06440246850252151,0.07652297616004944,0.3859371542930603,0.005803678650408983,0.5800054669380188,0.5809671878814697,-13.840876579284668,350000
236.84242248535156,735.257568359375,748.3535766601562,379.4228210449219,-745.0281372070312,-735.523193359375,-12.450861930847168,2.9459004402160645,0.07042432576417923,0.2045956701040268,0.38144293427467346,0.007737062405794859,0.5991568565368652,0.559962809085846,-13.223295211791992,351000
10.99911117553711,739.678466796875,748.6414794921875,603.74853515625,-749.0642700195312,-739.8434448242188,-12.293329238891602,3.072530746459961,0.06400831788778305,0.2313397228717804,0.382750540971756,0.006059590727090836,0.5748201012611389,0.5679547786712646,-13.418891906738281,352000
7.623631000518799,739.4697265625,749.877685546875,641.7494506835938,-748.2268676757812,-739.0078125,-12.581808090209961,3.3627021312713623,0.06493712961673737,-0.0723632350564003,0.3808850049972534,0.005687512923032045,0.5723469257354736,0.588289201259613,-14.133462905883789,353000
13.749076843261719,736.0925903320312,749.8660278320312,115.21281433105469,-746.1854858398438,-736.8504638671875,-12.545248031616211,3.2102272510528564,0.0674809142947197,-0.046198755502700806,0.38139796257019043,0.007770606316626072,0.596073567867279,0.5716193914413452,-13.496475219726562,354000
7.632254600524902,741.519775390625,749.6824340820312,629.7260131835938,-750.7655639648438,-741.4632568359375,-12.686646461486816,3.3843164443969727,0.06445930153131485,0.024007195606827736,0.38868948817253113,0.00623448146507144,0.5888051390647888,0.5885070562362671,-14.069421768188477,355000
7.068231105804443,738.9615478515625,749.0532836914062,625.7007446289062,-748.12646484375,-738.5067749023438,-12.980453491210938,3.3607795238494873,0.06119552627205849,-0.14555595815181732,0.3826247453689575,0.005685137584805489,0.6047543287277222,0.5983483791351318,-14.344442367553711,356000
6.509787559509277,741.1754150390625,750.2299194335938,662.1241455078125,-749.9238891601562,-741.109375,-11.967732429504395,3.1532092094421387,0.062006011605262756,0.02661093883216381,0.37814778089523315,0.006997313816100359,0.539923369884491,0.5774513483047485,-13.68917465209961,357000
6.714077949523926,739.943115234375,751.64208984375,623.3712768554688,-749.2713012695312,-739.654541015625,-12.907928466796875,3.2911758422851562,0.06013328209519386,-0.2072569578886032,0.37574508786201477,0.006440320983529091,0.5990027189254761,0.6035662889480591,-14.582098007202148,358000
10.645852088928223,741.8172607421875,751.1923217773438,620.519775390625,-751.158203125,-741.599365234375,-12.757823944091797,3.199000120162964,0.06380610167980194,-0.1719546914100647,0.3783433437347412,0.006054512225091457,0.590528130531311,0.5936797857284546,-14.24040412902832,359000
12.19070816040039,740.0183715820312,751.7637939453125,16.400754928588867,-748.324462890625,-739.2591552734375,-12.309986114501953,3.2446794509887695,0.06585890799760818,-0.12672851979732513,0.3821204602718353,0.005090818740427494,0.577332079410553,0.5790210366249084,-13.706506729125977,360000
380.48016357421875,734.8875732421875,751.7521362304688,59.71866989135742,-744.01123046875,-735.1570434570312,-11.976112365722656,3.1219515800476074,0.067574642598629,0.09498666226863861,0.3802001178264618,0.005224105902016163,0.570639967918396,0.5568265914916992,-12.948044776916504,361000
6.759061336517334,742.9908447265625,751.6553344726562,627.7401123046875,-752.0392456054688,-742.8994140625,-12.683582305908203,3.5437912940979004,0.05920984596014023,-0.30131155252456665,0.3815934956073761,0.005758650600910187,0.5726017951965332,0.6063695549964905,-14.604496955871582,362000
9.417323112487793,742.9136962890625,751.9814453125,628.54541015625,-752.1672973632812,-742.8387451171875,-12.667156219482422,3.3386218547821045,0.06712204217910767,-0.0822158008813858,0.3740009367465973,0.00600579846650362,0.5878610610961914,0.5914435386657715,-14.136064529418945,363000
11.737567901611328,741.6127319335938,751.9955444335938,603.4007568359375,-750.8161010742188,-741.468017578125,-12.33431625366211,2.9862220287323,0.06816895306110382,0.017561107873916626,0.37406161427497864,0.005574654322117567,0.5772430300712585,0.5710279941558838,-13.588998794555664,364000
8.342884063720703,742.3701171875,752.529296875,605.1591796875,-751.6390991210938,-742.3716430664062,-12.366048812866211,3.0985560417175293,0.06736237555742264,0.09187877178192139,0.37398484349250793,0.004857208579778671,0.5727155208587646,0.5756828784942627,-13.689376831054688,365000
7.355998992919922,740.790771484375,751.1134643554688,603.155029296875,-749.8646850585938,-740.4427490234375,-12.513664245605469,3.0917437076568604,0.06229499354958534,0.17324303090572357,0.37727969884872437,0.004072243347764015,0.5803585052490234,0.5820922255516052,-13.770432472229004,366000
49.57380294799805,738.4086303710938,751.6187744140625,359.7123718261719,-748.0757446289062,-739.1702880859375,-12.002861976623535,3.097411870956421,0.07215867191553116,0.12090414017438889,0.37972554564476013,0.005877572111785412,0.5614142417907715,0.5651705265045166,-13.256815910339355,367000
8.074853897094727,738.112548828125,751.310546875,36.05952835083008,-746.9633178710938,-737.786376953125,-12.361274719238281,3.184298276901245,0.0654924213886261,0.03299010172486305,0.37325891852378845,0.005584782920777798,0.5657271146774292,0.5811111927032471,-13.771204948425293,368000
16.3519229888916,741.0382080078125,751.4172973632812,607.8988037109375,-749.9869995117188,-740.7342529296875,-12.338598251342773,3.0858898162841797,0.06485199183225632,0.06466406583786011,0.37452220916748047,0.007350071333348751,0.5697396397590637,0.5741580724716187,-13.729226112365723,369000
6.819897651672363,741.35791015625,750.6588134765625,614.5895385742188,-750.0292358398438,-740.6280517578125,-12.531089782714844,3.1298987865448,0.06368345767259598,0.12744544446468353,0.373796284198761,0.006148166488856077,0.5839287638664246,0.5789750814437866,-13.755600929260254,370000
8.554452896118164,742.48388671875,752.1937866210938,607.2501220703125,-751.6681518554688,-742.384521484375,-12.318033218383789,3.034454107284546,0.06369547545909882,0.09338609129190445,0.36954638361930847,0.006383523344993591,0.5769382119178772,0.5721818208694458,-13.528192520141602,371000
7.844945430755615,742.7025146484375,753.0906982421875,611.6821899414062,-751.673583984375,-742.3720703125,-12.47504997253418,3.1735455989837646,0.06407120823860168,-0.06701520085334778,0.37163060903549194,0.004160275682806969,0.5746244788169861,0.5796273350715637,-13.806596755981445,372000
43.68238830566406,744.5196533203125,754.0958251953125,669.1657104492188,-753.59326171875,-744.05859375,-12.66566276550293,3.1309690475463867,0.06111755967140198,0.06823451071977615,0.3741722106933594,0.005047456361353397,0.5874509811401367,0.5868155360221863,-14.041767120361328,373000
19.21835708618164,741.8594970703125,753.993408203125,618.6254272460938,-750.6254272460938,-741.7264404296875,-12.110297203063965,3.2113242149353027,0.06942950934171677,-0.06674423813819885,0.3730005621910095,0.0059872642159461975,0.5564470887184143,0.5657185912132263,-13.487724304199219,374000
37.56599807739258,739.8513793945312,753.6832885742188,25.57294464111328,-748.9061889648438,-740.1492309570312,-11.895370483398438,3.1383986473083496,0.07235943526029587,0.050786055624485016,0.3735540211200714,0.006089036352932453,0.5645421743392944,0.5587377548217773,-13.081330299377441,375000
12.149868965148926,744.194580078125,754.2261352539062,630.2223510742188,-753.0016479492188,-743.6322021484375,-12.39721393585205,3.0277750492095947,0.06567401438951492,0.06059141829609871,0.3713739216327667,0.005827854387462139,0.5856596231460571,0.5752671957015991,-13.608495712280273,376000
349.4001159667969,739.8753051757812,754.7360229492188,233.22317504882812,-749.8812866210938,-740.9571533203125,-12.016073226928711,3.0919389724731445,0.071371890604496,0.1372925043106079,0.3714835047721863,0.0056328303180634975,0.5656775832176208,0.5643629431724548,-13.073711395263672,377000
51.346160888671875,739.2708740234375,754.0374755859375,162.66281127929688,-748.6801147460938,-739.51904296875,-12.353599548339844,3.1924920082092285,0.06568334996700287,-0.07928584516048431,0.37066635489463806,0.0060113416984677315,0.5790671706199646,0.5775654911994934,-13.631429672241211,378000
123.18331909179688,739.6541137695312,753.96875,323.0891418457031,-749.0577392578125,-739.8333129882812,-12.23208999633789,3.007690906524658,0.06916974484920502,0.08524838835000992,0.36726295948028564,0.007543257437646389,0.5706252455711365,0.5681076049804688,-13.544588088989258,379000
145.42037963867188,741.704833984375,753.5364990234375,249.17808532714844,-750.4485473632812,-741.2452392578125,-12.62667465209961,3.423354387283325,0.05977243557572365,-0.25223714113235474,0.37135446071624756,0.006501339375972748,0.5842137932777405,0.5941974520683289,-14.270448684692383,380000
15.721477508544922,743.001953125,753.7546997070312,631.1663818359375,-752.6990966796875,-742.9835205078125,-12.81454849243164,3.0989956855773926,0.06578173488378525,-0.03301919996738434,0.3653409779071808,0.006106904242187738,0.6061581373214722,0.581200361251831,-13.857565879821777,381000
17.228641510009766,740.8963012695312,754.7411499023438,4.031809329986572,-749.4683227539062,-740.6279296875,-11.974273681640625,3.133826732635498,0.06431196630001068,-0.027730006724596024,0.3651009798049927,0.006655361969023943,0.54719078540802,0.5708324313163757,-13.529792785644531,382000
12.358570098876953,740.098876953125,754.6524658203125,10.514915466308594,-749.6029663085938,-740.809326171875,-11.725872039794922,2.9322214126586914,0.07331596314907074,0.15953576564788818,0.36272385716438293,0.005804589483886957,0.5556945204734802,0.5493578910827637,-12.808656692504883,383000
52.70362854003906,742.6240234375,755.2559204101562,225.059814453125,-752.5302124023438,-742.8054809570312,-12.873579025268555,3.148873805999756,0.0636863261461258,-0.1534152626991272,0.36632493138313293,0.005255240947008133,0.6102047562599182,0.5900667905807495,-14.010269165039062,384000
15.172370910644531,742.3922119140625,754.6490478515625,217.9707794189453,-751.9404296875,-742.8553466796875,-12.179267883300781,3.0941710472106934,0.07059554755687714,-0.022876914590597153,0.3673669099807739,0.007772913668304682,0.5733358263969421,0.5706024169921875,-13.530778884887695,385000
141.0398406982422,738.8341064453125,755.2732543945312,25.703601837158203,-747.7474365234375,-738.47802734375,-12.361166000366211,3.0917322635650635,0.06746604293584824,0.1403706818819046,0.36303889751434326,0.0053652068600058556,0.5819960832595825,0.568464994430542,-13.536235809326172,386000
7.381604194641113,743.2810668945312,755.2039794921875,606.9551391601562,-752.7964477539062,-743.2649536132812,-12.639327049255371,3.1078388690948486,0.06113716587424278,-0.01683630608022213,0.3643144369125366,0.00587955117225647,0.5971410274505615,0.5817127227783203,-13.808004379272461,387000
125.7397232055664,742.3473510742188,755.4365844726562,221.47364807128906,-751.3164672851562,-742.4630737304688,-12.046688079833984,3.193323850631714,0.06687652319669724,0.009937945753335953,0.3641098737716675,0.006287524942308664,0.5551660060882568,0.5720881223678589,-13.428346633911133,388000
44.92881774902344,744.445556640625,755.478515625,574.11865234375,-753.9849853515625,-744.6417236328125,-12.251832962036133,2.908599376678467,0.06280934065580368,0.049893345683813095,0.36167752742767334,0.006356826517730951,0.5687050819396973,0.5736528038978577,-13.673164367675781,389000
90.61622619628906,740.364501953125,757.3743286132812,58.368160247802734,-749.5107421875,-740.7489624023438,-11.589447021484375,2.8276312351226807,0.07513583451509476,0.15795958042144775,0.36442115902900696,0.006373944226652384,0.5513338446617126,0.5417079925537109,-12.48195743560791,390000
18.040863037109375,744.5919799804688,757.0150146484375,584.4498291015625,-753.9436645507812,-744.2374267578125,-12.825067520141602,3.118845224380493,0.06374900788068771,-0.1300038844347,0.3660720884799957,0.007532280869781971,0.6155279874801636,0.5833026766777039,-13.897690773010254,391000
8.584566116333008,745.7066650390625,756.3824462890625,618.0537719726562,-754.6597290039062,-745.6312866210938,-11.918795585632324,2.8903517723083496,0.06198037415742874,0.13989755511283875,0.3614348769187927,0.008250035345554352,0.5425505638122559,0.5684813261032104,-13.549488067626953,392000
6.1822733879089355,747.1943359375,756.3550415039062,633.4426879882812,-756.662841796875,-747.1107177734375,-12.756229400634766,3.2041220664978027,0.05934944003820419,-0.11531896144151688,0.36041420698165894,0.005409216973930597,0.6007433533668518,0.5936243534088135,-14.14389705657959,393000
59.60652542114258,741.8511352539062,757.19482421875,269.1514892578125,-750.9446411132812,-741.6947021484375,-12.289484024047852,3.0395431518554688,0.07011312991380692,-0.11832346767187119,0.35650429129600525,0.006637033075094223,0.5718738436698914,0.5793873071670532,-13.809187889099121,394000
9.2772216796875,748.0914306640625,757.71142578125,598.5952758789062,-757.5806274414062,-748.1240234375,-12.69635009765625,3.2397265434265137,0.062023360282182693,-0.24383246898651123,0.36249446868896484,0.004782061092555523,0.5797184705734253,0.5965555906295776,-14.291214942932129,395000
38.597434997558594,745.8658447265625,757.7322387695312,493.70916748046875,-755.07666015625,-746.1885986328125,-12.068981170654297,3.180921792984009,0.0682087242603302,-0.13035260140895844,0.36022675037384033,0.005233661271631718,0.5607898235321045,0.5753235220909119,-13.590692520141602,396000
7.632925033569336,746.2626953125,758.3250122070312,603.5791625976562,-755.9061279296875,-746.4051513671875,-12.605936050415039,3.1049611568450928,0.06582564115524292,-0.1339312642812729,0.3598722219467163,0.008072865195572376,0.5857932567596436,0.5892351865768433,-14.08098030090332,397000
11.559837341308594,746.5695190429688,758.5668334960938,601.4881591796875,-755.9458618164062,-746.9575805664062,-11.997140884399414,3.0088260173797607,0.06452253460884094,0.016503222286701202,0.357140451669693,0.006130590569227934,0.5580845475196838,0.5756605267524719,-13.623882293701172,398000
35.73891830444336,745.6261596679688,759.7554321289062,59.87284851074219,-754.5255737304688,-745.74609375,-11.988580703735352,3.209110736846924,0.07199618965387344,0.02864796668291092,0.3629666566848755,0.008587471209466457,0.5580275058746338,0.5639446377754211,-13.240007400512695,399000
22.467653274536133,751.8690795898438,761.9221801757812,560.2512817382812,-760.8545532226562,-751.34765625,-12.621103286743164,3.1141953468322754,0.06530243158340454,-0.03640960529446602,0.35863587260246277,0.005266898311674595,0.5821566581726074,0.5884391069412231,-14.053346633911133,400000
12.44875717163086,746.139892578125,760.7389526367188,31.317766189575195,-754.9765014648438,-745.968505859375,-12.044563293457031,3.036576509475708,0.07063380628824234,0.10464165359735489,0.3612249493598938,0.011182844638824463,0.567979633808136,0.5572713017463684,-13.176661491394043,401000
970.7687377929688,745.2759399414062,761.1340942382812,183.6023406982422,-755.63720703125,-746.753173828125,-12.06243896484375,3.1783885955810547,0.07279390096664429,-0.21573948860168457,0.35999053716659546,0.006661086808890104,0.551749587059021,0.5794957280158997,-13.662504196166992,402000
8.816030502319336,749.83740234375,762.6541137695312,605.1747436523438,-760.157958984375,-750.7223510742188,-12.675359725952148,3.239774465560913,0.06285057216882706,-0.13727964460849762,0.35465818643569946,0.005151126533746719,0.5809633731842041,0.5911654233932495,-14.167455673217773,403000
11.537939071655273,753.2847900390625,762.8143310546875,618.005126953125,-761.955810546875,-752.9906616210938,-11.759858131408691,2.7947511672973633,0.06800643354654312,0.18218010663986206,0.3573188781738281,0.005448583047837019,0.5458701848983765,0.5551152229309082,-13.121772766113281,404000
9.739616394042969,750.8512573242188,763.06298828125,609.2487182617188,-760.2291259765625,-751.0596313476562,-12.167706489562988,2.9982450008392334,0.06427740305662155,0.01664426177740097,0.35369807481765747,0.006231618579477072,0.5602088570594788,0.5692442655563354,-13.511791229248047,405000
17.46146011352539,752.385498046875,763.1567993164062,598.7503662109375,-761.8519287109375,-752.666748046875,-12.294836044311523,3.1096959114074707,0.064577616751194,-0.0006148731335997581,0.3587571978569031,0.0067468807101249695,0.5803677439689636,0.5632767677307129,-13.366089820861816,406000
11.655643463134766,751.0352783203125,763.513671875,599.221435546875,-760.5323486328125,-751.2304077148438,-12.248530387878418,2.946598529815674,0.06773177534341812,0.10297556221485138,0.3536015748977661,0.006666946224868298,0.5712718963623047,0.5731476545333862,-13.584674835205078,407000
127.29248809814453,754.345458984375,763.8247680664062,424.04730224609375,-763.7293090820312,-753.8775634765625,-13.013822555541992,3.1620256900787354,0.05951303616166115,-0.16902373731136322,0.35600394010543823,0.00522760022431612,0.6185449361801147,0.6014200448989868,-14.32548713684082,408000
22.0626220703125,751.98486328125,764.292236328125,57.15838623046875,-761.4890747070312,-752.2188720703125,-12.450244903564453,3.180043935775757,0.0638398826122284,-0.14345061779022217,0.3547441363334656,0.005881176795810461,0.5731096267700195,0.5893223285675049,-13.927053451538086,409000
9.010223388671875,751.7527465820312,765.5985717773438,609.6016845703125,-761.1347045898438,-751.9132080078125,-12.086126327514648,2.8646321296691895,0.06642098724842072,0.22742332518100739,0.35585737228393555,0.005714304745197296,0.5653839707374573,0.5702771544456482,-13.416455268859863,410000
44.25437927246094,752.22900390625,765.5450439453125,148.54632568359375,-762.9627075195312,-753.779052734375,-12.198896408081055,3.015235424041748,0.06339900940656662,-0.03144259378314018,0.35014405846595764,0.006461607292294502,0.5714660882949829,0.5697959661483765,-13.382730484008789,411000
38.12652587890625,756.555419921875,766.5260620117188,376.40411376953125,-765.8394775390625,-756.7587280273438,-11.926820755004883,2.846090078353882,0.06458689272403717,0.2183595448732376,0.35260769724845886,0.008372182957828045,0.5598487257957458,0.5614662170410156,-13.15792179107666,412000
45.3083610534668,755.5481567382812,766.9043579101562,578.5377197265625,-765.325439453125,-755.598388671875,-12.752643585205078,3.0255606174468994,0.06154530122876167,-0.12748846411705017,0.35360002517700195,0.006149194203317165,0.6021308898925781,0.5891917943954468,-14.142522811889648,413000
8.77757453918457,754.623779296875,766.6846923828125,623.1258544921875,-763.9549560546875,-754.1031494140625,-12.934366226196289,3.082550287246704,0.06394115835428238,-0.04312163591384888,0.356311172246933,0.0069945203140378,0.6220197677612305,0.5895830392837524,-14.03715991973877,414000
151.60089111328125,748.6577758789062,767.3298950195312,34.032073974609375,-759.7286987304688,-751.2256469726562,-11.41227912902832,2.9092190265655518,0.07551922649145126,0.04077274724841118,0.34857645630836487,0.006715991999953985,0.5328782796859741,0.5481920838356018,-12.702903747558594,415000
9.63821029663086,758.0046997070312,767.7463989257812,635.338134765625,-767.6668090820312,-757.7461547851562,-12.999507904052734,3.078857183456421,0.05756663158535957,-0.010962452739477158,0.3533369302749634,0.004761500284075737,0.611620306968689,0.5967454314231873,-14.275639533996582,416000
7.379636764526367,759.741943359375,768.3484497070312,623.5430908203125,-769.01806640625,-759.3751220703125,-12.809886932373047,3.1669089794158936,0.05733692646026611,-0.14024947583675385,0.35340896248817444,0.004464336670935154,0.5976465344429016,0.5971159934997559,-14.187257766723633,417000
19.212148666381836,757.470947265625,768.502685546875,527.1553955078125,-766.8609619140625,-757.38037109375,-12.447456359863281,2.966881513595581,0.06753996759653091,0.09616677463054657,0.34595987200737,0.005522633902728558,0.5914227962493896,0.5696947574615479,-13.463725090026855,418000
8.690757751464844,758.5400390625,769.671142578125,611.5504150390625,-768.1402587890625,-758.998779296875,-12.180814743041992,3.0393285751342773,0.06217530369758606,0.036798395216464996,0.34847575426101685,0.005247125402092934,0.5595555901527405,0.5755013823509216,-13.71081829071045,419000
9.56213092803955,760.56103515625,770.4716186523438,582.3257446289062,-769.7568359375,-760.3539428710938,-12.351133346557617,2.9482223987579346,0.06318412721157074,0.032783143222332,0.3495837450027466,0.005831609480082989,0.5791380405426025,0.5782987475395203,-13.71625804901123,420000
26.62539291381836,758.7728271484375,769.791259765625,498.0977478027344,-768.2706298828125,-758.6934814453125,-12.417545318603516,2.8403711318969727,0.06476560235023499,0.08204670995473862,0.35255277156829834,0.0064958231523633,0.5903318524360657,0.5750405192375183,-13.623026847839355,421000
193.0444793701172,757.0771484375,770.6989135742188,210.90701293945312,-765.377685546875,-756.170166015625,-12.248315811157227,3.040787935256958,0.061974842101335526,-0.014907718636095524,0.3536911904811859,0.006247778423130512,0.5796598196029663,0.5746824145317078,-13.509364128112793,422000
14.079986572265625,758.2681274414062,770.144775390625,625.6422729492188,-767.2259521484375,-757.8970947265625,-12.519622802734375,3.190826416015625,0.05913820117712021,-0.13864539563655853,0.35179102420806885,0.005881933495402336,0.5830418467521667,0.5881668329238892,-14.135847091674805,423000
8.396108627319336,758.6590576171875,770.4918212890625,624.3036499023438,-767.4443359375,-758.3458862304688,-12.059410095214844,2.960942268371582,0.06291702389717102,0.056194186210632324,0.3490890860557556,0.005768110975623131,0.5593795776367188,0.5725090503692627,-13.52518367767334,424000
11.913041114807129,757.4981689453125,769.7967529296875,344.28717041015625,-766.4634399414062,-757.7659912109375,-11.787364959716797,3.089892625808716,0.06990271806716919,-0.15148910880088806,0.344372421503067,0.006498248316347599,0.5559407472610474,0.5580035448074341,-13.06221866607666,425000
71.3753433227539,757.669677734375,770.87646484375,150.22096252441406,-767.3621826171875,-758.0322875976562,-12.220536231994629,2.8906495571136475,0.06369522213935852,0.06843959540128708,0.3491501212120056,0.0067583490163087845,0.5726892948150635,0.5744190812110901,-13.556602478027344,426000
9.633028030395508,757.678466796875,771.2915649414062,618.0216064453125,-766.9478149414062,-757.789794921875,-12.144987106323242,2.986945390701294,0.05944085121154785,-0.17637325823307037,0.34934988617897034,0.0064568850211799145,0.5558046102523804,0.5862869024276733,-13.99049186706543,427000
9.718585014343262,760.1600952148438,771.4088134765625,619.306640625,-769.417724609375,-759.8981323242188,-12.293403625488281,2.773792266845703,0.06124252453446388,0.0777755007147789,0.3449667990207672,0.005519261583685875,0.58745938539505,0.5675585269927979,-13.455764770507812,428000
16.926223754882812,762.2869873046875,772.7376708984375,636.3422241210938,-771.3226928710938,-762.1766967773438,-12.079312324523926,2.9333136081695557,0.06605114042758942,0.20944033563137054,0.33955109119415283,0.007009555585682392,0.5651417970657349,0.5610709190368652,-13.338475227355957,429000
13.85230541229248,761.535888671875,772.2642822265625,609.8211669921875,-770.2694091796875,-760.8052368164062,-12.437740325927734,2.9735639095306396,0.05842499062418938,0.02964605949819088,0.34568729996681213,0.0061293188482522964,0.58226478099823,0.5771887302398682,-13.774080276489258,430000
11.983434677124023,763.1204833984375,772.6980590820312,658.9559936523438,-772.2460327148438,-762.8523559570312,-12.41128921508789,3.0176398754119873,0.05831820145249367,-0.019632622599601746,0.3477536141872406,0.004554980434477329,0.5705069303512573,0.5901237726211548,-14.177714347839355,431000
70.60552215576172,755.99609375,772.6605224609375,98.98546600341797,-765.71044921875,-756.551025390625,-12.173752784729004,3.014357089996338,0.06119443476200104,0.05704629793763161,0.3461185395717621,0.0060190679505467415,0.5730478167533875,0.5689365267753601,-13.524412155151367,432000
14.856271743774414,762.7330932617188,772.6546020507812,605.27294921875,-771.5626220703125,-762.0370483398438,-12.259295463562012,2.733693838119507,0.060918934643268585,0.07440026104450226,0.34334927797317505,0.008049857802689075,0.5844516754150391,0.5619480609893799,-13.19595718383789,433000
12.50537395477295,761.7783203125,773.0365600585938,605.7874145507812,-771.3992919921875,-761.9642944335938,-12.3057861328125,2.87078857421875,0.06292254477739334,-0.10073001682758331,0.3425348699092865,0.0067857904359698296,0.5776907205581665,0.5815944671630859,-13.913381576538086,434000
18.657920837402344,762.0082397460938,773.298095703125,563.5195922851562,-771.2762451171875,-761.8013916015625,-12.401549339294434,2.9266934394836426,0.059931669384241104,-0.015956876799464226,0.34570956230163574,0.006974933203309774,0.5836517810821533,0.5828331112861633,-13.825647354125977,435000
29.72336196899414,759.0511474609375,774.0659790039062,44.81901550292969,-768.3903198242188,-758.9124145507812,-12.614684104919434,3.136782169342041,0.05863674357533455,-0.15475519001483917,0.3443988859653473,0.006226696074008942,0.58107590675354,0.598538875579834,-14.291960716247559,436000
69.5390853881836,760.1214599609375,774.4271850585938,460.4206237792969,-769.8452758789062,-760.270263671875,-12.637117385864258,3.062164068222046,0.0626848116517067,-0.17791977524757385,0.3471069633960724,0.006889135576784611,0.5899755358695984,0.5825449228286743,-14.102974891662598,437000
6.963919639587402,764.158935546875,775.1284790039062,596.2942504882812,-773.7298583984375,-764.0474853515625,-12.459404945373535,2.777026653289795,0.05857295170426369,-0.032800693064928055,0.3337388038635254,0.005272571928799152,0.5887361168861389,0.5794554948806763,-13.74305534362793,438000
10.891658782958984,764.4336547851562,775.2142944335938,596.9006958007812,-773.6458129882812,-764.1785888671875,-12.355119705200195,2.8878581523895264,0.05941316857933998,-0.09907525777816772,0.34010401368141174,0.005810355767607689,0.5789268016815186,0.5873851776123047,-13.926673889160156,439000
21.9592342376709,761.084716796875,775.1043090820312,448.0921936035156,-770.538330078125,-761.39208984375,-12.176630973815918,3.0303869247436523,0.062415868043899536,0.011522598564624786,0.34523463249206543,0.005777514539659023,0.567937433719635,0.5758520364761353,-13.71978759765625,440000
60.98009490966797,763.59814453125,774.833984375,402.1969909667969,-772.2874145507812,-763.301513671875,-11.978086471557617,2.9921867847442627,0.06448280066251755,-0.08189037442207336,0.3429032266139984,0.007465738337486982,0.556555986404419,0.570427417755127,-13.537489891052246,441000
13.2333345413208,762.4776611328125,774.6873779296875,622.8170776367188,-771.3680419921875,-762.0235595703125,-12.257783889770508,2.913301706314087,0.057572536170482635,-0.03108939528465271,0.34222814440727234,0.006445633247494698,0.5788300037384033,0.5733131170272827,-13.634523391723633,442000
8.06064510345459,764.7198486328125,774.5115966796875,631.8583984375,-774.2424926757812,-764.5633544921875,-12.487859725952148,2.8087356090545654,0.0614313930273056,-0.07415559887886047,0.33846959471702576,0.005959451198577881,0.5952788591384888,0.5789403319358826,-13.719186782836914,443000
15.628253936767578,762.2350463867188,774.83642578125,21.099767684936523,-770.6561889648438,-761.6487426757812,-11.839241981506348,2.8317785263061523,0.06715443730354309,0.1469494253396988,0.3426108658313751,0.0060129957273602486,0.5640914440155029,0.559744119644165,-13.065021514892578,444000
117.47152709960938,760.8065795898438,775.6793823242188,15.152830123901367,-770.0166625976562,-760.5599365234375,-12.428014755249023,2.971327543258667,0.0609201043844223,-0.11818612366914749,0.3379298150539398,0.0051500676199793816,0.571816623210907,0.5941599607467651,-14.232538223266602,445000
344.7522277832031,766.4502563476562,776.4373779296875,299.2192687988281,-775.8150024414062,-766.3975830078125,-12.48147201538086,3.0640218257904053,0.05829416960477829,-0.11542287468910217,0.34087619185447693,0.007239793427288532,0.5824851393699646,0.5899611711502075,-14.01478385925293,446000
9.93092155456543,763.8145751953125,775.6263427734375,624.5460205078125,-773.2421264648438,-763.5208740234375,-12.75660514831543,3.035332441329956,0.05597400665283203,-0.11202413588762283,0.3419278860092163,0.004562883637845516,0.5962327122688293,0.5888712406158447,-14.098963737487793,447000
7.128447532653809,763.4351806640625,776.2539672851562,619.248291015625,-772.5401611328125,-763.1935424804688,-12.227151870727539,2.880528211593628,0.06021422520279884,-0.018501395359635353,0.3401849567890167,0.00711250863969326,0.5781720876693726,0.581915020942688,-13.732885360717773,448000
21.406496047973633,765.6905517578125,776.1641235351562,493.4303283691406,-775.259521484375,-765.701171875,-12.375056266784668,2.816739559173584,0.06298398971557617,-0.11252877861261368,0.33607053756713867,0.005384908057749271,0.5879966616630554,0.5818238854408264,-13.796537399291992,449000
232.94168090820312,762.2596435546875,777.1458740234375,186.98204040527344,-771.0789184570312,-762.0077514648438,-11.817007064819336,2.7458319664001465,0.06741373986005783,0.11094707995653152,0.336956650018692,0.006410961039364338,0.554729700088501,0.5604932904243469,-13.175097465515137,450000
322.32952880859375,763.7269287109375,777.608154296875,196.19808959960938,-772.7140502929688,-763.5426025390625,-12.108020782470703,2.936554431915283,0.06357814371585846,-0.05088390037417412,0.3339388370513916,0.005061462055891752,0.5656900405883789,0.5770396590232849,-13.567159652709961,451000
13.71707534790039,766.6328125,778.0794067382812,611.9409790039062,-775.7062377929688,-766.5474853515625,-12.10399055480957,2.945260524749756,0.06003168225288391,-0.01910432055592537,0.33681803941726685,0.00444808229804039,0.5620559453964233,0.5828502774238586,-13.796754837036133,452000
7.339247226715088,766.9230346679688,778.1277465820312,599.9990234375,-776.2770385742188,-766.9051513671875,-12.16057014465332,2.7887134552001953,0.0647420659661293,0.17199990153312683,0.33520403504371643,0.005994715262204409,0.5779635310173035,0.5672961473464966,-13.371793746948242,453000
11.338399887084961,766.16162109375,778.99609375,608.4599609375,-775.5289916992188,-765.8471069335938,-12.498208999633789,2.8163158893585205,0.05858359485864639,-0.003402086440473795,0.3336137533187866,0.006389402784407139,0.5846315622329712,0.578647255897522,-13.805587768554688,454000
12.048982620239258,764.78369140625,779.0673217773438,607.1446533203125,-774.1691284179688,-765.1310424804688,-11.829109191894531,2.7910373210906982,0.06300431489944458,0.02547147311270237,0.3337511122226715,0.0075362264178693295,0.5467491149902344,0.5655537247657776,-13.424805641174316,455000
7.57590913772583,765.839111328125,779.0759887695312,612.3629150390625,-774.8257446289062,-765.546142578125,-12.017602920532227,2.7379982471466064,0.06181662157177925,0.09838250279426575,0.33566153049468994,0.005824004299938679,0.5710939168930054,0.5628007650375366,-13.262751579284668,456000
12.626636505126953,766.8912963867188,779.4657592773438,612.8800048828125,-776.08642578125,-766.8731689453125,-11.925300598144531,2.712035655975342,0.0642271637916565,0.19966915249824524,0.33218780159950256,0.006759042385965586,0.5629764795303345,0.5613574981689453,-13.25651741027832,457000
40.54096603393555,766.0325927734375,779.7337036132812,175.14694213867188,-776.4267578125,-767.0008544921875,-12.243558883666992,2.8176493644714355,0.06504737585783005,-0.07408139109611511,0.33248233795166016,0.006597939878702164,0.5774842500686646,0.5657786130905151,-13.266441345214844,458000
85.03883361816406,767.4207763671875,779.6109619140625,79.37367248535156,-775.7929077148438,-766.8087768554688,-11.775038719177246,2.7908718585968018,0.06375458091497421,0.040895018726587296,0.3289088308811188,0.008866116404533386,0.5525137782096863,0.5658488273620605,-13.426424980163574,459000
250.96434020996094,759.8345336914062,779.9344482421875,59.17670822143555,-771.0136108398438,-761.972900390625,-12.050146102905273,3.0094785690307617,0.07119826972484589,-0.21089960634708405,0.3363018035888672,0.007965673692524433,0.5670401453971863,0.566162109375,-13.448003768920898,460000
20.318761825561523,770.434326171875,780.7306518554688,616.9998779296875,-779.6312255859375,-770.1597900390625,-12.245718955993652,2.774310827255249,0.06106295436620712,0.17539872229099274,0.33169490098953247,0.00649290531873703,0.5790919661521912,0.566299557685852,-13.381696701049805,461000
11.438758850097656,770.7053833007812,781.278564453125,607.6253051757812,-779.8793334960938,-770.0982666015625,-12.710348129272461,2.9292304515838623,0.059262458235025406,-0.07829541712999344,0.3386915922164917,0.006842600181698799,0.5994377136230469,0.5856436491012573,-14.05726432800293,462000
9.793241500854492,769.9442138671875,781.8467407226562,618.248779296875,-778.5962524414062,-769.61376953125,-11.729612350463867,2.7471344470977783,0.06329525262117386,-0.004036005586385727,0.32658058404922485,0.007646599318832159,0.5361401438713074,0.5695206522941589,-13.51107406616211,463000
139.5760955810547,765.015625,782.1287231445312,68.26018524169922,-775.3546142578125,-765.994384765625,-12.281661987304688,2.921433448791504,0.07039494812488556,-0.33346015214920044,0.3320532739162445,0.005836691707372665,0.5820671319961548,0.5716569423675537,-13.403227806091309,464000
7.409638404846191,770.1004638671875,781.3638305664062,640.1805419921875,-778.8839111328125,-769.6737060546875,-12.037313461303711,2.8271100521087646,0.06117421016097069,-0.03539430722594261,0.33874863386154175,0.005425998941063881,0.5682761669158936,0.5693901181221008,-13.45753288269043,465000
6.0938720703125,770.8500366210938,781.7828979492188,620.3718872070312,-780.1871948242188,-770.4786376953125,-12.555582046508789,2.8470611572265625,0.057880617678165436,-0.05737815424799919,0.32600176334381104,0.0053427983075380325,0.5841526389122009,0.5942062139511108,-14.157134056091309,466000
12.631182670593262,768.322021484375,782.8397216796875,70.82365417480469,-777.4773559570312,-768.0176391601562,-12.480061531066895,3.0203158855438232,0.05729120597243309,0.02880791947245598,0.33201301097869873,0.005917713511735201,0.5795160531997681,0.5836769342422485,-13.898879051208496,467000
20.93613624572754,769.174072265625,783.7756958007812,43.1887321472168,-779.5458374023438,-770.09326171875,-12.281216621398926,2.828617811203003,0.06799301505088806,-0.029782650992274284,0.3286910057067871,0.004473624285310507,0.5769213438034058,0.5767223834991455,-13.6055269241333,468000
48.29529571533203,770.6341552734375,784.1679077148438,412.17041015625,-779.2794189453125,-770.2674560546875,-11.801092147827148,2.7891271114349365,0.06343574076890945,0.05786806717514992,0.3291112184524536,0.00634660292416811,0.5648635029792786,0.5532774329185486,-12.813838958740234,469000
9.843430519104004,770.377685546875,784.0347900390625,620.02978515625,-779.9141845703125,-770.2611083984375,-12.623146057128906,2.970097541809082,0.058992329984903336,0.061992332339286804,0.3326795995235443,0.006469589192420244,0.5954872965812683,0.5889917016029358,-14.008583068847656,470000
91.20372009277344,764.6738891601562,783.9208984375,119.39983367919922,-774.2078247070312,-765.7552490234375,-11.324688911437988,2.8721108436584473,0.07375439256429672,0.040672603994607925,0.3292505145072937,0.006295202765613794,0.5237534046173096,0.5510139465332031,-12.740459442138672,471000
14.146378517150879,773.82861328125,784.7508544921875,627.5340576171875,-783.42431640625,-773.6622924804688,-12.790022850036621,3.0280227661132812,0.057250864803791046,-0.14179617166519165,0.3247990310192108,0.005224531516432762,0.5987499952316284,0.5995930433273315,-14.414339065551758,472000
12.811406135559082,776.3831787109375,785.50927734375,654.4114990234375,-785.7440185546875,-775.9617919921875,-12.364664077758789,2.5824577808380127,0.06245053559541702,0.13236863911151886,0.32076525688171387,0.00596851110458374,0.5983591079711914,0.5674305558204651,-13.376541137695312,473000
8.2577543258667,774.72265625,786.3351440429688,619.2803344726562,-783.70751953125,-774.2215576171875,-12.384366989135742,2.898399591445923,0.05806804448366165,-0.0638989582657814,0.32998645305633545,0.006689703091979027,0.573865532875061,0.5912269353866577,-14.026966094970703,474000
10.26458740234375,772.90869140625,786.5199584960938,622.12353515625,-782.5999755859375,-772.638916015625,-12.74144458770752,2.7803664207458496,0.058147359639406204,-0.0423700325191021,0.3275028467178345,0.004678027704358101,0.6029856204986572,0.5908752679824829,-14.058577537536621,475000
215.6600341796875,768.60302734375,787.5527954101562,18.72736358642578,-778.3930053710938,-769.4448852539062,-11.88008975982666,2.931968927383423,0.07127917557954788,-0.23832634091377258,0.3232099115848541,0.0066590807400643826,0.5711075067520142,0.5632373094558716,-13.076650619506836,476000
234.59817504882812,771.760498046875,787.9570922851562,128.534423828125,-781.7944946289062,-772.739013671875,-11.957865715026855,2.9023935794830322,0.06764927506446838,-0.16496612131595612,0.32714223861694336,0.006380195263773203,0.5558825731277466,0.5779361724853516,-13.64901065826416,477000
6.707319259643555,775.505126953125,787.3634643554688,619.3414916992188,-784.6044311523438,-775.224853515625,-12.382086753845215,3.002492904663086,0.05369140952825546,-0.03322577476501465,0.3274898827075958,0.006551662459969521,0.566382884979248,0.5889579057693481,-14.099340438842773,478000
9.932193756103516,775.664794921875,788.3408813476562,626.5687866210938,-784.8413696289062,-775.357177734375,-11.986913681030273,2.5027458667755127,0.06681181490421295,0.18783335387706757,0.3276139795780182,0.007653718814253807,0.5741449594497681,0.5608437657356262,-13.192679405212402,479000
27.917274475097656,772.9678955078125,788.2374877929688,119.31865692138672,-782.599853515625,-773.0570068359375,-12.41531753540039,2.8725221157073975,0.06269773095846176,-0.18266259133815765,0.31922993063926697,0.005314251407980919,0.586213231086731,0.583292543888092,-13.8045654296875,480000
10.567172050476074,774.190185546875,788.4754638671875,451.4074401855469,-784.1397705078125,-774.7320556640625,-12.109821319580078,2.702092170715332,0.06377185136079788,0.02510453388094902,0.3223114609718323,0.005691838916391134,0.5572116374969482,0.5879349112510681,-13.948387145996094,481000
13.778972625732422,779.309814453125,789.2989501953125,659.4469604492188,-788.8741455078125,-779.0037841796875,-12.590981483459473,2.7206497192382812,0.058016590774059296,0.0019263005815446377,0.3254450559616089,0.005031281150877476,0.5975518822669983,0.5778961181640625,-13.695013999938965,482000
10.605496406555176,777.0029296875,789.4513549804688,623.4486694335938,-786.1566772460938,-776.71044921875,-12.17463493347168,2.72839093208313,0.06184554100036621,-0.1172570064663887,0.32098159193992615,0.004815198946744204,0.5758739113807678,0.5737631320953369,-13.600658416748047,483000
84.4300308227539,776.4714965820312,789.2892456054688,44.11337661743164,-785.0526733398438,-776.2056884765625,-11.399624824523926,2.5525951385498047,0.06736286729574203,0.22392615675926208,0.3229546844959259,0.008307252079248428,0.5436211228370667,0.5376027226448059,-12.52086067199707,484000
7.6762590408325195,777.49755859375,790.0820922851562,604.0164184570312,-786.6535034179688,-777.156005859375,-12.322757720947266,2.8252618312835693,0.06290934979915619,0.03631795570254326,0.3237815797328949,0.006879218388348818,0.5827996134757996,0.5681412816047668,-13.501340866088867,485000
91.21524810791016,774.925537109375,790.9492797851562,107.01993560791016,-784.1863403320312,-774.742431640625,-12.192438125610352,2.748521327972412,0.06320089846849442,-0.09012172371149063,0.32228925824165344,0.00546835595741868,0.5759388208389282,0.5714012384414673,-13.460615158081055,486000
118.30372619628906,777.97021484375,791.0751953125,622.3479614257812,-787.034912109375,-777.5590209960938,-12.073644638061523,2.5977582931518555,0.06432545930147171,0.08640097081661224,0.3249155282974243,0.0073236264288425446,0.569246768951416,0.5505905151367188,-12.996521949768066,487000
41.822418212890625,777.6689453125,791.8517456054688,520.539794921875,-787.3055419921875,-777.8206787109375,-12.412141799926758,2.9273319244384766,0.059549711644649506,-0.12994733452796936,0.31888389587402344,0.005945493932813406,0.5781739950180054,0.5838664770126343,-13.888447761535645,488000
8.627336502075195,780.2373046875,791.15283203125,639.580810546875,-789.7838745117188,-780.05419921875,-12.348115921020508,2.6184849739074707,0.05727681145071983,0.12046332657337189,0.32064107060432434,0.00484196562319994,0.5771040916442871,0.5747935175895691,-13.613337516784668,489000
8.203553199768066,781.6701049804688,792.5249633789062,627.2799072265625,-791.0810546875,-781.9296875,-11.849710464477539,2.6983418464660645,0.06624650210142136,0.17418329417705536,0.32003703713417053,0.004789554048329592,0.5585318207740784,0.5619434118270874,-13.242633819580078,490000
9.628564834594727,779.1580810546875,792.7286987304688,625.6349487304688,-788.5587768554688,-779.06591796875,-12.153977394104004,2.661130666732788,0.06694400310516357,-0.10421852767467499,0.31553760170936584,0.005940825212746859,0.5721511840820312,0.5793470740318298,-13.790053367614746,491000
8.943843841552734,782.42333984375,792.798095703125,644.3350219726562,-790.774169921875,-781.6183471679688,-11.868677139282227,2.712822914123535,0.059277646243572235,0.07970507442951202,0.32356908917427063,0.006573343649506569,0.5557988286018372,0.5660557150840759,-13.412421226501465,492000
10.973278999328613,778.3077392578125,791.7349853515625,646.5147094726562,-787.3566284179688,-777.7802734375,-12.273344993591309,2.6969425678253174,0.057384610176086426,0.11923947930335999,0.32168033719062805,0.005819007754325867,0.580079972743988,0.5724057555198669,-13.522928237915039,493000
8.087142944335938,782.22412109375,793.1357421875,656.0855712890625,-790.7767944335938,-781.5823364257812,-11.67304801940918,2.478606700897217,0.061860546469688416,0.061495304107666016,0.30976602435112,0.005199169274419546,0.54792720079422,0.5643892288208008,-13.243498802185059,494000
116.63177490234375,779.123291015625,793.4061889648438,105.435791015625,-789.3544921875,-779.7076416015625,-12.308616638183594,2.661717653274536,0.06490013748407364,-0.13088670372962952,0.3137674033641815,0.00782180204987526,0.5911467671394348,0.565621018409729,-13.31364917755127,495000
9.01595401763916,784.6104125976562,794.7633056640625,664.796142578125,-793.4379272460938,-784.2232666015625,-11.934492111206055,2.7198734283447266,0.0618705190718174,0.01367071084678173,0.3113831877708435,0.006763063371181488,0.5560678839683533,0.5769035816192627,-13.65391731262207,496000
18.77404022216797,781.8145141601562,794.6854248046875,496.5177001953125,-791.0401000976562,-781.6027221679688,-12.181926727294922,2.744544267654419,0.0619821771979332,0.010459273122251034,0.3186468482017517,0.006326410919427872,0.5841670036315918,0.5686697959899902,-13.380136489868164,497000
7.95391845703125,784.0589599609375,794.5693969726562,618.9866943359375,-793.8661499023438,-784.1385498046875,-12.495615005493164,2.768003463745117,0.061665575951337814,-0.10181570053100586,0.314329594373703,0.00669345585629344,0.5892835855484009,0.5790002346038818,-13.853802680969238,498000
88.69881439208984,779.2830810546875,794.901611328125,107.58573913574219,-789.117919921875,-780.352294921875,-11.437877655029297,2.672246217727661,0.06580094993114471,0.03838955610990524,0.3113977909088135,0.005726033356040716,0.5383889675140381,0.550594687461853,-12.735389709472656,499000
9.059149742126465,785.1947631835938,796.06640625,639.6753540039062,-794.6751708984375,-784.8158569335938,-12.739750862121582,2.880409002304077,0.053857676684856415,-0.16435055434703827,0.31521153450012207,0.005141877103596926,0.6049093008041382,0.5923389196395874,-14.03067398071289,500000
