critic/q_loss,critic/q_mean,critic/q_max,critic/q_min,actor/total_loss,actor/q_loss,actor/bc_loss,actor/entropy_loss,actor/mse,beta/beta_loss,beta/beta,encoder/encoder_loss,encoder/dot_mean,encoder/log_dot_mean,encoder/kl_target_mean,encoder/nll_raw_mean,step
452.5390625,-0.01119971927255392,0.09357224404811859,-0.108396515250206,-1.5354366302490234,-0.16842180490493774,9.694526672363281,-11.061541557312012,0.37805336713790894,19.372241973876953,0.9997000694274902,0.14320537447929382,0.8639652132987976,-0.07097622752189636,-0.4479166269302368,8.958333015441895,0
21.342247009277344,59.45774841308594,59.46401596069336,59.4412956237793,-65.40251159667969,-59.49219512939453,-8.559917449951172,2.6495985984802246,0.084393210709095,4.02536678314209,0.7991833090782166,0.0006069869268685579,0.9992537498474121,-0.0003732576733455062,-0.002278804313391447,-8.730463027954102,1000
8.431952476501465,86.75119018554688,86.8125,86.68989562988281,-93.70344543457031,-86.74449157714844,-11.37506103515625,4.416110515594482,0.0667790099978447,1.402763843536377,0.6957888603210449,1.5187535609584302e-05,0.9996960163116455,-0.00015200203051790595,-0.0002479252580087632,-11.698769569396973,2000
10.63503360748291,108.46812438964844,108.46891021728516,108.4673843383789,-115.91763305664062,-108.47895050048828,-12.850011825561523,5.411327362060547,0.058562859892845154,-0.21669384837150574,0.6459546089172363,1.86934805412875e-08,0.9997900724411011,-0.00010497522453079,0.0,-13.180858612060547,3000
12.48018741607666,126.66036224365234,126.66332244873047,126.65739440917969,-133.8042755126953,-126.623779296875,-12.712163925170898,5.53165864944458,0.061166636645793915,0.23396119475364685,0.6377558708190918,0.006372142117470503,0.9998005032539368,-9.974657587008551e-05,-0.005529315676540136,-12.900968551635742,4000
176.0083465576172,142.62393188476562,143.2975616455078,-142.8616180419922,-149.7716064453125,-142.1252899169922,-13.632625579833984,5.986312389373779,0.0582415834069252,-0.021401140838861465,0.6570584774017334,0.00040325787267647684,0.9997989535331726,-0.0001005353988148272,-0.001982954330742359,-14.001415252685547,5000
8.385343551635742,158.49203491210938,158.49282836914062,158.4909210205078,-166.08392333984375,-158.46575927734375,-13.620843887329102,6.002684593200684,0.05948667600750923,-0.34159794449806213,0.6738712787628174,1.3994723303767387e-05,0.9998147487640381,-9.263020183425397e-05,-0.00023429129214491695,-14.10202407836914,6000
11.211612701416016,172.0884552001953,172.1879119873047,171.98899841308594,-179.48776245117188,-172.04205322265625,-12.877513885498047,5.431802749633789,0.05932394787669182,0.11327420920133591,0.6884772777557373,5.9148227592231706e-05,0.9997947216033936,-0.00010266934987157583,-0.0004835088911931962,-13.505971908569336,7000
8.994512557983398,185.02188110351562,185.02207946777344,185.02166748046875,-192.51409912109375,-185.03173828125,-13.521059036254883,6.038702011108398,0.057416293770074844,-0.16687944531440735,0.6928595304489136,1.634658275406764e-08,0.9998255968093872,-8.721558697288856e-05,0.0,-14.207612991333008,8000
12.74504280090332,196.84164428710938,196.8423614501953,196.8409423828125,-203.90121459960938,-196.8061981201172,-13.317638397216797,6.222622394561768,0.06151473522186279,0.029998693615198135,0.7012064456939697,0.0009724528063088655,0.9998060464859009,-9.697099449113011e-05,-0.0036167532671242952,-13.885432243347168,9000
13.528499603271484,207.79461669921875,207.79562377929688,207.79359436035156,-215.2970428466797,-207.7845458984375,-13.404661178588867,5.892168045043945,0.058620985597372055,-0.1829414963722229,0.7050378918647766,0.00038146073347888887,0.9998159408569336,-9.205070091411471e-05,-0.0013835086720064282,-14.073287963867188,10000
12.989114761352539,218.68850708007812,218.68968200683594,218.6873321533203,-225.88818359375,-218.61044311523438,-13.166247367858887,5.888506889343262,0.05916309356689453,0.2881564497947693,0.7116171717643738,0.00032523059053346515,0.9997762441635132,-0.00011191088560735807,-0.002148758852854371,-13.702975273132324,11000
9.614275932312012,228.6384735107422,228.638916015625,228.63803100585938,-235.7910919189453,-228.635009765625,-12.862553596496582,5.706469535827637,0.06145515292882919,-0.02678360790014267,0.7058436274528503,9.90198168437928e-06,0.9997901320457458,-0.00010493518493603915,-0.00019806680211331695,-13.689496994018555,12000
224.47738647460938,237.19696044921875,237.2083282470703,237.1855926513672,-244.3197021484375,-237.10569763183594,-13.42834186553955,6.214345455169678,0.058802325278520584,-0.07545234262943268,0.7145243287086487,1.1694021850416902e-05,0.9998080730438232,-9.595666779205203e-05,-0.00021558049775194377,-14.231473922729492,13000
12.193155288696289,245.4263916015625,245.43655395507812,245.41624450683594,-253.00869750976562,-245.3756103515625,-13.784117698669434,6.151031494140625,0.05657028779387474,-0.07469452917575836,0.7237547636032104,6.858893175376579e-05,0.9998064041137695,-9.68354579526931e-05,-0.0007328727515414357,-14.670976638793945,14000
252.0640106201172,253.20028686523438,253.24728393554688,253.15321350097656,-260.3079528808594,-253.09329223632812,-13.49476146697998,6.28010368347168,0.059162408113479614,0.06122773885726929,0.722176730632782,0.0005227839574217796,0.9998070001602173,-9.65139624895528e-05,-0.0014347549295052886,-14.379859924316406,15000
14.522340774536133,260.6158752441406,260.6479187011719,260.5838317871094,-267.6631774902344,-260.5775146484375,-13.425392150878906,6.339720726013184,0.05726375803351402,0.005821251776069403,0.7218714952468872,7.698073204664979e-06,0.999822199344635,-8.89004732016474e-05,-0.00020227515778969973,-14.25650691986084,16000
13.250950813293457,267.86309814453125,267.87750244140625,267.8486633300781,-274.9010009765625,-267.89227294921875,-12.634401321411133,5.6256561279296875,0.0594385601580143,0.544036328792572,0.720173180103302,3.1191757443593815e-05,0.9998120069503784,-9.401487477589399e-05,-0.000469736463855952,-13.584392547607422,17000
14.63398551940918,274.0177001953125,274.0213317871094,274.0140380859375,-281.2466735839844,-274.068115234375,-12.299036979675293,5.120495796203613,0.06380130350589752,0.5041815042495728,0.7241358757019043,1.3713958651351277e-05,0.9997925758361816,-0.00010371909593231976,-0.00023225396580528468,-13.41688346862793,18000
306.95806884765625,280.8438720703125,280.85784912109375,280.82989501953125,-287.7507629394531,-280.828369140625,-12.940823554992676,6.018431186676025,0.060451481491327286,0.1658472865819931,0.7272428870201111,0.0004433300346136093,0.9997841715812683,-0.00010794252011692151,-0.001857788534834981,-13.86178207397461,19000
14.01430892944336,286.41693115234375,286.61932373046875,286.2145080566406,-293.1424865722656,-286.2669982910156,-13.1266450881958,6.25116491317749,0.05702384188771248,-0.038611896336078644,0.7234503626823425,0.00023379143385682255,0.9998173117637634,-9.135272557614371e-05,-0.0009570132824592292,-14.380668640136719,20000
13.450843811035156,292.1700134277344,292.33636474609375,292.003662109375,-298.75604248046875,-292.03424072265625,-12.77865982055664,6.056844711303711,0.05824688449501991,0.48122093081474304,0.7294456362724304,0.0002819433284457773,0.9997942447662354,-0.00010290584032190964,-0.0010894909501075745,-13.977225303649902,21000
709.2796020507812,294.203369140625,297.722900390625,-294.014892578125,-299.0158386230469,-292.1869201660156,-12.82470703125,5.995795249938965,0.05927867814898491,0.013525250367820263,0.7242882251739502,3.383266812306829e-05,0.9998128414154053,-9.360029071103781e-05,-0.0003645165706984699,-13.990748405456543,22000
34.484432220458984,297.2843933105469,300.85443115234375,251.6675567626953,-302.72607421875,-295.73583984375,-12.774923324584961,5.784712791442871,0.0596461221575737,0.08080590516328812,0.7306409478187561,2.448732416837629e-08,0.9997951984405518,-0.00010242373537039384,0.0,-14.212899208068848,23000
52.58295440673828,298.5705261230469,301.4007568359375,240.92649841308594,-304.01800537109375,-296.9872741699219,-13.223481178283691,6.192739009857178,0.05436984449625015,-0.3316718339920044,0.7302953004837036,1.9990771704669896e-08,0.9997999668121338,-0.00010003567149396986,0.0,-14.63870906829834,24000
55.557899475097656,299.9596862792969,303.2150573730469,230.52874755859375,-305.40667724609375,-298.57421875,-12.419975280761719,5.5875396728515625,0.06135153770446777,0.20807680487632751,0.7276314496994019,0.0016552121378481388,0.999792218208313,-0.00010389740054961294,-0.002543411450460553,-13.811811447143555,25000
14.968832015991211,302.1735534667969,304.1170654296875,281.91351318359375,-307.59674072265625,-300.93121337890625,-13.094944953918457,6.4294114112854,0.05587625503540039,-0.17207154631614685,0.7193582653999329,3.063957976223719e-08,0.9997795820236206,-0.00011023431579815224,0.0,-14.385871887207031,26000
13.766716003417969,302.9296875,306.2283630371094,285.87896728515625,-308.61688232421875,-301.90789794921875,-13.109657287597656,6.400651454925537,0.057714954018592834,0.02463192492723465,0.7253872156143188,1.8386833389172352e-08,0.99980229139328,-9.884440078167245e-05,0.0,-14.403665542602539,27000
30.189838409423828,303.76593017578125,306.9647521972656,264.9226989746094,-309.045654296875,-302.39300537109375,-12.490874290466309,5.838239669799805,0.05920971930027008,0.23785066604614258,0.7253778576850891,1.2899095054308418e-05,0.9997957348823547,-0.00010213202040176839,-0.00022465210349764675,-14.11184024810791,28000
13.502899169921875,302.89361572265625,306.1911315917969,287.02374267578125,-308.4732666015625,-301.864501953125,-12.93818187713623,6.3294172286987305,0.056816522032022476,-0.030683845281600952,0.7207921743392944,3.377385837666225e-08,0.9997653961181641,-0.00011732883285731077,0.0,-14.264537811279297,29000
14.64232063293457,303.609130859375,307.36773681640625,285.39166259765625,-308.79925537109375,-302.2210693359375,-12.680638313293457,6.1024370193481445,0.05899326875805855,0.059292349964380264,0.7215960621833801,4.329276271164417e-05,0.9997659921646118,-0.00011702139454428107,-0.0005830795271322131,-14.421354293823242,30000
49.58568572998047,302.27642822265625,306.8393249511719,167.49066162109375,-307.3865051269531,-300.750244140625,-13.037443161010742,6.401183128356934,0.057342395186424255,-0.04543164744973183,0.7211000323295593,0.00011634085240075365,0.9997922778129578,-0.00010385065979789943,-0.0006753472844138741,-14.813633918762207,31000
17.681297302246094,301.839111328125,305.7983093261719,270.8548889160156,-307.26727294921875,-300.93121337890625,-12.336892127990723,6.000816822052002,0.06033990532159805,0.18951554596424103,0.7117338180541992,0.021603472530841827,0.9997833967208862,-0.00010832308180397376,-0.009944021701812744,-13.939311981201172,32000
284.27386474609375,300.6072998046875,305.1091003417969,127.34017181396484,-304.9954528808594,-298.66619873046875,-11.994071006774902,5.664836406707764,0.059971246868371964,0.5726208686828613,0.716778039932251,0.0013087813276797533,0.9997650384902954,-0.00011749514669645578,-0.003270002081990242,-13.62435245513916,33000
16.97110366821289,301.4664306640625,305.13873291015625,290.9161376953125,-306.8069763183594,-300.1702880859375,-12.876006126403809,6.239325523376465,0.05738340690732002,-0.28483009338378906,0.7132757902145386,8.209049701690674e-05,0.9997968673706055,-0.00010156042844755575,-0.0005680836038663983,-14.819311141967773,34000
133.04974365234375,300.1733093261719,304.1841125488281,117.62677001953125,-304.8398132324219,-298.38763427734375,-12.273083686828613,5.820896148681641,0.06279942393302917,0.22663462162017822,0.7080690264701843,0.00029025482945144176,0.9997799396514893,-0.0001100683439290151,-0.0010674985824152827,-14.177558898925781,35000
23.152170181274414,299.28680419921875,303.1036682128906,281.3161315917969,-304.11346435546875,-297.90753173828125,-12.154638290405273,5.948713302612305,0.05922896787524223,0.1150282621383667,0.7076697945594788,0.00026335433358326554,0.9997854828834534,-0.00010726610344136134,-0.0010156374191865325,-14.167333602905273,36000
80.20618438720703,298.072509765625,302.7456359863281,125.83465576171875,-302.69219970703125,-296.1999206542969,-12.579313278198242,6.087028503417969,0.05743083730340004,0.11706095188856125,0.7093037962913513,0.0009846880566328764,0.9997918605804443,-0.00010409152309875935,-0.0020089903846383095,-14.452906608581543,37000
40.79875946044922,298.71502685546875,303.1277160644531,236.61956787109375,-303.4629821777344,-297.1104736328125,-12.455290794372559,6.102785110473633,0.05726347118616104,-0.1508435159921646,0.706229567527771,0.0002269927499582991,0.9997683763504028,-0.00011580073623917997,-0.0014000784140080214,-14.675121307373047,38000
119.62056732177734,298.7225341796875,303.0260009765625,125.45098114013672,-302.71392822265625,-296.44635009765625,-12.108597755432129,5.841028690338135,0.058349981904029846,0.23351247608661652,0.7108747959136963,0.004940899554640055,0.9997352361679077,-0.00013242100249044597,-0.005019430536776781,-13.850114822387695,39000
59.25755310058594,301.2760009765625,305.1612243652344,133.73040771484375,-306.271484375,-299.9130554199219,-12.00662899017334,5.64818811416626,0.05955081805586815,0.12566117942333221,0.7061980366706848,3.910067607648671e-05,0.9997522234916687,-0.00012389416224323213,-0.00039118705899454653,-14.040160179138184,40000
33.52939987182617,302.1051025390625,305.71405029296875,185.4811248779297,-307.1803894042969,-300.89892578125,-11.85175895690918,5.5702714920043945,0.05656876415014267,0.10340670496225357,0.70292067527771,4.8087338655022904e-05,0.9997937679290771,-0.00010313368693459779,-0.00043461634777486324,-14.205262184143066,41000
18.819595336914062,301.859130859375,305.94354248046875,274.2629089355469,-306.449462890625,-300.22265625,-12.814801216125488,6.5879807472229,0.05466284602880478,-0.43420758843421936,0.7057248950004578,1.0428041719023895e-07,0.9997717142105103,-0.00011417815403547138,-1.8423515939502977e-05,-14.989628791809082,42000
17.18964385986328,301.9253845214844,305.4612731933594,277.54473876953125,-306.95672607421875,-300.79046630859375,-12.350322723388672,6.184041500091553,0.0569082610309124,-0.027922067791223526,0.7008691430091858,3.0596616795719456e-08,0.9997704029083252,-0.00011482594709377736,0.0,-14.546685218811035,43000
13.463083267211914,301.7244873046875,305.947509765625,281.07916259765625,-306.9803466796875,-300.4151306152344,-12.670233726501465,6.105013370513916,0.057622577995061874,-0.29709377884864807,0.6990762948989868,0.00016847778169903904,0.9997663497924805,-0.00011686795915011317,-0.0008128551999107003,-15.021554946899414,44000
15.967442512512207,301.29931640625,305.6620178222656,279.94989013671875,-306.24505615234375,-300.25390625,-12.343667030334473,6.352505683898926,0.05440704897046089,-0.2240907847881317,0.6995035409927368,1.901909854495898e-05,0.9997295141220093,-0.00013524710084311664,-0.00034618383506312966,-14.663111686706543,45000
64.22310638427734,302.1690673828125,306.714111328125,193.77462768554688,-306.956298828125,-300.63519287109375,-12.469444274902344,6.1483306884765625,0.059137724339962006,-0.4284716546535492,0.6908513903617859,0.0008109697373583913,0.9997540712356567,-0.00012298898946028203,-0.0033760766964405775,-15.010446548461914,46000
14.181024551391602,303.71356201171875,307.04864501953125,284.6835021972656,-308.8147888183594,-302.5579528808594,-12.368289947509766,6.1114606857299805,0.05825525149703026,-0.2591806948184967,0.6924710869789124,0.0002304152149008587,0.9997064471244812,-0.00014679771265946329,-0.0009491725941188633,-14.84173583984375,47000
12.390178680419922,305.3646240234375,309.1774597167969,290.4537048339844,-310.3663330078125,-303.9762268066406,-12.5454740524292,6.155374050140381,0.056588154286146164,-0.5254848599433899,0.6937288641929626,3.38805676847187e-08,0.9997318983078003,-0.00013407383812591434,0.0,-15.072505950927734,48000
14.872734069824219,306.216552734375,309.7403564453125,293.2386169433594,-310.8647155761719,-304.95355224609375,-11.856378555297852,5.945219993591309,0.059119828045368195,0.3761270344257355,0.6875735521316528,0.00012581824557855725,0.9996702075004578,-0.00016491959104314446,-0.0007033957517705858,-14.108781814575195,49000
23.228641510009766,308.03082275390625,310.9037780761719,217.41786193847656,-312.70452880859375,-306.6244812011719,-12.307219505310059,6.227172374725342,0.05618926137685776,-0.31578826904296875,0.6886391639709473,0.000350207177689299,0.9996854066848755,-0.00015731831081211567,-0.0011782514629885554,-14.836141586303711,50000
15.263509750366211,310.1667785644531,312.5304260253906,302.3357849121094,-315.4093933105469,-309.32196044921875,-11.687643051147461,5.600210666656494,0.058154087513685226,0.04080834984779358,0.6875206828117371,5.45796687845268e-08,0.9996765851974487,-0.00016171233437489718,0.0,-14.249235153198242,51000
224.4585723876953,313.349853515625,315.9993591308594,120.47309875488281,-318.0010986328125,-311.82916259765625,-12.0956392288208,5.923707485198975,0.05648664012551308,-0.09879064559936523,0.6822627186775208,9.252018935512751e-05,0.999667227268219,-0.00016642137779854238,-0.0008412131574004889,-14.649038314819336,52000
12.247902870178223,314.82366943359375,317.95001220703125,306.6944580078125,-319.8702087402344,-313.7606201171875,-11.911092758178711,5.801522254943848,0.05723997578024864,0.2056829184293747,0.684723973274231,6.292387411122036e-08,0.9996525049209595,-0.00017378480697516352,0.0,-14.451285362243652,53000
16.096450805664062,316.5614013671875,318.534912109375,271.3537902832031,-321.5211486816406,-315.4158020019531,-11.913289070129395,5.807962894439697,0.06052703037858009,0.013678131625056267,0.6792077422142029,0.0003006479819305241,0.9996453523635864,-0.00017734139692038298,-0.0012923398753628135,-14.435823440551758,54000
27.510562896728516,318.23541259765625,321.4283142089844,246.85565185546875,-323.18157958984375,-317.0716552734375,-12.110478401184082,6.00055456161499,0.05510873720049858,-0.20416413247585297,0.6789078712463379,6.093483762015239e-08,0.9996728897094727,-0.00016357956337742507,0.0,-14.855611801147461,55000
13.504274368286133,320.8518371582031,323.9057922363281,307.31707763671875,-325.5289001464844,-319.59173583984375,-11.674659729003906,5.737492084503174,0.06006971374154091,-0.035512588918209076,0.67798912525177,1.238418735738378e-05,0.9996193051338196,-0.0001903875672724098,-0.00022353921667672694,-14.39478588104248,56000
90.44412231445312,321.98675537109375,325.895751953125,114.90131378173828,-326.6567687988281,-320.5496826171875,-11.663049697875977,5.555976390838623,0.06141243129968643,0.1408155858516693,0.6766132116317749,3.384309820830822e-05,0.9994940757751465,-0.0002530448546167463,-0.0005125628667883575,-14.495686531066895,57000
14.14905071258545,323.732421875,326.6429138183594,313.5989685058594,-328.3457946777344,-322.5658874511719,-11.545554161071777,5.76564359664917,0.05632086098194122,0.30667364597320557,0.6718330979347229,2.9404219503703644e-07,0.9993467926979065,-0.0003267536230850965,0.0,-14.198660850524902,58000
187.99118041992188,324.84619140625,328.4366149902344,94.53926086425781,-329.149169921875,-323.3372497558594,-11.687601089477539,5.875675201416016,0.061667829751968384,-0.30577635765075684,0.6712759137153625,0.003359194379299879,0.9993951320648193,-0.00030280440114438534,-0.006042478606104851,-14.579039573669434,59000
12.718100547790527,326.9169616699219,330.1260070800781,314.1909484863281,-331.65765380859375,-325.7723388671875,-11.728269577026367,5.842964172363281,0.05539092794060707,-0.09953039884567261,0.6754879951477051,5.557591293836595e-07,0.9992285966873169,-0.0003859447897411883,0.0,-14.818565368652344,60000
27.75960922241211,327.0205078125,330.71478271484375,243.75135803222656,-331.8023681640625,-325.99566650390625,-11.659220695495605,5.852510452270508,0.05614767223596573,-0.011271381750702858,0.6651928424835205,0.0026623792946338654,0.9989151358604431,-0.0005430190940387547,-0.0045905886217951775,-14.356250762939453,61000
94.84422302246094,327.8419494628906,331.5786437988281,109.70816802978516,-332.3066711425781,-326.35302734375,-11.18359375,5.229962348937988,0.06199542060494423,0.08683618903160095,0.6645853519439697,0.0016840260941535234,0.9979922771453857,-0.0010068414267152548,-0.004357042722404003,-13.965372085571289,62000
12.689456939697266,330.50830078125,333.0903625488281,314.7361145019531,-335.3841552734375,-329.4707946777344,-11.543931007385254,5.630579948425293,0.05981395021080971,-0.031797632575035095,0.6676933169364929,0.0008100713021121919,0.9954652786254883,-0.0022788839414715767,-0.0024719219654798508,-14.491823196411133,63000
59.06645202636719,331.7942199707031,334.2975158691406,211.66497802734375,-336.3465270996094,-330.50018310546875,-11.55969524383545,5.713337421417236,0.057418059557676315,0.06117343157529831,0.6653627753257751,0.000562255852855742,0.9907519817352295,-0.004719116725027561,-0.0021288504358381033,-14.565673828125,64000
11.657526969909668,334.54718017578125,337.2882385253906,321.3393249511719,-339.0619201660156,-333.3377685546875,-11.142964363098145,5.418833255767822,0.05927538871765137,0.6140398383140564,0.665736198425293,0.00020984647562727332,0.9898375868797302,-0.005157007370144129,-0.0014075590297579765,-14.104098320007324,65000
10.916156768798828,338.04119873046875,341.2398376464844,331.3123474121094,-342.59222412109375,-336.6532287597656,-11.712471008300781,5.7734808921813965,0.057221125811338425,-0.20097005367279053,0.6599338054656982,2.8621678211493418e-05,0.994722843170166,-0.0026527871377766132,0.0,-14.94227409362793,66000
13.942034721374512,340.305419921875,343.3430480957031,331.9346618652344,-344.85675048828125,-338.9078063964844,-11.266773223876953,5.317838191986084,0.059858910739421844,-0.012686175294220448,0.6612720489501953,6.295052298810333e-05,0.9921522736549377,-0.003955051302909851,0.0,-14.623504638671875,67000
84.58683776855469,339.63092041015625,343.4957275390625,99.39111328125,-343.9725036621094,-338.0372314453125,-11.475447654724121,5.540173053741455,0.05815870314836502,-0.13620001077651978,0.6581510901451111,6.571989797521383e-05,0.9921888709068298,-0.004071635194122791,-0.0009140410693362355,-14.76878833770752,68000
20.10684585571289,340.60577392578125,343.8490295410156,277.4431457519531,-345.4421081542969,-339.72064208984375,-11.171058654785156,5.449590682983398,0.05810246244072914,-0.030109120532870293,0.648876428604126,0.00022482298663817346,0.9902865886688232,-0.004896576050668955,-0.0007764623151160777,-14.39277458190918,69000
601.1943359375,338.4989013671875,343.9530944824219,81.20923614501953,-340.9444885253906,-335.4938659667969,-10.98449420928955,5.533875465393066,0.06391651183366776,-0.09054464101791382,0.6553865671157837,0.004834369290620089,0.9795238971710205,-0.012287912890315056,-0.014722580090165138,-14.026532173156738,70000
15.643141746520996,341.680419921875,344.8468322753906,316.3380432128906,-346.17156982421875,-340.4891357421875,-11.156326293945312,5.473886013031006,0.060682687908411026,-0.0650118887424469,0.6506739854812622,0.000728386512491852,0.9853558540344238,-0.007522841449826956,-0.002280738903209567,-14.484098434448242,71000
113.63511657714844,341.7763671875,345.3153076171875,154.5322723388672,-345.24652099609375,-339.8638916015625,-10.853042602539062,5.470400810241699,0.06240973621606827,0.3375281095504761,0.6519423723220825,0.0011700006434693933,0.9932129383087158,-0.0038858517073094845,-0.006214622408151627,-14.11744213104248,72000
124.4405517578125,342.5696716308594,345.7143249511719,92.5308837890625,-346.45330810546875,-340.7637634277344,-11.36487865447998,5.6753129959106445,0.05820208415389061,-0.4466136693954468,0.6459395289421082,0.0003858109994325787,0.9903392791748047,-0.005208670627325773,-0.0006877648993395269,-14.931611061096191,73000
40.77998352050781,342.781494140625,345.8025207519531,291.2486267089844,-346.43017578125,-340.72869873046875,-11.353536605834961,5.652081489562988,0.05612907558679581,-0.042289070785045624,0.6424009799957275,0.0005109676858410239,0.9884544610977173,-0.006085110362619162,-0.0024899549316614866,-14.858665466308594,74000
11.568941116333008,344.32684326171875,346.947509765625,330.25604248046875,-349.05426025390625,-343.5146789550781,-10.756128311157227,5.216555118560791,0.05547823756933212,0.14713656902313232,0.6489905118942261,9.968449012376368e-05,0.9924954771995544,-0.0038173040375113487,-0.00012942668399773538,-14.121566772460938,75000
13.024815559387207,346.41680908203125,350.0620422363281,336.1922607421875,-350.8608703613281,-345.42266845703125,-10.800350189208984,5.362138271331787,0.05892182141542435,0.18316514790058136,0.6451843976974487,1.966951458598487e-05,0.996781051158905,-0.0016192053444683552,-9.472563760937192e-06,-14.103866577148438,76000
11.321382522583008,347.76544189453125,351.12493896484375,333.3296813964844,-352.2077941894531,-346.3287048339844,-11.481644630432129,5.602573871612549,0.06039363518357277,-0.20203891396522522,0.6374815106391907,1.985000926651992e-05,0.9959461688995361,-0.0020367735996842384,0.0,-15.172801971435547,77000
47.288124084472656,350.1526184082031,350.6024475097656,217.22372436523438,-355.2228088378906,-349.79754638671875,-11.174534797668457,5.749263763427734,0.054937805980443954,-0.11900272220373154,0.6479631662368774,0.00015148882812354714,0.9911952018737793,-0.00460615660995245,-0.0021586832590401173,-14.879042625427246,78000
10.81576156616211,353.9188537597656,355.9691467285156,351.3454284667969,-358.5141906738281,-353.0552673339844,-10.574774742126465,5.115850448608398,0.05786983296275139,0.18800660967826843,0.6448974013328552,4.527031705947593e-05,0.995660126209259,-0.0021922155283391476,-7.882894715294242e-05,-14.074867248535156,79000
126.88052368164062,355.2279968261719,358.7261962890625,100.77938079833984,-359.1961975097656,-353.65252685546875,-10.773673057556152,5.230010509490967,0.0610983781516552,0.12282086908817291,0.6389091610908508,0.0007733289967291057,0.9910144805908203,-0.004697021096944809,-0.003085804870352149,-14.396992683410645,80000
125.28028106689453,356.4923400878906,360.0936279296875,106.44163513183594,-360.01947021484375,-354.64776611328125,-11.275778770446777,5.904078006744385,0.05439780652523041,-0.4392654299736023,0.6371908187866211,0.0014538406394422054,0.9922016263008118,-0.003941589966416359,-0.0032704968471080065,-15.090069770812988,81000
47.21867370605469,357.803955078125,360.6301574707031,179.57073974609375,-362.0108947753906,-356.5221862792969,-11.117888450622559,5.62917423248291,0.056854844093322754,-0.40996822714805603,0.6341962218284607,0.0009403775911778212,0.9930380582809448,-0.0035740709863603115,-0.0032070493325591087,-15.098198890686035,82000
12.046114921569824,359.540283203125,362.386474609375,353.7327575683594,-363.922607421875,-358.37481689453125,-10.319156646728516,4.771369457244873,0.05906468257308006,0.3496529459953308,0.631172776222229,0.0002658048761077225,0.9875593185424805,-0.006348957773298025,0.0,-13.940707206726074,83000
25.495155334472656,361.54852294921875,364.19268798828125,349.4425048828125,-365.9606018066406,-360.3927917480469,-10.996898651123047,5.429079532623291,0.0561395138502121,-0.1517479121685028,0.6327276229858398,0.00011254698620177805,0.9937397241592407,-0.003166853915899992,-0.0009451292571611702,-14.850982666015625,84000
110.02428436279297,365.1602478027344,367.47967529296875,221.4913787841797,-370.0125732421875,-364.32208251953125,-10.865530014038086,5.175057888031006,0.05873957648873329,-0.1177041158080101,0.625710129737854,0.0005309812258929014,0.9909842610359192,-0.004927096888422966,-0.004171197768300772,-14.764715194702148,85000
14.938711166381836,365.98175048828125,368.74517822265625,356.1123046875,-369.92608642578125,-364.7197570800781,-10.837456703186035,5.63114595413208,0.05473273992538452,-0.094015933573246,0.6154809594154358,0.000405102560762316,0.9810031056404114,-0.00975785218179226,-0.0018215157324448228,-14.609840393066406,86000
12.027446746826172,367.52618408203125,370.9942321777344,357.3631896972656,-371.86505126953125,-366.24932861328125,-11.006646156311035,5.390915393829346,0.05626461282372475,-0.12198764830827713,0.6231537461280823,2.7747773856390268e-05,0.9948242902755737,-0.0026016614865511656,0.0,-15.018762588500977,87000
12.197853088378906,369.8958740234375,372.91131591796875,361.31243896484375,-373.84307861328125,-368.3773498535156,-11.34215259552002,5.876430988311768,0.052273087203502655,-0.4288635551929474,0.618878185749054,8.35006358101964e-05,0.9962476491928101,-0.0019130982691422105,-0.0010452623246237636,-15.489387512207031,88000
12.879777908325195,371.88592529296875,375.03814697265625,365.1231689453125,-375.76751708984375,-370.5054016113281,-10.744895935058594,5.482781410217285,0.055164746940135956,0.058566637337207794,0.6232932209968567,7.23384291632101e-05,0.9946680665016174,-0.0026896761264652014,-0.0005015869392082095,-14.575006484985352,89000
196.9159393310547,374.9193115234375,377.2720947265625,286.61578369140625,-378.2888488769531,-373.0549011230469,-9.851947784423828,4.618023872375488,0.061446063220500946,0.7581915855407715,0.6224715709686279,0.0006200880743563175,0.9885274171829224,-0.005829410627484322,-0.0016460780752822757,-13.43659782409668,90000
167.5966796875,378.4516296386719,381.35772705078125,54.855987548828125,-382.0315246582031,-376.87750244140625,-9.867493629455566,4.713469982147217,0.059326425194740295,0.6142893433570862,0.618435263633728,0.00014032391482032835,0.9862458109855652,-0.007437105756253004,-0.002248562639579177,-13.722009658813477,91000
201.53575134277344,379.65985107421875,381.95477294921875,202.59622192382812,-384.67303466796875,-379.1114196777344,-10.558893203735352,4.9972758293151855,0.06103953346610069,0.0755378007888794,0.6179748177528381,0.00023623430752195418,0.9928643107414246,-0.0036682114005088806,-0.0017081249970942736,-14.515364646911621,92000
1564.8248291015625,382.281005859375,386.0755310058594,88.07170104980469,-386.5671081542969,-381.266357421875,-10.014482498168945,4.713754653930664,0.06392405927181244,0.300576776266098,0.6138843894004822,0.00020358728943392634,0.9792069792747498,-0.013982761651277542,-0.008083464577794075,-13.890729904174805,93000
13.255423545837402,383.8908996582031,387.5567626953125,373.99169921875,-387.81939697265625,-382.6540222167969,-10.346561431884766,5.18117618560791,0.060949817299842834,0.10297495126724243,0.614558219909668,0.00010533636668697,0.990369439125061,-0.0048672715201973915,0.0,-14.476466178894043,94000
13.237911224365234,384.3297119140625,387.1928405761719,371.0195617675781,-388.50634765625,-383.33392333984375,-9.961028099060059,4.788609027862549,0.05892860144376755,0.4771091639995575,0.6112001538276672,3.7711401091655716e-05,0.9941753149032593,-0.0029298020526766777,-0.0003455340920481831,-13.920570373535156,95000
13.897008895874023,385.75921630859375,389.31060791015625,373.38519287109375,-389.4360656738281,-384.3214111328125,-10.372657775878906,5.257987976074219,0.05839937925338745,0.024235017597675323,0.6131008267402649,0.00019688121392391622,0.9901037216186523,-0.005013192072510719,-0.0005221583996899426,-14.493282318115234,96000
97.06275939941406,385.242919921875,389.4048156738281,101.09416961669922,-388.6098937988281,-383.3011474609375,-10.752784729003906,5.444040298461914,0.054498717188835144,-0.18844978511333466,0.6120268106460571,0.00019495993910823017,0.9910637140274048,-0.0045967488549649715,-0.00021328897855710238,-14.806092262268066,97000
185.60968017578125,386.0082092285156,389.8706359863281,75.30387878417969,-390.1107177734375,-384.82257080078125,-10.477350234985352,5.189209461212158,0.058808572590351105,0.07827240228652954,0.6072676181793213,0.00032180684502236545,0.990860641002655,-0.005197017919272184,-0.0033934779930859804,-14.491315841674805,98000
27.25206756591797,384.789306640625,388.2599182128906,308.8637390136719,-388.4218444824219,-383.3611145019531,-9.92715072631836,4.866432189941406,0.06006845459342003,0.47995057702064514,0.6062285900115967,0.00018496086704544723,0.9892350435256958,-0.006048842333257198,-0.0031889427918940783,-13.85793685913086,99000
13.702495574951172,385.3619384765625,388.80938720703125,363.2366943359375,-389.3429870605469,-384.18402099609375,-10.085063934326172,4.926078796386719,0.058348920196294785,0.18063057959079742,0.6041540503501892,9.979378955904394e-05,0.9925509691238403,-0.0037678969092667103,-0.0006925873458385468,-14.213088035583496,100000
184.17987060546875,384.1435852050781,388.5596008300781,274.3714599609375,-388.16375732421875,-382.8919677734375,-10.00367546081543,4.731868267059326,0.0645732656121254,0.2274470180273056,0.6032118201255798,0.000463471922557801,0.9919067621231079,-0.00499202124774456,-0.005336003843694925,-14.300585746765137,101000
15.08787727355957,384.806396484375,388.33404541015625,346.50396728515625,-388.929443359375,-383.57940673828125,-10.206933975219727,4.856901168823242,0.058134812861680984,0.1970781832933426,0.6036383509635925,1.604174576641526e-05,0.9964412450790405,-0.0017873796168714762,0.0,-14.484085083007812,102000
185.54254150390625,384.84356689453125,388.5487365722656,149.13330078125,-388.7720642089844,-383.51483154296875,-10.449275970458984,5.19203519821167,0.056832391768693924,-0.14362525939941406,0.5994506478309631,0.0007924613310024142,0.9899264574050903,-0.006726736202836037,-0.0026775826700031757,-14.626701354980469,103000
12.647760391235352,386.3643798828125,389.5671691894531,366.92950439453125,-390.2992858886719,-385.090576171875,-10.041986465454102,4.833271026611328,0.06123269349336624,0.18708015978336334,0.6010879874229431,1.0191184628638439e-05,0.9965226054191589,-0.0017474237829446793,-0.0002131541696144268,-14.303487777709961,104000
27.915264129638672,390.231689453125,393.3045959472656,290.74072265625,-393.9972839355469,-388.9266052246094,-10.24019718170166,5.169530391693115,0.05640218034386635,-0.307973176240921,0.5967844724655151,0.00042362368549220264,0.9904100894927979,-0.006869823671877384,-0.006087310146540403,-14.779352188110352,105000
138.29164123535156,390.3470458984375,394.2657165527344,327.099365234375,-393.5638427734375,-388.58343505859375,-9.893966674804688,4.9135823249816895,0.059891317039728165,-0.05511553958058357,0.5946511626243591,0.000845335132908076,0.9886688590049744,-0.005772928707301617,-0.0015787758165970445,-14.2849702835083,106000
201.4591827392578,390.37847900390625,394.8920593261719,116.29286193847656,-393.585205078125,-388.4760437011719,-10.151012420654297,5.041833877563477,0.058900054544210434,-0.05852523446083069,0.593555212020874,1.6281195712508634e-05,0.9945735335350037,-0.002943185390904546,-0.0012707364512607455,-14.58278751373291,107000
448.7618713378906,389.8262939453125,394.762939453125,122.50576782226562,-392.95953369140625,-388.26971435546875,-9.410543441772461,4.720728397369385,0.0636892318725586,0.3576270639896393,0.5885958671569824,0.0009151630802080035,0.9832260608673096,-0.010198924690485,-0.00937611423432827,-13.743326187133789,108000
14.734537124633789,391.453857421875,395.72467041015625,361.953369140625,-394.5928649902344,-389.62896728515625,-9.627654075622559,4.6637678146362305,0.05928163602948189,0.18947212398052216,0.5872561931610107,0.00032495794584974647,0.9885890483856201,-0.005861498881131411,0.0,-13.91786003112793,109000
19.40911865234375,390.79473876953125,394.15826416015625,361.2373352050781,-394.7998046875,-389.75042724609375,-10.149380683898926,5.099991798400879,0.0612412691116333,-0.13083738088607788,0.5867048501968384,0.0007946666446514428,0.9957852959632874,-0.0021777264773845673,-0.0024910434149205685,-14.692700386047363,110000
96.41564178466797,391.4960632324219,395.8844909667969,188.5305938720703,-395.3279113769531,-390.2596435546875,-10.443804740905762,5.375540256500244,0.05673470348119736,-0.4133606255054474,0.5875582098960876,0.000786293763667345,0.9941096305847168,-0.0031206230632960796,-0.0029448135755956173,-15.121248245239258,111000
47.069454193115234,392.90338134765625,396.4313659667969,353.28717041015625,-396.8789978027344,-391.73333740234375,-10.556178092956543,5.410528659820557,0.05466173589229584,-0.5069777369499207,0.5806772708892822,0.00032154718064703047,0.9956700801849365,-0.0021917764097452164,-0.0012595548760145903,-15.483721733093262,112000
12.861518859863281,393.2093505859375,397.20794677734375,380.4725036621094,-397.1379089355469,-391.95709228515625,-10.144695281982422,4.963866710662842,0.05830025672912598,0.11305845528841019,0.585884690284729,0.0003521080070640892,0.9953659772872925,-0.0023327642120420933,-0.0011825964320451021,-14.720327377319336,113000
248.7584686279297,393.432861328125,398.3914794921875,99.0643539428711,-396.57696533203125,-391.73126220703125,-10.033829689025879,5.188127040863037,0.06168609485030174,-0.39998435974121094,0.5856903791427612,0.0013141565723344684,0.9865015745162964,-0.008957425132393837,-0.009780111722648144,-14.850262641906738,114000
132.7494659423828,395.2505187988281,400.0296325683594,175.0679931640625,-398.8732604980469,-393.80169677734375,-9.638898849487305,4.567312717437744,0.06255357712507248,0.28214603662490845,0.5843157768249512,0.0020639742724597454,0.989998996257782,-0.00525779090821743,-0.005854167975485325,-14.252286911010742,115000
113.85906219482422,395.793212890625,400.16375732421875,140.66407775878906,-399.6246337890625,-394.72808837890625,-9.887279510498047,4.9907073974609375,0.060533080250024796,0.11621266603469849,0.5826486945152283,0.0005687040975317359,0.9917634129524231,-0.004541462287306786,-0.0033765218686312437,-14.494494438171387,116000
48.1368522644043,397.5924377441406,401.6617431640625,207.3096160888672,-401.0932922363281,-396.24212646484375,-10.100157737731934,5.249000549316406,0.05668562278151512,-0.3897651433944702,0.5785951614379883,0.00036548826028592885,0.99334716796875,-0.003550011431798339,-0.003162901382893324,-14.976283073425293,117000
12.386423110961914,398.4748229980469,402.6038818359375,376.2209167480469,-402.3132019042969,-397.6343688964844,-9.32314682006836,4.644319534301758,0.061441827565431595,0.5864027142524719,0.5770971775054932,0.0008278152672573924,0.9807825088500977,-0.012020704336464405,-0.003920684102922678,-13.741897583007812,118000
12.402570724487305,399.4212646484375,403.1181640625,374.2425537109375,-402.8058166503906,-398.0836181640625,-9.37933349609375,4.657145023345947,0.05946950986981392,0.2927647829055786,0.5738325119018555,0.00014177161210682243,0.992692232131958,-0.0038221764843910933,-0.0005022052791900933,-13.92073917388916,119000
11.552714347839355,400.9934387207031,404.4412841796875,371.6912841796875,-404.66558837890625,-399.7940673828125,-9.667041778564453,4.795530319213867,0.05951393395662308,-0.014382539317011833,0.5714781880378723,5.425561539595947e-05,0.9951205253601074,-0.0024620541371405125,-0.0005263719940558076,-14.427494049072266,120000
58.4839973449707,402.571044921875,405.315673828125,200.86343383789062,-406.3149108886719,-401.4157409667969,-9.853459358215332,4.954290390014648,0.06052349507808685,-0.1415429413318634,0.5730269551277161,0.0006553289131261408,0.9893498420715332,-0.0066576311364769936,-0.005608924198895693,-14.866025924682617,121000
10.714947700500488,405.7540283203125,408.74334716796875,390.5378723144531,-409.7020568847656,-404.6324462890625,-9.416125297546387,4.346540451049805,0.06274658441543579,0.17563565075397491,0.5704002976417542,0.00015949526277836412,0.9948379397392273,-0.0026172460056841373,-0.0011638312134891748,-14.156329154968262,122000
10.281280517578125,406.5799255371094,410.1330261230469,391.8374328613281,-410.3498840332031,-405.3170166015625,-9.534431457519531,4.5015668869018555,0.05916241928935051,0.094431571662426,0.5693215727806091,1.913702544698026e-05,0.9959370493888855,-0.0020409731660038233,0.0,-14.271133422851562,123000
492.01385498046875,407.1888427734375,411.9236145019531,58.916194915771484,-409.10662841796875,-404.53021240234375,-9.156250953674316,4.579841613769531,0.06414249539375305,0.19876308739185333,0.5718145966529846,0.0003797986137215048,0.9862677454948425,-0.009232761338353157,-0.007500763982534409,-13.988140106201172,124000
12.89150619506836,408.9488525390625,412.69622802734375,394.767822265625,-412.7511291503906,-407.76727294921875,-9.829874038696289,4.846019268035889,0.05810895934700966,-0.25561127066612244,0.5665060877799988,5.644859265885316e-05,0.9956978559494019,-0.0021668276749551296,-0.00044779619202017784,-14.971944808959961,125000
9.54172134399414,412.2718200683594,415.79827880859375,401.38232421875,-415.7291564941406,-411.03228759765625,-9.649763107299805,4.952887535095215,0.0570240281522274,-0.15550577640533447,0.5611233115196228,1.4233390174922533e-05,0.996872067451477,-0.001571037108078599,0.0,-14.82876205444336,126000
92.84601593017578,412.09027099609375,415.96258544921875,150.94261169433594,-415.6649475097656,-410.94891357421875,-9.839456558227539,5.123411655426025,0.060873325914144516,-0.19081909954547882,0.568164587020874,2.905667497543618e-05,0.9921454787254333,-0.005163808818906546,-0.003976896405220032,-14.818868637084961,127000
9.150728225708008,414.79541015625,417.6427001953125,407.9881286621094,-418.7619934082031,-413.8348388671875,-9.958399772644043,5.03125,0.055577728897333145,-0.5200933218002319,0.5612561106681824,0.00012467436317820102,0.99419105052948,-0.00296513712964952,0.0,-15.143795013427734,128000
113.09420776367188,415.320556640625,419.4120788574219,136.6090087890625,-419.1373596191406,-414.3907775878906,-9.682684898376465,4.936103820800781,0.058512602001428604,-0.09333090484142303,0.5604690313339233,0.000540595268830657,0.9902790784835815,-0.006990755908191204,-0.005343459080904722,-14.732215881347656,129000
12.518355369567871,418.2696838378906,421.48284912109375,402.4134826660156,-421.4942626953125,-416.8612365722656,-9.556989669799805,4.923940658569336,0.05743395537137985,-0.044872984290122986,0.5578017234802246,2.3221531591843814e-05,0.9969720840454102,-0.0015254347817972302,0.0,-14.561986923217773,130000
203.31637573242188,418.026123046875,422.6272277832031,117.93414306640625,-420.85699462890625,-416.2605895996094,-9.274064064025879,4.677687644958496,0.06284522265195847,0.12428664416074753,0.5601100921630859,0.0009726972202770412,0.9891145825386047,-0.006751783192157745,-0.007190159987658262,-14.352173805236816,131000
326.54840087890625,418.10986328125,422.54913330078125,80.75035095214844,-420.55169677734375,-416.0047302246094,-9.092682838439941,4.545707702636719,0.06274957209825516,0.27297237515449524,0.556991696357727,0.000145963131217286,0.9850465059280396,-0.010499757714569569,-0.007265204098075628,-14.051755905151367,132000
15.192397117614746,420.6153564453125,424.3699645996094,370.4808654785156,-424.16845703125,-419.421875,-9.508767127990723,4.762185096740723,0.05583915114402771,0.19774040579795837,0.5583487749099731,0.00022212363546714187,0.9922025799751282,-0.004420264158397913,-0.0013168065343052149,-14.600379943847656,133000
15.941326141357422,420.9464111328125,424.6959228515625,389.5722351074219,-424.101806640625,-419.4637145996094,-9.210245132446289,4.572134971618652,0.05898481234908104,0.05378660559654236,0.5543534755706787,8.566174074076116e-05,0.9929965734481812,-0.0035873032175004482,-0.001289881533011794,-14.248466491699219,134000
186.06304931640625,421.5428161621094,424.96826171875,62.124755859375,-424.9393615722656,-420.25164794921875,-9.680740356445312,4.993001937866211,0.057122111320495605,-0.34481894969940186,0.5550335645675659,0.0003391421341802925,0.9863523244857788,-0.009309356100857258,-0.008043314330279827,-15.02694034576416,135000
8.692167282104492,424.42449951171875,427.2266540527344,405.5380554199219,-428.2549743652344,-423.44189453125,-9.203006744384766,4.389932632446289,0.06012215465307236,0.24327418208122253,0.5537205338478088,0.00010902085341513157,0.993277907371521,-0.003414238803088665,0.0,-14.323190689086914,136000
24.478729248046875,426.91796875,430.4734802246094,307.7396240234375,-430.5240173339844,-425.8504638671875,-9.892120361328125,5.218571186065674,0.05438196286559105,-0.42542359232902527,0.5494911670684814,0.00011957671085838228,0.9921624660491943,-0.004885624162852764,-0.003707677824422717,-15.414812088012695,137000
58.30291748046875,426.7600402832031,430.50091552734375,233.41464233398438,-429.6979675292969,-425.1664123535156,-9.41673469543457,4.885192394256592,0.058761510998010635,-0.1952991634607315,0.5501503348350525,0.00046082690823823214,0.9937906265258789,-0.0031735633965581656,-0.003652269719168544,-14.777774810791016,138000
140.40379333496094,429.555419921875,432.7702941894531,414.2707824707031,-432.9419250488281,-428.2415771484375,-9.557793617248535,4.857442855834961,0.05803671479225159,-0.16223964095115662,0.5445483922958374,7.010962144704536e-05,0.9902377128601074,-0.006504363380372524,-0.004916148725897074,-14.947576522827148,139000
13.117264747619629,430.1737060546875,434.30389404296875,403.7268371582031,-433.763671875,-429.0789794921875,-9.393892288208008,4.709196090698242,0.055856700986623764,-0.10705818980932236,0.5482012629508972,7.355750858550891e-05,0.9922865629196167,-0.0038973833434283733,-0.00043410377111285925,-14.825641632080078,140000
14.152189254760742,431.474365234375,435.25421142578125,411.7335510253906,-434.56658935546875,-429.94110107421875,-9.437874794006348,4.812370777130127,0.053527507930994034,-0.06392263621091843,0.5463942885398865,6.934972770977765e-05,0.9943751096725464,-0.0028462964110076427,0.0,-14.811685562133789,141000
456.62054443359375,430.93658447265625,435.0028076171875,220.7665557861328,-434.025146484375,-429.31976318359375,-9.425748825073242,4.720369338989258,0.06148181110620499,-0.029282091185450554,0.5458782315254211,0.0018510197987779975,0.9894253015518188,-0.00925222784280777,-0.004690716043114662,-14.764042854309082,142000
34.72606658935547,432.61309814453125,435.6626281738281,344.8116455078125,-435.6153259277344,-431.2646484375,-9.156170845031738,4.80547571182251,0.05688508227467537,0.05208173021674156,0.5438356995582581,0.00018891028594225645,0.9933137893676758,-0.004585787653923035,-0.0047742025926709175,-14.440352439880371,143000
142.4226837158203,433.8648681640625,437.88330078125,127.43434143066406,-436.84857177734375,-432.315673828125,-9.041154861450195,4.508269786834717,0.056718382984399796,0.2579438090324402,0.5418680310249329,5.084071744931862e-05,0.9897014498710632,-0.006541927810758352,-0.0035156793892383575,-14.246468544006348,144000
216.83685302734375,433.97698974609375,438.3482666015625,128.71157836914062,-436.2553405761719,-432.0855712890625,-8.537712097167969,4.367962837219238,0.06610336899757385,0.517261803150177,0.5438050627708435,0.0010535379406064749,0.9778994917869568,-0.015013781376183033,-0.012583605945110321,-13.611551284790039,145000
13.661575317382812,435.3460388183594,438.3078308105469,408.6571960449219,-438.7437744140625,-434.2089538574219,-8.946839332580566,4.412025451660156,0.05925736203789711,0.1081513911485672,0.5356554388999939,0.0001181480911327526,0.9877151250839233,-0.006321379449218512,-0.0010121552040800452,-14.37171459197998,146000
1292.0472412109375,434.4013671875,439.4432678222656,25.880565643310547,-435.5572204589844,-431.1170654296875,-8.772148132324219,4.331986427307129,0.06211724877357483,0.1911664754152298,0.5378920435905457,0.001025318750180304,0.9871817827224731,-0.007252362556755543,-0.005843242630362511,-14.085325241088867,147000
14.868791580200195,436.2179260253906,440.0577392578125,409.4282531738281,-439.3747253417969,-434.9842834472656,-9.019031524658203,4.6285881996154785,0.05721007287502289,0.12478967010974884,0.5373344421386719,0.0008875930798240006,0.9898274540901184,-0.005519185680896044,-0.0038033337332308292,-14.425124168395996,148000
11.520113945007324,439.0516662597656,441.5600891113281,415.04827880859375,-442.4156799316406,-437.87139892578125,-8.90624713897705,4.36195707321167,0.059891730546951294,0.039155036211013794,0.5374012589454651,3.058536094613373e-05,0.9948933124542236,-0.002568489406257868,0.0,-14.260095596313477,149000
10.138615608215332,440.0682373046875,443.3929138183594,417.6936950683594,-443.2196044921875,-438.75921630859375,-8.934696197509766,4.474315643310547,0.0547773577272892,0.21357953548431396,0.5346162915229797,7.566960994154215e-05,0.9932827949523926,-0.0033957483246922493,0.0,-14.204254150390625,150000
13.415336608886719,441.1797180175781,444.7151794433594,415.9451904296875,-444.4930419921875,-439.9158935546875,-9.213383674621582,4.636229038238525,0.05690166354179382,-0.12134511023759842,0.5349428057670593,7.932478183647618e-05,0.9943614602088928,-0.0028579405043274164,0.0,-14.940712928771973,151000
14.314016342163086,442.3184814453125,445.8261413574219,415.1703186035156,-445.4421691894531,-440.9220886230469,-8.629729270935059,4.109661102294922,0.06137188896536827,0.19965001940727234,0.5328381061553955,3.528776142047718e-05,0.9948006868362427,-0.0026171072386205196,0.0,-14.133700370788574,152000
10.780284881591797,443.7138671875,446.3956298828125,419.6298522949219,-446.9856872558594,-442.6517639160156,-8.670125961303711,4.336203098297119,0.0569501556456089,0.2734900712966919,0.5310859084129333,0.00014586040924768895,0.9891176223754883,-0.005569064989686012,-0.00039541959995403886,-14.104723930358887,153000
33.780643463134766,445.5872802734375,448.9042663574219,373.9017028808594,-449.5412902832031,-445.07098388671875,-8.40622615814209,3.9359183311462402,0.06270021945238113,0.45226603746414185,0.5290793776512146,0.0010703091975301504,0.9928355813026428,-0.003632803913205862,-0.004600165411829948,-13.864166259765625,154000
78.7349853515625,448.37237548828125,451.5549011230469,413.64044189453125,-451.4862365722656,-447.1048583984375,-8.867116928100586,4.485734939575195,0.05620162934064865,0.12306404858827591,0.5235981941223145,0.0011924835853278637,0.9901710152626038,-0.006078753620386124,-0.0020094208884984255,-14.399042129516602,155000
9.331916809082031,449.90478515625,452.672119140625,434.78472900390625,-453.5948791503906,-449.00390625,-8.51767635345459,3.9267055988311768,0.061958763748407364,0.2795301079750061,0.523680567741394,0.0002814284525811672,0.9967200756072998,-0.0016554101603105664,-0.0013795045670121908,-13.878216743469238,156000
252.86305236816406,451.2662048339844,455.64202880859375,119.97442626953125,-454.1593322753906,-449.80523681640625,-8.377248764038086,4.023169040679932,0.06521843373775482,0.33925530314445496,0.5260692238807678,0.002077036537230015,0.9868745803833008,-0.00994666013866663,-0.0079556405544281,-13.812456130981445,157000
11.973522186279297,452.5191345214844,455.771240234375,429.4798583984375,-455.9226379394531,-451.40350341796875,-9.05217456817627,4.533036231994629,0.057213712483644485,-0.04028572142124176,0.5261996388435364,0.000132723682327196,0.9926548004150391,-0.003804431762546301,-0.0017977015813812613,-14.74799919128418,158000
9.54002571105957,453.5122985839844,456.3522033691406,438.834716796875,-456.8203430175781,-452.4564208984375,-8.45517349243164,4.091259956359863,0.05867435038089752,0.2992590367794037,0.5249550938606262,3.9316833863267675e-05,0.9937840700149536,-0.0031275060027837753,0.0,-14.000234603881836,159000
10.776716232299805,453.6727294921875,456.947265625,427.5631408691406,-457.2378234863281,-452.61474609375,-8.900479316711426,4.277408599853516,0.057847801595926285,-0.2031026929616928,0.5153346061706543,3.8728234358131886e-05,0.9949402809143066,-0.002549036405980587,0.0,-14.872095108032227,160000
19.194242477416992,454.29669189453125,457.4482116699219,418.5957946777344,-457.3730163574219,-452.98797607421875,-8.491354942321777,4.106323719024658,0.06021517887711525,0.23263506591320038,0.5213474035263062,0.0003663653915282339,0.9935661554336548,-0.003429957665503025,-0.0024969694204628468,-13.975140571594238,161000
410.9323425292969,454.79705810546875,458.4478454589844,57.126434326171875,-457.4101867675781,-453.245849609375,-8.269705772399902,4.105368614196777,0.05971904471516609,0.41032683849334717,0.5211682319641113,0.00014146756439004093,0.986982524394989,-0.008699612691998482,-0.006191732361912727,-13.827850341796875,162000
58.90803146362305,456.536376953125,459.63946533203125,320.5115966796875,-459.5212707519531,-455.2832946777344,-8.656270980834961,4.418304443359375,0.05799363926053047,0.012381063774228096,0.5192136168479919,0.0003020508447661996,0.9868123531341553,-0.009470771998167038,-0.00524060009047389,-14.61178970336914,163000
7.7588210105896,459.817138671875,462.1579895019531,454.5467529296875,-463.3431396484375,-458.86669921875,-8.664072036743164,4.1876373291015625,0.05640583112835884,0.1262287050485611,0.5116584300994873,3.605146412155591e-05,0.9958614110946655,-0.0020870580337941647,0.0,-14.335205078125,164000
206.73477172851562,460.6189270019531,464.5460510253906,94.90618133544922,-462.9020690917969,-458.6961364746094,-8.642056465148926,4.436126708984375,0.05741041898727417,0.0385759100317955,0.5127596259117126,0.0014638566644862294,0.9971369504928589,-0.0014450133312493563,-0.0026710741221904755,-14.517602920532227,165000
88.0124282836914,462.0890197753906,466.21795654296875,220.5634765625,-464.8687744140625,-460.44879150390625,-8.474663734436035,4.054689884185791,0.06146978586912155,0.19073843955993652,0.5134062767028809,0.000147793791256845,0.9950374364852905,-0.002646032255142927,-0.001996744656935334,-14.051204681396484,166000
8.10732650756836,464.1087646484375,467.2250671386719,454.9864501953125,-467.0658874511719,-462.706787109375,-8.525815963745117,4.166716575622559,0.060261551290750504,0.3145620822906494,0.5159929990768433,6.52616799925454e-05,0.9953615665435791,-0.0023619597777724266,-0.0011257878504693508,-14.284111022949219,167000
223.81163024902344,466.008056640625,469.0283203125,262.18206787109375,-468.7867126464844,-464.62335205078125,-8.610157012939453,4.44681978225708,0.05990494042634964,0.17377245426177979,0.5093756318092346,0.0008336078026331961,0.9903879761695862,-0.0067913588136434555,-0.006595457438379526,-14.548072814941406,168000
8.970858573913574,468.7835693359375,471.0147705078125,461.01995849609375,-471.969482421875,-467.55853271484375,-8.643879890441895,4.232941627502441,0.05900571122765541,0.006054035387933254,0.5111981630325317,6.97441919328412e-06,0.9976121783256531,-0.0011973875807598233,0.0,-14.697507858276367,169000
65.75062561035156,470.5526428222656,472.8509826660156,294.7748718261719,-473.4416809082031,-469.4832763671875,-8.21663761138916,4.258224964141846,0.05970034375786781,0.30413636565208435,0.5031657218933105,2.2595033442485146e-05,0.9895780682563782,-0.008703178726136684,-0.007041666191071272,-13.88369369506836,170000
9.372671127319336,473.0068054199219,475.8585205078125,465.57073974609375,-476.28021240234375,-471.8509216308594,-8.836054801940918,4.4067583084106445,0.052637580782175064,-0.21600128710269928,0.5043256878852844,2.3592439902131446e-05,0.9958158731460571,-0.002101808786392212,-0.00014053961785975844,-14.981121063232422,171000
8.269108772277832,474.41253662109375,476.5139465332031,471.6858825683594,-477.8385314941406,-473.4486083984375,-8.817097663879395,4.427178859710693,0.058071069419384,-0.22295157611370087,0.5055021047592163,0.00043397999252192676,0.9963680505752563,-0.0018295831978321075,-0.0014608342899009585,-15.127528190612793,172000
71.99528503417969,476.11846923828125,479.6225280761719,244.4785614013672,-478.76141357421875,-474.5242919921875,-8.64080810546875,4.40369987487793,0.06014459207653999,-0.08822702616453171,0.5063484311103821,0.0034766937606036663,0.9944324493408203,-0.003095028456300497,-0.005336275789886713,-14.841169357299805,173000
340.196044921875,476.69696044921875,480.1073303222656,203.316650390625,-479.1629638671875,-474.9794921875,-8.359643936157227,4.176179885864258,0.06197097897529602,-0.017859555780887604,0.5038909912109375,0.0012907830532640219,0.9824607968330383,-0.011043651029467583,-0.005053052678704262,-14.49351978302002,174000
8.342702865600586,478.290771484375,480.774169921875,473.1951599121094,-481.3261413574219,-477.174560546875,-8.460708618164062,4.309123516082764,0.05546516552567482,0.18099024891853333,0.5041515827178955,0.00011076352529926226,0.9943357706069946,-0.002885396359488368,0.0,-14.30852222442627,175000
243.77645874023438,479.18414306640625,482.4109191894531,134.59054565429688,-481.9781494140625,-477.62274169921875,-8.558687210083008,4.203283786773682,0.055633869022130966,-0.0956529751420021,0.49390164017677307,5.408686774899252e-06,0.998029351234436,-0.00098798715043813,0.0,-14.691251754760742,176000
22.860607147216797,481.43585205078125,483.8622131347656,391.5928039550781,-484.75537109375,-480.61627197265625,-8.979156494140625,4.840053558349609,0.05465057119727135,-0.6182926297187805,0.5026995539665222,0.0001357709406875074,0.9925678968429565,-0.005842213984578848,-0.004226911347359419,-15.382851600646973,177000
6.919987201690674,484.64605712890625,487.0702819824219,480.2830505371094,-487.89111328125,-483.7438049316406,-8.415776252746582,4.268471717834473,0.05849814414978027,-0.061389245092868805,0.4979323744773865,0.0019942340441048145,0.9978913068771362,-0.0010625137947499752,-0.0035258338321000338,-14.490718841552734,178000
132.9776153564453,487.107177734375,489.8632507324219,130.9125518798828,-489.4275207519531,-485.3712463378906,-8.110795974731445,4.054521560668945,0.06183977797627449,0.23812122642993927,0.5012766122817993,0.00030964944744482636,0.9924615025520325,-0.00507622305303812,-0.004707996733486652,-13.917291641235352,179000
9.69273567199707,490.60205078125,493.56829833984375,483.76153564453125,-493.81640625,-489.4767761230469,-8.721845626831055,4.382204532623291,0.05615680292248726,-0.23304033279418945,0.49928590655326843,6.177941395435482e-05,0.9952836036682129,-0.00238849688321352,0.0,-15.24234390258789,180000
7.47457218170166,492.29266357421875,495.0384216308594,486.4844665527344,-495.4318542480469,-491.12921142578125,-8.462538719177246,4.159872055053711,0.05642344057559967,-0.03492344915866852,0.4983396530151367,6.955259595997632e-05,0.9939476251602173,-0.0030603844206780195,0.0,-14.784616470336914,181000
78.49458312988281,492.8822937011719,495.8562927246094,236.5316925048828,-495.6493225097656,-491.49774169921875,-8.18925666809082,4.037698745727539,0.06337084621191025,0.16969400644302368,0.4961359202861786,0.0005705379298888147,0.9837193489074707,-0.01080488134175539,-0.008000736124813557,-14.34347152709961,182000
8.704534530639648,495.641357421875,497.8804931640625,490.52557373046875,-499.0996398925781,-494.83544921875,-8.186469078063965,3.922272205352783,0.060401901602745056,0.2312285155057907,0.4985317885875702,5.418573709903285e-05,0.9955962896347046,-0.0022186008282005787,-0.0002818302600644529,-14.272727966308594,183000
405.3408508300781,497.4306640625,500.8811950683594,39.263370513916016,-499.67608642578125,-495.4483947753906,-8.468225479125977,4.2405500411987305,0.05824020504951477,-0.30844777822494507,0.4928285777568817,1.3813758414471522e-05,0.9967922568321228,-0.0016276590758934617,-0.0004177382215857506,-14.873013496398926,184000
487.0648193359375,498.1317138671875,501.5120849609375,45.393531799316406,-500.28472900390625,-496.2209167480469,-7.937451362609863,3.8736231327056885,0.05983497202396393,0.25143101811408997,0.49220961332321167,0.001108865370042622,0.991783618927002,-0.006538360379636288,-0.008772418834269047,-13.991988182067871,185000
285.6076354980469,497.29083251953125,500.3121337890625,214.6083526611328,-499.1953430175781,-495.13623046875,-8.162393569946289,4.10328483581543,0.06049560010433197,0.059382423758506775,0.4927179515361786,0.00036342348903417587,0.9909733533859253,-0.00563196511939168,-0.005413087084889412,-14.381117820739746,186000
7.043760299682617,499.11773681640625,501.8894958496094,494.2373352050781,-502.145263671875,-498.06103515625,-8.372682571411133,4.288466453552246,0.05429164692759514,-0.0023630387149751186,0.4925615191459656,6.740950630046427e-05,0.995602011680603,-0.002231733873486519,0.0,-14.910551071166992,187000
10.645798683166504,500.87384033203125,504.29095458984375,467.44781494140625,-504.0074462890625,-499.87286376953125,-8.283878326416016,4.149294376373291,0.057894837111234665,-0.020570285618305206,0.4841228127479553,0.0003453558892942965,0.9898154735565186,-0.007803881540894508,-0.004723247606307268,-14.804978370666504,188000
739.345947265625,501.577392578125,505.6041259765625,294.93060302734375,-503.6892395019531,-499.74981689453125,-8.183643341064453,4.244230270385742,0.05933486670255661,-0.02440120093524456,0.4877738356590271,4.275807077647187e-05,0.9890003204345703,-0.00866873562335968,-0.007216817699372768,-14.582361221313477,189000
8.469038009643555,502.2257385253906,505.2469787597656,488.9480285644531,-505.46240234375,-501.2894287109375,-8.542461395263672,4.3694891929626465,0.057091616094112396,-0.1652885377407074,0.4842035174369812,4.045371497340966e-06,0.998308002948761,-0.0008480114047415555,0.0,-14.953767776489258,190000
8.515961647033691,505.0504455566406,507.4747619628906,493.3743591308594,-508.0960693359375,-504.01763916015625,-8.238682746887207,4.160287380218506,0.061898645013570786,-0.011613568291068077,0.48338592052459717,0.00014588511839974672,0.9966690540313721,-0.0017485370626673102,-0.0009065094054676592,-14.590057373046875,191000
7.749814510345459,508.2061462402344,510.73980712890625,501.50787353515625,-511.3572082519531,-507.3165588378906,-8.452930450439453,4.412265777587891,0.05680418759584427,-0.24833397567272186,0.48378825187683105,5.469738425745163e-06,0.9973881244659424,-0.001330863800831139,-0.00039029406616464257,-14.933202743530273,192000
7.767683029174805,511.164306640625,513.560546875,505.9454345703125,-514.1788940429688,-510.0511474609375,-8.042062759399414,3.91430926322937,0.05619996413588524,0.1292804479598999,0.484555721282959,3.143031426589005e-05,0.9971835613250732,-0.0014233331894502044,-0.00025885403738357127,-14.367632865905762,193000
12.144756317138672,512.468505859375,512.8836669921875,512.0535888671875,-516.237548828125,-512.0341186523438,-8.204086303710938,4.000697612762451,0.05995290353894234,-0.10551085323095322,0.4812764525413513,0.0015036389231681824,0.991873025894165,-0.0062640393152832985,-0.0027229771949350834,-14.81048583984375,194000
7.800703048706055,515.527099609375,515.6973266601562,515.3570556640625,-519.40185546875,-515.3890380859375,-8.114768981933594,4.10191011428833,0.05380336567759514,0.08143919706344604,0.48345914483070374,5.8078499023395125e-06,0.9978960752487183,-0.0010548614664003253,0.0,-14.524194717407227,195000
9.611732482910156,518.2789306640625,518.6270141601562,517.8164672851562,-522.6700439453125,-518.5936279296875,-7.944575786590576,3.868192434310913,0.05548623576760292,0.25021064281463623,0.48385947942733765,0.000388614134863019,0.9959372282028198,-0.002055951626971364,-0.0015369657194241881,-14.292222023010254,196000
607.015380859375,521.1583251953125,522.1503295898438,205.1768341064453,-524.7978515625,-520.890869140625,-7.869697093963623,3.9627153873443604,0.05846956744790077,0.002614355180412531,0.4783879220485687,0.0007336807902902365,0.990206241607666,-0.008717736229300499,-0.005754834972321987,-14.298139572143555,197000
9.78514289855957,524.138916015625,524.5034790039062,523.7765502929688,-528.0357666015625,-523.7514038085938,-8.216726303100586,3.9323782920837402,0.05913654342293739,-0.09804374724626541,0.47476616501808167,6.298916559899226e-05,0.9955881834030151,-0.0022529861889779568,-0.00013495201710611582,-14.85853385925293,198000
7.209361553192139,526.954833984375,527.1793823242188,526.7303466796875,-530.7058715820312,-526.7667846679688,-7.693047046661377,3.753950357437134,0.05711924657225609,0.41218239068984985,0.47856295108795166,0.00042332589509896934,0.9950729608535767,-0.002478268463164568,-0.0012517807772383094,-13.927757263183594,199000
11.106571197509766,529.1162109375,529.285888671875,528.9490356445312,-532.90625,-528.986083984375,-7.920618057250977,4.000401973724365,0.05586468428373337,0.1888863444328308,0.4773426949977875,3.198826379957609e-05,0.996660590171814,-0.0016821639146655798,-0.0002955814707092941,-14.224873542785645,200000
9.308036804199219,531.3184814453125,531.6307983398438,531.0084838867188,-535.0921020507812,-531.0198974609375,-8.524858474731445,4.452645301818848,0.05298946797847748,-0.2566208243370056,0.4758915901184082,4.812234328710474e-05,0.9961668252944946,-0.0019559513311833143,-0.0001716745609883219,-15.4562349319458,201000
8.640206336975098,533.3948364257812,535.89794921875,528.5808715820312,-536.6116333007812,-532.603271484375,-8.005386352539062,3.9969804286956787,0.05689604952931404,-0.05744441598653793,0.47417569160461426,8.782438271737192e-06,0.9978545904159546,-0.0010770426597446203,0.0,-14.750137329101562,202000
8.997126579284668,535.3289794921875,537.5158081054688,524.9360961914062,-538.4928588867188,-534.5218505859375,-7.973397254943848,4.002404689788818,0.05675490200519562,0.17685605585575104,0.47591543197631836,1.781683931767475e-05,0.9977628588676453,-0.001121660927310586,-0.0003268404398113489,-14.373817443847656,203000
8.211200714111328,536.06689453125,538.6116333007812,530.8917236328125,-538.9076538085938,-535.021484375,-7.549763202667236,3.6635537147521973,0.06252116709947586,0.3375532329082489,0.47032758593559265,0.0004948690184392035,0.9909801483154297,-0.007938510738313198,-0.00654348311945796,-13.841127395629883,204000
10.23391056060791,534.9168701171875,537.99560546875,527.4656982421875,-537.7756958007812,-533.566650390625,-8.234221458435059,4.025155544281006,0.057340480387210846,-0.24733401834964752,0.4697597622871399,3.419861968723126e-05,0.9976505041122437,-0.001182802370749414,-0.0005736728198826313,-15.025636672973633,205000
10.923591613769531,537.5814208984375,540.1111450195312,527.06005859375,-540.6790161132812,-536.6643676757812,-7.780865669250488,3.7662107944488525,0.05839158967137337,0.30404534935951233,0.4672849178314209,5.5955955758690834e-05,0.9963445663452148,-0.001875539543107152,-0.00016629112360533327,-14.272834777832031,206000
27.71731948852539,536.62646484375,538.6492919921875,441.2695007324219,-540.3164672851562,-536.1871337890625,-8.25009822845459,4.120812892913818,0.055677272379398346,-0.17797842621803284,0.4698054790496826,0.00016615077038295567,0.9944285154342651,-0.0030052552465349436,-0.0013831008691340685,-15.127010345458984,207000
26.669475555419922,538.5194091796875,541.3585205078125,448.85614013671875,-541.3843994140625,-537.4947509765625,-7.870832920074463,3.981213092803955,0.05926350876688957,0.07942219823598862,0.4699733555316925,0.0013035679003223777,0.9904567003250122,-0.00800435058772564,-0.006119652651250362,-14.532004356384277,208000
7.73008394241333,540.1292724609375,542.4173583984375,532.0040283203125,-543.5473022460938,-539.3587646484375,-8.046406745910645,3.8578531742095947,0.057992782443761826,-0.04458274692296982,0.46670520305633545,4.564284608932212e-05,0.9970968961715698,-0.001463546184822917,-0.00033358100336045027,-14.874448776245117,209000
7.627193927764893,540.7159423828125,543.2515869140625,535.2772216796875,-543.7926635742188,-539.8655395507812,-8.240690231323242,4.313512802124023,0.057267241179943085,-0.26160845160484314,0.4682615101337433,2.0971423509763554e-05,0.9979045391082764,-0.0010566161945462227,-0.000499708519782871,-15.099601745605469,210000
202.6353759765625,541.331298828125,543.7210083007812,214.20712280273438,-543.8609619140625,-540.1187744140625,-7.829517364501953,4.087337017059326,0.059424009174108505,-0.11283835023641586,0.46075674891471863,6.5740432546590455e-06,0.9924370646476746,-0.00602898420765996,-0.004992095287889242,-14.492417335510254,211000
591.5767822265625,542.5720825195312,544.0142822265625,106.67108154296875,-546.1566772460938,-542.350830078125,-7.563171863555908,3.7573466300964355,0.05988864228129387,0.14037653803825378,0.4658815264701843,0.0005352774169296026,0.9924848675727844,-0.004923474974930286,-0.005294271744787693,-14.160327911376953,212000
7.974246501922607,545.5355224609375,547.084228515625,542.0560913085938,-548.591552734375,-544.493408203125,-7.995712757110596,3.897611379623413,0.05884922295808792,-0.0672791600227356,0.46546462178230286,4.680668644141406e-05,0.9951512217521667,-0.0024474170058965683,0.0,-14.839446067810059,213000
10.929183959960938,544.6151123046875,547.4851684570312,530.8818359375,-547.5270385742188,-543.6072387695312,-7.788257598876953,3.8684849739074707,0.058174505829811096,0.10698863118886948,0.4592438042163849,3.291927350801416e-05,0.9955406188964844,-0.0022516807075589895,-0.0005474953213706613,-14.558309555053711,214000
1194.2855224609375,542.9038696289062,548.0682983398438,-540.8464965820312,-544.1941528320312,-540.2242431640625,-8.227544784545898,4.257620811462402,0.05424289032816887,-0.2707824110984802,0.46222028136253357,0.00035802621277980506,0.9971290230751038,-0.0014430731534957886,-0.0016636527143418789,-15.44028091430664,215000
59.88320541381836,547.7021484375,549.8346557617188,543.87255859375,-550.76171875,-546.7802734375,-7.859519004821777,3.8780534267425537,0.0579431913793087,-0.13605733215808868,0.461468368768692,2.5211491447407752e-05,0.9961202144622803,-0.0020265523344278336,-0.0009896531701087952,-14.85334587097168,216000
6.763768196105957,549.1314697265625,551.4202880859375,541.9300537109375,-551.8997802734375,-547.999755859375,-7.941185474395752,4.041110038757324,0.05923452973365784,-0.1456073522567749,0.4604397714138031,0.00033015836379490793,0.9946978092193604,-0.0027787245344370604,-0.0013870005495846272,-15.003238677978516,217000
9.759613037109375,550.5108642578125,553.0919799804688,542.7460327148438,-553.2244262695312,-549.2998046875,-7.603843688964844,3.6791799068450928,0.05885758250951767,0.1513323336839676,0.45417264103889465,0.00022139183420222253,0.9937827587127686,-0.0033725975081324577,-0.002301976317539811,-14.487218856811523,218000
7.077333927154541,551.4540405273438,554.0448608398438,544.1920166015625,-554.101806640625,-550.087890625,-8.249542236328125,4.235597133636475,0.05395325645804405,-0.356118381023407,0.45780691504478455,1.1797809747804422e-05,0.996924877166748,-0.0015434488886967301,0.0,-15.386575698852539,219000
7.14663553237915,552.85107421875,553.76953125,549.4810791015625,-556.042724609375,-552.2488403320312,-7.373648166656494,3.579782009124756,0.05884521082043648,0.45057111978530884,0.4565179944038391,2.7546326236915775e-05,0.9959506988525391,-0.002038253704085946,0.0,-14.056533813476562,220000
6.381389141082764,554.264404296875,556.6233520507812,551.0360717773438,-556.9122924804688,-553.1373901367188,-7.465070724487305,3.690169334411621,0.059638723731040955,0.2078367918729782,0.4540368616580963,2.281124034198001e-05,0.9961695671081543,-0.0019237769301980734,-0.00018743652617558837,-14.137104034423828,221000
11.156257629394531,552.9581909179688,554.4182739257812,545.4677124023438,-555.6898193359375,-551.625732421875,-8.121410369873047,4.0572967529296875,0.05246391147375107,-0.4053838849067688,0.4446023404598236,0.00017915891658049077,0.997314453125,-0.0013461341150105,-0.0008421322563663125,-15.433234214782715,222000
7.836802005767822,556.6141357421875,557.7272338867188,552.3668823242188,-559.923095703125,-555.9415283203125,-7.961831569671631,3.980297565460205,0.054435763508081436,-0.30573076009750366,0.452960729598999,2.001680331886746e-05,0.9963159561157227,-0.0018518965225666761,0.0,-15.17410945892334,223000
9.789910316467285,558.9126586914062,561.1426391601562,553.5602416992188,-561.2490234375,-557.4212646484375,-7.986364364624023,4.158619403839111,0.05327535793185234,-0.21783749759197235,0.45299971103668213,1.087376949726604e-05,0.9966645836830139,-0.0016731233336031437,0.0,-15.356691360473633,224000
7.5823187828063965,559.2825927734375,561.8977661132812,553.2344970703125,-562.28662109375,-558.356201171875,-7.79927921295166,3.8688130378723145,0.05726763978600502,-0.1237085610628128,0.4543808400630951,1.0168560038437136e-05,0.9969606399536133,-0.001524725230410695,0.0,-14.923304557800293,225000
74.68434143066406,560.2435302734375,562.3013305664062,371.9911193847656,-563.3148193359375,-559.6337890625,-7.184447288513184,3.503444194793701,0.06036728248000145,0.5139625072479248,0.4535202085971832,0.000738341361284256,0.9906861782073975,-0.0067661781795322895,-0.007423195522278547,-13.904264450073242,226000
7.26497745513916,562.0668334960938,563.8305053710938,558.102294921875,-565.1009521484375,-561.2484130859375,-7.772869110107422,3.9203460216522217,0.05616044998168945,-0.062019672244787216,0.4501463770866394,5.992081241856795e-06,0.997487485408783,-0.0012592414859682322,0.0,-14.92056655883789,227000
8.824457168579102,564.012939453125,565.1712646484375,561.1006469726562,-567.3289794921875,-563.5650634765625,-7.5782060623168945,3.8142788410186768,0.056776098906993866,0.028296219184994698,0.4476916790008545,0.00018158058810513467,0.9963173866271973,-0.0018798038363456726,-0.0015685328980907798,-14.579988479614258,228000
6.834127426147461,564.986083984375,566.9799194335938,559.5623168945312,-567.9951171875,-564.2801513671875,-7.365285873413086,3.6503231525421143,0.05688928812742233,0.21938659250736237,0.4517229199409485,4.039089981233701e-05,0.9968723058700562,-0.0015737747307866812,-0.000359043333446607,-14.209376335144043,229000
6.183622360229492,567.0643310546875,569.6544799804688,563.2257080078125,-569.7456665039062,-566.0352172851562,-7.554922103881836,3.8444714546203613,0.05459204688668251,0.1799469292163849,0.4438193738460541,8.715139119885862e-05,0.9943749904632568,-0.002855081809684634,0.0,-14.446015357971191,230000
6.906871795654297,569.2611083984375,570.2793579101562,566.7291259765625,-572.5149536132812,-568.7001342773438,-7.65648078918457,3.841661214828491,0.05355258285999298,-0.018467621877789497,0.4499747157096863,7.149361772462726e-05,0.9937543869018555,-0.003158017061650753,0.0,-14.754600524902344,231000
110.74024200439453,569.3717041015625,570.7673950195312,344.3890686035156,-572.01025390625,-568.1383056640625,-7.401386260986328,3.5294437408447266,0.058640480041503906,0.09060630202293396,0.44516754150390625,3.174391167704016e-05,0.9957914352416992,-0.0021144503261893988,-0.00024067431513685733,-14.30111312866211,232000
8.491012573242188,570.9345092773438,573.0339965820312,564.7889404296875,-573.733642578125,-569.9362182617188,-7.1557769775390625,3.3583271503448486,0.06112966313958168,0.2767675817012787,0.4426115155220032,1.658917790337e-05,0.997158944606781,-0.0014291249681264162,-7.990975063876249e-06,-13.942375183105469,233000
7.086668491363525,571.8468017578125,574.1814575195312,567.7584228515625,-574.8623657226562,-571.1099243164062,-7.686663627624512,3.9342257976531982,0.05504179745912552,-0.1976504623889923,0.4416236877441406,0.00018465917673893273,0.9969297647476196,-0.001547922845929861,-0.0014254602137953043,-14.948448181152344,234000
203.89952087402344,570.899658203125,573.527587890625,244.6447296142578,-573.6704711914062,-569.8936767578125,-7.758345127105713,3.981572151184082,0.059756431728601456,-0.19790323078632355,0.4453375041484833,0.003823007456958294,0.9912059903144836,-0.0058117699809372425,-0.007678251247853041,-15.17805004119873,235000
79.88296508789062,570.7716064453125,573.1176147460938,325.488037109375,-573.7465209960938,-570.0777587890625,-7.690680980682373,4.021893501281738,0.056300852447748184,-0.3409423828125,0.4415360391139984,0.00024121819296851754,0.9841102361679077,-0.011080902069807053,-0.005561137106269598,-15.23263931274414,236000
432.1348571777344,570.82861328125,574.2333984375,127.5679702758789,-572.2301025390625,-568.57177734375,-7.022459030151367,3.3641104698181152,0.06339967995882034,0.1594364494085312,0.4425399601459503,0.0009086047066375613,0.9874322414398193,-0.006884916219860315,-0.0040428838692605495,-13.825546264648438,237000
71.76284790039062,572.2025146484375,575.0037231445312,354.73974609375,-574.6231689453125,-571.0194091796875,-7.142659664154053,3.5388588905334473,0.063510000705719,0.15948951244354248,0.44182223081588745,0.0011180250439792871,0.9901186227798462,-0.007408895529806614,-0.008065816946327686,-14.16015625,238000
22.082469940185547,573.3765258789062,575.7689208984375,463.3899841308594,-576.0614013671875,-572.5157470703125,-7.072693347930908,3.5270416736602783,0.06008294224739075,0.21689864993095398,0.43867239356040955,5.099054760648869e-05,0.9918085932731628,-0.006795331370085478,-0.00628266017884016,-14.061843872070312,239000
8.482412338256836,575.1829223632812,576.4937744140625,573.10498046875,-578.0242309570312,-574.6102905273438,-6.614174842834473,3.2002644538879395,0.0651499330997467,0.46327289938926697,0.4381429851055145,5.8593992434907705e-05,0.9912378787994385,-0.005926765967160463,-0.004245480988174677,-13.102144241333008,240000
77.80226135253906,575.941162109375,578.7627563476562,331.09686279296875,-578.744873046875,-575.2506103515625,-7.106728553771973,3.6125147342681885,0.06144403666257858,-0.007301740814000368,0.4376703202724457,0.0007137851207517087,0.9843831062316895,-0.014265665784478188,-0.01039041206240654,-14.313689231872559,241000
7.216754913330078,577.6273803710938,580.0391845703125,573.3541870117188,-580.3426513671875,-576.6229248046875,-7.338648319244385,3.6188764572143555,0.05644651874899864,0.10376591235399246,0.4390755891799927,3.605975507525727e-06,0.9983763694763184,-0.0008136050309985876,0.0,-14.650796890258789,242000
503.6805114746094,578.4735107421875,581.6892700195312,206.24192810058594,-580.4209594726562,-576.8937377929688,-7.42324686050415,3.895987033843994,0.05782856047153473,-0.16914930939674377,0.43227407336235046,0.0026234022807329893,0.9937179684638977,-0.004387385211884975,-0.006795565132051706,-14.806589126586914,243000
9.745304107666016,580.3754272460938,581.0001220703125,578.5958251953125,-583.7747802734375,-580.24072265625,-7.100503921508789,3.566466808319092,0.06129363179206848,0.049019526690244675,0.43624576926231384,0.0017055835342034698,0.9912612438201904,-0.006967227905988693,-0.00489645404741168,-14.298053741455078,244000
37.59514236450195,579.8635864257812,582.946044921875,411.91680908203125,-582.2777709960938,-578.7037353515625,-6.777077674865723,3.2030797004699707,0.061802975833415985,0.5045841932296753,0.4309679865837097,0.00015004743181634694,0.9930717945098877,-0.004499624948948622,-0.003684582421556115,-13.627429962158203,245000
7.342256546020508,579.5634765625,582.7369384765625,574.9983520507812,-582.0541381835938,-578.3773193359375,-7.4531025886535645,3.7763044834136963,0.05713920667767525,-0.08763132244348526,0.4309190511703491,3.230625588912517e-05,0.9975886940956116,-0.0012121612671762705,-0.00028193392790853977,-14.885376930236816,246000
8.667681694030762,580.1082153320312,582.5999145507812,559.2131958007812,-582.885009765625,-579.2869873046875,-7.044163227081299,3.4461464881896973,0.06195860728621483,0.18086645007133484,0.43543004989624023,0.0004700378340203315,0.9947670698165894,-0.002902480075135827,-0.0034169796854257584,-14.134531021118164,247000
268.9763488769531,579.3135375976562,583.5389404296875,364.2914733886719,-580.3568115234375,-576.9144897460938,-7.122816562652588,3.6804890632629395,0.06324836611747742,-0.07183479517698288,0.4325036108493805,0.0020867653656750917,0.9893803596496582,-0.008584924973547459,-0.01083954144269228,-14.4652681350708,248000
8.291654586791992,580.4110107421875,581.3045654296875,578.6676025390625,-583.7501220703125,-580.0409545898438,-7.360736846923828,3.651561975479126,0.055189117789268494,0.044500164687633514,0.4270533323287964,4.296863335184753e-05,0.9960320591926575,-0.0020050029270350933,0.0,-14.85268497467041,249000
16.616657257080078,581.4828491210938,582.0916137695312,507.635498046875,-585.0731201171875,-581.419189453125,-7.554165840148926,3.9002063274383545,0.057396937161684036,-0.23044191300868988,0.431845098733902,0.0011309412075206637,0.9941458702087402,-0.003120316192507744,-0.003351364051923156,-15.272516250610352,250000
9.055335998535156,581.8577270507812,584.2649536132812,572.7393798828125,-585.19189453125,-581.5047607421875,-7.35211706161499,3.6649575233459473,0.056466955691576004,-0.012247991748154163,0.4259500801563263,0.00011484714195830747,0.9939689636230469,-0.003191627562046051,-0.0005870917229913175,-14.853238105773926,251000
20.190185546875,584.0321044921875,585.8661499023438,508.3799133300781,-587.3080444335938,-583.697509765625,-7.127140045166016,3.5166163444519043,0.05767350271344185,0.17770014703273773,0.42431512475013733,0.00010080986248794943,0.9970151782035828,-0.0015117182629182935,-0.0010482784127816558,-14.395855903625488,252000
6.120473861694336,585.0281982421875,587.1963500976562,580.3561401367188,-587.7850341796875,-584.2089233398438,-7.214356899261475,3.638274908065796,0.05952354893088341,0.07700973004102707,0.42598289251327515,2.860188396880403e-05,0.9970072507858276,-0.0015104569029062986,0.0,-14.570271492004395,253000
7.914856910705566,585.8211669921875,588.5789794921875,579.0289306640625,-589.0275268554688,-585.3975830078125,-7.102121353149414,3.4721574783325195,0.0590398944914341,0.043384138494729996,0.42722970247268677,5.9284087910782546e-05,0.9972323775291443,-0.001393239013850689,-0.0005918852402828634,-14.370606422424316,254000
6.792484283447266,586.94775390625,588.532958984375,583.779541015625,-589.8170166015625,-586.1956787109375,-7.3467535972595215,3.7253923416137695,0.0559094175696373,0.016662199050188065,0.4273110330104828,1.9257759049651213e-05,0.9971427321434021,-0.0014368090778589249,-0.000406588485930115,-14.9397554397583,255000
6.633461952209473,588.0126953125,590.1041870117188,582.724853515625,-591.0783081054688,-587.3856201171875,-7.267532825469971,3.5748255252838135,0.05632701516151428,-0.12728165090084076,0.42173442244529724,1.4274989553086925e-05,0.9961251020431519,-0.0019445607904344797,0.0,-14.852813720703125,256000
1016.3983764648438,589.5906372070312,592.195068359375,426.807373046875,-592.1749877929688,-588.7333374023438,-7.222400188446045,3.780750274658203,0.05981259420514107,-0.23652809858322144,0.4237769544124603,0.0007581544341519475,0.9892314672470093,-0.008029939606785774,-0.0039229425601661205,-14.830827713012695,257000
88.83354187011719,590.6483764648438,593.1350708007812,327.4344787597656,-592.6279296875,-589.3057861328125,-7.0239667892456055,3.701838970184326,0.058130618184804916,-0.06154623255133629,0.4247058033943176,0.00016855550347827375,0.9891219139099121,-0.009786447510123253,-0.008725733496248722,-14.572818756103516,258000
6.081387042999268,591.8349609375,592.84375,588.7300415039062,-594.8760986328125,-591.228759765625,-7.21195125579834,3.5646562576293945,0.056310057640075684,-0.03482028469443321,0.4197324514389038,1.0163082151848357e-05,0.9972663521766663,-0.0013718724949285388,0.0,-14.805201530456543,259000
6.5275115966796875,593.398193359375,595.7365112304688,589.4384155273438,-595.9249877929688,-592.392822265625,-7.028017997741699,3.495819330215454,0.05856829509139061,-0.07749326527118683,0.41787296533584595,0.00027538483846001327,0.9917677044868469,-0.005909471772611141,-0.0034264528658241034,-14.56895637512207,260000
6.67112922668457,591.9424438476562,594.8734741210938,585.8240356445312,-594.38623046875,-590.7403564453125,-7.199952602386475,3.554063081741333,0.056872397661209106,-0.024154970422387123,0.4214809834957123,8.970393537310883e-06,0.9974714517593384,-0.0012687599519267678,0.0,-14.79534912109375,261000
7.4689435958862305,592.7438354492188,593.1631469726562,590.44482421875,-596.1304321289062,-592.51953125,-7.464349269866943,3.8534438610076904,0.0553363561630249,-0.2952814996242523,0.4205758273601532,1.3759850844508037e-05,0.9983789920806885,-0.0008172662928700447,0.0,-15.298212051391602,262000
5.996348857879639,593.8715209960938,596.189697265625,590.0947265625,-596.40869140625,-592.9837646484375,-7.126488208770752,3.701538324356079,0.057204414159059525,-0.12956930696964264,0.41950371861457825,1.6700478226994164e-06,0.9987791180610657,-0.0006112616392783821,0.0,-14.686442375183105,263000
1021.6326904296875,592.35791015625,595.27587890625,292.884033203125,-594.4260864257812,-590.978271484375,-7.19854211807251,3.750746011734009,0.05974936485290527,-0.18719232082366943,0.41662120819091797,0.0005118825938552618,0.9919787645339966,-0.007268802262842655,-0.008750345557928085,-15.085042953491211,264000
581.6314697265625,594.0294189453125,596.7622680664062,223.78411865234375,-596.2427368164062,-592.948486328125,-6.764225006103516,3.4699580669403076,0.060761913657188416,0.14793184399604797,0.419056236743927,0.00010344335169065744,0.990561306476593,-0.008353733457624912,-0.00694990111514926,-14.195011138916016,265000
6.721761703491211,594.4934692382812,596.9794921875,583.00390625,-596.9710693359375,-593.5267333984375,-7.113480567932129,3.6691153049468994,0.05979986861348152,0.01282858569175005,0.4136092960834503,6.517893052659929e-05,0.9973061084747314,-0.00135751161724329,-0.0004149290907662362,-14.661179542541504,266000
3823.199462890625,592.552490234375,595.3941650390625,47.40675735473633,-593.7481689453125,-590.6857299804688,-6.435968399047852,3.3735451698303223,0.06438323855400085,0.09430186450481415,0.41161873936653137,0.004456270951777697,0.9779407382011414,-0.02080635167658329,-0.02609892748296261,-13.739428520202637,267000
5.942885398864746,595.7459716796875,597.8577880859375,588.320068359375,-598.4136962890625,-594.9302978515625,-6.920069217681885,3.43664813041687,0.05779104307293892,-0.04734306409955025,0.40145981311798096,7.995681698957924e-06,0.9973666071891785,-0.0013229574542492628,-8.766319660935551e-05,-14.558307647705078,268000
6.873763084411621,596.2867431640625,598.7817993164062,588.8657836914062,-598.763671875,-595.30419921875,-7.108364105224609,3.648869276046753,0.05553495138883591,0.03206771984696388,0.41455328464508057,6.090033821237739e-06,0.9967877864837646,-0.0016296454705297947,-0.000343744846759364,-14.968814849853516,269000
6.45877742767334,596.2626953125,598.1748657226562,590.8760375976562,-599.0835571289062,-595.478271484375,-7.159788608551025,3.5545225143432617,0.05546189844608307,-0.007715258281677961,0.41212278604507446,5.293648428050801e-06,0.9978207945823669,-0.0010922327637672424,0.0,-15.074845314025879,270000
6.381986618041992,597.5669555664062,599.9949951171875,593.62744140625,-600.1463012695312,-596.5665283203125,-6.912742614746094,3.332946300506592,0.05822715908288956,0.0842544212937355,0.4105398654937744,5.668010635417886e-05,0.9981459379196167,-0.0009287545690312982,-0.0004576682695187628,-14.553733825683594,271000
300.1205749511719,594.8262939453125,597.90966796875,126.99756622314453,-597.0672607421875,-593.584716796875,-6.6418681144714355,3.1592721939086914,0.06219852715730667,0.04295505955815315,0.410476952791214,1.4266485777625348e-05,0.9966691136360168,-0.0016725374152883887,0.0,-14.09047794342041,272000
8.25645923614502,596.2661743164062,599.2369995117188,563.7223510742188,-598.5668334960938,-595.19921875,-6.660495281219482,3.2929067611694336,0.060645341873168945,0.2600747048854828,0.4126960337162018,2.2674301362712868e-05,0.995110273361206,-0.0024610478430986404,-0.00032244116300716996,-13.97535514831543,273000
7.7660417556762695,596.7891845703125,599.568115234375,587.6068725585938,-599.2020874023438,-595.6719970703125,-6.761934280395508,3.231884717941284,0.057197455316782,0.152265727519989,0.40663114190101624,5.320682976162061e-05,0.9932585954666138,-0.0034146648831665516,-0.0006561279296875,-14.401415824890137,274000
6.008884429931641,596.3402099609375,598.578125,588.4645385742188,-598.7614135742188,-595.3828125,-6.837161064147949,3.458570957183838,0.056384239345788956,-0.12405132502317429,0.4036763906478882,0.0010889779077842832,0.9951497316360474,-0.00250736135058105,-0.0028559942729771137,-14.48942756652832,275000
6.80304479598999,595.6461181640625,598.5828247070312,587.4645385742188,-598.1925048828125,-594.566162109375,-7.549259662628174,3.9229273796081543,0.052466344088315964,-0.5114936828613281,0.40478336811065674,0.0003300519601907581,0.9935154318809509,-0.0034307041205465794,-0.00014273582200985402,-16.00400161743164,276000
726.6317749023438,595.3944091796875,598.7955932617188,144.7587127685547,-597.9482421875,-594.5127563476562,-6.69101095199585,3.2555694580078125,0.06063622608780861,-0.01358366385102272,0.4069584608078003,0.00028035827563144267,0.9880771636962891,-0.009654604829847813,-0.007453821133822203,-14.274155616760254,277000
8.52031135559082,595.0999755859375,597.5274658203125,583.1853637695312,-597.5955810546875,-594.182861328125,-6.931384086608887,3.518676280975342,0.05945179611444473,-0.01035743672400713,0.4083966612815857,4.2818704969249666e-05,0.9941860437393188,-0.002928192028775811,0.0,-14.69297981262207,278000
6.937955856323242,597.0159912109375,599.3468017578125,593.7574462890625,-599.5999145507812,-596.117919921875,-6.727452278137207,3.24550461769104,0.05824875086545944,0.13004544377326965,0.4023301303386688,2.9671045922441408e-05,0.9948031902313232,-0.0026131602935492992,0.0,-14.310574531555176,279000
8.561220169067383,599.4096069335938,599.83935546875,598.9843139648438,-602.570068359375,-598.995849609375,-6.885909080505371,3.311706304550171,0.05505412444472313,-0.02201274037361145,0.4051089286804199,5.033969500800595e-05,0.9951866865158081,-0.0024312788154929876,0.0,-14.883668899536133,280000
7.557512283325195,600.2785034179688,601.2046508789062,596.5670776367188,-603.4277954101562,-599.9935913085938,-6.741836071014404,3.307605028152466,0.05640549585223198,0.13702715933322906,0.40402597188949585,5.760799831477925e-05,0.9966074228286743,-0.0017026641871780157,-0.00045932779903523624,-14.388699531555176,281000
10.498970031738281,602.6884765625,604.4031372070312,601.3809814453125,-604.703369140625,-601.3326416015625,-7.091185569763184,3.720475435256958,0.05605044215917587,-0.24596284329891205,0.40242329239845276,1.7088710592361167e-05,0.9962376952171326,-0.0018896618857979774,0.0,-15.36679458618164,282000
11.074341773986816,605.515625,607.6048583984375,603.7365112304688,-607.2943115234375,-603.7957763671875,-6.846500396728516,3.3479485511779785,0.060515355318784714,0.13299432396888733,0.4010399580001831,0.00019518400949891657,0.9975569248199463,-0.001224977895617485,-0.0008650991367176175,-14.55496597290039,283000
6.2812347412109375,605.6859130859375,607.7214965820312,596.6283569335938,-608.3876342773438,-604.8822021484375,-7.0867919921875,3.581329822540283,0.055650494992733,-0.04422307014465332,0.40179699659347534,1.7690323147689924e-05,0.997252345085144,-0.0013813261175528169,-0.00015013925440143794,-15.15908432006836,284000
5.990487575531006,606.652587890625,608.5534057617188,590.836181640625,-609.2828369140625,-605.9317626953125,-6.781961917877197,3.4309184551239014,0.05837203562259674,-0.1466647982597351,0.3999781012535095,3.104178904322907e-05,0.9916249513626099,-0.006198646035045385,-0.004938454832881689,-14.825956344604492,285000
732.1134643554688,606.0386962890625,609.313720703125,88.42998504638672,-608.0413208007812,-605.0089111328125,-6.530032634735107,3.4976353645324707,0.06342480331659317,-0.007375845219939947,0.39510178565979004,0.00031711318297311664,0.9875296354293823,-0.011613636277616024,-0.007841313257813454,-14.417295455932617,286000
1402.347412109375,607.8883666992188,609.9328002929688,585.066650390625,-609.0945434570312,-605.7971801757812,-6.379837512969971,3.082442283630371,0.06092831864953041,0.3261672854423523,0.40213775634765625,0.00893584918230772,0.9869714379310608,-0.011741770431399345,-0.003647582372650504,-13.993839263916016,287000
9.835695266723633,608.3820190429688,610.3785400390625,588.921875,-610.4523315429688,-607.01708984375,-7.036198139190674,3.6009769439697266,0.05173592269420624,-0.18005692958831787,0.39752838015556335,3.930755156034138e-06,0.9981162548065186,-0.000943852704949677,0.0,-15.075400352478027,288000
813.5534057617188,609.92822265625,613.2512817382812,213.7625274658203,-611.8717041015625,-608.706298828125,-6.4205322265625,3.255134344100952,0.06145859509706497,0.0602244958281517,0.3973946273326874,0.007794351316988468,0.9931719303131104,-0.004351286683231592,-0.01078991312533617,-14.010801315307617,289000
49.51005935668945,610.8541870117188,612.7220458984375,604.445068359375,-613.146484375,-609.8975830078125,-6.675631046295166,3.426764726638794,0.05800512805581093,0.011165655218064785,0.39863619208335876,0.000378346856450662,0.9962424039840698,-0.0019038268364965916,-0.0015999639872461557,-14.589078903198242,290000
6.674969673156738,611.9656982421875,613.972412109375,605.8950805664062,-614.708984375,-611.394287109375,-6.760072231292725,3.4453680515289307,0.05372835695743561,-0.10837050527334213,0.3946027159690857,0.0001221867569256574,0.9953509569168091,-0.002380386460572481,-0.00015413259097840637,-14.727677345275879,291000
5.520398139953613,613.0006713867188,614.4204711914062,608.9651489257812,-615.7980346679688,-612.4036865234375,-6.901400566101074,3.507072925567627,0.054825309664011,-0.14764229953289032,0.39716097712516785,1.4272380212787539e-05,0.9963114857673645,-0.0018513486720621586,0.0,-15.153266906738281,292000
730.4619140625,613.4539184570312,617.348388671875,49.35430908203125,-614.8809814453125,-611.613525390625,-6.422671318054199,3.1552321910858154,0.06345760077238083,-0.12041760236024857,0.3925950825214386,0.005104098469018936,0.9906395673751831,-0.007954690605401993,-0.01088044699281454,-14.307395935058594,293000
7.083988189697266,614.6637573242188,616.528076171875,608.775390625,-617.2413940429688,-613.9560546875,-6.592652797698975,3.3073222637176514,0.055458202958106995,0.01158228050917387,0.3916868567466736,9.016827243613079e-05,0.9967606067657471,-0.0016249255277216434,-0.0005587700288742781,-14.462851524353027,294000
320.05950927734375,615.298583984375,617.5512084960938,267.5281677246094,-617.8726806640625,-614.7186889648438,-6.432855129241943,3.2788894176483154,0.05829963460564613,0.044969845563173294,0.39626556634902954,0.00022653507767245173,0.9902918338775635,-0.008053122088313103,-0.007503182627260685,-14.363069534301758,295000
8.324738502502441,616.9122314453125,617.2069091796875,616.71875,-620.1434326171875,-616.7536010742188,-6.845821857452393,3.455984115600586,0.05722162872552872,-0.10932774096727371,0.39060458540916443,0.00011919414828298613,0.9952627420425415,-0.002392096910625696,-0.0009138872846961021,-15.067025184631348,296000
115.49566650390625,618.8225708007812,620.6259155273438,487.296875,-621.0374755859375,-618.1273193359375,-6.4189229011535645,3.508777141571045,0.06075996533036232,-0.016512993723154068,0.3934928774833679,0.0002379158977419138,0.9862055778503418,-0.011816030368208885,-0.009963308461010456,-14.452032089233398,297000
6.401039123535156,619.7559814453125,621.9525146484375,616.1220092773438,-622.1340942382812,-618.8385009765625,-6.537994861602783,3.2424583435058594,0.057535991072654724,0.14696812629699707,0.39183229207992554,3.848736378131434e-05,0.9948263168334961,-0.0026059169322252274,0.0,-14.386005401611328,298000
6.18675422668457,619.7312622070312,621.916748046875,614.2356567382812,-622.2131958007812,-618.857666015625,-6.773063659667969,3.417534112930298,0.05631602555513382,-0.3626936674118042,0.39090996980667114,6.905505415488733e-06,0.9972850680351257,-0.001360905240289867,0.0,-15.031097412109375,299000
6.994238376617432,620.0283203125,620.8417358398438,614.8049926757812,-622.8941040039062,-619.6337280273438,-6.674923896789551,3.414578914642334,0.05355179309844971,-0.006879171822220087,0.38865232467651367,8.994719246402383e-05,0.9980139136314392,-0.0009948834776878357,-0.0005892477347515523,-14.767232894897461,300000
6.720236778259277,620.6063232421875,623.0228881835938,612.0399780273438,-623.2822265625,-620.0432739257812,-6.513278961181641,3.2743446826934814,0.05666737258434296,0.18594320118427277,0.39168763160705566,3.0499984859488904e-05,0.9979004263877869,-0.0010544877732172608,-0.00029129799804650247,-14.379365921020508,301000
183.2413330078125,620.2423706054688,623.4139404296875,202.84886169433594,-622.136474609375,-618.947021484375,-6.721286296844482,3.531890392303467,0.058282818645238876,-0.3528163433074951,0.3861287534236908,0.0005989002529531717,0.9907792806625366,-0.0093927551060915,-0.008509713225066662,-15.243494987487793,302000
202.72825622558594,621.795654296875,623.89453125,506.9142761230469,-623.7715454101562,-620.89697265625,-6.223300933837891,3.3487677574157715,0.05875300616025925,0.04598736763000488,0.38992470502853394,0.007369857747107744,0.9811517000198364,-0.019091809168457985,-0.009466191753745079,-14.255497932434082,303000
7.283431529998779,622.5361328125,625.06396484375,616.4505615234375,-624.5062866210938,-621.2576293945312,-6.1157450675964355,2.867082357406616,0.06374012678861618,0.336748868227005,0.38968533277511597,0.00020333874272182584,0.9946533441543579,-0.0027231192216277122,-0.002118899952620268,-13.617253303527832,304000
7.710803031921387,622.98974609375,624.3379516601562,618.19580078125,-625.9642944335938,-622.7269287109375,-6.516839981079102,3.27946138381958,0.05659033730626106,0.006522169336676598,0.38890376687049866,0.00022417883155867457,0.9962145090103149,-0.0019013604614883661,-0.0010535854380577803,-14.611710548400879,305000
12.924072265625,624.780517578125,627.4848022460938,574.7976684570312,-626.4602661132812,-623.1903076171875,-6.476877212524414,3.206885814666748,0.05884798988699913,0.10408201068639755,0.3907307982444763,1.1457697837613523e-05,0.996780514717102,-0.0016167243011295795,-5.041981421527453e-05,-14.548978805541992,306000
6.35426139831543,624.7848510742188,627.0388793945312,619.6993408203125,-626.97607421875,-623.8018798828125,-6.505692005157471,3.33147931098938,0.05585876852273941,-0.04567856714129448,0.38235023617744446,1.3122618838679045e-05,0.996929943561554,-0.0015415302477777004,0.0,-14.660398483276367,307000
7.20704984664917,625.1285400390625,627.18310546875,618.2610473632812,-627.460205078125,-624.2962036132812,-6.363243103027344,3.1992409229278564,0.057004641741514206,0.1518155336380005,0.38564634323120117,2.2575164621230215e-05,0.9956339001655579,-0.0021942616440355778,0.0,-14.280555725097656,308000
5.579239845275879,626.0302734375,627.839599609375,618.6824340820312,-628.5299072265625,-625.323974609375,-6.442277431488037,3.236304998397827,0.060425058007240295,0.19073157012462616,0.386209100484848,1.3528716408472974e-05,0.9949277639389038,-0.002663543913513422,-0.0009781945263966918,-14.516695022583008,309000
7.392348289489746,626.699462890625,628.1336059570312,623.1094360351562,-629.24951171875,-626.0731811523438,-6.496133327484131,3.319826602935791,0.0560397133231163,0.05673537403345108,0.3855801224708557,3.440463842707686e-05,0.9957540035247803,-0.0021467485930770636,-0.00028857990400865674,-14.646981239318848,310000
6.651951789855957,626.5303955078125,628.775634765625,615.6951904296875,-628.8291625976562,-625.573974609375,-6.390781402587891,3.1355931758880615,0.05954693257808685,0.04956671968102455,0.3816153407096863,0.0001630928454687819,0.9965990781784058,-0.001714577549137175,-0.0013497868785634637,-14.432188987731934,311000
5.305728912353516,627.5922241210938,629.6430053710938,623.6256713867188,-630.0634765625,-626.843505859375,-6.371432781219482,3.1514699459075928,0.058558106422424316,0.22562694549560547,0.38236942887306213,3.7546134990407154e-05,0.9967960119247437,-0.0016108470736071467,-0.0004706122854258865,-14.411832809448242,312000
6.250040054321289,629.1669311523438,631.1422729492188,624.4322509765625,-631.5482788085938,-628.4913330078125,-5.804299831390381,2.7473552227020264,0.06293357908725739,0.4069381654262543,0.3812348246574402,0.0005087245954200625,0.9912508726119995,-0.005906613077968359,-0.00582114839926362,-13.255870819091797,313000
5967.13134765625,629.592041015625,631.796142578125,626.330810546875,-630.9288330078125,-627.9374389648438,-5.992417812347412,3.001054525375366,0.06469742208719254,0.24796655774116516,0.37976840138435364,0.00037068023812025785,0.9895393252372742,-0.009468421339988708,-0.009407514706254005,-13.822117805480957,314000
5.767379283905029,629.903564453125,631.5034790039062,625.0964965820312,-632.4478149414062,-629.154541015625,-6.303843975067139,3.0105831623077393,0.05986441671848297,0.13549715280532837,0.3761034607887268,1.1131123756058514e-05,0.9967877864837646,-0.001611638581380248,0.0,-14.328559875488281,315000
125.36377716064453,629.6119384765625,631.8232421875,389.3412170410156,-632.0479736328125,-628.948974609375,-6.280429363250732,3.1814420223236084,0.06188126280903816,-0.049002621322870255,0.3805777430534363,0.0016073385486379266,0.9905928373336792,-0.00816047377884388,-0.0043861898593604565,-14.521472930908203,316000
277.380615234375,629.2015991210938,631.4379272460938,266.1081848144531,-631.892578125,-628.764404296875,-6.523281097412109,3.395056962966919,0.05895232409238815,-0.2916930615901947,0.3790777623653412,0.00032980195828713477,0.9902967810630798,-0.008575228042900562,-0.008204896003007889,-15.123358726501465,317000
7.701507568359375,629.8964233398438,632.075439453125,622.8206787109375,-631.88330078125,-628.734375,-6.404146671295166,3.2552332878112793,0.0557800829410553,0.015452231280505657,0.37891077995300293,2.635597047628835e-05,0.9957764744758606,-0.002124837599694729,0.0,-14.684551239013672,318000
402.4750061035156,629.3704833984375,631.207763671875,523.6619262695312,-631.0371704101562,-627.95361328125,-6.646243095397949,3.562664270401001,0.053877923637628555,-0.14735287427902222,0.37897247076034546,0.0004015722661279142,0.9876348972320557,-0.009695252403616905,-0.00689002824947238,-15.116615295410156,319000
482.89654541015625,629.5146484375,632.4638061523438,364.464111328125,-631.4053955078125,-628.312255859375,-6.1653056144714355,3.0721499919891357,0.05776028707623482,0.06561797857284546,0.3759557604789734,0.0003620759816840291,0.9914106726646423,-0.0059367585927248,-0.0030452515929937363,-14.250490188598633,320000
799.67138671875,629.434326171875,631.7291870117188,110.56822204589844,-631.5415649414062,-628.5463256835938,-5.93059778213501,2.9353649616241455,0.062108151614665985,0.0888020396232605,0.37535959482192993,2.8966669560759328e-05,0.9904601573944092,-0.009976960718631744,-0.008950026705861092,-13.887662887573242,321000
5.5785908699035645,630.6187744140625,632.2991943359375,627.2366333007812,-632.78857421875,-629.7078247070312,-6.371028423309326,3.290311098098755,0.054813556373119354,-0.04605565592646599,0.37328752875328064,4.736693517770618e-05,0.997726559638977,-0.0011395353358238935,-0.0005763901281170547,-14.642017364501953,322000
784.0061645507812,629.5923461914062,632.2438354492188,27.856996536254883,-631.45166015625,-628.5963745117188,-6.029236793518066,3.173936367034912,0.061640992760658264,-0.10968510061502457,0.37837865948677063,5.5066713684936985e-05,0.9859023094177246,-0.013586328364908695,-0.01288430392742157,-14.32873249053955,323000
5.760920524597168,631.5289306640625,633.33837890625,628.1715087890625,-633.8034057617188,-630.7230224609375,-6.2913994789123535,3.2109789848327637,0.054494332522153854,-0.001027395250275731,0.3739631772041321,3.3278171031270176e-05,0.9955081939697266,-0.002262396737933159,0.0,-14.619993209838867,324000
8.247678756713867,631.9969482421875,634.131591796875,605.0684204101562,-634.4629516601562,-631.2859497070312,-6.378486633300781,3.201465129852295,0.058616068214178085,-0.1649370789527893,0.37472912669181824,0.0010442512575536966,0.9961684942245483,-0.001931423437781632,-0.003136248793452978,-14.76893424987793,325000
7.765073299407959,633.3837280273438,635.2865600585938,626.0819702148438,-635.3363037109375,-632.2083129882812,-6.525585651397705,3.397576332092285,0.05469795688986778,-0.19687725603580475,0.370656818151474,7.168959564296529e-05,0.9946681261062622,-0.0026947143487632275,-0.00026950729079544544,-15.080899238586426,326000
217.88719177246094,631.048583984375,633.1359252929688,440.38079833984375,-632.3621215820312,-629.5437622070312,-6.026420593261719,3.2080790996551514,0.06524776667356491,-0.16136285662651062,0.372101753950119,9.733017941471189e-05,0.9830504655838013,-0.01543519739061594,-0.01396911684423685,-14.39593505859375,327000
6.669070720672607,632.8009033203125,634.9498901367188,615.8550415039062,-635.2676391601562,-632.1840209960938,-6.238373756408691,3.1548008918762207,0.05616927519440651,0.18723060190677643,0.3746962249279022,9.211929136654362e-05,0.9962856769561768,-0.001866582315415144,-0.0005470875184983015,-14.525094985961914,328000
245.51426696777344,632.8302001953125,635.333984375,318.65423583984375,-634.3475341796875,-631.4588623046875,-6.046062469482422,3.157433032989502,0.059778690338134766,0.08889511227607727,0.37525418400764465,3.545949948602356e-05,0.989136815071106,-0.009868122637271881,-0.007953408174216747,-14.364274978637695,329000
97.07293701171875,633.3660888671875,634.4830322265625,365.8835144042969,-635.960205078125,-632.7762451171875,-6.573964595794678,3.389991044998169,0.05613015219569206,-0.45735934376716614,0.373817503452301,3.741825639735907e-05,0.9886806011199951,-0.009543057531118393,-0.006993521936237812,-15.474924087524414,330000
6.5686540603637695,635.1124267578125,636.383056640625,627.1723022460938,-637.5216064453125,-634.5652465820312,-5.853537082672119,2.8971447944641113,0.05953296646475792,0.09004326164722443,0.36017918586730957,0.0009001988219097257,0.9883325695991516,-0.010365180671215057,-0.009855430573225021,-13.875282287597656,331000
1086.238037109375,633.7937622070312,637.4489135742188,82.59290313720703,-634.8134765625,-632.1641845703125,-5.946809768676758,3.297525405883789,0.06346125900745392,-0.17259807884693146,0.365214079618454,0.00018472640658728778,0.9825177192687988,-0.019065409898757935,-0.017676394432783127,-14.481170654296875,332000
781.59716796875,635.4503173828125,638.9515991210938,-2.694829225540161,-635.9259643554688,-633.0863647460938,-5.9375762939453125,3.097987651824951,0.059897877275943756,0.12250682711601257,0.3688952326774597,0.0011118235997855663,0.9902064204216003,-0.010388820432126522,-0.011076378636062145,-14.122653007507324,333000
6.40347957611084,637.680419921875,639.9766235351562,627.4075317382812,-639.6976318359375,-636.5106201171875,-6.4302449226379395,3.243204355239868,0.059492096304893494,-0.18586015701293945,0.3679797947406769,0.0003159021434839815,0.9959299564361572,-0.0020796027965843678,-0.001643253373913467,-15.166980743408203,334000
5.022254943847656,638.619873046875,640.2869262695312,635.286865234375,-640.947998046875,-637.8325805664062,-6.003037929534912,2.8876397609710693,0.0581243559718132,0.2512120008468628,0.3609461784362793,4.0634582546772435e-05,0.9965509176254272,-0.0017444060649722815,0.0,-14.156604766845703,335000
5.608132839202881,639.6771850585938,641.457275390625,633.2955322265625,-641.9221801757812,-638.841064453125,-6.15343713760376,3.072312831878662,0.05519808828830719,-0.04467969015240669,0.36624619364738464,6.895462138345465e-05,0.9959848523139954,-0.002051506657153368,-0.00017009997100103647,-14.578593254089355,336000
962.0340576171875,638.8150634765625,642.4193115234375,163.320556640625,-640.2457885742188,-637.6810913085938,-5.465028285980225,2.900336265563965,0.06610316038131714,0.26292407512664795,0.36695143580436707,0.007754536811262369,0.9832838773727417,-0.017793865874409676,-0.023448405787348747,-13.389615058898926,337000
7.096022605895996,641.1656494140625,641.5560913085938,640.7811889648438,-643.9144287109375,-640.8009033203125,-6.067056179046631,2.953564405441284,0.05760704725980759,0.13770990073680878,0.3656748831272125,2.675004543561954e-05,0.9972817301750183,-0.0013726383913308382,-8.002193499123678e-05,-14.473094940185547,338000
645.1363525390625,641.1793212890625,642.8616943359375,268.50897216796875,-642.8057250976562,-639.9332885742188,-5.982999324798584,3.110560894012451,0.05870792642235756,-0.11939951777458191,0.3636355698108673,7.092557552823564e-06,0.9911388158798218,-0.008407920598983765,-0.007236998062580824,-14.367268562316895,339000
499.5699462890625,641.4425048828125,644.5762329101562,152.1763458251953,-643.2487182617188,-640.4478149414062,-5.813697338104248,3.0128285884857178,0.06414591521024704,-0.08548750728368759,0.36320188641548157,0.0010065326932817698,0.9837908148765564,-0.016760002821683884,-0.018303949385881424,-14.268388748168945,340000
1316.12109375,642.9688720703125,644.7972412109375,518.074951171875,-644.162109375,-641.172607421875,-6.332093238830566,3.342573881149292,0.057052526623010635,-0.3155909776687622,0.3635123074054718,0.003036731854081154,0.9904892444610596,-0.009356061927974224,-0.0046557108871638775,-15.229803085327148,341000
8.021125793457031,643.8812255859375,643.9993286132812,643.7781372070312,-646.8182983398438,-643.78955078125,-6.270801544189453,3.2420601844787598,0.05460371822118759,-0.11749416589736938,0.35830801725387573,9.939094525179826e-06,0.9974831342697144,-0.0012622321955859661,-0.00012166603846708313,-14.86955451965332,342000
13.702306747436523,644.537109375,646.55126953125,592.0396118164062,-646.64013671875,-643.622314453125,-5.907273769378662,2.889481544494629,0.06080781668424606,0.094030000269413,0.36253049969673157,0.001948028919287026,0.9904838800430298,-0.0086351428180933,-0.004401384387165308,-14.201305389404297,343000
725.0070190429688,642.6729736328125,646.341552734375,131.41738891601562,-644.8731079101562,-642.34228515625,-5.551604270935059,3.0207300186157227,0.06575553119182587,0.14156509935855865,0.3626309037208557,0.0018901573494076729,0.9749001264572144,-0.02532615140080452,-0.023219503462314606,-13.777908325195312,344000
9.455524444580078,645.1868896484375,646.8158569335938,637.3298950195312,-647.516357421875,-644.6911010742188,-5.799333572387695,2.974081516265869,0.06523744016885757,0.20914937555789948,0.35798633098602295,0.0006626658141613007,0.9868278503417969,-0.01270392443984747,-0.009581759572029114,-14.142739295959473,345000
5.70067024230957,645.6925048828125,647.4358520507812,641.4979858398438,-648.037841796875,-644.84375,-6.13294792175293,2.9388606548309326,0.057471610605716705,-0.04176531359553337,0.3511204421520233,5.9616022554109804e-06,0.9978842735290527,-0.0010608534794300795,0.0,-14.691795349121094,346000
6.015008926391602,645.31591796875,647.2310180664062,641.4146728515625,-647.6243896484375,-644.4349365234375,-6.177873611450195,2.988416910171509,0.05832822993397713,-0.1060267835855484,0.35645878314971924,5.020152912038611e-06,0.9978451728820801,-0.001079306355677545,-8.614188845967874e-05,-14.819070816040039,347000
6.335540771484375,644.91455078125,646.86669921875,640.6603393554688,-646.9705200195312,-643.9303588867188,-6.152066707611084,3.1118991374969482,0.05724185332655907,-0.15725158154964447,0.35888242721557617,0.00017039028170984238,0.9966155886650085,-0.0017044595442712307,-0.0007581670070067048,-14.807707786560059,348000
6.3174591064453125,643.430908203125,646.0162963867188,638.4965209960938,-645.5244140625,-642.373046875,-6.191059589385986,3.03967547416687,0.056887444108724594,-0.12726514041423798,0.35697171092033386,0.00022660393733531237,0.9972370862960815,-0.0013861162588000298,-0.0009425785392522812,-14.955999374389648,349000
7.464676856994629,643.2354736328125,645.3505249023438,635.8740234375,-645.3550415039062,-642.3212890625,-6.043773651123047,3.010000467300415,0.058370936661958694,0.06861690431833267,0.35627689957618713,1.7963266145670786e-05,0.9963774085044861,-0.00182020990177989,0.0,-14.473929405212402,350000
86.4749755859375,641.9708251953125,644.4887084960938,631.2323608398438,-643.7842407226562,-640.8618774414062,-5.593795299530029,2.671431064605713,0.0645768940448761,0.3192768096923828,0.35584861040115356,0.00012910235091112554,0.9899746775627136,-0.007206591311842203,-0.006146686151623726,-13.756582260131836,351000
18.340869903564453,641.63525390625,644.1134033203125,569.3181762695312,-643.3129272460938,-640.351318359375,-5.735790252685547,2.7741854190826416,0.060388993471860886,0.29729217290878296,0.35614848136901855,0.00020255427807569504,0.9957674741744995,-0.0021334514021873474,-0.0013865944929420948,-13.896769523620605,352000
5.846103668212891,639.7922973632812,642.148681640625,625.5286254882812,-641.825927734375,-638.7991333007812,-6.193170070648193,3.1663894653320312,0.05447638779878616,-0.15979480743408203,0.35241225361824036,1.5088737200130709e-05,0.996240496635437,-0.0018872596556320786,0.0,-15.095649719238281,353000
517.8771362304688,637.2686157226562,641.1293334960938,98.00605773925781,-637.9417724609375,-635.1141967773438,-5.920395374298096,3.0928094387054443,0.05661660060286522,-0.20042011141777039,0.3460485637187958,0.0010129944421350956,0.9886042475700378,-0.009168386459350586,-0.00858986284583807,-14.6182861328125,354000
6.707942485809326,637.7855834960938,640.6088256835938,625.943603515625,-639.533935546875,-636.5203857421875,-6.177949905395508,3.164402723312378,0.05757792666554451,-0.10513944923877716,0.35399535298347473,2.545583265600726e-05,0.9952385425567627,-0.0023939970415085554,-5.8752579207066447e-05,-15.195317268371582,355000
5.4127197265625,636.44580078125,638.46630859375,626.7459716796875,-638.64306640625,-635.5521240234375,-6.1268839836120605,3.0359604358673096,0.05470093712210655,-0.06275248527526855,0.3513696491718292,0.0006788153550587595,0.9958565831184387,-0.002082322258502245,-0.001667256816290319,-14.994790077209473,356000
5.2538909912109375,637.8045654296875,639.8399047851562,633.110595703125,-639.808349609375,-636.8574829101562,-5.672804355621338,2.7219204902648926,0.05925050750374794,0.20345476269721985,0.3534894585609436,2.4737619241932407e-05,0.9966564178466797,-0.0016839975723996758,0.0,-13.931971549987793,357000
6.8595757484436035,639.1007690429688,640.6592407226562,635.0852661132812,-641.2974853515625,-638.1551513671875,-6.224701404571533,3.082406997680664,0.05557062849402428,-0.1776885688304901,0.351826936006546,4.697187614510767e-05,0.9951872229576111,-0.0024295516777783632,0.0,-15.290611267089844,358000
5.697906017303467,640.5643310546875,642.8577880859375,637.8734130859375,-642.7147216796875,-639.6065673828125,-6.102080345153809,2.99391508102417,0.05439388006925583,-0.1832035630941391,0.3493958115577698,9.645877435104921e-05,0.9940389394760132,-0.003014468355104327,-0.0003341668052598834,-15.033722877502441,359000
405.8594970703125,640.4661865234375,642.3704223632812,31.4263858795166,-642.2859497070312,-639.41748046875,-5.871119499206543,3.002645254135132,0.06063210219144821,-0.10612690448760986,0.3532853126525879,2.5492088752798736e-05,0.9897067546844482,-0.008483982644975185,-0.006634472403675318,-14.617128372192383,360000
1134.74658203125,640.1812744140625,643.8170776367188,70.96772003173828,-639.988525390625,-637.2543334960938,-5.735511779785156,3.001349449157715,0.05792070925235748,-0.02207954414188862,0.3512845039367676,0.0013723359443247318,0.9906098246574402,-0.005665457807481289,-0.0056742047891020775,-14.390451431274414,361000
5.306606292724609,643.2216796875,644.6741333007812,639.9929809570312,-645.7319946289062,-642.837158203125,-6.064743518829346,3.1699321269989014,0.05578343942761421,-0.17151860892772675,0.3520345389842987,0.0001784946070984006,0.9921832084655762,-0.003993846941739321,0.0,-15.012657165527344,362000
6.014049530029297,643.4572143554688,645.9176635742188,638.69970703125,-645.5274047851562,-642.5518798828125,-6.179540634155273,3.204035758972168,0.05685417354106903,-0.24074167013168335,0.3416259288787842,3.774279321078211e-05,0.9945797920227051,-0.0027288123965263367,0.0,-15.309576988220215,363000
9.776885986328125,644.0281982421875,646.2443237304688,636.3017578125,-646.1525268554688,-643.1776123046875,-5.752197265625,2.7772998809814453,0.05773205682635307,0.1007608100771904,0.34999820590019226,0.0002424788981443271,0.9947637319564819,-0.0026364128571003675,-0.0009014477836899459,-14.201666831970215,364000
6.76502799987793,643.1817016601562,645.7832641601562,636.1888427734375,-645.092529296875,-642.1771240234375,-5.748820781707764,2.8334524631500244,0.057529889047145844,0.16509583592414856,0.34775233268737793,3.639632632257417e-05,0.99481201171875,-0.002612010110169649,0.0,-14.156209945678711,365000
5.339911460876465,643.8870849609375,645.802734375,639.4840698242188,-645.5791015625,-642.6885986328125,-5.910433769226074,3.019977569580078,0.056939978152513504,0.016921594738960266,0.3480539917945862,3.821271820925176e-05,0.9951342344284058,-0.002451765350997448,0.0,-14.677520751953125,366000
379.49090576171875,643.989990234375,646.8980102539062,301.9273681640625,-645.0679931640625,-642.5133666992188,-4.222445011138916,1.6678621768951416,0.07357196509838104,1.3778798580169678,0.34426349401474,0.0021870266646146774,0.9897341728210449,-0.006508554331958294,-0.0089509766548872,-10.53712272644043,367000
688.2218627929688,642.9552001953125,646.493408203125,51.41408157348633,-643.4758911132812,-640.666748046875,-5.818727970123291,3.009611129760742,0.05796942859888077,-0.06294523179531097,0.34017014503479004,0.002660054713487625,0.9855804443359375,-0.009935960173606873,-0.008827184326946735,-14.684577941894531,368000
4.508418560028076,645.0498657226562,647.6092529296875,639.138427734375,-647.1731567382812,-644.2636108398438,-5.906603813171387,2.9970662593841553,0.05629416182637215,-0.0988144800066948,0.3479236364364624,0.00024746666895225644,0.9912906885147095,-0.004530601669102907,-0.0018325818236917257,-14.939555168151855,369000
5.68979549407959,645.2820434570312,647.9534912109375,639.7837524414062,-647.1991577148438,-644.2806396484375,-5.949041843414307,3.0305466651916504,0.05657855048775673,-0.00482665142044425,0.34752196073532104,1.8370232282904908e-05,0.9962273240089417,-0.001895453198812902,0.0,-14.875160217285156,370000
6.8539299964904785,644.3255615234375,646.8035278320312,635.6873168945312,-646.3460083007812,-643.4653930664062,-5.664442539215088,2.7838358879089355,0.05869731679558754,0.17948304116725922,0.34655433893203735,7.127018761821091e-05,0.9941219091415405,-0.0029785591177642345,-0.0008774418383836746,-14.160053253173828,371000
7.4117255210876465,643.2904052734375,646.305908203125,627.941650390625,-645.2717895507812,-642.345458984375,-5.902726173400879,2.976369857788086,0.05654934048652649,-0.0985477864742279,0.3428103029727936,5.240549216978252e-05,0.9948632717132568,-0.0025941128842532635,0.0,-14.75782585144043,372000
11.708096504211426,643.00390625,645.0585327148438,634.4700927734375,-645.1112060546875,-642.1663818359375,-5.861963272094727,2.917109966278076,0.05511804297566414,0.010246825404465199,0.3426555097103119,0.0001523466780781746,0.9943326711654663,-0.0028566336259245872,-0.00153456162661314,-14.757641792297363,373000
23.552711486816406,642.2993774414062,644.5928344726562,626.7102661132812,-643.6939086914062,-640.87646484375,-5.997496128082275,3.1800472736358643,0.056131511926651,-0.2572937309741974,0.3471176028251648,0.0003868843778036535,0.9907544851303101,-0.004733619745820761,-0.0017993502551689744,-15.082287788391113,374000
854.9874267578125,642.0318603515625,644.6316528320312,145.60855102539062,-643.0557861328125,-640.3807983398438,-5.585017681121826,2.910059690475464,0.06299206614494324,0.03837974742054939,0.3421979546546936,0.0008027662988752127,0.9875508546829224,-0.007705689407885075,-0.008242933079600334,-14.260704040527344,375000
6.128790855407715,643.321533203125,645.88720703125,631.9632568359375,-645.1334228515625,-642.242919921875,-5.667087554931641,2.7766387462615967,0.05758022516965866,0.054423920810222626,0.3406636416912079,6.02136533416342e-05,0.9934225082397461,-0.003318414557725191,0.0,-14.322368621826172,376000
645.1275024414062,642.004150390625,645.8322143554688,221.79885864257812,-644.2091674804688,-641.7386474609375,-5.230559349060059,2.7600111961364746,0.06223267689347267,0.12510156631469727,0.34018853306770325,0.00034984934609383345,0.979732871055603,-0.022146381437778473,-0.01801155135035515,-13.845039367675781,377000
229.3029022216797,643.5553588867188,644.6463623046875,289.5116271972656,-645.264404296875,-642.5753173828125,-5.817169189453125,3.128077745437622,0.058224644511938095,-0.19978448748588562,0.3435498774051666,0.0007356946007348597,0.9876621961593628,-0.010404979810118675,-0.005998674314469099,-14.931221961975098,378000
155.40182495117188,642.6918334960938,646.5460815429688,307.5566101074219,-644.4734497070312,-641.71630859375,-5.431588649749756,2.67445707321167,0.06280459463596344,0.12589581310749054,0.33778199553489685,0.00046970476978458464,0.9812920689582825,-0.012867401354014874,-0.011661389842629433,-14.171419143676758,379000
621.896728515625,641.4679565429688,645.4837646484375,190.1444091796875,-642.4183349609375,-639.9351806640625,-5.745513916015625,3.262359142303467,0.0573783703148365,-0.33146366477012634,0.34165897965431213,0.0005175680853426456,0.9792566895484924,-0.017985478043556213,-0.0158318430185318,-15.069181442260742,380000
9.911445617675781,641.6190185546875,644.323486328125,613.3750610351562,-643.828125,-640.8440551757812,-5.813757419586182,2.8297200202941895,0.05731925740838051,-0.08766988664865494,0.32935696840286255,0.000103171551018022,0.9928979277610779,-0.003584742546081543,-0.0007389133097603917,-14.862284660339355,381000
797.2601318359375,638.4434814453125,641.6060791015625,52.07967758178711,-639.283447265625,-636.6851806640625,-5.353327751159668,2.755078077316284,0.060455743223428726,0.09256462007761002,0.3395102620124817,0.0002806623815558851,0.9879732131958008,-0.01104612648487091,-0.009448833763599396,-13.9679594039917,382000
896.9734497070312,637.8216552734375,641.5128173828125,42.388519287109375,-638.3872680664062,-635.8984375,-5.153102397918701,2.6642749309539795,0.062372129410505295,0.19173948466777802,0.3321499526500702,0.0012104114284738898,0.9824105501174927,-0.01715165749192238,-0.01740054413676262,-13.562599182128906,383000
189.8267364501953,637.8580322265625,640.8502197265625,276.4401550292969,-639.4671020507812,-636.6602783203125,-5.771387100219727,2.9645352363586426,0.05943958833813667,-0.23108820617198944,0.33494678139686584,0.00012143078492954373,0.990534245967865,-0.008543123491108418,-0.006407243199646473,-14.907693862915039,384000
320.4501647949219,637.8091430664062,641.0445556640625,228.1381072998047,-639.586669921875,-636.783935546875,-5.690238952636719,2.887502431869507,0.06027030944824219,-0.018634852021932602,0.33951443433761597,0.00013544101966544986,0.9888825416564941,-0.007837697863578796,-0.005836074240505695,-14.665159225463867,385000
1046.255615234375,637.7637939453125,641.9024658203125,52.15721893310547,-637.746826171875,-635.074462890625,-5.541632175445557,2.8692877292633057,0.057217154651880264,0.1466289609670639,0.33805760741233826,4.910204006591812e-05,0.9893001914024353,-0.006923801265656948,-0.005461669992655516,-14.381579399108887,386000
5.45445442199707,640.7174682617188,643.1455078125,633.5509033203125,-642.5762939453125,-639.844970703125,-5.4603800773620605,2.7290685176849365,0.05729471519589424,0.1667909324169159,0.33849138021469116,0.0001684933085925877,0.9920152425765991,-0.0040382337756454945,-0.0005469456664286554,-14.074767112731934,387000
405.43109130859375,640.3322143554688,643.1832885742188,277.81927490234375,-641.7107543945312,-639.0819702148438,-5.486112117767334,2.8572819232940674,0.05791136249899864,0.08973857760429382,0.33727556467056274,0.0001498237979831174,0.9878829717636108,-0.009422363713383675,-0.0058673955500125885,-14.318344116210938,388000
104.00570678710938,639.92333984375,641.9561157226562,535.5205688476562,-641.4876708984375,-638.7603149414062,-5.415762901306152,2.6883904933929443,0.06110566481947899,0.10238968580961227,0.3356725871562958,0.0001824839855544269,0.9879872798919678,-0.009884929284453392,-0.006579668261110783,-14.147866249084473,389000
950.8740844726562,639.6386108398438,643.9807739257812,43.96608352661133,-639.2489013671875,-637.0606689453125,-4.86543607711792,2.6771745681762695,0.07055515050888062,0.11274833977222443,0.3350687623023987,0.00023371662246063352,0.9760448932647705,-0.025052247568964958,-0.02235853672027588,-13.270686149597168,390000
7.086014270782471,641.57666015625,644.251708984375,629.9089965820312,-643.2493286132812,-640.4121704101562,-5.717659950256348,2.880474090576172,0.05762891843914986,-0.18246223032474518,0.3313509523868561,0.00014997919788584113,0.9952902793884277,-0.0025069324765354395,-0.0018628359539434314,-14.847199440002441,391000
5.911104679107666,641.7264404296875,643.8065185546875,632.911865234375,-643.8043212890625,-640.90478515625,-5.555144786834717,2.655597448348999,0.06008947640657425,0.11395689100027084,0.3294702470302582,1.4661905879620463e-05,0.9966084361076355,-0.0017021873500198126,-0.00016380341548938304,-14.331708908081055,392000
5.8196120262146,641.760009765625,644.4048461914062,626.2635498046875,-643.7216186523438,-640.94287109375,-5.633689880371094,2.8549423217773438,0.05668463557958603,-0.007341119926422834,0.3323729932308197,3.248047505621798e-05,0.9956107139587402,-0.002210685983300209,0.0,-14.632866859436035,393000
416.6014404296875,640.4269409179688,643.8323974609375,278.9319763183594,-641.5930786132812,-638.67919921875,-5.745400428771973,2.8315582275390625,0.05967523902654648,-0.13888800144195557,0.3283125162124634,0.0005889476742595434,0.9889591932296753,-0.007337062619626522,-0.005955873057246208,-14.985994338989258,394000
13.37478256225586,640.1251831054688,642.4598388671875,569.3150634765625,-641.941162109375,-639.0802612304688,-5.961962699890137,3.101095199584961,0.05377469211816788,-0.35352039337158203,0.3323782682418823,0.00025164359249174595,0.993370771408081,-0.004272893536835909,-0.004448508378118277,-15.581335067749023,395000
70.75439453125,638.8693237304688,642.4223022460938,500.6023864746094,-639.644287109375,-637.1394653320312,-5.369121074676514,2.8642897605895996,0.06239129602909088,-0.06218179687857628,0.33048126101493835,0.0035053843166679144,0.9860695004463196,-0.010085824877023697,-0.015128142200410366,-14.234582901000977,396000
13.258966445922852,638.788330078125,641.3118896484375,611.6971435546875,-640.5166015625,-637.709228515625,-5.403247833251953,2.5958611965179443,0.0626717209815979,0.1611068844795227,0.33325865864753723,0.00045196624705567956,0.992963433265686,-0.003565691877156496,-0.002208889462053776,-14.088723182678223,397000
11.064029693603516,638.02197265625,640.0147094726562,613.972412109375,-639.6019897460938,-636.8948974609375,-5.416879653930664,2.7097978591918945,0.057009562849998474,0.0944044440984726,0.33061280846595764,0.000269798532826826,0.9900453686714172,-0.0050912462174892426,-0.0017768361140042543,-14.223145484924316,398000
830.3162231445312,637.241455078125,641.189697265625,109.6658706665039,-637.3889770507812,-634.9873046875,-5.3673834800720215,2.9657135009765625,0.06249495968222618,-0.07034770399332047,0.32932955026626587,0.0008830208680592477,0.9807435870170593,-0.01534888707101345,-0.010914548300206661,-14.516352653503418,399000
10.169750213623047,639.1817626953125,641.521240234375,587.3192138671875,-640.8966064453125,-638.1053466796875,-5.563385963439941,2.7721595764160156,0.05878383666276932,0.03490767627954483,0.3301490247249603,0.00015272217569872737,0.9920710325241089,-0.00403226725757122,-0.0008323665824718773,-14.685013771057129,400000
596.9657592773438,638.7673950195312,642.2068481445312,91.77349853515625,-640.2174072265625,-637.7283935546875,-5.309007167816162,2.8199808597564697,0.062241021543741226,0.01763741485774517,0.3278912603855133,0.0007583021651953459,0.9895641207695007,-0.010955948382616043,-0.0120481476187706,-14.266733169555664,401000
1408.84765625,638.8770751953125,643.3001708984375,235.21417236328125,-640.5196533203125,-638.2951049804688,-5.024916648864746,2.800335168838501,0.06913319230079651,-0.1044340580701828,0.3256513774394989,6.46627158857882e-05,0.9759773015975952,-0.028270704671740532,-0.026632359251379967,-14.012216567993164,402000
9.405313491821289,640.3057250976562,642.9623413085938,621.0584106445312,-641.885986328125,-639.1304931640625,-5.698604583740234,2.9431283473968506,0.05575823783874512,-0.15820221602916718,0.32695648074150085,9.238991879101377e-06,0.9970756769180298,-0.0014662784524261951,-0.00013632998161483556,-15.05172348022461,403000
7.4056878089904785,640.8029174804688,642.8883056640625,624.6766967773438,-642.5565185546875,-639.8103637695312,-5.520153045654297,2.7740085124969482,0.05895708501338959,-0.04315343126654625,0.32565245032310486,3.3371263270964846e-05,0.9957730770111084,-0.002129967324435711,0.0,-14.558370590209961,404000
8.681617736816406,641.181396484375,643.7657470703125,617.9627685546875,-642.7246704101562,-640.0201416015625,-5.558929443359375,2.8544247150421143,0.05558323487639427,-0.05513709783554077,0.3230448365211487,0.00010686920722946525,0.9933872222900391,-0.0033489209599792957,-0.0008389143040403724,-14.595220565795898,405000
16.471160888671875,642.5560913085938,644.6334838867188,626.3017578125,-644.3734741210938,-641.6671142578125,-5.558180809020996,2.8517801761627197,0.05492011830210686,-0.04737640917301178,0.32637345790863037,0.000380798417609185,0.9932675361633301,-0.0033991606906056404,-0.0017281390028074384,-14.707576751708984,406000
13.09299087524414,643.2381591796875,645.6498413085938,606.5419311523438,-644.8432006835938,-642.103759765625,-5.56945276260376,2.829991102218628,0.05602985993027687,-0.053788524121046066,0.3230891227722168,0.001387544209137559,0.9870009422302246,-0.00977319572120905,-0.0041087595745921135,-14.983686447143555,407000
97.46926879882812,642.8431396484375,646.2091674804688,420.1371154785156,-644.2515869140625,-641.4457397460938,-5.739892482757568,2.933997869491577,0.0553337037563324,-0.22232186794281006,0.3220002353191376,5.432549005490728e-05,0.9897975921630859,-0.006821201182901859,-0.004513823892921209,-15.347929954528809,408000
634.9932861328125,641.9130859375,645.177734375,13.687288284301758,-642.4234619140625,-639.7869873046875,-5.482577800750732,2.8461246490478516,0.05798819661140442,-0.09478650242090225,0.32357972860336304,0.0006367197493091226,0.989255428314209,-0.008014989085495472,-0.007145366165786982,-14.798662185668945,409000
4.367961883544922,644.489990234375,646.3569946289062,633.114013671875,-646.34765625,-643.6375732421875,-5.342205047607422,2.632124900817871,0.060293395072221756,0.16790877282619476,0.324145644903183,0.0002817293570842594,0.988273024559021,-0.006000073626637459,-2.8641708922805265e-05,-14.341609954833984,410000
544.35595703125,643.0159912109375,646.451904296875,66.97867584228516,-643.5160522460938,-640.8939819335938,-5.2944207191467285,2.6723532676696777,0.05549000948667526,0.08247295767068863,0.32376381754875183,0.0012272377498447895,0.9836283922195435,-0.010086141526699066,-0.004228617995977402,-14.32665729522705,411000
156.58349609375,644.769775390625,647.2763671875,360.09344482421875,-646.7881469726562,-644.30078125,-5.194884300231934,2.7075259685516357,0.05879734456539154,0.12647756934165955,0.32290732860565186,0.0007509621791541576,0.9876424670219421,-0.010710553266108036,-0.00732558686286211,-14.068218231201172,412000
29.063692092895508,645.2220458984375,647.7841186523438,561.0092163085938,-646.90234375,-644.0718994140625,-5.61571741104126,2.7852680683135986,0.05548647418618202,-0.1557067632675171,0.3220268189907074,4.057126716361381e-05,0.9938632845878601,-0.0031496998853981495,-0.0009999533649533987,-15.083291053771973,413000
5.234895706176758,647.3399658203125,648.6343383789062,644.1434326171875,-649.4412231445312,-646.6790771484375,-5.4903483390808105,2.7282397747039795,0.058513496071100235,0.0024434374645352364,0.3208315074443817,2.658712037373334e-05,0.9960030317306519,-0.002011609496548772,0.0,-14.698741912841797,414000
1301.2109375,646.61572265625,651.0110473632812,15.963898658752441,-647.58740234375,-645.8801879882812,-4.437943935394287,2.730717897415161,0.06703741103410721,-0.0042268820106983185,0.3208695352077484,0.08652304112911224,0.9752569198608398,-0.026912320405244827,-0.04809507727622986,-13.366901397705078,415000
4.730278015136719,650.2379150390625,652.3631591796875,635.965576171875,-652.0842895507812,-649.3180541992188,-5.613468170166016,2.847219705581665,0.05242915451526642,-0.060304295271635056,0.31833720207214355,0.00015904773317743093,0.9936943054199219,-0.0032244708854705095,-0.000211391641641967,-15.1021146774292,416000
6.330209732055664,651.4010009765625,653.0692138671875,643.6288452148438,-653.1503295898438,-650.4436645507812,-5.57534122467041,2.8686811923980713,0.05299753323197365,-0.17046742141246796,0.32027027010917664,1.1755923878808971e-05,0.9966772198677063,-0.0016672250349074602,0.0,-15.032289505004883,417000
7.528714179992676,652.31689453125,654.5333251953125,632.3400268554688,-654.0006103515625,-651.38037109375,-5.379611015319824,2.7593953609466553,0.05841011554002762,0.06539386510848999,0.3184928894042969,6.299253436736763e-05,0.9962476491928101,-0.0019751074723899364,-0.0014601151924580336,-14.459293365478516,418000
5.25915002822876,653.5173950195312,655.4100341796875,648.2354736328125,-654.9638671875,-652.2998046875,-5.362214088439941,2.698199510574341,0.05655624717473984,0.13559478521347046,0.31801700592041016,5.714624421671033e-06,0.9980393648147583,-0.000983168021775782,0.0,-14.397775650024414,419000
10.480560302734375,654.1683349609375,656.3173828125,608.53369140625,-655.8110961914062,-653.2471923828125,-5.144653797149658,2.5807554721832275,0.060528118163347244,0.11502572149038315,0.31633850932121277,3.330625258968212e-05,0.9903624057769775,-0.010531725361943245,-0.0089862747117877,-14.109538078308105,420000
188.94400024414062,655.1627197265625,657.4971313476562,650.4109497070312,-656.741943359375,-654.0216674804688,-5.201982498168945,2.4817090034484863,0.060826752334833145,0.16186152398586273,0.314180850982666,0.0004043614026159048,0.9957567453384399,-0.0021650977432727814,-0.0017611405346542597,-14.245244026184082,421000
371.9078369140625,655.62060546875,658.456298828125,173.08802795410156,-656.4603881835938,-653.863037109375,-5.1228251457214355,2.525467872619629,0.0586979053914547,0.14532537758350372,0.3150983452796936,0.00011522905697347596,0.9904094934463501,-0.006672306917607784,-0.0056935688480734825,-14.087656021118164,422000
5.881660461425781,657.6156005859375,659.4521484375,648.6524658203125,-659.2574462890625,-656.7147216796875,-5.418366432189941,2.875699043273926,0.05583827570080757,-0.14717553555965424,0.3157893717288971,0.001325101125985384,0.9904074668884277,-0.005302204750478268,-0.006381658837199211,-14.875608444213867,423000
4.092949867248535,659.1730346679688,660.6837768554688,648.7604370117188,-661.168212890625,-658.55419921875,-5.108365535736084,2.494338035583496,0.06010987609624863,0.1688939332962036,0.30792057514190674,0.00010021204070653766,0.9926679730415344,-0.0037353963125497103,-0.0010403102496638894,-14.009480476379395,424000
205.4326934814453,659.0072631835938,662.1793823242188,278.24468994140625,-659.8448486328125,-657.424072265625,-5.293883323669434,2.8731160163879395,0.05785806477069855,-0.2357417643070221,0.3102099299430847,0.0029266865458339453,0.9879293441772461,-0.008089082315564156,-0.00831637717783451,-14.732905387878418,425000
568.4100341796875,658.5740966796875,661.6705932617188,196.1363525390625,-659.4010620117188,-656.956787109375,-5.066994667053223,2.6227617263793945,0.06172981113195419,0.08891136199235916,0.31743913888931274,0.001767369918525219,0.9853851199150085,-0.012650620192289352,-0.012388164177536964,-14.10270881652832,426000
5.647303104400635,660.6318359375,662.4609375,656.7567138671875,-662.4287109375,-659.6939697265625,-5.484847545623779,2.750091791152954,0.054416052997112274,-0.240715891122818,0.3114631474018097,2.8732112696161494e-05,0.9954612851142883,-0.0022842243779450655,-0.0001526948035461828,-15.034406661987305,427000
8.472036361694336,660.13818359375,662.3141479492188,647.49462890625,-661.74462890625,-659.0948486328125,-5.115961074829102,2.466203212738037,0.05681506544351578,0.14706535637378693,0.31445449590682983,5.8573976275511086e-05,0.995724081993103,-0.002152067609131336,-0.0004618306120391935,-14.039285659790039,428000
12.076645851135254,657.7771606445312,660.9451904296875,637.0787963867188,-659.0252075195312,-656.4835205078125,-5.2752299308776855,2.7335097789764404,0.057509470731019974,0.11509714275598526,0.3078480064868927,0.00014485607971437275,0.9954968094825745,-0.0022733076475560665,-0.0012282357783988118,-14.497238159179688,429000
30.277639389038086,659.1785888671875,661.6259155273438,625.2166748046875,-660.6973266601562,-658.0778198242188,-5.364215850830078,2.7447030544281006,0.05489242076873779,-0.05083686113357544,0.31353792548179626,8.281253394670784e-05,0.9935413002967834,-0.00326956226490438,-0.0008025364950299263,-14.798324584960938,430000
5.533489227294922,659.9761962890625,662.3076171875,655.0234985351562,-661.6280517578125,-658.981689453125,-5.2780022621154785,2.631681442260742,0.05822701379656792,0.04176662489771843,0.310927152633667,0.00012536055874079466,0.9925400614738464,-0.004325851798057556,-0.0032501446548849344,-14.622594833374023,431000
864.3130493164062,660.0271606445312,663.5100708007812,82.04381561279297,-660.3422241210938,-657.958740234375,-5.33674955368042,2.953238010406494,0.057101622223854065,-0.1774117350578308,0.3119501769542694,0.00016631529433652759,0.9892392754554749,-0.00968647375702858,-0.008416187018156052,-15.04934310913086,432000
5.448772430419922,660.9351806640625,662.9580078125,645.6806640625,-662.6419067382812,-660.0565185546875,-4.955120086669922,2.369772434234619,0.059369318187236786,0.16253773868083954,0.31144416332244873,0.00024243933148682117,0.9928362369537354,-0.003695825347676873,0.0,-13.714710235595703,433000
6.7997236251831055,661.2950439453125,663.3650512695312,643.9817504882812,-662.90234375,-660.1779174804688,-5.305287837982178,2.580873727798462,0.05824851989746094,-0.08417164534330368,0.30866894125938416,1.6628080629743636e-05,0.995895266532898,-0.0020606499165296555,0.0,-14.637245178222656,434000
38.665855407714844,662.2232666015625,664.671630859375,645.6484985351562,-663.6476440429688,-661.0889892578125,-5.0876851081848145,2.5290284156799316,0.05780282989144325,0.07133641093969345,0.3090188503265381,0.00012099443119950593,0.9945048093795776,-0.0028820158913731575,-0.0009110060054808855,-14.142550468444824,435000
877.6965942382812,661.9417114257812,664.0032958984375,109.08354949951172,-662.8427734375,-660.384521484375,-5.382176876068115,2.923963785171509,0.05449686199426651,-0.22658143937587738,0.310131698846817,0.0004125864361412823,0.9899837970733643,-0.010218031704425812,-0.009944857098162174,-15.193044662475586,436000
290.855712890625,663.64990234375,666.02001953125,470.28424072265625,-665.3599853515625,-662.6412963867188,-5.447186470031738,2.72853422164917,0.056569360196590424,-0.16174764931201935,0.30965226888656616,0.00011144089512526989,0.9967731237411499,-0.0016192705370485783,-0.0008033778285607696,-15.11606216430664,437000
4.007622718811035,665.53662109375,666.9848022460938,660.8222045898438,-667.654052734375,-664.965087890625,-5.314518451690674,2.625537395477295,0.05466436594724655,-0.0790320560336113,0.30791935324668884,5.8886289480142295e-05,0.996544599533081,-0.0017561367712914944,0.0,-14.737706184387207,438000
22.069332122802734,666.48681640625,668.71533203125,535.1578979492188,-668.0479736328125,-665.3772583007812,-5.2688517570495605,2.5981340408325195,0.055899593979120255,-0.12553410232067108,0.30636969208717346,0.0005083687137812376,0.9938931465148926,-0.0031338506378233433,-0.0027748304419219494,-14.727785110473633,439000
83.4918212890625,666.3963623046875,668.8515014648438,443.1329650878906,-667.815185546875,-665.3545532226562,-5.1298909187316895,2.6692230701446533,0.057994693517684937,-0.027796704322099686,0.30324429273605347,0.0007088555721566081,0.9903199672698975,-0.007696483749896288,-0.008201825432479382,-14.582328796386719,440000
98.9041976928711,666.65234375,668.2930297851562,478.6434020996094,-668.2293701171875,-665.7469482421875,-5.102273464202881,2.619889497756958,0.05890021473169327,0.029259419068694115,0.3095864951610565,0.00011436134809628129,0.9885530471801758,-0.007421436719596386,-0.006269229110330343,-14.2969331741333,441000
4.900886058807373,667.9752197265625,670.0210571289062,662.6146850585938,-669.5648803710938,-666.96630859375,-5.116025924682617,2.5174436569213867,0.05599156394600868,0.021833814680576324,0.30251210927963257,5.957219400443137e-05,0.9961761236190796,-0.0019212332554161549,-0.0007375275017693639,-14.315384864807129,442000
3.5897138118743896,669.6287841796875,671.2928466796875,663.7322387695312,-671.5206909179688,-668.80322265625,-5.290002822875977,2.5725152492523193,0.0582679882645607,-0.1263689547777176,0.30567845702171326,1.9397848518565297e-05,0.9959313273429871,-0.002043964574113488,0.0,-14.890195846557617,443000
1049.582275390625,668.3734130859375,671.1370239257812,106.39669799804688,-669.2987670898438,-667.0123291015625,-4.863070011138916,2.576634645462036,0.0631355494260788,0.09447962790727615,0.3077448904514313,0.0008530343766324222,0.9855239987373352,-0.013628857210278511,-0.012343773618340492,-14.007143020629883,444000
1752.048583984375,669.3306884765625,673.1727905273438,44.62503433227539,-668.7171020507812,-666.11181640625,-5.331266403198242,2.725930690765381,0.056818731129169464,-0.12774787843227386,0.3070291578769684,0.00044910385622642934,0.9918264150619507,-0.004458619747310877,-0.0018668058328330517,-15.002707481384277,445000
952.9075317382812,672.5362548828125,675.4203491210938,208.45709228515625,-673.6004028320312,-671.2223510742188,-5.208564758300781,2.8304848670959473,0.05559953674674034,-0.1931045800447464,0.30591532588005066,0.0013905579689890146,0.9892231225967407,-0.007820463739335537,-0.007764419540762901,-14.956199645996094,446000
4.065298080444336,673.8228759765625,676.0686645507812,666.417724609375,-675.5090942382812,-672.98291015625,-5.290070056915283,2.7638909816741943,0.053497593849897385,-0.1659848690032959,0.3065689206123352,0.00036922472645528615,0.9864013195037842,-0.00697759073227644,0.0,-15.044620513916016,447000
6.225738048553467,674.859375,677.3506469726562,667.7879028320312,-676.239501953125,-673.7275390625,-5.076837062835693,2.5648598670959473,0.056048713624477386,0.02821345068514347,0.3045407235622406,0.00033225322840735316,0.9907984733581543,-0.004739074502140284,-0.0020541581325232983,-14.36509895324707,448000
41.85541534423828,675.3082275390625,677.3317260742188,532.2260131835938,-676.7691650390625,-674.29443359375,-5.033946514129639,2.559232711791992,0.060022760182619095,-0.14532792568206787,0.3016577959060669,0.0018116288119927049,0.9879993796348572,-0.012646977789700031,-0.00761573389172554,-14.640409469604492,449000
954.8118286132812,675.66015625,678.5122680664062,193.3423309326172,-676.3203735351562,-673.852294921875,-4.9943528175354,2.526250123977661,0.05845601484179497,0.06589078903198242,0.3066944479942322,0.00168670155107975,0.9922822117805481,-0.003957378678023815,-0.004523934796452522,-14.250774383544922,450000
958.3665771484375,676.128173828125,678.5116577148438,198.45050048828125,-677.67333984375,-675.3721923828125,-4.994293689727783,2.693150758743286,0.05715242028236389,-0.06120854988694191,0.3053687512874603,0.002492746105417609,0.9865740537643433,-0.0137609438970685,-0.00762174604460597,-14.609867095947266,451000
5.732994556427002,676.7200927734375,679.0946655273438,669.0238647460938,-678.3639526367188,-675.884033203125,-5.194232940673828,2.7142913341522217,0.05373864248394966,-0.047762662172317505,0.30695387721061707,5.8214041928295046e-05,0.9920497536659241,-0.004004224203526974,-6.5708068177627865e-06,-14.827301979064941,452000
5.410292625427246,677.40576171875,679.73583984375,671.3676147460938,-678.8935546875,-676.3764038085938,-5.061038970947266,2.5439062118530273,0.05731252580881119,0.09833230078220367,0.30179333686828613,4.1720639273989946e-05,0.9940275549888611,-0.0030094680842012167,-0.00013942227815277874,-14.494134902954102,453000
21.40958595275879,676.8568115234375,679.1695556640625,672.8543701171875,-678.2283325195312,-675.7335205078125,-5.004497051239014,2.509732723236084,0.05744902417063713,0.020565344020724297,0.30207666754722595,0.002200077520683408,0.989836573600769,-0.007517317309975624,-0.00324906874448061,-14.524271011352539,454000
62.12033462524414,676.8519287109375,679.4395141601562,436.4944763183594,-678.11865234375,-675.7103881835938,-5.014756679534912,2.6064774990081787,0.058337416499853134,-0.08277928084135056,0.30057844519615173,0.0010197765659540892,0.9898437261581421,-0.009589164517819881,-0.007544279098510742,-14.629361152648926,455000
5.706771373748779,677.7005615234375,680.2642211914062,669.9738159179688,-679.0531616210938,-676.545166015625,-5.044693470001221,2.5367000102996826,0.055873651057481766,0.040875233709812164,0.30236104130744934,4.961514059687033e-05,0.9931703805923462,-0.0034393826499581337,0.0,-14.479984283447266,456000
9.858667373657227,678.513671875,680.8013305664062,670.6574096679688,-680.0703735351562,-677.5932006835938,-4.886074542999268,2.4088551998138428,0.05840670317411423,0.2340119183063507,0.301163911819458,0.0001751857198541984,0.9890875816345215,-0.005579742603003979,-0.00035193393705412745,-14.070549964904785,457000
229.3208465576172,677.1304321289062,680.2464599609375,256.1005859375,-678.3377685546875,-676.0184326171875,-4.912482261657715,2.593170166015625,0.05659833922982216,-0.09107885509729385,0.3007935583591461,0.0008753802394494414,0.9827694892883301,-0.014702070504426956,-0.008514337241649628,-14.448558807373047,458000
1088.411865234375,678.8880615234375,681.4993286132812,327.2462158203125,-679.53369140625,-677.0922241210938,-4.981789588928223,2.54036545753479,0.05851168558001518,-0.0015613033901900053,0.29824045300483704,0.0003428015043027699,0.9915096759796143,-0.005213700234889984,-0.001971793593838811,-14.413019180297852,459000
1165.9613037109375,677.9759521484375,681.7472534179688,304.9660339355469,-679.2597045898438,-677.0947265625,-5.001555442810059,2.8365635871887207,0.06283263862133026,-0.3497532308101654,0.29997995495796204,0.0009699235088191926,0.9832760095596313,-0.01790665090084076,-0.019706880673766136,-14.920985221862793,460000
4.6908464431762695,680.38818359375,682.3856201171875,669.1610107421875,-681.9158325195312,-679.3525390625,-5.023472309112549,2.4602248668670654,0.05557843670248985,0.1758001744747162,0.29743248224258423,4.678423283621669e-05,0.9965918064117432,-0.0017120044212788343,-0.00046085144276730716,-14.381546020507812,461000
5.309706687927246,681.7595825195312,683.3271484375,678.08935546875,-683.660888671875,-681.08203125,-5.256790637969971,2.677921772003174,0.05549261346459389,-0.18318679928779602,0.29812201857566833,0.0004585985152516514,0.9961963295936584,-0.0019094080198556185,-0.0016502075595781207,-15.152671813964844,462000
4.233173370361328,682.509765625,684.7869262695312,679.1229248046875,-683.918701171875,-681.4940185546875,-4.483258247375488,2.0585837364196777,0.06342179328203201,0.4568313956260681,0.298218309879303,9.499068255536258e-05,0.9924074411392212,-0.0038581127300858498,-0.0009868990164250135,-12.985034942626953,463000
1085.2576904296875,681.1859741210938,684.7525024414062,212.4550018310547,-681.7791137695312,-679.569091796875,-4.836657524108887,2.626638650894165,0.06371505558490753,-0.29961925745010376,0.29946738481521606,0.0003683432878460735,0.9802812933921814,-0.018782518804073334,-0.01753048226237297,-14.605907440185547,464000
4.927545547485352,683.9195556640625,685.944580078125,677.7745971679688,-685.3161010742188,-682.8856201171875,-4.844110488891602,2.4136548042297363,0.06081594526767731,0.0753384605050087,0.3005093038082123,0.0006750933825969696,0.9926586151123047,-0.004652982112020254,-0.001518335659056902,-14.105432510375977,465000
4.56035041809082,684.08251953125,686.1246337890625,677.0150146484375,-685.8571166992188,-683.274658203125,-5.154416561126709,2.5719470977783203,0.05513367801904678,-0.0278975460678339,0.2954089641571045,2.4427956304862164e-05,0.9962213039398193,-0.001901431125588715,0.0,-14.868396759033203,466000
607.43310546875,683.2606201171875,685.3591918945312,204.89785766601562,-683.689208984375,-681.33740234375,-5.117821216583252,2.7659924030303955,0.05397330969572067,-0.09597671031951904,0.2929823696613312,9.094874985748902e-05,0.9963317513465881,-0.0018424701411277056,-0.0005599763244390488,-14.927081108093262,467000
943.1596069335938,683.819091796875,686.8864135742188,147.34353637695312,-684.29541015625,-681.9420776367188,-4.931921005249023,2.5786311626434326,0.061365023255348206,-0.12424801290035248,0.2951832413673401,0.0003677995118778199,0.9880034923553467,-0.011946669779717922,-0.00871678814291954,-14.673254013061523,468000
57.99015808105469,683.901123046875,686.4164428710938,578.1460571289062,-685.1100463867188,-682.809814453125,-4.611680507659912,2.311462879180908,0.05995672568678856,0.22571320831775665,0.29355132579803467,0.0003500859020277858,0.9932052493095398,-0.003765036351978779,-0.003246808424592018,-13.461587905883789,469000
5.713415145874023,683.6224365234375,686.0538940429688,678.1815795898438,-685.02880859375,-682.554931640625,-4.978799819946289,2.5049636363983154,0.05765562877058983,0.15072579681873322,0.29545846581459045,2.3644081011298113e-05,0.9959729909896851,-0.0020252366084605455,0.0,-14.485847473144531,470000
769.704345703125,682.8255004882812,686.5354614257812,255.8323211669922,-683.8546142578125,-681.8331909179688,-4.619332313537598,2.5978899002075195,0.0648849606513977,0.03593386337161064,0.29656699299812317,0.0013258846011012793,0.973263144493103,-0.022146742790937424,-0.01831207424402237,-14.155939102172852,471000
4.292214870452881,684.923828125,687.12060546875,680.0953369140625,-686.5582885742188,-684.1132202148438,-5.11695671081543,2.67189621925354,0.0558696985244751,-0.06904932111501694,0.29730305075645447,0.0001923768868437037,0.9929174780845642,-0.0035724560730159283,-0.0007563574472442269,-15.063526153564453,472000
5.338803291320801,685.7061767578125,687.891357421875,680.3345336914062,-687.0001831054688,-684.56640625,-4.881948471069336,2.448211193084717,0.05720463767647743,0.04634762555360794,0.2961520850658417,0.00010044946247944608,0.9940798282623291,-0.003075148444622755,-0.0015348817687481642,-14.383403778076172,473000
3.9622788429260254,686.908203125,689.2678833007812,682.0562744140625,-688.5697021484375,-686.132080078125,-5.060744762420654,2.623080253601074,0.055028922855854034,-0.09483850747346878,0.2946770191192627,0.00011056744551751763,0.9929409623146057,-0.0035830382257699966,0.0,-14.830629348754883,474000
4.665353775024414,688.0148315429688,691.0486450195312,683.6681518554688,-689.6542358398438,-687.051513671875,-5.038912296295166,2.4362335205078125,0.05484481155872345,-0.007939904928207397,0.2916131913661957,1.952755883394275e-05,0.9962384104728699,-0.0018904595635831356,0.0,-14.812283515930176,475000
1909.678466796875,685.5342407226562,690.4043579101562,49.455753326416016,-684.8462524414062,-682.8265380859375,-4.683720588684082,2.663990020751953,0.06173328682780266,-0.1916126310825348,0.2926160395145416,0.012615982443094254,0.9829156398773193,-0.013483837246894836,-0.022711729630827904,-14.462400436401367,476000
704.156982421875,686.908203125,690.2403564453125,229.6639404296875,-688.9485473632812,-686.8336181640625,-4.751581192016602,2.636629581451416,0.06098102033138275,-0.16866658627986908,0.2942905128002167,0.0008652094402350485,0.9766366481781006,-0.02205125242471695,-0.015099665150046349,-14.667939186096191,477000
3.8748836517333984,689.440673828125,691.2262573242188,683.0927734375,-690.8224487304688,-688.493896484375,-4.978282451629639,2.6496896743774414,0.05143637955188751,-0.011152513325214386,0.29469940066337585,0.00011576565157156438,0.9907793998718262,-0.004667344503104687,0.0,-14.701513290405273,478000
4.877480506896973,689.8111572265625,691.4722290039062,676.0408935546875,-691.4327392578125,-688.891845703125,-4.957839012145996,2.41695499420166,0.05750904232263565,0.02683735452592373,0.2943054735660553,4.1037947084987536e-05,0.9944506883621216,-0.0027946108020842075,-8.01816931925714e-05,-14.644233703613281,479000
342.3439025878906,689.951171875,692.6575927734375,107.92565155029297,-690.0372924804688,-687.705322265625,-4.819564342498779,2.487623453140259,0.05788756161928177,-0.043435677886009216,0.2914334237575531,0.0008716739830560982,0.9892209768295288,-0.010882356204092503,-0.007204145193099976,-14.510356903076172,480000
13.962892532348633,692.4061279296875,694.5377197265625,612.34521484375,-694.4933471679688,-692.0965576171875,-4.810825347900391,2.414050579071045,0.06137101724743843,0.01338956318795681,0.29143452644348145,3.7655310734407976e-05,0.9906032681465149,-0.008659305050969124,-0.006964010652154684,-14.533899307250977,481000
4.369565010070801,694.0855712890625,695.5513916015625,688.6908569335938,-695.8086547851562,-693.3206787109375,-5.050773620605469,2.562818765640259,0.05486148223280907,-0.10449228435754776,0.2904904782772064,6.604970258194953e-05,0.9971399307250977,-0.0014381371438503265,-0.000505556003190577,-14.82949447631836,482000
4.6925129890441895,695.822265625,697.6661987304688,688.1395874023438,-697.2623901367188,-694.8076171875,-4.911571502685547,2.456759214401245,0.058294203132390976,-0.08538864552974701,0.29078996181488037,1.0658414794306736e-05,0.9969010949134827,-0.0015713825123384595,-0.0005353015731088817,-14.558072090148926,483000
1222.213134765625,696.231201171875,697.1249389648438,388.3623046875,-698.1964721679688,-696.0567016601562,-4.456284046173096,2.316504716873169,0.06265975534915924,0.17336563766002655,0.29011839628219604,8.088535105343908e-05,0.989038348197937,-0.01170341856777668,-0.009367714636027813,-13.62215805053711,484000
4.962488174438477,698.1748046875,699.9965209960938,695.0586547851562,-699.724365234375,-697.32958984375,-4.817750930786133,2.42294979095459,0.05805422365665436,0.13953045010566711,0.28834056854248047,2.020817919401452e-05,0.9958810210227966,-0.0020695312414318323,0.0,-14.138614654541016,485000
376.3110656738281,697.786865234375,700.1759643554688,452.8104553222656,-699.158935546875,-696.8860473632812,-4.739354610443115,2.466486692428589,0.060594383627176285,-0.06355994939804077,0.288240522146225,6.441641016863286e-05,0.9902402758598328,-0.01118839718401432,-0.01037986297160387,-14.284111022949219,486000
296.3522033691406,700.6461791992188,702.7529907226562,696.984130859375,-701.8287963867188,-699.379638671875,-4.781732559204102,2.3326048851013184,0.05972115322947502,0.020914705470204353,0.2852024734020233,0.0003874354297295213,0.9967473745346069,-0.0016346749616786838,-0.0021914923563599586,-14.187044143676758,487000
6.803882598876953,701.8116455078125,703.083740234375,672.00244140625,-703.658203125,-701.2582397460938,-5.063857078552246,2.6638996601104736,0.053578998893499374,-0.16306252777576447,0.2883323132991791,4.7642381105106324e-05,0.9971013069152832,-0.0014587261248379946,-0.0007527644629590213,-15.064165115356445,488000
5.434433460235596,703.2193603515625,704.6456298828125,698.74560546875,-704.91552734375,-702.398193359375,-4.772615909576416,2.2553329467773438,0.05741171911358833,0.16593509912490845,0.2859373986721039,1.222810988110723e-05,0.996677577495575,-0.001667289063334465,0.0,-14.21428108215332,489000
4.660800457000732,703.7169189453125,705.0352783203125,700.24658203125,-705.4567260742188,-703.0843505859375,-4.796585559844971,2.424182653427124,0.05793837830424309,0.14446695148944855,0.2900683879852295,1.5820427506696433e-05,0.9970758557319641,-0.0014699198072776198,0.0,-14.35852336883545,490000
3.9274392127990723,704.9603881835938,706.5015869140625,699.9581298828125,-706.7276000976562,-704.1514282226562,-4.963730812072754,2.38754940032959,0.05833463370800018,-0.09477211534976959,0.28782355785369873,1.4407826711249072e-05,0.9968556761741638,-0.001579302828758955,0.0,-14.914674758911133,491000
5.7635602951049805,705.2513427734375,705.8678588867188,704.73876953125,-707.1102294921875,-704.733642578125,-4.834455490112305,2.457869291305542,0.05266254022717476,0.04707057401537895,0.2874939739704132,5.5286196584347636e-05,0.9974662065505981,-0.0012725922279059887,-0.0004358070145826787,-14.431015014648438,492000
6.796089172363281,705.8595581054688,707.1051635742188,701.6583862304688,-707.7626953125,-705.4024658203125,-4.774322509765625,2.4140350818634033,0.056870587170124054,0.1027204766869545,0.28689679503440857,2.609788680274505e-05,0.9962486028671265,-0.001882947632111609,-0.00026164203882217407,-14.352134704589844,493000
3.418564796447754,706.9151000976562,708.402587890625,702.3594970703125,-708.5524291992188,-706.174072265625,-4.621567249298096,2.243212938308716,0.05869774892926216,0.09645210206508636,0.2838064730167389,0.00019097814220003784,0.9935494661331177,-0.0032492363825440407,-0.0011200126027688384,-13.946731567382812,494000
1000.8627319335938,706.261474609375,708.3753051757812,139.40414428710938,-707.759765625,-705.6497802734375,-4.629780292510986,2.519779682159424,0.05947175994515419,-0.22797052562236786,0.28466281294822693,0.001864139805547893,0.9852847456932068,-0.013600543141365051,-0.014249454252421856,-14.42046070098877,495000
5.323520660400391,708.337890625,710.380615234375,704.1658935546875,-709.68359375,-707.43310546875,-4.787886142730713,2.5374293327331543,0.05829086899757385,0.03417016938328743,0.28847527503967285,6.878592830616981e-05,0.993086576461792,-0.0034857711289077997,-0.00028100921190343797,-14.43148136138916,496000
4.150938987731934,708.5723876953125,710.1484985351562,704.8638916015625,-710.0587768554688,-707.8273315429688,-4.6033616065979,2.3719143867492676,0.05800781399011612,0.12192348390817642,0.2861161231994629,0.0006197640323080122,0.9894822835922241,-0.0069311680272221565,-0.0032037703786045313,-14.104609489440918,497000
5.300620079040527,709.1845092773438,710.6897583007812,706.1941528320312,-710.8657836914062,-708.4237060546875,-5.048262596130371,2.6062211990356445,0.053972937166690826,-0.17472946643829346,0.28577694296836853,6.823842340963893e-06,0.9972983002662659,-0.0013542503584176302,0.0,-15.169052124023438,498000
1126.502197265625,709.4304809570312,711.405517578125,220.63812255859375,-709.739990234375,-707.6597900390625,-4.42365026473999,2.343414545059204,0.0608949176967144,0.16023391485214233,0.2839968502521515,0.0013953465968370438,0.9857616424560547,-0.013273142278194427,-0.011162295006215572,-13.83279037475586,499000
3.409487247467041,711.4090576171875,712.8208618164062,707.3775024414062,-713.0172729492188,-710.6950073242188,-4.897465229034424,2.5751757621765137,0.052508942782878876,-0.09801963716745377,0.28585848212242126,2.649458110681735e-05,0.9955757856369019,-0.0022252460476011038,0.0,-14.823343276977539,500000
