critic/q_loss,critic/q_mean,critic/q_max,critic/q_min,actor/total_loss,actor/q_loss,actor/bc_loss,actor/entropy_loss,actor/mse,beta/beta_loss,beta/beta,encoder/encoder_loss,encoder/dot_mean,encoder/log_dot_mean,encoder/kl_target_mean,encoder/nll_raw_mean,step
452.5390625,-0.01119971927255392,0.09357224404811859,-0.108396515250206,-1.5354366302490234,-0.16842180490493774,9.694526672363281,-11.061541557312012,0.37805336713790894,19.372241973876953,0.9997000694274902,0.16083590686321259,0.9070663452148438,-0.04798921197652817,-0.4479166269302368,8.958333015441895,0
21.022287368774414,59.59502410888672,59.601383209228516,59.5551643371582,-65.57487487792969,-59.63578796386719,-8.571514129638672,2.6324329376220703,0.08378813415765762,3.9998273849487305,0.7988170385360718,0.0006771423504687846,0.999254584312439,-0.00037283654091879725,-0.002496743807569146,-8.768945693969727,1000
8.937759399414062,86.89849853515625,86.89856719970703,86.89839172363281,-93.94943237304688,-86.97561645507812,-11.39741325378418,4.423600673675537,0.06632238626480103,1.3335790634155273,0.6955638527870178,1.5553821867797524e-05,0.999698281288147,-0.00015088803775142878,-0.00024893684894777834,-11.8062744140625,2000
11.073148727416992,108.41920471191406,108.41973876953125,108.41867065429688,-115.86690521240234,-108.42413330078125,-12.8771333694458,5.434366226196289,0.05887863412499428,-0.2239784151315689,0.6471973061561584,2.2090214102377104e-08,0.9997782707214355,-0.00011086241283919662,0.0,-13.181605339050293,3000
13.118401527404785,126.5858154296875,126.58595275878906,126.58563995361328,-133.72128295898438,-126.55650329589844,-12.916582107543945,5.751806735992432,0.05918237939476967,0.04180142283439636,0.6388189792633057,0.005485203117132187,0.9998173117637634,-9.134496940532699e-05,-0.005137940403074026,-13.149636268615723,4000
8.557452201843262,143.359619140625,143.3607940673828,143.35845947265625,-150.98171997070312,-143.41265869140625,-13.349441528320312,5.7803802490234375,0.059542879462242126,0.22189196944236755,0.656937301158905,0.00033314561005681753,0.9997994303703308,-0.00010030158591689542,-0.0014855324989184737,-13.64285659790039,5000
8.586233139038086,158.38302612304688,158.38551330566406,158.38055419921875,-165.964599609375,-158.3612060546875,-13.634714126586914,6.0313215255737305,0.05963856354355812,-0.36576247215270996,0.6769834756851196,1.7263907636788645e-08,0.9998114109039307,-9.430597128812224e-05,0.0,-14.137133598327637,6000
11.499410629272461,171.73605346679688,171.73675537109375,171.7353515625,-179.37588500976562,-171.78921508789062,-13.155707359313965,5.569025993347168,0.058222461491823196,-0.07648962736129761,0.686533510684967,0.0002847072319127619,0.9998011589050293,-9.943502664100379e-05,-0.0010554967448115349,-13.870223999023438,7000
8.942692756652832,184.75869750976562,184.7596435546875,184.75775146484375,-192.28468322753906,-184.7415008544922,-13.696573257446289,6.153396129608154,0.05677260458469391,-0.23440931737422943,0.6924528479576111,1.83837336464876e-08,0.9998040199279785,-9.79866599664092e-05,0.0,-14.311295509338379,8000
13.082694053649902,196.62905883789062,196.6317138671875,196.62640380859375,-203.75843811035156,-196.5906524658203,-13.439640045166016,6.271843910217285,0.06079261377453804,-0.07845455408096313,0.7026757597923279,0.0006041757296770811,0.999807596206665,-9.621836943551898e-05,-0.002796395681798458,-14.082687377929688,9000
12.893989562988281,207.82272338867188,207.82801818847656,207.81744384765625,-215.38734436035156,-207.83148193359375,-13.370309829711914,5.814449310302734,0.0582817867398262,-0.1559370756149292,0.7043299674987793,0.00042764353565871716,0.9998074769973755,-9.629844862502068e-05,-0.0015531127573922276,-14.071548461914062,10000
13.235383987426758,218.71713256835938,218.71905517578125,218.71522521972656,-225.87759399414062,-218.61575317382812,-13.222757339477539,5.960921287536621,0.05884765088558197,0.2459106147289276,0.7119970917701721,0.00016701743879821151,0.999751091003418,-0.00012447868357412517,-0.0014601396396756172,-13.747334480285645,11000
10.569342613220215,228.4412384033203,228.44149780273438,228.44097900390625,-235.6435089111328,-228.4326934814453,-13.0430269241333,5.832212448120117,0.061537425965070724,-0.08982114493846893,0.7067124843597412,2.950090305375852e-08,0.9997751712799072,-0.00011240652384003624,0.0,-13.813440322875977,12000
224.64093017578125,237.21682739257812,237.21820068359375,237.2154541015625,-244.31875610351562,-237.14447021484375,-13.464765548706055,6.290480136871338,0.05857003852725029,-0.0981721356511116,0.7168897986412048,2.5272569473600015e-05,0.9997978806495667,-0.00010107581329066306,-0.00035007932456210256,-14.245563507080078,13000
11.620626449584961,245.59381103515625,245.66757202148438,245.52003479003906,-253.08692932128906,-245.48973083496094,-13.736067771911621,6.138869285583496,0.05626258626580238,-0.11082315444946289,0.7206207513809204,7.735670078545809e-05,0.9997930526733398,-0.00010348229989176616,-0.0009448409546166658,-14.635497093200684,14000
253.3173065185547,253.29176330566406,253.32745361328125,253.25607299804688,-260.38726806640625,-253.21945190429688,-13.424871444702148,6.257040500640869,0.05882253870368004,0.16390979290008545,0.7262150049209595,0.0002833306498359889,0.9998021721839905,-9.890765068121254e-05,-0.0010558449430391192,-14.303466796875,15000
14.481016159057617,260.85845947265625,260.89495849609375,260.8219299316406,-267.8611145019531,-260.8170166015625,-13.438164710998535,6.394073009490967,0.056831132620573044,0.02289910614490509,0.7267181873321533,0.00013680013944394886,0.999780535697937,-0.00010973720054607838,-0.0007350555970333517,-14.211305618286133,16000
12.460681915283203,268.43646240234375,268.4420471191406,268.43084716796875,-275.46697998046875,-268.46435546875,-12.733951568603516,5.731326103210449,0.059044089168310165,0.38713163137435913,0.7199001312255859,3.0789235552219907e-06,0.9997904896736145,-0.0001047617697622627,-0.00011063069541705772,-13.766681671142578,17000
14.354972839355469,274.748291015625,274.7528991699219,274.7436828613281,-281.9687194824219,-274.8367004394531,-12.160691261291504,5.028679370880127,0.06419626623392105,0.6189627051353455,0.723956286907196,3.977185406256467e-05,0.9997801780700684,-0.00010991380258928984,-0.0003948882222175598,-13.227453231811523,18000
309.6509094238281,281.78717041015625,281.7920837402344,281.7822265625,-288.700927734375,-281.7618408203125,-12.928563117980957,5.989477634429932,0.05975920334458351,0.18815173208713531,0.730195939540863,0.0003801550483331084,0.9997879862785339,-0.00010600876703392714,-0.0017117653042078018,-13.88530445098877,19000
13.71121597290039,287.78863525390625,287.8038024902344,287.7734680175781,-294.717041015625,-287.83001708984375,-13.199956893920898,6.312925815582275,0.05670468509197235,-0.0705382227897644,0.7250016331672668,0.00017670882516540587,0.9998061656951904,-9.692870662547648e-05,-0.0008323285146616399,-14.422676086425781,20000
12.961000442504883,293.53240966796875,293.5325622558594,293.53228759765625,-300.0664367675781,-293.496826171875,-12.807234764099121,6.237610816955566,0.05659065023064613,0.39513900876045227,0.7300276160240173,0.003851251909509301,0.9997791051864624,-0.00011046085273846984,-0.0038827143143862486,-14.006904602050781,21000
12.2650785446167,298.9414978027344,298.94183349609375,298.941162109375,-305.7918701171875,-298.9454650878906,-12.900771141052246,6.0543437004089355,0.05891945958137512,-0.029293444007635117,0.7289743423461914,9.065441554412246e-05,0.9997917413711548,-0.00010417590965516865,-0.0005955532542429864,-14.081621170043945,22000
14.760726928710938,303.95245361328125,303.95672607421875,303.94818115234375,-310.9432373046875,-303.97509765625,-12.755892753601074,5.787735462188721,0.06091655045747757,0.002627227921038866,0.7312027215957642,3.095922096463255e-08,0.999783992767334,-0.00010803143959492445,0.0,-14.25821590423584,23000
16.442293167114258,309.0472412109375,309.1427307128906,308.9517517089844,-315.9364318847656,-308.9107971191406,-13.299626350402832,6.273988246917725,0.05399411544203758,-0.40646153688430786,0.7316129803657532,1.8913052457492086e-08,0.9997950792312622,-0.00010244260192848742,0.0,-14.725842475891113,24000
11.475774765014648,313.77630615234375,313.7776184082031,313.7750244140625,-320.6976623535156,-313.7955627441406,-12.712213516235352,5.810104846954346,0.06057306006550789,-0.01520450133830309,0.7297419309616089,0.0010695874225348234,0.9997630715370178,-0.00011846775305457413,-0.0020441620144993067,-14.092498779296875,25000
14.594780921936035,317.974609375,317.9757080078125,317.9735412597656,-324.63916015625,-317.9830322265625,-13.183625221252441,6.527498245239258,0.054283685982227325,-0.24750520288944244,0.7222115397453308,4.0996912531454655e-08,0.9997596740722656,-0.0001202083658427,0.0,-14.473148345947266,26000
12.840105056762695,322.1033935546875,322.1036376953125,322.1031799316406,-328.8534240722656,-322.1070251464844,-13.019730567932129,6.273353576660156,0.05828310549259186,0.11100813746452332,0.7249200940132141,2.8175289656928726e-08,0.9997686147689819,-0.00011567713227123022,0.0,-14.343317985534668,27000
14.062756538391113,326.4368896484375,326.4414978027344,326.4322814941406,-332.98114013671875,-326.4579162597656,-11.729615211486816,5.206377983093262,0.06262912601232529,1.0496529340744019,0.7254611253738403,0.0003174693265464157,0.9997594952583313,-0.00012028247147100046,-0.0011161508737131953,-13.013477325439453,28000
13.469175338745117,330.4349365234375,330.4382019042969,330.4316711425781,-337.0172424316406,-330.4565734863281,-12.794466972351074,6.233802795410156,0.0572260320186615,0.08479578793048859,0.7210437059402466,1.0070760254166089e-05,0.999765157699585,-0.00011745434312615544,-0.00025560808717273176,-13.99300765991211,29000
14.028121948242188,334.48529052734375,334.4871826171875,334.4833679199219,-341.0570373535156,-334.5249328613281,-12.618914604187012,6.086808204650879,0.05966706946492195,0.1709633767604828,0.7247707843780518,8.967420581029728e-05,0.9997462034225464,-0.0001268878986593336,-0.0007423604838550091,-14.282140731811523,30000
15.86506175994873,337.5106201171875,337.51153564453125,337.50970458984375,-344.1717834472656,-337.5425109863281,-12.86683177947998,6.2375383377075195,0.05787300318479538,0.09217476099729538,0.7255248427391052,0.00018896539404522628,0.9997755289077759,-0.00011226822971366346,-0.0008602268062531948,-14.707999229431152,31000
14.913414001464844,341.00341796875,341.1479187011719,340.8589172363281,-347.5370178222656,-340.873046875,-12.761561393737793,6.097581386566162,0.05828845500946045,-0.08273967355489731,0.716784656047821,0.0011377580231055617,0.999761700630188,-0.00011915845971088856,-0.002110233996063471,-14.553714752197266,32000
462.34368896484375,344.70538330078125,344.707763671875,344.7029724121094,-351.13970947265625,-344.64337158203125,-12.300843238830566,5.804512977600098,0.056619931012392044,0.4193204343318939,0.721320629119873,3.683804195020457e-08,0.99974524974823,-0.0001274070527870208,0.0,-13.992399215698242,33000
15.155277252197266,347.54705810546875,347.5501708984375,347.5439758300781,-354.2281799316406,-347.5939025878906,-12.825681686401367,6.191394805908203,0.056555524468421936,-0.32041463255882263,0.7192746996879578,1.6835658243508078e-05,0.9997751712799072,-0.00011244129564147443,-0.00025753374211490154,-14.914149284362793,34000
11.230831146240234,350.9060363769531,350.908935546875,350.90313720703125,-357.3960266113281,-350.8960266113281,-12.398123741149902,5.898125648498535,0.060055747628211975,0.17118331789970398,0.7119538187980652,2.6542085862502063e-08,0.9997699856758118,-0.00011503067798912525,0.0,-14.299993515014648,35000
13.419332504272461,353.54052734375,353.543701171875,353.5373840332031,-359.92022705078125,-353.5716857910156,-12.115614891052246,5.76705265045166,0.05934968963265419,0.2675100862979889,0.7110863924026489,2.6123048613158062e-08,0.999771237373352,-0.00011440485104685649,0.0,-14.067361831665039,36000
15.231103897094727,356.63702392578125,356.63836669921875,356.6357116699219,-363.0701599121094,-356.5893249511719,-12.719818115234375,6.238990783691406,0.055991049855947495,0.11200401932001114,0.7183959484100342,0.0002035036450251937,0.9997652769088745,-0.00011736636952264234,-0.0008932437631301582,-14.562658309936523,37000
15.96807861328125,359.18402099609375,359.186279296875,359.1817932128906,-365.5401611328125,-359.2037048339844,-12.513747215270996,6.177285194396973,0.05596701800823212,-0.12355481833219528,0.7110463380813599,0.0001930256257764995,0.9997487664222717,-0.0001256395917152986,-0.0008730810368433595,-14.714070320129395,38000
15.974601745605469,362.02288818359375,362.0328063964844,362.01300048828125,-368.2734375,-362.03759765625,-12.070723533630371,5.8348588943481445,0.05871627479791641,0.29525503516197205,0.716404139995575,0.0014177130069583654,0.9997165203094482,-0.0001417426683474332,-0.002355149481445551,-13.853233337402344,39000
11.125986099243164,364.621826171875,364.62298583984375,364.62066650390625,-370.9834289550781,-364.66644287109375,-12.210891723632812,5.893901348114014,0.05715954676270485,0.01894845813512802,0.7093098759651184,3.6663756475263654e-08,0.9997554421424866,-0.0001222937717102468,0.0,-14.204030990600586,40000
10.090872764587402,367.3714599609375,367.3724365234375,367.3704528808594,-373.7331237792969,-367.4165954589844,-12.31345272064209,5.9969072341918945,0.05347970500588417,-0.2814505994319916,0.7055268287658691,2.1882708978182563e-08,0.9997845888137817,-0.00010773283429443836,0.0,-14.73108959197998,41000
16.96833038330078,369.83416748046875,369.8423767089844,369.825927734375,-376.1919860839844,-369.8361511230469,-13.052824974060059,6.696987152099609,0.05236119404435158,-0.49210506677627563,0.7103549242019653,1.5454623962796177e-06,0.9997696876525879,-0.00011518404789967462,-7.74906002334319e-05,-15.256241798400879,42000
15.562745094299316,372.0903015136719,372.1402282714844,372.0403747558594,-378.23553466796875,-372.0436096191406,-12.506725311279297,6.314783096313477,0.05565812811255455,-0.023571906611323357,0.7094562649726868,3.811580739920828e-08,0.9997429251670837,-0.00012852877262048423,0.0,-14.66746997833252,43000
13.640542984008789,374.6070861816406,374.60711669921875,374.6070556640625,-381.2003173828125,-374.63922119140625,-12.718087196350098,6.1569671630859375,0.05574944615364075,-0.28273332118988037,0.7076258659362793,0.00011393128806957975,0.999754786491394,-0.00012263194366823882,-0.0006689474685117602,-15.087604522705078,44000
13.050320625305176,377.10028076171875,377.1003112792969,377.10028076171875,-383.1518859863281,-377.1043395996094,-12.323003768920898,6.275448799133301,0.05318142846226692,-0.054815035313367844,0.7070988416671753,4.868308778327446e-08,0.999724805355072,-0.00013760325964540243,0.0,-14.596723556518555,45000
16.58856964111328,379.5590515136719,379.5590515136719,379.5590515136719,-385.9746398925781,-379.5939636230469,-12.646483421325684,6.265798568725586,0.05737115442752838,-0.46330544352531433,0.7000422477722168,0.0001798884622985497,0.9997495412826538,-0.00012526760110631585,-0.0008473698399029672,-15.219736099243164,46000
13.785469055175781,381.3196105957031,381.3196105957031,381.3196105957031,-387.4385070800781,-381.2813720703125,-12.217256546020508,6.060123443603516,0.05731675401329994,-0.07765661180019379,0.7029432058334351,3.200997889507562e-05,0.9997373223304749,-0.0001313624088652432,-0.0003559482574928552,-14.621463775634766,47000
13.987665176391602,383.9056396484375,383.9056396484375,383.9056396484375,-390.2433776855469,-383.84765625,-12.809513092041016,6.413787364959717,0.05437733605504036,-0.8529354929924011,0.7026118636131287,2.224802742034626e-08,0.9997864961624146,-0.00010676094825612381,0.0,-15.543741226196289,48000
13.78485107421875,386.11767578125,386.1177062988281,386.11767578125,-392.0688171386719,-386.0985107421875,-12.101277351379395,6.130993366241455,0.055882904678583145,0.15302468836307526,0.6910411715507507,3.371857815182011e-08,0.9997373223304749,-0.00013134359323885292,0.0,-14.510333061218262,49000
13.08149528503418,387.81048583984375,387.8105163574219,387.81048583984375,-393.8846740722656,-387.77978515625,-12.240805625915527,6.13592004776001,0.054742347449064255,-0.23222708702087402,0.6956411600112915,2.1489629943971522e-05,0.9997469186782837,-0.00012657490151468664,-0.00028977254987694323,-14.852389335632324,50000
13.873964309692383,390.4324645996094,390.4324645996094,390.4324645996094,-396.4844665527344,-390.4278869628906,-11.826944351196289,5.770354747772217,0.05707186460494995,-0.067536361515522,0.6944770812988281,1.2020531357848085e-05,0.9997258186340332,-0.00013708166079595685,-0.00021767841826658696,-14.435881614685059,51000
601.961669921875,392.5802001953125,392.5838928222656,392.57647705078125,-398.7318420410156,-392.56585693359375,-12.292984008789062,6.126982688903809,0.05598871409893036,-0.22485248744487762,0.6942058801651001,4.695615189120872e-06,0.9997648000717163,-0.00011762873327825218,-0.00013664881407748908,-14.909502983093262,52000
14.213420867919922,394.5970764160156,394.5983581542969,394.5957946777344,-400.6865234375,-394.615478515625,-11.753082275390625,5.682034969329834,0.05748983845114708,0.4525563716888428,0.6972008347511292,4.116654395147634e-08,0.9997138977050781,-0.0001430863921996206,0.0,-14.19369125366211,53000
13.716253280639648,396.83587646484375,397.29534912109375,394.2917785644531,-402.5030822753906,-396.4439697265625,-11.632226943969727,5.573113441467285,0.06113749369978905,0.2728275656700134,0.688362181186676,7.487824041163549e-05,0.9997209310531616,-0.00013957639748696238,-0.0005447729490697384,-14.143512725830078,54000
17.717613220214844,395.62432861328125,398.6653747558594,388.56707763671875,-400.545166015625,-394.4425048828125,-11.866849899291992,5.764175891876221,0.055196262896060944,-0.1277070939540863,0.6828480958938599,3.223949462949349e-08,0.9997451305389404,-0.00012745898857247084,0.0,-14.796804428100586,55000
16.978506088256836,393.9593811035156,396.6390075683594,378.957275390625,-398.2220764160156,-392.34002685546875,-11.676040649414062,5.793986797332764,0.059397101402282715,0.1070777103304863,0.6812158226966858,4.234268402569796e-08,0.9997340440750122,-0.00013299143756739795,0.0,-14.209716796875,56000
17.629947662353516,392.292236328125,395.3121032714844,377.6912536621094,-397.1497497558594,-391.1321105957031,-11.767288208007812,5.74965763092041,0.060650378465652466,0.06442636996507645,0.6804367899894714,1.83067204488907e-05,0.9996968507766724,-0.0001515924814157188,-0.0002681184560060501,-14.557037353515625,57000
19.207061767578125,389.72174072265625,392.8414611816406,367.0384826660156,-394.4503173828125,-388.62774658203125,-11.841175079345703,6.018621921539307,0.055210527032613754,-0.037623099982738495,0.6766515970230103,3.760631628324518e-08,0.9997276067733765,-0.00013623357517644763,0.0,-14.739128112792969,58000
28.731494903564453,387.376708984375,390.73590087890625,322.8643798828125,-391.6333923339844,-385.7168884277344,-12.053211212158203,6.136721134185791,0.05713149532675743,-0.3935406506061554,0.6787459850311279,1.692789010121487e-05,0.9997222423553467,-0.00013888991088606417,-0.00026041545788757503,-14.898859977722168,59000
19.38348388671875,385.7021484375,389.2459716796875,354.455322265625,-390.0865173339844,-384.1668701171875,-11.956624984741211,6.036975383758545,0.05415540561079979,-0.09601575881242752,0.6786668300628662,5.033599492776375e-08,0.9997106790542603,-0.00014467447181232274,0.0,-14.890410423278809,60000
27.154870986938477,385.3939208984375,388.7561950683594,287.8011474609375,-389.6819763183594,-383.8192138671875,-11.566496849060059,5.703741073608398,0.05402611196041107,0.21123018860816956,0.6730237603187561,8.261409675469622e-05,0.999664306640625,-0.00016788023640401661,-0.0005731326527893543,-14.222192764282227,61000
35.39474868774414,384.2940368652344,387.7578430175781,269.83062744140625,-389.34124755859375,-383.34228515625,-11.253862380981445,5.2549214363098145,0.06099700182676315,0.11534616351127625,0.6685582995414734,0.0007021544734016061,0.9996278285980225,-0.00018612401618156582,-0.0027399826794862747,-14.013906478881836,62000
13.610847473144531,384.47296142578125,387.19903564453125,362.0957946777344,-389.0760498046875,-383.0762634277344,-11.794591903686523,5.794798374176025,0.05811700597405434,-0.20890584588050842,0.6702468395233154,0.000611559662502259,0.9996618032455444,-0.00016914081061258912,-0.001548025873489678,-14.819863319396973,63000
57.89888381958008,386.5679626464844,388.5885009765625,383.1705627441406,-391.60101318359375,-385.72662353515625,-11.614943504333496,5.740537643432617,0.05652735009789467,0.12990543246269226,0.671176016330719,1.248215266969055e-05,0.9996094703674316,-0.00019529239216353744,-0.00022400541638489813,-14.581268310546875,64000
12.599061965942383,386.8272705078125,388.58551025390625,382.347412109375,-391.9239501953125,-386.09185791015625,-11.313220024108887,5.481132507324219,0.05764594301581383,0.4750150442123413,0.6674914360046387,1.1888390361036727e-07,0.9995929002761841,-0.00020362978102639318,0.0,-14.338773727416992,65000
12.458100318908691,388.75848388671875,390.8493957519531,382.6676940917969,-393.9317932128906,-387.9385681152344,-11.741551399230957,5.748307228088379,0.057695407420396805,-0.2919805347919464,0.6645330786705017,6.6533648350741714e-06,0.999531090259552,-0.0002345810062251985,-0.0001586436410434544,-15.145135879516602,66000
15.308710098266602,388.7518615722656,391.3710021972656,384.49200439453125,-393.2704162597656,-387.2762145996094,-11.203198432922363,5.208996295928955,0.06036330759525299,0.1320449262857437,0.6666111946105957,3.555994112502958e-07,0.9993575811386108,-0.00032139947870746255,0.0,-14.51471996307373,67000
145.28289794921875,387.4643249511719,390.92108154296875,115.54462432861328,-391.7650146484375,-385.7921447753906,-11.443262100219727,5.470407962799072,0.05880183354020119,0.005352601874619722,0.6625658869743347,0.0005676219007000327,0.9991157650947571,-0.00044271122897043824,-0.0024714674800634384,-14.648025512695312,68000
12.57732105255127,387.63262939453125,390.1941833496094,382.4703369140625,-391.8783264160156,-386.1465759277344,-11.4813232421875,5.7495832443237305,0.0555385984480381,-0.14769481122493744,0.6630407571792603,0.0001790367969078943,0.9987491369247437,-0.0006268424913287163,-0.0008417537319473922,-14.690511703491211,69000
668.228271484375,384.65521240234375,389.62432861328125,115.80107879638672,-386.8565673828125,-381.1543273925781,-11.490815162658691,5.788586616516113,0.05917026847600937,-0.2327166497707367,0.661099910736084,0.001766660250723362,0.9975633025169373,-0.0012244110694155097,-0.00501291872933507,-14.478288650512695,70000
15.37252426147461,384.9471740722656,388.2283630371094,377.9852600097656,-389.5533142089844,-383.76629638671875,-11.346388816833496,5.5593647956848145,0.059766627848148346,-0.025133397430181503,0.6598111987113953,0.00022188293223734945,0.9940387010574341,-0.0030048186890780926,-0.0008338555926457047,-14.59665298461914,71000
154.1873779296875,386.4307861328125,388.6663818359375,176.38450622558594,-390.6628723144531,-385.29974365234375,-10.965445518493652,5.602331161499023,0.060612160712480545,0.15971674025058746,0.6582484841346741,0.0029468366410583258,0.9964570999145508,-0.0017803795635700226,-0.006319966167211533,-14.393052101135254,72000
176.2017822265625,387.158447265625,387.9718017578125,91.50918579101562,-392.03326416015625,-386.3414306640625,-11.449911117553711,5.758094310760498,0.05637173727154732,-0.4365812838077545,0.6581282615661621,0.0002338273625355214,0.9885050058364868,-0.005953200161457062,-0.00046579833724536,-15.04787826538086,73000
51.55839920043945,389.0067138671875,391.6861267089844,189.02871704101562,-393.7511901855469,-387.983642578125,-11.613779067993164,5.846210479736328,0.05420777201652527,-0.2224723994731903,0.6473909616470337,0.0005431945901364088,0.9927375316619873,-0.0037385281175374985,-0.0023104213178157806,-15.243030548095703,74000
14.375864028930664,387.42437744140625,390.9480895996094,379.5462341308594,-391.77423095703125,-386.1973876953125,-11.053388595581055,5.476537227630615,0.05264115333557129,-0.07874654978513718,0.6511062979698181,4.062659354531206e-05,0.9966119527816772,-0.0016994364559650421,-0.00037883102777414024,-14.506148338317871,75000
15.0147123336792,386.08013916015625,389.62518310546875,376.23956298828125,-390.7106628417969,-385.13092041015625,-10.892963409423828,5.313246726989746,0.0570354200899601,0.2676394283771515,0.6508162021636963,2.240343383164145e-05,0.9961996078491211,-0.001911284402012825,0.0,-14.2031831741333,76000
11.386117935180664,385.3475341796875,388.19439697265625,374.72607421875,-389.9137878417969,-384.05035400390625,-11.323352813720703,5.459918975830078,0.059457652270793915,-0.0033980009611696005,0.64703768491745,0.00022425063070841134,0.9885810613632202,-0.005818382371217012,0.0,-14.996511459350586,77000
112.74026489257812,385.5615539550781,388.9254150390625,113.89579010009766,-389.2465515136719,-383.7824401855469,-11.088371276855469,5.624253273010254,0.05548382177948952,0.019376467913389206,0.6470960974693298,0.0009088676888495684,0.9973973631858826,-0.0013097035698592663,-0.0025655622594058514,-14.708650588989258,78000
10.70776653289795,386.85675048828125,389.4909973144531,381.6176452636719,-391.2688293457031,-385.8281555175781,-10.61086654663086,5.170208930969238,0.0579950325191021,0.12926042079925537,0.6438542008399963,0.0001248971384484321,0.9955711364746094,-0.002229721052572131,-0.0009572809794917703,-14.109819412231445,79000
194.39617919921875,387.54327392578125,389.921142578125,148.31178283691406,-391.9028625488281,-386.31646728515625,-10.769365310668945,5.182988166809082,0.05875953659415245,0.15724337100982666,0.6422725915908813,0.0002563844609539956,0.9902566075325012,-0.004940513521432877,-0.001025817240588367,-14.452238082885742,80000
129.1652374267578,389.16375732421875,392.3616638183594,122.39449310302734,-392.74322509765625,-387.35760498046875,-11.17774486541748,5.792101860046387,0.05538136139512062,-0.17018188536167145,0.6428214311599731,0.0012745421845465899,0.9955025911331177,-0.0022637713700532913,-0.002971804700791836,-14.810094833374023,81000
78.28280639648438,389.6882629394531,393.17889404296875,193.86973571777344,-393.45489501953125,-387.9991455078125,-11.397274017333984,5.941536903381348,0.053880106657743454,-0.5333430171012878,0.6368966102600098,0.0008440825622528791,0.9915440082550049,-0.00453535420820117,-0.004060276784002781,-15.273805618286133,82000
11.760233879089355,390.78369140625,392.3944091796875,382.7276611328125,-395.8204650878906,-390.21185302734375,-10.539987564086914,4.931375026702881,0.058004073798656464,0.15565265715122223,0.6284468173980713,0.00016478194447699934,0.9889402389526367,-0.005610672757029533,-0.00019234282081015408,-14.236870765686035,83000
81.34120178222656,390.9893798828125,393.9091796875,279.1879577636719,-395.5017395019531,-389.96087646484375,-10.838808059692383,5.297935485839844,0.057263389229774475,0.051987193524837494,0.6375467777252197,0.0009970857063308358,0.9898534417152405,-0.0051880390383303165,-0.0025751988869160414,-14.591176986694336,84000
91.30793762207031,391.8709716796875,393.8916015625,248.16197204589844,-396.0036926269531,-390.4737548828125,-10.358360290527344,4.828425884246826,0.06121096760034561,0.1671726554632187,0.6342626214027405,0.0004348401562310755,0.9875103235244751,-0.0075378576293587685,-0.0034910354297608137,-14.279708862304688,85000
17.537391662597656,394.08929443359375,394.1964111328125,389.948974609375,-399.0952453613281,-393.962158203125,-10.386896133422852,5.253828048706055,0.05793188512325287,0.36742904782295227,0.6319743394851685,0.0010763243772089481,0.9887655973434448,-0.00638078385964036,-0.006277868524193764,-14.010274887084961,86000
11.167191505432129,396.33599853515625,399.19189453125,391.2466735839844,-400.9019775390625,-395.243896484375,-11.292946815490723,5.634871482849121,0.05388506129384041,-0.38233283162117004,0.6304411292076111,3.277860741945915e-05,0.993769109249115,-0.003137068822979927,-0.0002717632451094687,-15.478520393371582,87000
11.597476959228516,397.88555908203125,400.86767578125,391.9004821777344,-401.9634094238281,-396.56890869140625,-11.368097305297852,5.973604202270508,0.05203657224774361,-0.4178597331047058,0.6266490817070007,0.00019139042706228793,0.9967930912971497,-0.0016103240195661783,-0.0009081032476387918,-15.499982833862305,88000
12.74974250793457,399.06280517578125,402.2373046875,390.8544006347656,-402.7751159667969,-397.49884033203125,-11.075338363647461,5.799074172973633,0.053291819989681244,-0.3367750644683838,0.6247666478157043,2.429997948638629e-05,0.9954034090042114,-0.0023103347048163414,0.0,-15.133176803588867,89000
128.3785400390625,397.81817626953125,402.0674133300781,104.60456085205078,-400.95489501953125,-395.5574645996094,-10.784551620483398,5.387127876281738,0.0569847971200943,0.049344975501298904,0.628302276134491,0.00016457258607260883,0.9931349754333496,-0.0034557466860860586,-0.0009114441345445812,-14.69243049621582,90000
154.6071319580078,397.4764099121094,402.2935485839844,89.62830352783203,-400.5090637207031,-395.2589111328125,-10.681693077087402,5.4315619468688965,0.05359682813286781,0.021347027271986008,0.6212522983551025,0.00037807156331837177,0.9968322515487671,-0.0015917341224849224,-0.0013839956372976303,-14.659198760986328,91000
154.5980224609375,397.6495056152344,402.1508483886719,91.782470703125,-401.71832275390625,-396.2427673339844,-10.610244750976562,5.134708881378174,0.06301122903823853,0.05205574631690979,0.6206004023551941,0.001764573622494936,0.9919769763946533,-0.0041150799952447414,-0.003420419991016388,-14.511743545532227,92000
280.0171203613281,397.7035827636719,402.44329833984375,109.41527557373047,-400.9214782714844,-395.581787109375,-10.320035934448242,4.980343818664551,0.06080445274710655,0.06528125703334808,0.6214750409126282,0.002016560174524784,0.9721158146858215,-0.016530711203813553,-0.003933810628950596,-14.375123977661133,93000
12.29023551940918,398.8614807128906,402.2510986328125,392.8765869140625,-402.9801330566406,-397.6436767578125,-10.66663646697998,5.330173492431641,0.05889454856514931,-0.011254331097006798,0.6197690963745117,1.5094402442628052e-05,0.9963656663894653,-0.001822019461542368,-0.00014420323714148253,-14.856056213378906,94000
13.446698188781738,398.611328125,400.9907531738281,393.4988098144531,-402.6955261230469,-397.5306091308594,-9.697676658630371,4.532731056213379,0.0603167861700058,0.6880050897598267,0.6120752096176147,4.3131141865160316e-05,0.9969419240951538,-0.0015331644099205732,-0.00037048888043500483,-13.60830307006836,95000
13.456104278564453,399.3731689453125,402.66156005859375,390.7711486816406,-403.0777587890625,-397.9237060546875,-10.207427978515625,5.05337381362915,0.059682153165340424,0.18443837761878967,0.6155796647071838,0.0003105215437244624,0.9921307563781738,-0.0039631156250834465,-0.001380162313580513,-14.28718090057373,96000
41.408302307128906,400.3389892578125,403.13922119140625,284.8667907714844,-404.6578369140625,-399.3412170410156,-10.666616439819336,5.349994659423828,0.05445745959877968,-0.1306314617395401,0.616363525390625,0.0003176991012878716,0.9830944538116455,-0.008751374669373035,-0.0007633250206708908,-14.786188125610352,97000
179.98260498046875,402.0185852050781,404.8500671386719,98.4520263671875,-405.3328552246094,-400.03582763671875,-10.592801094055176,5.29578161239624,0.05789218842983246,-0.1567598432302475,0.6053543090820312,0.0005742634530179203,0.9848334789276123,-0.008606881834566593,-0.004355716984719038,-14.861798286437988,98000
86.24425506591797,402.681396484375,406.19598388671875,291.5374450683594,-406.6567077636719,-401.5196533203125,-10.156353950500488,5.0192742347717285,0.05766177549958229,0.29344117641448975,0.6074292659759521,4.5266104280017316e-05,0.9919306039810181,-0.004066924564540386,-0.0004844343347940594,-14.186088562011719,99000
10.427560806274414,402.9820861816406,405.72723388671875,398.8783874511719,-407.14898681640625,-401.95599365234375,-10.325831413269043,5.132830619812012,0.05762934312224388,0.028351839631795883,0.6088588237762451,2.158411734853871e-05,0.9952248930931091,-0.002398298354819417,0.0,-14.524405479431152,100000
75.22754669189453,404.03594970703125,407.7712707519531,152.63059997558594,-408.5133361816406,-403.116455078125,-10.443740844726562,5.046840190887451,0.060368094593286514,-0.15350215137004852,0.6033394932746887,0.00010405258944956586,0.993077278137207,-0.004038705490529537,-0.0029150161426514387,-15.05459976196289,101000
10.854198455810547,403.77691650390625,407.33258056640625,395.10302734375,-408.05999755859375,-402.7093811035156,-10.4242525100708,5.073650360107422,0.05616220086812973,-0.02023261785507202,0.6033837199211121,5.77154933125712e-05,0.9942376613616943,-0.00290962727740407,0.0,-14.794661521911621,102000
274.55792236328125,401.59759521484375,405.6789245605469,204.4938201904297,-405.5789794921875,-400.5596923828125,-10.06171703338623,5.042407512664795,0.060676209628582,0.13626594841480255,0.60153728723526,0.0009034691611304879,0.9832764863967896,-0.009730614721775055,-0.008614787831902504,-14.005030632019043,103000
46.47616958618164,402.0428161621094,405.8351745605469,388.7623596191406,-406.13897705078125,-400.9825134277344,-10.042181968688965,4.885698318481445,0.06183673441410065,0.18394781649112701,0.6030815243721008,0.00036740073119290173,0.9875916242599487,-0.006490714848041534,-0.002421533688902855,-14.256229400634766,104000
114.354736328125,404.2901611328125,407.8926696777344,155.417236328125,-407.8123779296875,-402.74261474609375,-10.296032905578613,5.226269245147705,0.05679749697446823,-0.34223541617393494,0.597313404083252,0.0003599405172280967,0.9889577031135559,-0.006305749993771315,-0.003923718351870775,-14.840532302856445,105000
74.72332763671875,404.256591796875,408.32159423828125,303.5946350097656,-408.250732421875,-403.2178039550781,-9.810626029968262,4.777705192565918,0.06068167835474014,0.18247701227664948,0.5967937707901001,0.0006157970055937767,0.9915041923522949,-0.004308112431317568,-0.001410208991728723,-13.975214004516602,106000
183.88809204101562,403.24969482421875,407.320556640625,93.26663970947266,-406.297119140625,-401.2219543457031,-10.075066566467285,4.999898910522461,0.05889502540230751,-0.0369168259203434,0.5902047753334045,0.0006865770556032658,0.9906883835792542,-0.00552594568580389,-0.0013050875859335065,-14.51899528503418,107000
541.4449462890625,402.2723083496094,407.6921691894531,124.4563217163086,-404.9046325683594,-400.26800537109375,-9.416213989257812,4.779561519622803,0.06231566146016121,0.39422643184661865,0.5929814577102661,0.0008444737759418786,0.9845201373100281,-0.008863316848874092,-0.007837764918804169,-13.687958717346191,108000
9.47806167602539,403.09619140625,406.819091796875,392.012939453125,-406.9776611328125,-401.9580383300781,-9.862800598144531,4.843173980712891,0.05959795415401459,-0.07497779279947281,0.5943701863288879,0.00011964352597715333,0.9917795658111572,-0.004168815445154905,0.0,-14.436365127563477,109000
13.02325439453125,404.359619140625,407.7536926269531,394.9731750488281,-408.32232666015625,-403.20269775390625,-10.128158569335938,5.008543491363525,0.05927252024412155,-0.1191617101430893,0.5891944766044617,2.078062061627861e-05,0.9961981773376465,-0.00191185949370265,-0.00012362271081656218,-14.787208557128906,110000
162.98573303222656,404.2899169921875,408.19390869140625,113.07030487060547,-407.6111755371094,-402.47943115234375,-10.264707565307617,5.132966995239258,0.05750635638833046,-0.26740407943725586,0.5814381837844849,0.0003295845817774534,0.9918515682220459,-0.0043931761756539345,-0.0027838239911943674,-14.911386489868164,111000
106.67594146728516,405.3292236328125,408.1924743652344,128.74066162109375,-409.6163330078125,-404.54425048828125,-10.322575569152832,5.250490665435791,0.056698501110076904,-0.3105030059814453,0.5892845988273621,0.0004358392325229943,0.9923844337463379,-0.003947469871491194,-0.0032425220124423504,-15.179702758789062,112000
9.820324897766113,406.31378173828125,409.500244140625,398.68328857421875,-410.3634338378906,-405.17254638671875,-10.20744800567627,5.016580581665039,0.05800854414701462,-0.12340321391820908,0.5799936056137085,0.00029377065948210657,0.9914480447769165,-0.0043201744556427,-0.0012272961903363466,-15.018869400024414,113000
303.67681884765625,405.153076171875,410.12353515625,131.6378936767578,-407.65576171875,-402.7122802734375,-10.226154327392578,5.28269100189209,0.05978187546133995,-0.4924427270889282,0.5855832099914551,0.0002745194942690432,0.9855785369873047,-0.008759524673223495,-0.006603792309761047,-15.102241516113281,114000
236.52749633789062,406.7882080078125,410.93023681640625,147.44259643554688,-410.4168701171875,-405.29638671875,-9.78719711303711,4.66671085357666,0.062206171452999115,0.15905137360095978,0.5836854577064514,0.0016342971939593554,0.9936732053756714,-0.00335895549505949,-0.004911502823233604,-14.450445175170898,115000
150.0167999267578,408.0697021484375,411.014892578125,264.3786315917969,-412.0750732421875,-407.2103271484375,-9.556469917297363,4.691703796386719,0.06148839741945267,0.4440297782421112,0.57671058177948,0.00027218766626901925,0.9904003143310547,-0.005161709152162075,-0.002576446859166026,-13.880743980407715,116000
336.8343505859375,410.4093933105469,413.63690185546875,305.80511474609375,-414.072509765625,-409.3670959472656,-9.607780456542969,4.902369499206543,0.060878556221723557,0.007181259337812662,0.5805749297142029,0.00033454157528467476,0.9902188777923584,-0.005767812952399254,-0.005218727979809046,-14.338438987731934,117000
14.317170143127441,412.69757080078125,416.501708984375,363.208251953125,-416.576171875,-411.7233581542969,-9.470370292663574,4.61756706237793,0.06215108931064606,0.46115121245384216,0.5752662420272827,0.00016107964620459825,0.9915949106216431,-0.004493439104408026,-0.0022701097186654806,-14.082846641540527,118000
10.378173828125,414.76312255859375,417.5571594238281,409.9327392578125,-418.3511962890625,-413.598876953125,-9.520126342773438,4.767809867858887,0.057396966964006424,0.16159911453723907,0.5787601470947266,7.578076474601403e-05,0.9917313456535339,-0.004242017399519682,-0.0005281586199998856,-14.20969009399414,119000
11.931023597717285,416.1509704589844,419.2159729003906,407.6375427246094,-419.95843505859375,-415.071533203125,-9.733681678771973,4.846776008605957,0.059423357248306274,-0.11752725392580032,0.5743409991264343,3.912413740181364e-05,0.9928888082504272,-0.003630724735558033,-0.0006295711500570178,-14.642353057861328,120000
170.8948974609375,418.25738525390625,421.2513122558594,126.10101318359375,-421.5819091796875,-416.948486328125,-8.842008590698242,4.208577632904053,0.0678735002875328,0.6033579111099243,0.5730058550834656,0.0022844886407256126,0.9846727252006531,-0.009142866358160973,-0.009673357009887695,-13.531368255615234,121000
52.20185852050781,420.0107421875,420.3519287109375,419.7703552246094,-424.81549072265625,-419.8009033203125,-9.456132888793945,4.441562175750732,0.060789529234170914,0.19185221195220947,0.5706889033317566,0.00015800620894879103,0.9945383071899414,-0.002754117827862501,-0.0010143093531951308,-14.100902557373047,122000
10.435529708862305,420.9341125488281,421.40185546875,420.470947265625,-425.46124267578125,-420.4423828125,-9.451616287231445,4.432755470275879,0.05862269178032875,0.14443761110305786,0.5717421174049377,2.7743073587771505e-05,0.994835615158081,-0.002596009988337755,0.0,-14.219123840332031,123000
487.5784606933594,422.42657470703125,426.5247802734375,54.70508575439453,-425.2095947265625,-420.6658935546875,-9.278356552124023,4.734663963317871,0.06202142313122749,0.10894496738910675,0.573609471321106,0.0017888679867610335,0.9854315519332886,-0.009932703338563442,-0.010386533103883266,-14.130678176879883,124000
11.031174659729004,426.8758544921875,428.65130615234375,420.0011901855469,-431.36029052734375,-426.41021728515625,-9.734992027282715,4.784912109375,0.0559382289648056,-0.15059590339660645,0.5679236650466919,0.00013126243720762432,0.9938629865646362,-0.0031126667745411396,-0.0010721869766712189,-14.755128860473633,125000
8.472052574157715,429.4910888671875,431.9096374511719,423.0286560058594,-433.1458435058594,-428.4245300292969,-9.73574447631836,5.014443874359131,0.05455632135272026,-0.09473849833011627,0.5662155151367188,1.3479337212629616e-05,0.9965153932571411,-0.0017489896854385734,0.0,-14.848958969116211,126000
103.36478424072266,429.56268310546875,433.6440124511719,213.53701782226562,-432.28106689453125,-427.7034912109375,-9.742256164550781,5.16467809677124,0.06096019595861435,-0.23275089263916016,0.5668401122093201,0.000854684563819319,0.9943892955780029,-0.0031999172642827034,-0.004283334594219923,-14.805648803710938,127000
10.012700080871582,432.4187927246094,435.527099609375,427.1611022949219,-435.98468017578125,-431.0602111816406,-9.929265022277832,5.004778861999512,0.05607203394174576,-0.49209025502204895,0.5614346265792847,0.00012158757454017177,0.9927413463592529,-0.003688740311190486,0.0,-15.116661071777344,128000
212.7137908935547,433.087158203125,436.35565185546875,168.77622985839844,-436.5052795410156,-431.8688659667969,-9.485191345214844,4.848780155181885,0.06099890172481537,-0.12916165590286255,0.5611709952354431,0.002039916580542922,0.9876698851585388,-0.007720235735177994,-0.008346142247319221,-14.77642822265625,129000
10.606531143188477,434.5589599609375,437.1732177734375,415.11798095703125,-438.06158447265625,-433.4179382324219,-9.406603813171387,4.762956142425537,0.05689646303653717,0.1154312863945961,0.5599559545516968,1.2028112905682065e-05,0.9969457387924194,-0.0015330999158322811,0.0,-14.350471496582031,130000
254.24913024902344,435.07659912109375,439.11456298828125,129.53753662109375,-438.5160827636719,-433.97833251953125,-8.997236251831055,4.459468364715576,0.06435732543468475,0.2897941470146179,0.5576161742210388,0.0020302566699683666,0.9898253083229065,-0.006579190026968718,-0.0067871385253965855,-13.988004684448242,131000
346.4012145996094,435.56402587890625,439.8222351074219,237.33213806152344,-438.18048095703125,-433.6856689453125,-9.035245895385742,4.540421009063721,0.06198979169130325,0.2107360064983368,0.5561577081680298,0.00035963428672403097,0.9864034652709961,-0.009160886518657207,-0.007809826638549566,-14.041187286376953,132000
323.54925537109375,437.7848815917969,440.4777526855469,431.6737976074219,-441.72930908203125,-436.9324951171875,-9.756114959716797,4.959279537200928,0.05449891462922096,-0.028885850682854652,0.5555188655853271,4.0055379940895364e-05,0.9944131374359131,-0.0028296797536313534,-0.0002544505405239761,-15.01852035522461,133000
9.822406768798828,438.0519714355469,441.35467529296875,428.63763427734375,-441.2513732910156,-436.8230285644531,-8.359643936157227,3.9313182830810547,0.06542140990495682,0.7216897010803223,0.5525440573692322,0.0003383351431693882,0.9864627718925476,-0.008026736788451672,-0.005683017894625664,-12.908292770385742,134000
399.34173583984375,437.8393249511719,442.0408630371094,99.74183654785156,-440.435791015625,-435.68463134765625,-9.61673355102539,4.865571022033691,0.05958079546689987,-0.31378769874572754,0.5466507077217102,0.001506684347987175,0.9912755489349365,-0.004703922662883997,-0.005231065209954977,-14.917543411254883,135000
6.971076011657715,438.89874267578125,441.82928466796875,430.3985595703125,-442.5223693847656,-437.7332763671875,-9.386967658996582,4.597877025604248,0.058412883430719376,-0.026651369407773018,0.5513788461685181,0.00015935151895973831,0.9932621121406555,-0.0034453952684998512,0.0,-14.668495178222656,136000
129.1643829345703,438.2745361328125,441.8230895996094,165.9676055908203,-442.1767578125,-437.4970703125,-9.930914878845215,5.251224994659424,0.05426277965307236,-0.43462052941322327,0.547513484954834,0.00010803512122947723,0.9925606846809387,-0.004321403335779905,-0.0029232478700578213,-15.373788833618164,137000
133.89968872070312,439.7437438964844,442.6714782714844,188.4592742919922,-442.9239501953125,-438.3570556640625,-9.584840774536133,5.017935752868652,0.056227777153253555,-0.3042911887168884,0.5461796522140503,0.0006934762350283563,0.991504430770874,-0.005167083349078894,-0.005910654552280903,-14.97825813293457,138000
18.162395477294922,442.10198974609375,445.16839599609375,350.5151672363281,-445.86309814453125,-441.15606689453125,-9.582954406738281,4.875908851623535,0.057318065315485,-0.20531828701496124,0.5452466011047363,0.0003962298505939543,0.9920198917388916,-0.004917450249195099,-0.004637462552636862,-15.087807655334473,139000
10.663448333740234,442.97271728515625,445.94940185546875,435.27923583984375,-446.3222351074219,-441.6285400390625,-9.694844245910645,5.0011677742004395,0.05548683926463127,-0.4084039628505707,0.5493050813674927,0.000189079437404871,0.9898374080657959,-0.0052451579831540585,-0.001374263083562255,-15.31089973449707,140000
12.811479568481445,443.74578857421875,446.8686218261719,436.99053955078125,-446.9354553222656,-442.4248046875,-9.125680923461914,4.615015029907227,0.05662446841597557,0.13726048171520233,0.5491958260536194,4.385604916024022e-05,0.9946826100349426,-0.002680340548977256,0.0,-14.405482292175293,141000
525.0676879882812,444.4979553222656,447.819091796875,270.81494140625,-448.3147888183594,-443.68695068359375,-9.1539888381958,4.526165962219238,0.06518535315990448,0.08602611720561981,0.5434451103210449,0.0007860441110096872,0.9901984930038452,-0.006348039954900742,-0.006116357631981373,-14.438011169433594,142000
167.56614685058594,445.3201904296875,448.98944091796875,95.40718078613281,-448.3912658691406,-444.03497314453125,-9.144619941711426,4.788337230682373,0.05791584029793739,0.07148434966802597,0.5446369647979736,0.00021842154092155397,0.9920003414154053,-0.005720265209674835,-0.005507742520421743,-14.424117088317871,143000
26.913677215576172,448.66632080078125,451.8851318359375,308.872314453125,-452.5710754394531,-447.9281921386719,-9.20747184753418,4.564572334289551,0.05634755641222,0.07282327860593796,0.5419231057167053,0.00027850642800331116,0.9937381148338318,-0.0036551211960613728,-0.003215706441551447,-14.625374794006348,144000
154.5385284423828,451.22479248046875,454.21368408203125,167.88304138183594,-454.0250549316406,-449.7862854003906,-8.725378036499023,4.486608028411865,0.06406479328870773,0.2638157308101654,0.5400277376174927,0.002260321518406272,0.9866394400596619,-0.009057097136974335,-0.010357320308685303,-14.092761993408203,145000
11.770500183105469,454.04327392578125,454.2056579589844,453.887451171875,-458.38421630859375,-453.8392028808594,-9.376164436340332,4.831132411956787,0.05484669655561447,-0.189894899725914,0.5371861457824707,6.48372879368253e-05,0.9915079474449158,-0.0044409604743123055,-0.0010644267313182354,-14.892332077026367,146000
1278.34619140625,454.4818115234375,459.3181457519531,91.17822265625,-456.2440490722656,-451.95806884765625,-8.49437141418457,4.208406448364258,0.06488156318664551,0.3120364248752594,0.5414987206459045,0.00198156526312232,0.9812206029891968,-0.012959206476807594,-0.014408042654395103,-13.722481727600098,147000
8.15125846862793,459.3680419921875,461.7895202636719,454.6055603027344,-463.0431823730469,-458.573486328125,-9.100057601928711,4.63038444519043,0.055834218859672546,0.03172088414430618,0.5360891819000244,0.0004949510330334306,0.9939415454864502,-0.0030540903098881245,-0.0014877651119604707,-14.639625549316406,148000
8.999052047729492,460.82427978515625,464.2405090332031,454.3446960449219,-464.0891418457031,-459.5889892578125,-8.925183296203613,4.425009727478027,0.059109363704919815,-0.058548130095005035,0.5378294587135315,1.6899863112485036e-05,0.996003270149231,-0.0020064120180904865,-5.558190241572447e-05,-14.328466415405273,149000
8.93594741821289,461.214599609375,464.3121032714844,455.6466369628906,-464.82281494140625,-460.3198547363281,-8.711532592773438,4.208564281463623,0.05707475543022156,0.3427475392818451,0.5325524806976318,7.94793086242862e-05,0.9945111870765686,-0.002783300820738077,0.0,-13.994455337524414,150000
11.491801261901855,461.78533935546875,465.1300048828125,452.0264892578125,-465.0661926269531,-460.4981994628906,-9.29271125793457,4.7247395515441895,0.05624094977974892,-0.1724497377872467,0.5311086177825928,3.2220938010141253e-05,0.9954435229301453,-0.0022941965144127607,0.0,-14.95367431640625,151000
9.640109062194824,462.9615173339844,465.7442932128906,454.9153747558594,-466.2220764160156,-461.7601623535156,-8.361842155456543,3.899934768676758,0.0631127879023552,0.4260061979293823,0.5329691171646118,1.7993523215409368e-05,0.9956395626068115,-0.0021891645155847073,0.0,-13.667312622070312,152000
8.843786239624023,464.67938232421875,467.0720520019531,459.5520935058594,-468.2262268066406,-463.863037109375,-8.667832374572754,4.304654598236084,0.0576552115380764,0.36493226885795593,0.5315169095993042,0.0005145177710801363,0.9923821687698364,-0.004272357560694218,-0.000749919272493571,-13.98500919342041,153000
122.97073364257812,465.2347717285156,469.32049560546875,205.3968505859375,-468.18499755859375,-464.25946044921875,-7.889019012451172,3.9634695053100586,0.06839034706354141,0.40663233399391174,0.5298852324485779,0.009991789236664772,0.9829511642456055,-0.01168384775519371,-0.0229388028383255,-13.047496795654297,154000
52.503299713134766,466.66827392578125,469.6043395996094,307.7306823730469,-469.6670227050781,-465.4731750488281,-8.629966735839844,4.436119556427002,0.05828857421875,0.22544321417808533,0.5288810133934021,0.0004935291945002973,0.9864773750305176,-0.008583887480199337,-0.005903082899749279,-14.132699966430664,155000
8.831345558166504,468.8046875,470.39935302734375,465.25579833984375,-472.5575866699219,-467.9334716796875,-8.758440971374512,4.1343512535095215,0.05992159992456436,0.0886932983994484,0.5265786647796631,0.00011135960812680423,0.9959189891815186,-0.0020522186532616615,-0.0005935594672337174,-14.288312911987305,156000
134.68124389648438,469.23760986328125,472.59454345703125,290.1779479980469,-472.6161193847656,-468.2836608886719,-8.471988677978516,4.1395263671875,0.06506523489952087,0.24988986551761627,0.5243743658065796,0.00042639666935428977,0.987023115158081,-0.00866206455975771,-0.00534303393214941,-13.930560111999512,157000
9.886662483215332,470.0718688964844,473.1753845214844,460.2764892578125,-473.4519348144531,-468.91839599609375,-9.023724555969238,4.490187644958496,0.0568261444568634,-0.0011721330229192972,0.5244467258453369,7.99177068984136e-05,0.9929269552230835,-0.0036123553290963173,-0.0003846957115456462,-14.68067741394043,158000
8.549455642700195,471.31890869140625,474.31060791015625,462.9261169433594,-474.67193603515625,-470.1602783203125,-8.557707786560059,4.046061992645264,0.05877285823225975,0.19118301570415497,0.5184972882270813,3.6564415495377034e-05,0.9942272901535034,-0.0029044891707599163,0.0,-14.196601867675781,159000
7.227407455444336,473.4739685058594,475.416748046875,470.2514953613281,-477.30401611328125,-472.6513671875,-9.035872459411621,4.383194446563721,0.05841153487563133,-0.22766225039958954,0.518816351890564,9.599347686162218e-05,0.9913787841796875,-0.004357853904366493,0.0,-15.016412734985352,160000
8.819911003112793,474.9249267578125,477.1695251464844,470.248046875,-478.34124755859375,-473.91693115234375,-8.575291633605957,4.150985240936279,0.057732954621315,0.1474587768316269,0.5251290798187256,2.421615135972388e-05,0.995474100112915,-0.0022749733179807663,0.0,-14.223880767822266,161000
450.5909729003906,475.5943603515625,478.67431640625,75.90558624267578,-478.4449462890625,-474.32427978515625,-8.224563598632812,4.103880882263184,0.061014723032712936,0.42769211530685425,0.5222935080528259,0.00020988639153074473,0.9890123605728149,-0.007641422562301159,-0.004991387482732534,-13.777806282043457,162000
175.37396240234375,477.629638671875,480.8044738769531,69.91598510742188,-480.3006896972656,-475.9976501464844,-8.607285499572754,4.304248332977295,0.05841251462697983,0.08189155906438828,0.5131529569625854,0.000980342854745686,0.9864651560783386,-0.009097917005419731,-0.004143677186220884,-14.551406860351562,163000
7.222990989685059,481.92041015625,484.6632995605469,478.2294616699219,-485.4777526855469,-481.0363464355469,-8.53869342803955,4.097292900085449,0.05844009667634964,0.1398291438817978,0.5174601078033447,1.796728975023143e-05,0.9964269995689392,-0.0017953966744244099,0.0,-14.318622589111328,164000
65.68904113769531,483.27978515625,486.36212158203125,352.57586669921875,-486.01568603515625,-481.8009948730469,-8.73948860168457,4.524808406829834,0.059688735753297806,-0.12691673636436462,0.509937584400177,0.0009927264181897044,0.9938879013061523,-0.0037097479216754436,-0.004448519088327885,-14.777910232543945,165000
157.2528533935547,484.480712890625,487.0303649902344,116.05797576904297,-488.18145751953125,-483.8251647949219,-8.615104675292969,4.258827209472656,0.061943601816892624,0.0014316035667434335,0.5156797766685486,0.0006628147093579173,0.9904072284698486,-0.006188234314322472,-0.006391112692654133,-14.345317840576172,166000
7.881972789764404,487.0334167480469,489.423583984375,480.2405700683594,-490.5127868652344,-486.19500732421875,-8.318873405456543,4.001092910766602,0.06178073212504387,0.5246433615684509,0.5141985416412354,7.318314601434395e-05,0.995490550994873,-0.0023002156522125006,-0.0005826774868182838,-13.852584838867188,167000
196.70721435546875,485.9851379394531,489.79510498046875,110.99403381347656,-489.2203674316406,-484.9375915527344,-8.59597110748291,4.313197612762451,0.05916835367679596,0.32352447509765625,0.5104700326919556,7.81366543378681e-05,0.9963166117668152,-0.0018528967630118132,-0.000919073005206883,-14.384138107299805,168000
9.403860092163086,486.67059326171875,488.682373046875,482.11749267578125,-490.0452575683594,-485.53631591796875,-8.870145797729492,4.361203670501709,0.0569908544421196,-0.05702187120914459,0.5096480846405029,1.6281992429867387e-05,0.9972795844078064,-0.0013682444114238024,0.0,-14.893701553344727,169000
249.6494598388672,485.76153564453125,488.41326904296875,95.88794708251953,-489.4397277832031,-485.2978820800781,-8.201537132263184,4.0596923828125,0.06064261496067047,0.4080219566822052,0.5083833336830139,0.000794814492110163,0.9949085712432861,-0.00278732948936522,-0.00320242578163743,-13.975995063781738,170000
9.352396011352539,489.29315185546875,489.4415588378906,489.1510925292969,-493.5878601074219,-489.1722106933594,-8.925799369812012,4.510169506072998,0.05296656861901283,-0.25141462683677673,0.5084550380706787,8.969761256594211e-05,0.9952733516693115,-0.0023756814189255238,-0.0005577543051913381,-15.092798233032227,171000
8.14083480834961,491.97998046875,494.2431640625,486.40869140625,-495.76593017578125,-491.52679443359375,-8.613667488098145,4.374548435211182,0.057668477296829224,-0.11795030534267426,0.5073624849319458,5.66329326829873e-05,0.9941697120666504,-0.002942840801551938,-0.00022576488845515996,-14.839974403381348,172000
83.95178985595703,494.880615234375,497.5086669921875,264.0395202636719,-497.740234375,-493.4707336425781,-8.809965133666992,4.540463924407959,0.05791786313056946,-0.177348792552948,0.5038558840751648,0.00141176488250494,0.9928786754608154,-0.004215524531900883,-0.004830855876207352,-15.031047821044922,173000
194.83584594726562,497.4306945800781,499.10137939453125,252.5758514404297,-500.7207336425781,-496.4730224609375,-8.536767959594727,4.289059638977051,0.05916295200586319,-0.04148885980248451,0.50316321849823,0.0003250989830121398,0.988166332244873,-0.007980747148394585,-0.004062613472342491,-14.566585540771484,174000
8.620168685913086,500.50128173828125,500.8504943847656,500.1522521972656,-504.2917175292969,-500.17999267578125,-8.448955535888672,4.337218284606934,0.05509178712964058,0.209952712059021,0.5092520117759705,3.839225246338174e-05,0.9948791265487671,-0.002579378429800272,0.0,-14.307040214538574,175000
141.12054443359375,501.99749755859375,504.7912292480469,235.39402770996094,-504.7648620605469,-500.37939453125,-8.82530403137207,4.439850807189941,0.05461712181568146,-0.30774274468421936,0.5046748518943787,1.7824415408540517e-05,0.9958593845367432,-0.002079188358038664,0.0,-15.194477081298828,176000
28.13010025024414,505.3453369140625,505.9408874511719,401.3553161621094,-509.41021728515625,-505.21136474609375,-8.909794807434082,4.710933208465576,0.052892137318849564,-0.4373117983341217,0.5049045085906982,0.00012316700303927064,0.9968075156211853,-0.001602177508175373,-0.0008476803777739406,-15.184475898742676,177000
6.735220909118652,507.9897766113281,510.224609375,502.8638916015625,-511.44610595703125,-507.26165771484375,-8.430703163146973,4.246262550354004,0.056085698306560516,-0.03388400003314018,0.49856844544410706,8.560696005588397e-05,0.995718240737915,-0.00214898562990129,-0.0008186377817764878,-14.501873016357422,178000
162.85305786132812,509.3350830078125,512.3214721679688,213.7642059326172,-511.4951171875,-507.3820495605469,-8.10097885131836,3.9879050254821777,0.06155957281589508,0.2812398076057434,0.4997172951698303,0.0034630335867404938,0.9873446226119995,-0.010496394708752632,-0.0038219920825213194,-13.926708221435547,179000
9.57271957397461,511.3277282714844,514.1246948242188,505.194580078125,-514.970458984375,-510.63128662109375,-8.841745376586914,4.5025835037231445,0.05671153590083122,-0.3227287530899048,0.49752330780029297,6.163624675536994e-06,0.9973877668380737,-0.0013091937871649861,0.0,-15.399760246276855,180000
7.750721454620361,513.03125,515.570556640625,508.3399963378906,-516.3169555664062,-512.021728515625,-8.503619194030762,4.208403587341309,0.055528804659843445,-0.011975531466305256,0.5016700625419617,0.00030949950451031327,0.9853748083114624,-0.0074630058370530605,0.0,-14.850577354431152,181000
366.5434875488281,513.5713500976562,516.0607299804688,97.02775573730469,-517.0570068359375,-512.9228515625,-8.241710662841797,4.107537746429443,0.062192875891923904,0.05073428526520729,0.49200502038002014,0.0031482791528105736,0.9823281764984131,-0.011301904916763306,-0.010144279338419437,-14.5172119140625,182000
18.19149398803711,515.4454345703125,517.8572387695312,508.80303955078125,-518.6530151367188,-514.3705444335938,-8.191411972045898,3.9089126586914062,0.05961304530501366,0.23519477248191833,0.496397465467453,0.00010485993698239326,0.9936962127685547,-0.0031964562367647886,-0.00024828739697113633,-14.26292610168457,183000
336.18341064453125,516.0712280273438,519.050048828125,79.95771026611328,-518.4006958007812,-514.2042236328125,-8.370173454284668,4.17371129989624,0.05971274524927139,-0.26523688435554504,0.491092711687088,1.9915340089937672e-05,0.994629979133606,-0.002823986578732729,-0.0011588468914851546,-14.7410888671875,184000
577.9435424804688,516.7924194335938,520.2904663085938,178.59510803222656,-519.3247680664062,-515.1539306640625,-7.998291492462158,3.827472686767578,0.05952057987451553,0.22008731961250305,0.48679596185684204,0.00030440109549090266,0.9900673031806946,-0.00697367824614048,-0.005954151973128319,-14.123292922973633,185000
276.8382263183594,515.45068359375,519.4562377929688,174.2212677001953,-517.8226928710938,-513.802978515625,-8.230626106262207,4.210911273956299,0.06033124774694443,-0.055780984461307526,0.4883117973804474,0.0005413857870735228,0.9875453114509583,-0.00851268507540226,-0.008358290418982506,-14.514501571655273,186000
7.582763195037842,516.8698120117188,518.9487915039062,511.4651184082031,-520.1650390625,-516.1065673828125,-8.406488418579102,4.348012447357178,0.054042965173721313,0.03027610294520855,0.49468258023262024,0.0001597718510311097,0.9912354946136475,-0.00445983000099659,0.0,-14.853572845458984,187000
38.619625091552734,517.7149047851562,520.530029296875,347.1097106933594,-521.09423828125,-516.8931884765625,-8.69227409362793,4.491221904754639,0.05532050132751465,-0.3407000005245209,0.4841820299625397,0.0001431413256796077,0.9879294633865356,-0.008361497893929482,-0.005074595101177692,-15.470987319946289,188000
1007.1854248046875,520.7939453125,523.10693359375,427.88092041015625,-523.4339599609375,-519.403564453125,-8.280339241027832,4.249945640563965,0.058661088347435,-0.015368063934147358,0.4902273416519165,2.6369449187768623e-05,0.9882515072822571,-0.008091125637292862,-0.00614158483222127,-14.717859268188477,189000
8.226649284362793,522.65576171875,524.8135986328125,518.986328125,-525.9715576171875,-521.7655639648438,-8.416874885559082,4.210906028747559,0.05641728267073631,-0.0830019935965538,0.4863888621330261,2.7380097890272737e-05,0.996115505695343,-0.0019557771738618612,0.0,-14.864646911621094,190000
30.493946075439453,522.571533203125,525.3099975585938,494.5731201171875,-525.4386596679688,-521.385009765625,-8.03878116607666,3.985109806060791,0.0633208379149437,0.1959226280450821,0.4873194694519043,0.00023241431335918605,0.9936763644218445,-0.003295361064374447,-0.0011916798539459705,-14.233942031860352,191000
8.380902290344238,524.410888671875,526.7557983398438,518.9046020507812,-527.4411010742188,-523.4019775390625,-8.397475242614746,4.358354568481445,0.057214777916669846,-0.17785149812698364,0.4859361946582794,0.0004449490224942565,0.9954856634140015,-0.0022859792225062847,-0.0016363654285669327,-14.821727752685547,192000
8.006793975830078,526.9560546875,528.855224609375,524.8301391601562,-530.2859497070312,-526.2003173828125,-8.198991775512695,4.113348007202148,0.05645407736301422,-0.011942070908844471,0.4883146286010742,0.00022064961376599967,0.9953151941299438,-0.002353689633309841,-0.0008810848230496049,-14.6296968460083,193000
107.77538299560547,527.32421875,530.4216918945312,289.976806640625,-530.3308715820312,-526.3843383789062,-8.082979202270508,4.136472225189209,0.0631321519613266,-0.1924835443496704,0.48388898372650146,0.0020459783263504505,0.9817229509353638,-0.013858377933502197,-0.014043740928173065,-14.698896408081055,194000
6.540624618530273,529.4697265625,531.4769897460938,523.6220092773438,-532.7575073242188,-528.763671875,-8.065733909606934,4.071901798248291,0.054583724588155746,0.0964295044541359,0.482643187046051,1.8533151887822896e-05,0.9953784942626953,-0.002319991122931242,0.0,-14.443460464477539,195000
7.420733451843262,531.1861572265625,533.4498901367188,525.3839721679688,-534.638916015625,-530.5265502929688,-7.957261085510254,3.844912528991699,0.058995332568883896,0.3681911826133728,0.4846038222312927,0.00012644178059417754,0.9962256550788879,-0.0018958343425765634,-0.0006976459990255535,-14.040456771850586,196000
724.8292846679688,530.8560791015625,534.5729370117188,258.438232421875,-533.5253295898438,-529.6474609375,-8.001266479492188,4.123427391052246,0.059407901018857956,-0.15046952664852142,0.47518518567085266,0.0007727142656221986,0.9936672449111938,-0.0038031910080462694,-0.005798395723104477,-14.53365707397461,197000
8.157663345336914,531.1363525390625,534.2078247070312,518.97314453125,-534.2080688476562,-529.9207763671875,-8.242058753967285,3.954758644104004,0.060479164123535156,-0.14576077461242676,0.4783667027950287,6.41401347820647e-05,0.9942612051963806,-0.0029010181315243244,0.0,-15.011754989624023,198000
8.799138069152832,531.4420166015625,534.160400390625,517.0505981445312,-534.2869873046875,-530.5264282226562,-6.849130153656006,3.088573932647705,0.0634346455335617,1.1329643726348877,0.47931739687919617,0.0006118452874943614,0.9942396879196167,-0.0029307957738637924,-0.0015171956038102508,-12.32266902923584,199000
20.117237091064453,532.1978759765625,534.6491088867188,525.4601440429688,-535.2017211914062,-531.1380615234375,-8.135034561157227,4.071343898773193,0.05581529811024666,0.011496718972921371,0.4767719507217407,1.4504721548291855e-05,0.9965633153915405,-0.0017255645943805575,0.0,-14.670499801635742,200000
9.310115814208984,532.568603515625,535.6098022460938,522.5958862304688,-535.6781005859375,-531.6258544921875,-8.408540725708008,4.356302738189697,0.05638747289776802,-0.16879771649837494,0.4709574282169342,1.4035631465958431e-05,0.9972934722900391,-0.0013594625052064657,-0.0002976403047796339,-15.210531234741211,201000
8.548807144165039,533.2978515625,535.8811645507812,528.1613159179688,-536.47412109375,-532.4622802734375,-7.902773380279541,3.890899658203125,0.05907711014151573,0.017214490100741386,0.4768320620059967,1.3074448361294344e-05,0.9971073269844055,-0.0014528274768963456,0.0,-14.540513038635254,202000
24.082361221313477,535.0823974609375,537.5970458984375,443.1005554199219,-538.0396728515625,-534.1951293945312,-7.745057106018066,3.90051007270813,0.05886375904083252,0.26504960656166077,0.47595950961112976,2.33292521443218e-05,0.990342915058136,-0.006735926028341055,-0.004769399296492338,-14.075139999389648,203000
8.169849395751953,536.5523071289062,539.008056640625,529.9652099609375,-539.688720703125,-535.667236328125,-7.690331935882568,3.6688432693481445,0.0598999485373497,0.334461510181427,0.4727950692176819,2.5412722607143223e-05,0.9959352016448975,-0.002047476824373007,-0.00042080983985215425,-14.034706115722656,204000
202.53904724121094,535.7344970703125,537.9112548828125,390.146240234375,-539.1408081054688,-535.0468139648438,-7.966396808624268,3.872385263442993,0.06023228168487549,-0.14564713835716248,0.4723842740058899,0.0003627064579632133,0.9951720237731934,-0.002533951075747609,-0.0021672509610652924,-14.736730575561523,205000
9.941324234008789,535.8548583984375,537.8558959960938,509.73175048828125,-539.1248168945312,-535.1561279296875,-7.699264049530029,3.7306156158447266,0.06025819107890129,0.3072817623615265,0.46746641397476196,0.00024313079484272748,0.9961131811141968,-0.002009177813306451,-0.0016815115232020617,-14.221647262573242,206000
32.054840087890625,533.6622314453125,537.2089233398438,437.211669921875,-536.9064331054688,-532.9505615234375,-8.069473266601562,4.113611221313477,0.059230074286460876,-0.1843307465314865,0.4685785174369812,0.0020606829784810543,0.9840484261512756,-0.01277850940823555,-0.006836854852735996,-14.98419189453125,207000
12.201693534851074,534.6809692382812,537.8125610351562,481.4822692871094,-537.6026611328125,-533.8046264648438,-7.7078752517700195,3.909830093383789,0.06229648366570473,0.11259011179208755,0.47141098976135254,0.00022733112564310431,0.9843296408653259,-0.010979307815432549,-0.007161622401326895,-14.390447616577148,208000
8.713417053222656,534.896484375,537.6030883789062,523.56396484375,-538.1881713867188,-534.0662841796875,-8.085204124450684,3.9633209705352783,0.058874718844890594,-0.10034321993589401,0.47062748670578003,2.6713907573139295e-05,0.9959167242050171,-0.002050872892141342,-0.00017982917779590935,-14.956697463989258,209000
9.70323371887207,535.3997802734375,536.6400756835938,513.5259399414062,-538.7764892578125,-534.8380126953125,-8.36516284942627,4.426723003387451,0.055882200598716736,-0.3936727046966553,0.4679783284664154,6.260456757445354e-06,0.9972565174102783,-0.0013749218778684735,-1.210537720908178e-05,-15.332048416137695,210000
357.64349365234375,535.9408569335938,538.7381591796875,107.34664916992188,-538.4129638671875,-534.6893310546875,-7.515486717224121,3.79189395904541,0.061741869896650314,0.1621870994567871,0.4646814465522766,0.0004328312643337995,0.9899009466171265,-0.007851313799619675,-0.004547236021608114,-14.000375747680664,211000
712.6619262695312,536.58349609375,539.7011108398438,288.09808349609375,-538.9684448242188,-535.2083740234375,-7.447203636169434,3.6871447563171387,0.06087137758731842,0.18467777967453003,0.46452245116233826,0.0006830013007856905,0.9900292158126831,-0.006857896689325571,-0.006767174694687128,-13.973960876464844,212000
9.33004379272461,535.623291015625,536.9105834960938,521.8377075195312,-539.3250122070312,-535.21533203125,-7.9035515785217285,3.7939107418060303,0.060648176819086075,-0.043083902448415756,0.4653795659542084,3.471712989266962e-05,0.9943235516548157,-0.0028554238379001617,0.0,-14.807844161987305,213000
14.517322540283203,534.70849609375,537.7024536132812,512.1675415039062,-537.3469848632812,-533.3728637695312,-7.7606353759765625,3.786522150039673,0.057959333062171936,0.054924413561820984,0.4526991546154022,5.202780812396668e-05,0.9939107894897461,-0.0030700061470270157,-6.314604979706928e-05,-14.642452239990234,214000
259.983642578125,533.906005859375,536.2901611328125,84.82613372802734,-536.2501220703125,-532.345947265625,-8.03289794921875,4.128748893737793,0.05609836429357529,-0.15275543928146362,0.4647047817707062,0.0008884489070624113,0.9914655089378357,-0.004575290717184544,-0.0047736261039972305,-15.113348007202148,215000
8.937371253967285,535.467041015625,538.065673828125,519.735595703125,-538.2987670898438,-534.3408203125,-7.945335865020752,3.987391233444214,0.057935118675231934,-0.20402714610099792,0.46083834767341614,0.0001145260248449631,0.993578314781189,-0.0035641854628920555,-0.0012210222193971276,-14.960929870605469,216000
20.381933212280273,535.35888671875,538.6409301757812,471.8814392089844,-538.1915283203125,-534.3807983398438,-7.832554340362549,4.021868705749512,0.06127077713608742,-0.075815849006176,0.4597718119621277,0.0007586647989228368,0.9916712045669556,-0.00558101013302803,-0.00633643101900816,-14.741415023803711,217000
58.325340270996094,537.0653076171875,539.8933715820312,373.8783264160156,-539.2954711914062,-535.3399658203125,-7.800682067871094,3.845155954360962,0.05878964439034462,-0.06020357087254524,0.45842376351356506,0.00029711754177697003,0.9961977005004883,-0.0019251822959631681,-0.0014547754544764757,-14.881319999694824,218000
9.361625671386719,536.0369873046875,538.929443359375,516.4971313476562,-538.7191162109375,-534.7216186523438,-8.229487419128418,4.231971263885498,0.05660900101065636,-0.41194120049476624,0.4577736556529999,1.1703530617523938e-05,0.9967753887176514,-0.0016181087121367455,0.0,-15.43244743347168,219000
10.61685562133789,535.851806640625,538.5623168945312,511.3886413574219,-538.59521484375,-534.8472900390625,-7.380701541900635,3.63277006149292,0.05992325022816658,0.3789801597595215,0.452960729598999,1.3174793821235653e-05,0.9970288872718811,-0.0014895210042595863,-0.00019739368872251362,-14.049830436706543,220000
7.4467315673828125,535.8377685546875,538.3642578125,525.5667114257812,-538.5956420898438,-534.7562255859375,-7.577575206756592,3.7381510734558105,0.05890502780675888,0.08652074635028839,0.45224690437316895,3.712366378749721e-05,0.9944924116134644,-0.002772195730358362,0.0,-14.498476028442383,221000
7.475535869598389,536.8582763671875,538.5438842773438,529.427734375,-540.3796997070312,-536.4442138671875,-7.926589012145996,3.9910848140716553,0.05571695417165756,-0.3143713176250458,0.4575820565223694,0.0007934445748105645,0.9935989379882812,-0.0033269377890974283,-0.0027300023939460516,-15.291501998901367,222000
8.976341247558594,538.3272705078125,541.1776733398438,521.3750610351562,-541.4332885742188,-537.4588012695312,-8.12486743927002,4.150376319885254,0.05425895005464554,-0.42741280794143677,0.45494478940963745,2.3132964997785166e-05,0.9952210187911987,-0.0024010154884308577,0.0,-15.439470291137695,223000
8.30221176147461,540.5413818359375,542.8298950195312,532.0890502929688,-543.2545166015625,-539.4222412109375,-7.954969882965088,4.122654914855957,0.054256465286016464,-0.08557462692260742,0.4535525441169739,2.8960337658645585e-05,0.9952532052993774,-0.002387756248936057,0.0,-15.109525680541992,224000
8.802680969238281,542.1632690429688,544.9711303710938,523.074462890625,-545.0846557617188,-541.179931640625,-7.820301055908203,3.915585517883301,0.05733122304081917,-0.14314429461956024,0.45250532031059265,1.5263987734215334e-05,0.9957457780838013,-0.0021347112488001585,0.0,-14.89748764038086,225000
45.931373596191406,542.2080688476562,545.0537109375,394.01361083984375,-545.5077514648438,-541.76025390625,-7.317598819732666,3.5701348781585693,0.058200571686029434,0.3914225101470947,0.4506804049015045,0.0006399175617843866,0.9907817840576172,-0.005889716558158398,-0.0056716338731348515,-14.183650970458984,226000
8.525272369384766,543.6070556640625,545.6798706054688,530.8689575195312,-546.7088623046875,-542.9226684570312,-7.744429111480713,3.9582674503326416,0.05771152302622795,-0.02975364401936531,0.45064178109169006,7.202092547231587e-06,0.997138261795044,-0.0014344556257128716,0.0,-14.772040367126465,227000
7.852241516113281,544.7974853515625,547.5228881835938,536.7228393554688,-547.5418701171875,-543.7806396484375,-7.657921314239502,3.8966588973999023,0.05748336389660835,-0.04161112383008003,0.4470716714859009,3.0519462598022074e-05,0.9955846071243286,-0.002230799989774823,-0.00012657274783123285,-14.70689582824707,228000
7.02457857131958,545.9823608398438,548.5694580078125,539.7399291992188,-548.8616333007812,-545.1500244140625,-7.361081600189209,3.649477243423462,0.057017404586076736,0.21486344933509827,0.45032036304473877,6.405583917512558e-06,0.9978365302085876,-0.001084911753423512,0.0,-14.180641174316406,229000
7.465350151062012,545.7605590820312,548.4421997070312,535.9756469726562,-548.3501586914062,-544.6027221679688,-7.780737400054932,4.033327102661133,0.052794430404901505,0.052925389260053635,0.4473305940628052,7.59710701458971e-06,0.9973381161689758,-0.0013347172643989325,0.0,-14.79229736328125,230000
6.269540786743164,547.2592163085938,549.6259765625,538.7904052734375,-549.7810668945312,-545.95751953125,-7.540955543518066,3.717437267303467,0.05460235849022865,0.06301617622375488,0.4491121470928192,4.486135367187671e-06,0.997712254524231,-0.0011461084941402078,0.0,-14.60110855102539,231000
6.495587348937988,548.8912963867188,550.8901977539062,542.8635864257812,-551.89404296875,-548.1179809570312,-7.19722843170166,3.421147584915161,0.06071522831916809,0.20382709801197052,0.4463828504085541,0.0006021680892445147,0.996637225151062,-0.0016905935481190681,-0.0017011420568451285,-13.929056167602539,232000
9.631321907043457,548.0177001953125,550.1296997070312,538.5657958984375,-550.85888671875,-546.99169921875,-7.440708160400391,3.5735507011413574,0.060430120676755905,0.08205095678567886,0.44318169355392456,6.484001914941473e-06,0.9981651306152344,-0.0009190927958115935,-0.00011562569125089794,-14.432825088500977,233000
9.369258880615234,548.45751953125,550.6553344726562,531.1858520507812,-551.7738647460938,-548.1077880859375,-7.396257400512695,3.7301862239837646,0.05794589966535568,0.06601428985595703,0.4439393877983093,0.00032533169724047184,0.9967514276504517,-0.0016342122107744217,-0.0015709185972809792,-14.292547225952148,234000
147.42987060546875,549.6636962890625,552.4755859375,195.21263122558594,-552.231689453125,-548.43603515625,-7.79940938949585,4.0037760734558105,0.059655021876096725,-0.2551839053630829,0.4438568949699402,1.1054286915168632e-05,0.9920819401741028,-0.006360044702887535,-0.0054629030637443066,-15.359625816345215,235000
62.9337158203125,550.2273559570312,552.9578247070312,312.64166259765625,-553.5413208007812,-549.8182983398438,-7.807188987731934,4.084165573120117,0.05581438168883324,-0.362999826669693,0.44045600295066833,1.7510516045149416e-05,0.9916062951087952,-0.007065503392368555,-0.0060981023125350475,-15.295822143554688,236000
569.3792114257812,551.682861328125,555.2312622070312,194.95726013183594,-553.0582885742188,-549.6168212890625,-6.611212730407715,3.16975998878479,0.06645360589027405,0.3545113801956177,0.44587844610214233,0.0009840267011895776,0.9806811809539795,-0.015156518667936325,-0.008839484304189682,-13.258858680725098,237000
242.6355438232422,553.2808837890625,555.9002075195312,424.4703063964844,-555.82470703125,-552.1912231445312,-7.2652411460876465,3.6317930221557617,0.06208182871341705,0.11257367581129074,0.44312816858291626,0.0001665281888563186,0.9896207451820374,-0.0074369050562381744,-0.006454972550272942,-14.336129188537598,238000
7.941743850708008,555.7382202148438,558.2816162109375,546.77001953125,-558.1207275390625,-554.6229248046875,-7.127959251403809,3.6301379203796387,0.060157760977745056,0.11079824715852737,0.44186174869537354,0.0002124513266608119,0.9881137609481812,-0.00854297075420618,-0.006828696932643652,-14.227672576904297,239000
7.1259636878967285,557.4557495117188,559.8301391601562,551.3560180664062,-559.9947509765625,-556.4365844726562,-7.113340377807617,3.5551555156707764,0.05994872376322746,0.1448763906955719,0.44143909215927124,5.27616502949968e-05,0.9946197271347046,-0.002716033486649394,0.0,-13.953298568725586,240000
20.36621856689453,558.9459228515625,560.7857666015625,453.30242919921875,-561.8731689453125,-558.2363891601562,-7.367576599121094,3.7307448387145996,0.05832934379577637,-0.16789819300174713,0.4371611773967743,4.51961241196841e-05,0.9881970286369324,-0.008615376427769661,-0.005650728475302458,-14.751049995422363,241000
7.647741794586182,559.3341064453125,561.9417724609375,552.6275634765625,-562.0836791992188,-558.432861328125,-7.236093044281006,3.5852818489074707,0.057497892528772354,0.18603931367397308,0.4405810832977295,2.0675823179772124e-05,0.9957363605499268,-0.0021420905832201242,0.0,-14.419682502746582,242000
380.5473937988281,557.607177734375,561.2136840820312,61.844478607177734,-559.2271728515625,-555.6798706054688,-7.484533309936523,3.9372518062591553,0.05759066715836525,-0.1835942417383194,0.43550923466682434,0.00044352540862746537,0.9911404848098755,-0.00600586598739028,-0.005410751327872276,-14.930472373962402,243000
10.618413925170898,558.9288330078125,562.0439453125,523.21142578125,-561.4586791992188,-557.9414672851562,-7.064779281616211,3.547518014907837,0.060659002512693405,0.028835175558924675,0.43640244007110596,0.0018112144898623228,0.9902476072311401,-0.00785519927740097,-0.004359622485935688,-14.334209442138672,244000
123.68192291259766,559.1378173828125,561.4240112304688,441.3805847167969,-562.0968627929688,-558.5211181640625,-7.349036693572998,3.7733218669891357,0.05653811991214752,-0.05207160860300064,0.4347183108329773,0.0019072857685387135,0.9905427694320679,-0.008081436157226562,-0.004058413207530975,-14.815284729003906,245000
8.094392776489258,559.2392578125,562.1761474609375,551.0776977539062,-561.5899658203125,-557.8820190429688,-7.472663402557373,3.764713764190674,0.05667619779706001,-0.10874514281749725,0.43260693550109863,2.603921529953368e-05,0.9968965649604797,-0.00155746191740036,-0.00033106195041909814,-15.006661415100098,246000
107.93029022216797,557.013671875,560.4039306640625,372.19354248046875,-559.3109130859375,-555.76953125,-6.704132556915283,3.162781000137329,0.06584945321083069,0.4591376483440399,0.4326084852218628,0.0006890151998959482,0.9914864301681519,-0.006006243638694286,-0.0030554726254194975,-13.450461387634277,247000
78.36729431152344,554.75732421875,558.6456909179688,375.87060546875,-557.05419921875,-553.9166259765625,-6.781880855560303,3.644256591796875,0.0686049610376358,-0.03612394258379936,0.4331125020980835,0.0014311157865449786,0.978005051612854,-0.02086423709988594,-0.021564239636063576,-13.978890419006348,248000
14.065187454223633,555.778564453125,558.7946166992188,522.1647338867188,-558.5299682617188,-554.8587646484375,-7.2742462158203125,3.603055715560913,0.056524086743593216,0.1405683159828186,0.43065011501312256,2.380269688728731e-05,0.9969542026519775,-0.0015328812878578901,-0.00014539928815793246,-14.62686538696289,249000
80.39901733398438,557.930419921875,560.35986328125,297.76312255859375,-560.9102783203125,-557.30419921875,-7.468435287475586,3.8623859882354736,0.05866127833724022,-0.19479027390480042,0.43003398180007935,0.0007964888354763389,0.990370512008667,-0.008147424086928368,-0.004744445905089378,-15.106263160705566,250000
11.106985092163086,558.2444458007812,561.1987915039062,541.9734497070312,-560.8883056640625,-557.3763427734375,-7.218573570251465,3.7065746784210205,0.05695438012480736,0.0062635792419314384,0.4319177269935608,0.0017927199369296432,0.9876123666763306,-0.00852180365473032,-0.007779926992952824,-14.597892761230469,251000
29.239582061767578,558.4105834960938,561.2843017578125,418.1914367675781,-561.2801513671875,-557.7708740234375,-7.119633674621582,3.610381603240967,0.05940534919500351,0.10769882053136826,0.423419713973999,6.087805377319455e-05,0.9877363443374634,-0.00948257651180029,-0.00680088996887207,-14.450385093688965,252000
9.204710006713867,558.341552734375,560.748046875,544.78662109375,-560.85107421875,-557.3115844726562,-7.033141613006592,3.4936463832855225,0.06051725521683693,0.22055809199810028,0.4296606779098511,1.8913737221737392e-05,0.9958230257034302,-0.002097916789352894,0.0,-14.262514114379883,253000
14.902763366699219,556.6895751953125,559.7704467773438,534.9600219726562,-559.009765625,-555.4052124023438,-7.014321327209473,3.4097845554351807,0.05949407443404198,0.07012569159269333,0.428661048412323,0.00015151675324887037,0.9958722591400146,-0.0020822647493332624,-0.0010631392942741513,-14.319517135620117,254000
16.92441177368164,555.7514038085938,557.9389038085938,513.6141967773438,-557.8505249023438,-554.2348022460938,-7.342142105102539,3.726442337036133,0.056031107902526855,-0.01898599974811077,0.4257695972919464,6.71190646244213e-05,0.9958213567733765,-0.002099861390888691,-0.0008442776161246002,-14.96487045288086,255000
8.441818237304688,555.538818359375,558.4234619140625,537.7570190429688,-558.15234375,-554.4749755859375,-7.351856708526611,3.6745102405548096,0.05708881840109825,-0.18161894381046295,0.42475414276123047,1.6284724551951513e-05,0.9959083199501038,-0.00205392693169415,0.0,-14.991243362426758,256000
771.2235107421875,554.3033447265625,557.9859619140625,301.99822998046875,-556.1075439453125,-552.6668090820312,-7.104538917541504,3.663815498352051,0.06092128902673721,-0.0735463947057724,0.42459338903427124,7.720899884589016e-05,0.9907048344612122,-0.007198716513812542,-0.004988833796232939,-14.517309188842773,257000
146.73692321777344,555.5709228515625,558.5462646484375,263.161865234375,-557.73583984375,-554.3409423828125,-7.086972236633301,3.692063808441162,0.0582294799387455,-0.07763277739286423,0.4247012436389923,0.0005118054104968905,0.9899125099182129,-0.007904017344117165,-0.008976145647466183,-14.644625663757324,258000
6.466202735900879,557.5198974609375,559.48974609375,551.7049560546875,-560.1314086914062,-556.5447998046875,-7.124493598937988,3.5379319190979004,0.05782350152730942,0.009403393603861332,0.42361971735954285,1.4583183656213805e-05,0.9969289302825928,-0.001540637924335897,-0.0002470764156896621,-14.67038345336914,259000
7.325319290161133,559.862548828125,562.4405517578125,552.9386596679688,-562.4774780273438,-558.9683837890625,-7.173652172088623,3.664562225341797,0.060280799865722656,-0.1521151214838028,0.42379602789878845,0.0007962483214214444,0.9892537593841553,-0.008380381390452385,-0.004341587424278259,-14.864191055297852,260000
6.365527629852295,561.7493286132812,563.4862060546875,557.8898315429688,-564.2155151367188,-560.7732543945312,-6.667177200317383,3.2249414920806885,0.06015462055802345,0.3584716320037842,0.4242258667945862,0.0004513657186180353,0.9903876781463623,-0.005686775781214237,-0.0016649950994178653,-13.837207794189453,261000
5.81250524520874,564.0824584960938,566.1724243164062,559.0997314453125,-566.6420288085938,-563.0885620117188,-7.458517074584961,3.9050309658050537,0.05461347848176956,-0.34574511647224426,0.42396119236946106,6.367862806655467e-05,0.9964643716812134,-0.0017985270824283361,0.0,-15.350086212158203,262000
9.07461166381836,564.6499633789062,567.3148803710938,561.1243286132812,-566.7994384765625,-563.4117431640625,-6.953300476074219,3.565598487854004,0.05876318737864494,-0.04902113229036331,0.41700267791748047,1.3481527275871485e-05,0.9965109825134277,-0.0017512135673314333,0.0,-14.434982299804688,263000
1240.517822265625,563.4844360351562,566.9306640625,160.81790161132812,-564.9542236328125,-561.3937377929688,-7.236088752746582,3.675588369369507,0.059108518064022064,-0.15746034681797028,0.4168144166469574,0.0003405064926482737,0.9915860295295715,-0.005044585559517145,-0.003621172159910202,-15.181777954101562,264000
460.8004455566406,564.96240234375,568.4688110351562,174.15869140625,-566.4240112304688,-563.0574340820312,-6.845565319061279,3.4790170192718506,0.05883549898862839,0.17067372798919678,0.4214838445186615,0.0013410858809947968,0.9885759949684143,-0.0067888787016272545,-0.004527838435024023,-14.261899948120117,265000
6.926974296569824,567.3516845703125,569.431396484375,561.2607421875,-569.9808349609375,-566.55322265625,-6.960323333740234,3.532740831375122,0.06027162820100784,0.13032719492912292,0.4197920262813568,1.2772935406246688e-05,0.9962153434753418,-0.0018987085204571486,0.0,-14.496051788330078,266000
750.9573364257812,567.0231323242188,571.0535888671875,171.59478759765625,-568.8009033203125,-565.4939575195312,-6.695793628692627,3.3888533115386963,0.06279885023832321,0.09866643697023392,0.41611579060554504,0.0035924569237977266,0.9830904006958008,-0.011682762764394283,-0.015236346051096916,-14.142095565795898,267000
9.45547103881836,567.9876708984375,570.8046264648438,544.4006958007812,-570.1952514648438,-566.8079223632812,-6.921270847320557,3.5339112281799316,0.05819253623485565,0.007847623899579048,0.4171164929866791,4.496604378800839e-05,0.9929162263870239,-0.0035667838528752327,-0.00019162554235663265,-14.605206489562988,268000
7.756310939788818,569.0330810546875,571.716552734375,557.33642578125,-571.2461547851562,-567.7852172851562,-7.178861618041992,3.7178828716278076,0.05462992563843727,-0.013385990634560585,0.41337791085243225,4.873542638961226e-05,0.9952355623245239,-0.00239645317196846,-0.00030056555988267064,-15.019412994384766,269000
8.137723922729492,568.0769653320312,570.9456787109375,561.09375,-570.7356567382812,-567.145263671875,-7.237481594085693,3.647109031677246,0.05484576150774956,-0.0564948134124279,0.41368967294692993,5.348316790332319e-06,0.9976491928100586,-0.001178084290586412,0.0,-15.177835464477539,270000
10.300634384155273,568.1351318359375,571.4899291992188,548.6083374023438,-570.24560546875,-566.6599731445312,-7.0131049156188965,3.4275057315826416,0.05653997138142586,-0.010828929953277111,0.41454774141311646,0.0002552783116698265,0.9984338283538818,-0.0007842001505196095,-0.0010316023835912347,-14.816034317016602,271000
257.743408203125,567.6171875,570.9461059570312,68.60266876220703,-569.2997436523438,-565.776123046875,-7.1485595703125,3.6249122619628906,0.057966478168964386,-0.3922523260116577,0.4120621383190155,3.3011083360179327e-06,0.9984245300292969,-0.0007893574656918645,0.0,-15.111953735351562,272000
6.467480659484863,569.9852294921875,572.2755126953125,562.884765625,-572.3531494140625,-568.9871826171875,-6.738528251647949,3.372582197189331,0.0605720579624176,0.13340581953525543,0.4107709527015686,0.00042789935832843184,0.9974765777587891,-0.0012868798803538084,-0.0017289378447458148,-14.189855575561523,273000
9.311245918273926,569.196533203125,572.3551025390625,554.8062133789062,-571.5401000976562,-568.027099609375,-6.7261528968811035,3.213118553161621,0.05829593166708946,0.1868152767419815,0.40779075026512146,0.0006221456569619477,0.9976534843444824,-0.0011770993005484343,-0.0015951341483741999,-14.266919136047363,274000
6.463069915771484,569.3417358398438,571.7974243164062,559.037353515625,-571.6461791992188,-568.36572265625,-6.854794502258301,3.5743627548217773,0.05726150423288345,-0.118255615234375,0.41192626953125,0.00014104782894719392,0.9917669296264648,-0.007692102808505297,-0.006060514133423567,-14.486095428466797,275000
9.70788288116455,568.3592529296875,571.7728881835938,548.8749389648438,-570.70361328125,-567.093505859375,-7.585209846496582,3.975114583969116,0.05169869214296341,-0.5262024402618408,0.4081878364086151,3.424626265768893e-05,0.9965781569480896,-0.0017549460753798485,-0.0009193761507049203,-16.038719177246094,276000
640.0033569335938,567.66064453125,571.8882446289062,82.95260620117188,-569.6717529296875,-566.285888671875,-6.628244876861572,3.24239444732666,0.05957617610692978,-0.0245931688696146,0.4054313004016876,0.000593838223721832,0.989589512348175,-0.007974846288561821,-0.0077073834836483,-14.217127799987793,277000
8.476090431213379,567.706787109375,570.6573486328125,552.337890625,-569.7975463867188,-566.3455810546875,-6.955350875854492,3.503352642059326,0.058288224041461945,0.010098857805132866,0.4084567129611969,1.222431910719024e-05,0.9965057373046875,-0.0017531943740323186,0.0,-14.686488151550293,278000
7.229422569274902,567.4061279296875,569.8932495117188,555.8519287109375,-569.9014892578125,-566.41015625,-6.806973934173584,3.3156211376190186,0.057456307113170624,0.07397928088903427,0.4029008150100708,2.0048268197569996e-05,0.9963133931159973,-0.0018532525282353163,0.0,-14.438655853271484,279000
12.654072761535645,567.9686279296875,569.4036254882812,551.73046875,-570.9805297851562,-567.4239501953125,-6.888179779052734,3.3315813541412354,0.05551179125905037,-0.014326350763440132,0.40534019470214844,9.903211321216077e-06,0.9972216486930847,-0.001394098624587059,0.0,-14.814781188964844,280000
6.536106109619141,569.532958984375,571.6326904296875,566.6434326171875,-572.1788940429688,-568.7392578125,-6.862513065338135,3.4228785037994385,0.05575384944677353,0.031558725982904434,0.4055008590221405,7.8755783761153e-06,0.9983168244361877,-0.0008429273730143905,-0.00014337846369016916,-14.639042854309082,281000
9.063780784606934,570.4091186523438,570.9281005859375,566.509765625,-573.3125610351562,-570.0111694335938,-6.8399176597595215,3.5384833812713623,0.057289037853479385,0.08170235902070999,0.40609210729599,2.1982359612593427e-06,0.9985992908477783,-0.000701440847478807,0.0,-14.616144180297852,282000
7.3966264724731445,573.1146240234375,575.751953125,564.70947265625,-575.4127807617188,-571.914306640625,-6.6512227058410645,3.152780294418335,0.061494987457990646,0.28382188081741333,0.4031057357788086,0.0003508700174279511,0.9987599849700928,-0.0006209274288266897,-0.001189409289509058,-14.229166030883789,283000
5.7940239906311035,573.823486328125,576.6068115234375,565.8140869140625,-576.41650390625,-572.9275512695312,-6.944274425506592,3.4553067684173584,0.057230688631534576,0.13506217300891876,0.4052174985408783,3.530564754328225e-06,0.9986413717269897,-0.0006803759606555104,-8.866862481227145e-05,-14.762534141540527,284000
15.470564842224121,575.9393310546875,578.7866821289062,537.8433837890625,-578.3237915039062,-574.9443359375,-6.8714375495910645,3.4920337200164795,0.05835068225860596,-0.15872807800769806,0.3994469940662384,0.0002243233611807227,0.9943171143531799,-0.0035724129993468523,-0.004119176417589188,-14.925779342651367,285000
655.990478515625,576.1195068359375,579.8753662109375,49.9807014465332,-577.6642456054688,-574.59326171875,-6.510950088500977,3.439940929412842,0.06376573443412781,0.10397586226463318,0.39991647005081177,4.521163282333873e-05,0.9897950887680054,-0.00827122200280428,-0.006818307098001242,-14.254594802856445,286000
1003.396484375,580.1434326171875,581.3345947265625,402.7031555175781,-580.9976196289062,-577.5872192382812,-6.491972923278809,3.0815138816833496,0.059946298599243164,0.28829652070999146,0.40025636553764343,0.00029964864370413125,0.9943109750747681,-0.0029788988176733255,-0.002433325629681349,-14.107437133789062,287000
6.176933765411377,582.020751953125,584.1820068359375,571.2081298828125,-584.6741333007812,-581.2318115234375,-7.050666332244873,3.6083195209503174,0.051030825823545456,-0.19555987417697906,0.40230417251586914,1.1868180081364699e-05,0.9977402687072754,-0.0011357179610058665,0.0,-15.221811294555664,288000
673.7257690429688,584.0962524414062,587.0693359375,55.20615005493164,-586.5556030273438,-583.5167846679688,-6.23140287399292,3.1925554275512695,0.06399904936552048,0.17894130945205688,0.3988494575023651,0.0007101634982973337,0.9911743998527527,-0.007329103071242571,-0.008968551643192768,-13.82802963256836,289000
144.9790496826172,584.211669921875,587.5606079101562,238.72813415527344,-586.6625366210938,-583.4501342773438,-6.5380167961120605,3.325639009475708,0.059853244572877884,-0.07253459841012955,0.37827566266059875,0.00036153275868855417,0.9912360310554504,-0.008889417164027691,-0.009075463749468327,-14.347061157226562,290000
11.652532577514648,582.9085693359375,585.5066528320312,539.0465698242188,-585.1243896484375,-582.009765625,-6.68582010269165,3.57118821144104,0.05663156881928444,-0.21798744797706604,0.396088182926178,0.0019774283282458782,0.9907678365707397,-0.010455036535859108,-0.00661549111828208,-14.783365249633789,291000
9.360555648803711,581.8516845703125,584.7900390625,558.1990966796875,-583.84130859375,-580.4374389648438,-6.700941562652588,3.2970852851867676,0.05604635924100876,0.06681016087532043,0.3968265652656555,4.013440957351122e-06,0.9985225200653076,-0.0007407096563838422,0.0,-14.653524398803711,292000
655.510009765625,578.15234375,582.6633911132812,59.68157958984375,-579.5927124023438,-576.2724609375,-6.631079196929932,3.3108537197113037,0.06331197172403336,-0.22351419925689697,0.39880311489105225,0.0007717529078945518,0.9905112981796265,-0.007586479652673006,-0.007573207374662161,-14.706503868103027,293000
18.89746856689453,577.0394897460938,580.2721557617188,544.3936157226562,-578.892578125,-575.630615234375,-6.554522514343262,3.292527198791504,0.05393897369503975,0.03441120684146881,0.395043283700943,8.53629462653771e-05,0.9928500056266785,-0.0036170072853565216,0.0,-14.412375450134277,294000
22.845237731933594,575.8004760742188,578.9949951171875,512.664794921875,-577.66162109375,-574.4761962890625,-6.438967704772949,3.2535669803619385,0.058184243738651276,0.04063478112220764,0.3941256105899811,0.0005283801583573222,0.9902281761169434,-0.005416171159595251,-0.004360262304544449,-14.330129623413086,295000
11.595808982849121,576.62744140625,579.3624267578125,538.6348876953125,-578.5907592773438,-575.30517578125,-6.8184428215026855,3.532843589782715,0.05832839012145996,-0.16122181713581085,0.39552292227745056,0.00048236807924695313,0.9926968812942505,-0.003771336982026696,-0.0026464129332453012,-15.075977325439453,296000
49.847896575927734,577.4208984375,580.4920043945312,398.3475646972656,-579.379150390625,-576.3536376953125,-6.531651020050049,3.5061702728271484,0.05891804024577141,-0.020635707303881645,0.3950329124927521,0.000160258830874227,0.987531304359436,-0.008678900077939034,-0.005978048779070377,-14.51384449005127,297000
8.111671447753906,578.6102905273438,581.5081176757812,561.1459350585938,-580.7324829101562,-577.4180908203125,-6.677004337310791,3.36262845993042,0.05462043732404709,0.0500749796628952,0.390840619802475,0.0001751445815898478,0.9922165274620056,-0.003976812120527029,0.0,-14.648077011108398,298000
7.057529449462891,580.5732421875,583.3958740234375,571.3325805664062,-582.9295654296875,-579.59326171875,-6.704763412475586,3.368496894836426,0.05658887326717377,-0.25338315963745117,0.39109665155410767,2.6165396775468253e-05,0.9948908090591431,-0.0025685755535960197,-3.47544664691668e-05,-14.75285530090332,299000
10.289175033569336,580.5130615234375,583.5833129882812,557.9236450195312,-582.5127563476562,-579.3233032226562,-6.637683868408203,3.4482650756835938,0.05397984758019447,0.011573082767426968,0.39003559947013855,1.712732046144083e-05,0.9962789416313171,-0.0018690513679757714,0.0,-14.618053436279297,300000
13.592220306396484,580.1295776367188,582.6663818359375,560.1267700195312,-581.9612426757812,-578.7198486328125,-6.537222385406494,3.295850992202759,0.05809059739112854,0.12117763608694077,0.39152437448501587,6.028179541317513e-06,0.997693657875061,-0.0011561894789338112,0.0,-14.5353422164917,301000
255.96975708007812,581.2371215820312,584.0269775390625,369.2760925292969,-583.0902099609375,-579.7617797851562,-6.718111515045166,3.389700412750244,0.056712806224823,-0.19844284653663635,0.38788551092147827,0.0007575895870104432,0.9981578588485718,-0.0009263056563213468,-0.0025179835502058268,-15.030874252319336,302000
228.88345336914062,581.16796875,585.1544189453125,291.5206604003906,-582.9697265625,-580.1087646484375,-6.2641448974609375,3.4031991958618164,0.060077372938394547,-0.02049860544502735,0.3883613348007202,0.0018080088775604963,0.9841521978378296,-0.016958143562078476,-0.01348947361111641,-14.328388214111328,303000
22.374008178710938,581.8596801757812,584.3575439453125,561.6520385742188,-584.0924682617188,-580.8276977539062,-6.128129482269287,2.8633148670196533,0.06504335254430771,0.29845505952835083,0.38960832357406616,0.0007039858028292656,0.9962434768676758,-0.0019291907083243132,-0.0028858501464128494,-13.717443466186523,304000
34.280879974365234,580.6436767578125,583.6961059570312,508.540771484375,-582.4049682617188,-579.15576171875,-6.497751712799072,3.2485570907592773,0.056475378572940826,0.04182957485318184,0.387934148311615,2.0790590497199446e-05,0.997281551361084,-0.0013647564919665456,-0.000331484479829669,-14.524343490600586,305000
46.83850860595703,583.2264404296875,586.3448486328125,415.52838134765625,-584.9617919921875,-581.6761474609375,-6.492451190948486,3.2067668437957764,0.05757864937186241,0.04172784090042114,0.3860701024532318,0.0007056760368868709,0.9924252033233643,-0.005365964490920305,-0.0024706926196813583,-14.64587116241455,306000
9.986434936523438,581.520751953125,585.0203247070312,564.3324584960938,-583.2737426757812,-580.127197265625,-6.531498432159424,3.384974956512451,0.05709373950958252,-0.01313821505755186,0.3868584930896759,3.241133890696801e-05,0.9970844984054565,-0.0014736263547092676,0.0,-14.6126127243042,307000
10.58568000793457,581.54736328125,584.6426391601562,559.5357055664062,-583.5833129882812,-580.4317016601562,-6.463321685791016,3.311708450317383,0.05603134632110596,-0.001769781461916864,0.3790128827095032,2.9655147955054417e-05,0.9956267476081848,-0.0022013133857399225,0.0,-14.495294570922852,308000
6.254592418670654,582.0443115234375,584.1799926757812,576.1710815429688,-584.159423828125,-580.9815063476562,-6.439574241638184,3.26163649559021,0.05914566293358803,0.19277533888816833,0.3872951865196228,0.00022262721904553473,0.9906882047653198,-0.005620723124593496,-0.0022099127527326345,-14.480889320373535,309000
6.734001636505127,584.1923828125,586.5590209960938,577.1370239257812,-586.4960327148438,-583.35888671875,-6.479522228240967,3.3423421382904053,0.055527232587337494,0.03824492543935776,0.3872131407260895,8.858740329742432e-05,0.9921548366546631,-0.003989378456026316,-0.0003825028834398836,-14.684236526489258,310000
16.242584228515625,586.3333740234375,588.8356323242188,517.2222290039062,-588.45703125,-585.2470092773438,-6.367284774780273,3.1572818756103516,0.058956120163202286,0.052851200103759766,0.3871738612651825,0.00011263686610618606,0.9930499792098999,-0.0035252179950475693,-0.0009215930476784706,-14.471904754638672,311000
5.867366790771484,588.2889404296875,590.3455200195312,583.2893676757812,-590.6284790039062,-587.4891357421875,-6.405648231506348,3.2663235664367676,0.05717793479561806,0.18362094461917877,0.38681572675704956,0.00035070106969214976,0.9870323538780212,-0.0075982678681612015,-0.002735546324402094,-14.563299179077148,312000
9.120013236999512,589.7350463867188,592.3978881835938,580.439453125,-592.0859985351562,-588.9713745117188,-6.013927459716797,2.89928936958313,0.061196859925985336,0.3067663013935089,0.3859317898750305,0.0003824379527941346,0.994553804397583,-0.0027461606077849865,-0.0014113946817815304,-13.622002601623535,313000
203.67514038085938,590.9254760742188,594.1725463867188,165.33387756347656,-592.2947387695312,-589.258056640625,-5.83681583404541,2.800118923187256,0.06429432332515717,0.45162978768348694,0.38346341252326965,0.0014336587628349662,0.9918877482414246,-0.004565048031508923,-0.006337054073810577,-13.40653133392334,314000
8.480632781982422,592.4141845703125,594.4180908203125,587.8984375,-594.5424194335938,-591.2843017578125,-6.375303745269775,3.117176055908203,0.05894939973950386,0.04780428856611252,0.38070744276046753,3.178354018018581e-05,0.9944604635238647,-0.0027855420485138893,0.0,-14.555944442749023,315000
110.42884063720703,589.884033203125,592.4365234375,298.4454040527344,-591.4375610351562,-588.3160400390625,-6.437455177307129,3.3159372806549072,0.05894206464290619,-0.14900031685829163,0.381367564201355,0.0003779662656597793,0.9931150674819946,-0.003666659351438284,-0.0019904905930161476,-14.78957748413086,316000
244.9452667236328,592.1617431640625,595.1505126953125,171.47584533691406,-594.1730346679688,-591.0003662109375,-6.506403923034668,3.3337230682373047,0.05932070314884186,-0.23382575809955597,0.3788735568523407,0.001462878892198205,0.9926453828811646,-0.005777438171207905,-0.007352173328399658,-14.963712692260742,317000
9.893470764160156,594.6063232421875,595.2708740234375,591.596923828125,-597.2885131835938,-594.142578125,-6.239846706390381,3.093935489654541,0.05807802081108093,0.17589296400547028,0.378277063369751,6.896048489579698e-06,0.997778058052063,-0.0011143966112285852,0.0,-14.268281936645508,318000
75.78286743164062,594.6439208984375,597.3157958984375,575.7462158203125,-596.3416137695312,-593.2752075195312,-6.6154022216796875,3.549037218093872,0.055639367550611496,-0.19381704926490784,0.38031205534935,0.001175282639451325,0.9904538989067078,-0.006370262708514929,-0.006248254328966141,-15.21042251586914,319000
143.50657653808594,595.5132446289062,598.6195678710938,253.784912109375,-597.836181640625,-594.94775390625,-5.850078582763672,2.9616427421569824,0.06047704070806503,0.20621275901794434,0.3768537938594818,0.004712770227342844,0.9860739707946777,-0.011158907786011696,-0.01176338642835617,-13.612225532531738,320000
700.7470703125,596.6378173828125,599.4232177734375,35.03219223022461,-598.24169921875,-595.3065795898438,-5.976066589355469,3.0409650802612305,0.061779435724020004,0.07488717883825302,0.3801426589488983,6.463866884587333e-05,0.9865939617156982,-0.011621812358498573,-0.008606781251728535,-13.92552375793457,321000
5.994550704956055,600.0114135742188,602.0541381835938,595.2710571289062,-602.2815551757812,-599.2174072265625,-6.266730785369873,3.202549934387207,0.056810349225997925,0.06599323451519012,0.37904253602027893,1.750774754327722e-05,0.9958511590957642,-0.002082883147522807,-5.6745659094303846e-05,-14.45700454711914,322000
706.4530029296875,599.7657470703125,603.1292114257812,34.77971649169922,-600.9407958984375,-597.9619140625,-6.19813871383667,3.219255208969116,0.06031956523656845,-0.19703611731529236,0.37132757902145386,0.00017209889483638108,0.9893720149993896,-0.00939507782459259,-0.008320562541484833,-14.583419799804688,323000
5.870704174041748,602.4466552734375,604.5182495117188,598.6036376953125,-604.5755615234375,-601.4835815429688,-6.371111869812012,3.2791290283203125,0.05541040748357773,-0.04017706215381622,0.37536731362342834,1.998496190935839e-05,0.9961335062980652,-0.0019431712571531534,0.0,-14.763456344604492,324000
16.006155014038086,603.7385864257812,606.4151000976562,533.549560546875,-605.7916870117188,-602.78271484375,-6.185272693634033,3.1763057708740234,0.0610075406730175,-0.16630271077156067,0.3750210404396057,0.0007868160028010607,0.9893292188644409,-0.009251762181520462,-0.007210289128124714,-14.533330917358398,325000
6.535862922668457,604.4273071289062,606.5518798828125,585.8319702148438,-606.5614624023438,-603.4793701171875,-6.461899280548096,3.3798422813415527,0.055488090962171555,-0.09019079804420471,0.37685590982437134,7.597356307087466e-05,0.9942053556442261,-0.0029260264709591866,-0.00026661300216801465,-14.829212188720703,326000
372.3224182128906,604.249267578125,608.4938354492188,253.07884216308594,-604.8167114257812,-601.975830078125,-6.049773693084717,3.2088510990142822,0.06495078653097153,-0.1686953455209732,0.37433889508247375,0.0014230506494641304,0.9835679531097412,-0.01281714253127575,-0.012967947870492935,-14.510830879211426,327000
8.292346954345703,604.1446533203125,606.8364868164062,584.2807006835938,-606.130859375,-603.1153564453125,-6.348560810089111,3.333040952682495,0.05588007718324661,-0.014017623849213123,0.3689727485179901,0.0004759565053973347,0.9900529384613037,-0.005654146894812584,-0.0035924518015235662,-14.830820083618164,328000
176.62498474121094,603.3153686523438,606.6611328125,289.787109375,-604.768798828125,-601.8925170898438,-6.185405731201172,3.309147834777832,0.05721186101436615,-0.017141098156571388,0.3732716739177704,0.001107380841858685,0.989084780216217,-0.009080717340111732,-0.0047803702764213085,-14.658625602722168,329000
244.87132263183594,602.0609741210938,605.5855712890625,317.9878845214844,-604.5084838867188,-601.2925415039062,-6.411118507385254,3.1951940059661865,0.056975461542606354,-0.22285239398479462,0.3727376163005829,0.00021321863459888846,0.9915467500686646,-0.00559923704713583,-0.0029148717876523733,-15.126399993896484,330000
167.44784545898438,601.8192138671875,604.9474487304688,320.16204833984375,-603.6262817382812,-600.8074951171875,-5.653880596160889,2.83510160446167,0.06160265579819679,0.18868298828601837,0.3702843487262726,0.00034827538183890283,0.9844096899032593,-0.01147916354238987,-0.010160822421312332,-13.726938247680664,331000
1056.298828125,599.8897094726562,603.61328125,8.79539680480957,-600.2479858398438,-597.624267578125,-5.813124179840088,3.189363479614258,0.0644945576786995,-0.009637489914894104,0.3711903691291809,0.0018421922577545047,0.9823317527770996,-0.016741879284381866,-0.018320424482226372,-14.102117538452148,332000
703.22509765625,603.059326171875,607.0093383789062,9.90549373626709,-603.5133056640625,-600.6461791992188,-5.8769426345825195,3.009814977645874,0.06291011720895767,0.1654004454612732,0.3708231449127197,7.039740012260154e-06,0.9909033179283142,-0.008659911341965199,-0.007387773599475622,-14.071593284606934,333000
104.7271728515625,602.8436889648438,605.4116821289062,421.81610107421875,-604.463623046875,-601.2955322265625,-6.363048553466797,3.1949386596679688,0.060307811945676804,-0.1620117425918579,0.36916282773017883,0.0009787100134417415,0.995225191116333,-0.0025029743555933237,-0.004236732143908739,-15.070026397705078,334000
10.115249633789062,603.1153564453125,605.2308349609375,598.6275024414062,-605.0453491210938,-601.9681396484375,-6.075697422027588,2.9984631538391113,0.05901529639959335,0.18576796352863312,0.36808326840400696,0.00014104861475061625,0.9942280650138855,-0.0030486099421977997,-0.0004559685185085982,-14.394521713256836,335000
11.262031555175781,601.8929443359375,604.51953125,579.1361694335938,-603.2786865234375,-600.2489013671875,-6.116952419281006,3.0871853828430176,0.05672067776322365,-0.03104998916387558,0.36650559306144714,8.579813584219664e-05,0.9965593814849854,-0.0017389983404427767,-0.0008242413168773055,-14.432699203491211,336000
1235.63232421875,599.6810302734375,603.6881103515625,103.883056640625,-599.818603515625,-597.059326171875,-5.718075275421143,2.9588141441345215,0.06416082382202148,0.19575218856334686,0.3678877353668213,0.00012042478192597628,0.9842807054519653,-0.013322011567652225,-0.011370301246643066,-13.97438907623291,337000
11.329811096191406,600.42529296875,603.3712158203125,576.5323486328125,-602.2998046875,-599.1377563476562,-6.268253803253174,3.1061763763427734,0.056439466774463654,-0.030659647658467293,0.362230509519577,2.0030047380714677e-05,0.9967200756072998,-0.0016498652985319495,0.0,-14.953190803527832,338000
330.5036926269531,599.6812133789062,603.535400390625,42.384342193603516,-600.9228515625,-598.061767578125,-6.081300258636475,3.220219373703003,0.05880456790328026,-0.2096009999513626,0.36550983786582947,0.00024108414072543383,0.990440845489502,-0.007496295031160116,-0.007373723201453686,-14.57274341583252,339000
525.5160522460938,598.7056884765625,603.1083984375,70.5746841430664,-599.663818359375,-596.8324584960938,-5.872874736785889,3.0414860248565674,0.06420256942510605,-0.10979413986206055,0.3654016852378845,0.0012015290558338165,0.979621171951294,-0.017828095704317093,-0.013579152524471283,-14.475666999816895,340000
768.8934326171875,597.3897705078125,600.7349243164062,197.91038513183594,-599.2781372070312,-596.3269653320312,-6.218617916107178,3.2674641609191895,0.05784694477915764,-0.20080550014972687,0.36363208293914795,0.0015947953797876835,0.9863195419311523,-0.009942726232111454,-0.0037296698428690434,-14.900514602661133,341000
11.153943061828613,597.4154052734375,600.4574584960938,561.5858764648438,-599.0567626953125,-596.1124267578125,-6.241672039031982,3.2973668575286865,0.05592593923211098,-0.07364913076162338,0.36696508526802063,6.687300628982484e-05,0.9918421506881714,-0.0041120462119579315,0.0,-14.854608535766602,342000
18.478702545166016,596.7438354492188,600.2396850585938,557.1486206054688,-598.4299926757812,-595.4550170898438,-5.598546981811523,2.6235711574554443,0.06241573393344879,0.35227522253990173,0.36392471194267273,0.0011711142724379897,0.9855852127075195,-0.009237077087163925,-0.003420635126531124,-13.53033447265625,343000
375.6712646484375,595.2373046875,599.7145385742188,203.7250518798828,-596.1282958984375,-593.4833374023438,-5.675332546234131,3.030367136001587,0.0649997889995575,0.16065144538879395,0.36554154753685,0.00022453968995250762,0.9801533222198486,-0.01774296909570694,-0.01588977314531803,-13.891548156738281,344000
13.10860824584961,597.20947265625,599.7652587890625,544.49169921875,-598.93310546875,-596.0875854492188,-5.919671058654785,3.0741772651672363,0.06216749921441078,0.12586073577404022,0.36127880215644836,0.00011189497308805585,0.9874747395515442,-0.010319571010768414,-0.0074395230039954185,-14.389997482299805,345000
7.060088157653809,597.999755859375,600.06298828125,583.7113037109375,-600.1976318359375,-597.0494384765625,-6.027482509613037,2.8792471885681152,0.057261381298303604,0.13119634985923767,0.3653426468372345,5.381862501963042e-05,0.9930534362792969,-0.003499953541904688,0.0,-14.492183685302734,346000
8.524419784545898,598.84521484375,601.683837890625,583.7427978515625,-600.913330078125,-597.7427978515625,-6.12235164642334,2.951847553253174,0.05875919386744499,-0.07353750616312027,0.356818288564682,1.8529899534769356e-05,0.9964452981948853,-0.001786532229743898,0.0,-14.766776084899902,347000
10.174398422241211,599.3546752929688,602.030029296875,579.7698974609375,-601.2225341796875,-598.1854248046875,-6.183560371398926,3.146436929702759,0.05645835027098656,-0.15889231860637665,0.3634456694126129,2.3422515369020402e-05,0.9957560300827026,-0.0021330444142222404,-6.607882824027911e-05,-14.930127143859863,348000
11.85190486907959,599.8463745117188,603.2653198242188,564.945068359375,-602.1701049804688,-599.0546875,-6.097346782684326,2.981907367706299,0.05695362761616707,-0.03217887133359909,0.3610885739326477,0.0002061332925222814,0.9941308498382568,-0.0029605256859213114,-0.000775279535446316,-14.75366497039795,349000
5.473489761352539,603.5847778320312,606.034912109375,598.2759399414062,-605.705078125,-602.6525268554688,-6.17095947265625,3.118382215499878,0.05794722959399223,-0.015734966844320297,0.36080068349838257,2.6057439754367806e-05,0.9955782294273376,-0.0022237729281187057,0.0,-14.845949172973633,350000
55.12845230102539,604.5054321289062,606.70849609375,596.9620971679688,-606.3164672851562,-603.2691040039062,-5.905216693878174,2.857868194580078,0.0616266243159771,0.15902432799339294,0.35798531770706177,0.0001887336402432993,0.9940451383590698,-0.0031478721648454666,-0.0009329665917903185,-14.278238296508789,351000
6.440442085266113,605.9063110351562,607.748779296875,600.191162109375,-608.1336059570312,-605.1593017578125,-5.630454063415527,2.6561203002929688,0.061227764934301376,0.4514797329902649,0.3590553104877472,5.0249858759343624e-05,0.9969799518585205,-0.0015205414965748787,-0.000547880248632282,-13.595902442932129,352000
5.802746295928955,607.4034423828125,609.8013305664062,601.6634521484375,-609.5220336914062,-606.51220703125,-6.182102203369141,3.1722872257232666,0.055032506585121155,-0.11239683628082275,0.35605812072753906,1.9728022380149923e-05,0.996710479259491,-0.00165011384524405,-0.00022889238607604057,-15.052555084228516,353000
430.0482482910156,607.4292602539062,611.2982788085938,139.16119384765625,-608.9529418945312,-606.1322021484375,-5.8974785804748535,3.0767323970794678,0.056070487946271896,-0.08815284818410873,0.355558305978775,0.001750775147229433,0.987065851688385,-0.009708508849143982,-0.00878010131418705,-14.526891708374023,354000
7.321031093597412,608.2662963867188,611.05078125,595.146484375,-610.1976928710938,-607.2099609375,-6.104987621307373,3.117230176925659,0.057675644755363464,-0.004548151511698961,0.35712718963623047,2.4759196094237268e-05,0.9958858489990234,-0.002068727044388652,-0.0002489104517735541,-14.989397048950195,355000
11.353796005249023,606.1168212890625,609.5066528320312,585.1148071289062,-607.9736328125,-604.868896484375,-6.182431221008301,3.077697277069092,0.0544942282140255,-0.09336084127426147,0.3552551567554474,0.00035334896529093385,0.9966817498207092,-0.0016882342752069235,-0.001623627613298595,-15.15410041809082,356000
6.841030120849609,606.4466552734375,609.020751953125,600.4149169921875,-608.375,-605.3916015625,-5.876552581787109,2.8931386470794678,0.05646128952503204,0.021403582766652107,0.35412776470184326,1.4581959476345219e-05,0.9973161220550537,-0.0013491746503859758,0.0,-14.461126327514648,357000
9.799944877624512,606.184326171875,609.3182373046875,590.7638549804688,-607.8305053710938,-604.67236328125,-6.290106773376465,3.1319384574890137,0.05498543754220009,-0.23550568521022797,0.35334840416908264,3.395566454855725e-05,0.9954947829246521,-0.002269403077661991,0.0,-15.472792625427246,358000
6.991906642913818,607.846435546875,610.089599609375,602.0924072265625,-609.8605346679688,-606.7915649414062,-5.979294300079346,2.910329580307007,0.05503438785672188,-0.11607154458761215,0.35317739844322205,0.00018621288472786546,0.9913970232009888,-0.004391408525407314,-8.84953115019016e-05,-14.902414321899414,359000
375.029052734375,606.7774047851562,610.0903930664062,81.57183837890625,-607.9072265625,-605.1386108398438,-5.639390468597412,2.8707616329193115,0.061915453523397446,0.01834435760974884,0.35591474175453186,0.0003317272348795086,0.9867335557937622,-0.01023225486278534,-0.00778754660859704,-14.221363067626953,360000
945.5817260742188,604.9140625,609.5277709960938,47.67653274536133,-604.3729858398438,-601.723876953125,-5.6844329833984375,3.035313606262207,0.05978936329483986,0.0017810976132750511,0.3539392948150635,0.00032869086135178804,0.9878221154212952,-0.009962321259081364,-0.00830361433327198,-14.23513412475586,361000
7.876492977142334,606.323486328125,608.7100219726562,584.5962524414062,-608.3082275390625,-605.35400390625,-6.141239166259766,3.1870150566101074,0.05684679001569748,-0.2071543037891388,0.35030004382133484,3.3534655813127756e-05,0.9964033365249634,-0.0018148391973227262,0.0,-15.148285865783691,362000
10.163447380065918,605.7608642578125,607.7955322265625,584.4649658203125,-607.5304565429688,-604.52197265625,-6.030961036682129,3.0224783420562744,0.057789579033851624,-0.05128864571452141,0.34521883726119995,2.1073305106256157e-05,0.9964389204978943,-0.0017909870948642492,0.0,-14.955626487731934,363000
16.220802307128906,605.4827880859375,608.3536376953125,570.5823974609375,-607.2881469726562,-604.3444213867188,-5.75654935836792,2.812812566757202,0.058221928775310516,0.05851259082555771,0.3502750098705292,0.0005247475346550345,0.9929156303405762,-0.003615474794059992,-0.0019044461660087109,-14.230093002319336,364000
16.16185760498047,604.5405883789062,607.2244873046875,561.0648193359375,-606.0823974609375,-603.20458984375,-5.925207138061523,3.0474390983581543,0.056352365761995316,-0.061258818954229355,0.3547062277793884,0.0007111906306818128,0.9927916526794434,-0.003637105692178011,-0.001984758535400033,-14.856471061706543,365000
15.78498649597168,603.9440307617188,606.7156982421875,567.2321166992188,-605.4224853515625,-602.552001953125,-5.510649681091309,2.6401495933532715,0.06088607385754585,0.3877567648887634,0.35334500670433044,5.825335392728448e-05,0.994204044342041,-0.0029266958590596914,0.0,-13.776422500610352,366000
47.47318649291992,603.0977783203125,606.3689575195312,447.5849914550781,-604.6359252929688,-601.7703857421875,-5.520497798919678,2.654965877532959,0.06250865012407303,0.34188002347946167,0.3493252396583557,0.0010936149628832936,0.994839608669281,-0.002771335653960705,-0.004950787406414747,-13.785789489746094,367000
639.1759033203125,603.3505859375,607.34033203125,11.538585662841797,-604.6267700195312,-601.7918090820312,-5.760189533233643,2.925210952758789,0.059479571878910065,0.08149178326129913,0.34924304485321045,0.0010332962265238166,0.9901509284973145,-0.006376784294843674,-0.005874827038496733,-14.493715286254883,368000
8.896974563598633,605.5841674804688,608.2144775390625,551.1104736328125,-607.4698486328125,-604.5606079101562,-5.804113864898682,2.8948793411254883,0.05832960084080696,0.025977730751037598,0.3495645523071289,0.0017583353910595179,0.9901151657104492,-0.00782258901745081,-0.003935622982680798,-14.588197708129883,369000
8.215566635131836,606.4260864257812,609.4522094726562,589.3196411132812,-608.2012939453125,-605.2852172851562,-5.923918724060059,3.0077896118164062,0.05618113651871681,0.038597222417593,0.3496198058128357,1.558278381708078e-05,0.9971936345100403,-0.001410892466083169,0.0,-14.802995681762695,370000
9.731821060180664,606.8388671875,609.41015625,583.7074584960938,-608.7576293945312,-605.89306640625,-5.591078758239746,2.7265217304229736,0.05959327146410942,0.2112642526626587,0.34620076417922974,0.000233148894039914,0.9958184957504272,-0.0021391487680375576,-0.0021769795566797256,-14.04532241821289,371000
10.897594451904297,607.097412109375,610.3004760742188,582.6074829101562,-608.9959106445312,-606.0904541015625,-5.813739776611328,2.9082486629486084,0.05784331262111664,-0.020987143740057945,0.34512659907341003,4.279128188500181e-05,0.9964730739593506,-0.0017844082321971655,0.0,-14.543974876403809,372000
8.264375686645508,608.0125732421875,610.5601806640625,596.0078125,-610.2041625976562,-607.2637329101562,-5.871542930603027,2.9311020374298096,0.05566442757844925,0.01424611546099186,0.34644994139671326,5.358037742553279e-05,0.9956812262535095,-0.002183089032769203,-0.00031423167092725635,-14.78147029876709,373000
17.900651931762695,607.7212524414062,610.5385131835938,581.6508178710938,-609.0752563476562,-606.3023071289062,-5.669976234436035,2.897055149078369,0.060509610921144485,0.02624036930501461,0.3464251756668091,0.000972007226664573,0.9886478185653687,-0.005940751172602177,-0.0035499995574355125,-14.219959259033203,374000
721.5007934570312,606.4930419921875,610.2711181640625,33.81519317626953,-607.1096801757812,-604.454833984375,-5.453145980834961,2.798295497894287,0.062095992267131805,0.19390349090099335,0.34396472573280334,0.0008560212445445359,0.9883224368095398,-0.00920095294713974,-0.008613891899585724,-13.830652236938477,375000
12.248004913330078,607.1470947265625,609.9539184570312,580.509033203125,-608.7410278320312,-605.8399047851562,-5.678930759429932,2.7778096199035645,0.05897308886051178,0.030712446197867393,0.34344804286956787,6.419108831323683e-05,0.9931712746620178,-0.0034460891038179398,0.0,-14.475212097167969,376000
334.0931701660156,604.3203735351562,608.9525756835938,225.9822235107422,-604.861328125,-602.39599609375,-5.218881130218506,2.75354266166687,0.06396504491567612,0.20316912233829498,0.34254658222198486,0.00011627246567513794,0.9810726642608643,-0.01917354203760624,-0.015789104625582695,-13.703351974487305,377000
624.3452758789062,604.18798828125,608.486572265625,92.4896240234375,-605.2003784179688,-602.4952392578125,-5.806663990020752,3.1015210151672363,0.05698572099208832,-0.1844140738248825,0.34515589475631714,0.0015810336917638779,0.9858055114746094,-0.008493689820170403,-0.006624375004321337,-14.871575355529785,378000
123.60964965820312,603.11474609375,607.774658203125,425.8929138183594,-604.094482421875,-601.37353515625,-5.448731899261475,2.727787494659424,0.06203119084239006,0.18060392141342163,0.34657061100006104,0.00095570512348786,0.9830998182296753,-0.010442971251904964,-0.007879413664340973,-14.136192321777344,379000
371.5224914550781,602.4786987304688,606.81884765625,204.97955322265625,-603.3168334960938,-600.72705078125,-5.760023593902588,3.170236825942993,0.056194521486759186,-0.22211408615112305,0.34689751267433167,0.0014096564846113324,0.9794483780860901,-0.01478327065706253,-0.010011286474764347,-15.010982513427734,380000
12.491605758666992,602.2161865234375,605.4195556640625,564.4437255859375,-603.8394775390625,-601.0654296875,-5.66359806060791,2.8895177841186523,0.05858219787478447,-0.04006287083029747,0.34039396047592163,0.00043298807577230036,0.991966724395752,-0.004058311693370342,-0.0016270390478894114,-14.733011245727539,381000
706.197265625,599.2420043945312,603.0068969726562,39.422054290771484,-599.5779418945312,-597.0098876953125,-5.471149921417236,2.9030935764312744,0.05883966386318207,0.009940003976225853,0.3412345349788666,0.0005412922473624349,0.9844799637794495,-0.012814108282327652,-0.007160489913076162,-14.225790977478027,382000
790.3842163085938,598.0687866210938,602.1436157226562,31.45003318786621,-597.8995361328125,-595.39501953125,-5.363142490386963,2.858635425567627,0.06128741055727005,0.04122954607009888,0.34033671021461487,0.00029861272196285427,0.9768778085708618,-0.018430979922413826,-0.01535404846072197,-14.201908111572266,383000
81.19102478027344,599.392333984375,602.5883178710938,374.30609130859375,-600.65478515625,-597.7913818359375,-5.677378177642822,2.8139729499816895,0.058796439319849014,-0.03216071426868439,0.34164515137672424,0.0007487470866180956,0.9941496849060059,-0.00317064905539155,-0.003140392480418086,-14.578189849853516,384000
139.22181701660156,599.8272705078125,603.0139770507812,332.72552490234375,-600.8492431640625,-598.101318359375,-5.486485958099365,2.7385761737823486,0.06290167570114136,0.08354680240154266,0.33716052770614624,0.0009990589460358024,0.9903413653373718,-0.006858292501419783,-0.008019992150366306,-14.29145622253418,385000
1075.58349609375,597.162841796875,602.2508544921875,27.252426147460938,-596.5286865234375,-593.8965454101562,-5.521490097045898,2.889350652694702,0.05657269060611725,0.16160601377487183,0.3420867919921875,0.0007786916103214025,0.9890768527984619,-0.006165269762277603,-0.00558528583496809,-14.378585815429688,386000
15.050871849060059,598.549072265625,601.336181640625,564.0700073242188,-599.997802734375,-597.2822265625,-5.5154948234558105,2.799919366836548,0.05754462629556656,0.09850582480430603,0.34056422114372253,0.00039433862548321486,0.9869256019592285,-0.006843232549726963,-0.0027232246939092875,-14.279876708984375,387000
86.53861236572266,597.7847290039062,600.8485717773438,373.49273681640625,-598.7421264648438,-596.0631103515625,-5.715969562530518,3.0369157791137695,0.05516083538532257,-0.07302955538034439,0.3360942006111145,0.0003329523897264153,0.9893703460693359,-0.006230246275663376,-0.004002032335847616,-14.846898078918457,388000
71.22929382324219,597.327392578125,600.88427734375,484.3404235839844,-598.5157470703125,-595.746337890625,-5.50379753112793,2.734363555908203,0.05946967378258705,0.09571339190006256,0.337789922952652,0.0015887492336332798,0.9888430833816528,-0.006107678171247244,-0.004636641126126051,-14.203807830810547,389000
1023.7540893554688,594.0465698242188,599.7395629882812,61.765228271484375,-594.5081176757812,-592.3019409179688,-4.843140125274658,2.6369364261627197,0.07128245383501053,0.15385359525680542,0.3393736481666565,0.0007460577762685716,0.9729355573654175,-0.025888176634907722,-0.02045665681362152,-13.277477264404297,390000
26.076705932617188,594.1207275390625,597.7688598632812,548.1746826171875,-595.4682006835938,-592.6783447265625,-5.736948013305664,2.947091579437256,0.05735782906413078,-0.18668538331985474,0.3365774154663086,0.0013216694351285696,0.9924023151397705,-0.003849081927910447,-0.0025704617146402597,-14.957859992980957,391000
14.132261276245117,593.718994140625,596.7345581054688,553.0167236328125,-595.34130859375,-592.5159301757812,-5.493765354156494,2.66841983795166,0.06032257899641991,0.13509304821491241,0.33384624123573303,3.108837336185388e-05,0.9954597353935242,-0.0023922882974147797,-0.0007030258420854807,-14.263687133789062,392000
10.236656188964844,593.2410888671875,596.1089477539062,560.8106079101562,-594.63427734375,-591.8657836914062,-5.787810325622559,3.019272565841675,0.05470914766192436,-0.15238507091999054,0.3339243531227112,6.808379839640111e-05,0.9948722124099731,-0.0025971068535000086,0.0,-15.006782531738281,393000
217.78427124023438,592.4418334960938,596.2067260742188,185.70526123046875,-593.8755493164062,-591.265869140625,-5.519550800323486,2.9098408222198486,0.06304582208395004,-0.1671774983406067,0.3327891528606415,0.0007190979085862637,0.9841040372848511,-0.015453683212399483,-0.015492100268602371,-14.76417350769043,394000
25.10684585571289,593.2652587890625,595.9960327148438,555.87841796875,-594.87744140625,-592.02197265625,-5.764464378356934,2.9089927673339844,0.05519499629735947,-0.13706248998641968,0.3321797549724579,0.000827406591270119,0.9931647777557373,-0.0038915330078452826,-0.004289972595870495,-14.995508193969727,395000
44.97846603393555,592.4287109375,595.6890869140625,460.786376953125,-593.3834838867188,-590.7431640625,-5.590570449829102,2.9502530097961426,0.059308893978595734,-0.139958918094635,0.33338579535484314,0.00016206444706767797,0.9891452789306641,-0.0072988527826964855,-0.006171359680593014,-14.761911392211914,396000
23.553922653198242,593.6751708984375,596.8836059570312,558.2842407226562,-595.11669921875,-592.3275146484375,-5.514978885650635,2.7257766723632812,0.062428321689367294,-0.006984386593103409,0.33291345834732056,0.0010407055960968137,0.9932876825332642,-0.003472422482445836,-0.003829647321254015,-14.505289077758789,397000
20.35610580444336,593.1692504882812,596.3883056640625,562.4691772460938,-594.3305053710938,-591.593505859375,-5.48716926574707,2.750166177749634,0.055349159985780716,0.0944313332438469,0.33411934971809387,0.000398283067625016,0.9921764135360718,-0.003984236158430576,-0.0012377089587971568,-14.30117416381836,398000
792.5599975585938,591.94775390625,595.9888305664062,62.88279342651367,-592.2403564453125,-589.9171752929688,-5.388155460357666,3.0649783611297607,0.06331327557563782,-0.1357826143503189,0.33350610733032227,0.0002475815126672387,0.9764477610588074,-0.02004392072558403,-0.017139114439487457,-14.57779312133789,399000
11.364870071411133,592.5682373046875,596.5172729492188,558.53076171875,-593.8623657226562,-591.119873046875,-5.694857597351074,2.9524197578430176,0.05827382206916809,-0.07368873059749603,0.33405452966690063,0.00020995846716687083,0.9917405247688293,-0.004216102417558432,-0.00035213734372518957,-14.954917907714844,400000
640.3683471679688,590.6197509765625,595.5870361328125,19.485820770263672,-590.6111450195312,-588.1942749023438,-5.306223392486572,2.889355421066284,0.06369304656982422,-0.005579409655183554,0.3314790725708008,0.0009903002064675093,0.9830650091171265,-0.014652110636234283,-0.012963077053427696,-14.357650756835938,401000
1187.90966796875,589.315185546875,594.4672241210938,192.5191650390625,-590.5996704101562,-588.248046875,-5.2569899559021,2.9053845405578613,0.0646461620926857,-0.1543111950159073,0.3319414258003235,0.00045366681297309697,0.9775988459587097,-0.02031133696436882,-0.01659807190299034,-14.528499603271484,402000
22.134334564208984,591.173095703125,594.4066162109375,546.917724609375,-592.509033203125,-589.794677734375,-5.672517776489258,2.9581685066223145,0.05804620683193207,-0.14601275324821472,0.327067106962204,1.9342602172400802e-05,0.9924373626708984,-0.0046907635405659676,-0.0031197748612612486,-15.028943061828613,403000
15.746400833129883,591.6903686523438,594.2442016601562,548.228515625,-593.265625,-590.57275390625,-5.3083038330078125,2.615424156188965,0.06192205846309662,0.14760252833366394,0.32947665452957153,0.0005222986219450831,0.9945456981658936,-0.002932101022452116,-0.002761374693363905,-14.070419311523438,404000
17.449695587158203,591.4755859375,594.0781860351562,546.056640625,-592.8759765625,-590.1471557617188,-5.456164360046387,2.72735857963562,0.056284330785274506,0.054093342274427414,0.3311176896095276,0.0002515962696634233,0.9886378049850464,-0.005862676538527012,-0.0012212559813633561,-14.452022552490234,405000
61.1005744934082,591.1375122070312,593.83837890625,556.996337890625,-592.0013427734375,-589.3355712890625,-5.581147193908691,2.9153804779052734,0.05418098717927933,-0.08913537114858627,0.3299199342727661,0.0002702412602957338,0.9875515699386597,-0.0064422814175486565,-0.0016268491744995117,-14.89944076538086,406000
31.483722686767578,591.031005859375,594.29345703125,487.93231201171875,-592.3527221679688,-589.56689453125,-5.647744655609131,2.8619468212127686,0.054974738508462906,-0.047459498047828674,0.32578131556510925,0.0007839931640774012,0.9896669983863831,-0.005605953745543957,-0.0005383513635024428,-14.970460891723633,407000
55.04576873779297,590.5587158203125,594.1610717773438,407.23211669921875,-591.9722900390625,-589.223876953125,-5.665106773376465,2.916715383529663,0.05685819312930107,-0.1700611412525177,0.32749179005622864,0.00015008705668151379,0.9898170828819275,-0.008012013509869576,-0.005265729036182165,-15.239808082580566,408000
636.3057861328125,590.676025390625,594.7366333007812,22.3303279876709,-590.798583984375,-588.2591552734375,-5.502504825592041,2.963068723678589,0.05779363214969635,-0.1447923332452774,0.3249020278453827,0.0029408703558146954,0.9883566498756409,-0.009826199151575565,-0.010663962922990322,-14.804229736328125,409000
16.327301025390625,591.76171875,594.5994262695312,555.36669921875,-592.9849853515625,-590.2968139648438,-5.390749931335449,2.702564239501953,0.06158658489584923,0.11305870115756989,0.3297635018825531,0.0005571588990278542,0.9908776879310608,-0.004690360277891159,-0.0022576190531253815,-14.5303955078125,410000
140.90077209472656,590.7230834960938,594.7880859375,225.4501190185547,-591.60498046875,-589.06201171875,-5.281209468841553,2.738215446472168,0.056530337780714035,0.018571842461824417,0.324489027261734,0.003715237369760871,0.9888821840286255,-0.00885066855698824,-0.011729472316801548,-14.316961288452148,411000
319.1894836425781,591.2662963867188,594.7938232421875,438.7610778808594,-591.7117919921875,-589.2338256835938,-5.229708671569824,2.7517642974853516,0.058967266231775284,0.1175115630030632,0.3239976763725281,0.0005124019808135927,0.9892705678939819,-0.00892796739935875,-0.006303943693637848,-14.101371765136719,412000
43.0064582824707,591.341552734375,594.9010009765625,544.5368041992188,-592.4341430664062,-589.639892578125,-5.4916157722473145,2.697385311126709,0.05723746493458748,-0.061564426869153976,0.32492995262145996,8.282103226520121e-05,0.9955751299858093,-0.0022309445776045322,-0.0009044305770657957,-14.774850845336914,413000
18.75531005859375,591.747314453125,594.8154907226562,556.798828125,-592.9576416015625,-590.2514038085938,-5.482081413269043,2.775813579559326,0.05801903456449509,-0.015149794518947601,0.32703909277915955,0.00013207923620939255,0.992992103099823,-0.003568209009245038,0.0,-14.814618110656738,414000
1180.1673583984375,588.5966796875,594.3244018554688,30.27457618713379,-587.8419799804688,-585.7009887695312,-4.829702377319336,2.6887149810791016,0.06647046655416489,0.09074229747056961,0.3221273720264435,0.005966448690742254,0.969672441482544,-0.02722548320889473,-0.016644036397337914,-13.934995651245117,415000
13.102489471435547,590.9470825195312,594.2760009765625,558.7417602539062,-592.3761596679688,-589.6099243164062,-5.604854106903076,2.838627576828003,0.053755100816488266,-0.03987845405936241,0.32157057523727417,1.2351903023954947e-05,0.9978799819946289,-0.0010661428095772862,0.0,-15.095768928527832,416000
11.486899375915527,590.3814086914062,593.8531494140625,561.1886596679688,-591.5780029296875,-588.863037109375,-5.526602745056152,2.8116390705108643,0.053986310958862305,-0.1182081401348114,0.32114526629447937,7.4027475420734845e-06,0.997369110584259,-0.0013191250618547201,0.0,-14.919973373413086,417000
133.70545959472656,588.396484375,592.34521484375,275.65704345703125,-588.7670288085938,-586.3450927734375,-5.074145317077637,2.6522231101989746,0.059807244688272476,0.22163282334804535,0.3237033188343048,0.0001020480995066464,0.9867964386940002,-0.009691933169960976,-0.006032739300280809,-13.903228759765625,418000
11.693458557128906,588.99072265625,591.9822387695312,550.67529296875,-589.9511108398438,-587.3651123046875,-5.447678565979004,2.8616671562194824,0.05425035208463669,-0.025554710999131203,0.32045844197273254,4.0327249735128134e-05,0.995485246181488,-0.002281425055116415,-7.66172815929167e-05,-14.700509071350098,419000
15.002120018005371,590.1500244140625,592.9115600585938,509.9399108886719,-591.7539672851562,-589.0560302734375,-5.337325572967529,2.6393892765045166,0.058258041739463806,0.09124595671892166,0.3210379481315613,0.0003643235540948808,0.9932301044464111,-0.004141991026699543,-0.003875253489241004,-14.41079330444336,420000
25.792917251586914,590.5877685546875,594.05712890625,495.4940185546875,-591.5659790039062,-589.0048828125,-5.047668933868408,2.4865684509277344,0.06205020099878311,0.19281265139579773,0.32120025157928467,0.00017418670176994056,0.9850857853889465,-0.011108245700597763,-0.007761503104120493,-14.058995246887207,421000
430.8356018066406,591.0677490234375,595.0230712890625,128.17762756347656,-591.9107055664062,-589.361328125,-5.1616597175598145,2.6123125553131104,0.05853385105729103,0.09340213239192963,0.31968796253204346,0.0010797639843076468,0.9879509210586548,-0.009861393831670284,-0.0052727460861206055,-14.274085998535156,422000
22.31908416748047,592.2972412109375,595.6338500976562,549.1642456054688,-593.262451171875,-590.6380615234375,-5.588381290435791,2.963984727859497,0.05569060891866684,-0.21562738716602325,0.31784605979919434,0.001153738354332745,0.9945907592773438,-0.002821649657562375,-0.005388146266341209,-15.235183715820312,423000
14.560956001281738,594.205322265625,596.5379028320312,550.8991088867188,-595.5038452148438,-592.8702392578125,-5.335940361022949,2.702331066131592,0.05767830088734627,0.031837157905101776,0.32162752747535706,8.820115181151778e-05,0.9949755072593689,-0.0025288695469498634,-0.0006567516247741878,-14.648449897766113,424000
159.56198120117188,594.374755859375,597.8719482421875,218.84957885742188,-594.7236938476562,-592.566650390625,-5.083629608154297,2.9265999794006348,0.06014711782336235,-0.1492375135421753,0.3215298652648926,0.0013222144916653633,0.9778183698654175,-0.018240738660097122,-0.017015116289258003,-14.521721839904785,425000
390.4125061035156,594.03466796875,598.2620849609375,111.81909942626953,-594.844482421875,-592.2928466796875,-5.149654388427734,2.5980167388916016,0.060394708067178726,0.12490582466125488,0.32000547647476196,0.0021444479934871197,0.9863174557685852,-0.012077411636710167,-0.008816932328045368,-14.310171127319336,426000
26.810596466064453,594.3255615234375,598.0838623046875,549.3154296875,-595.5896606445312,-592.947509765625,-5.349040985107422,2.7069010734558105,0.05751979723572731,-0.11975670605897903,0.31759870052337646,0.00041707203490659595,0.9938690662384033,-0.003239736892282963,-0.0028438977897167206,-14.686477661132812,427000
23.126846313476562,594.1004638671875,597.5401611328125,550.7001342773438,-595.1326904296875,-592.538818359375,-5.156303405761719,2.5624659061431885,0.0565304309129715,0.1002374067902565,0.319253534078598,0.0001481396029703319,0.9924638271331787,-0.0038479738868772984,-0.0011842790991067886,-14.189628601074219,428000
13.901153564453125,593.6439208984375,596.8172607421875,555.6195068359375,-594.7741088867188,-592.34326171875,-5.265361785888672,2.8345627784729004,0.057507291436195374,0.13456128537654877,0.320143461227417,9.09455047803931e-05,0.9900006055831909,-0.005140986293554306,-0.0011777137406170368,-14.512341499328613,429000
23.483383178710938,593.1409301757812,596.9290771484375,521.86572265625,-593.4192504882812,-590.8302001953125,-5.491335391998291,2.902282476425171,0.05413591116666794,-0.11984720826148987,0.3199506998062134,8.97196659934707e-05,0.9917484521865845,-0.004168136976659298,-0.00030770941521041095,-15.091520309448242,430000
13.070100784301758,594.12841796875,597.6087646484375,571.6026000976562,-595.198486328125,-592.5517578125,-5.283008575439453,2.6362767219543457,0.057743676006793976,0.09118662029504776,0.31624990701675415,8.944560249801725e-05,0.9932349920272827,-0.003426183946430683,0.0,-14.633489608764648,431000
733.95556640625,594.1803588867188,597.753662109375,130.5025634765625,-594.5667114257812,-592.0343017578125,-5.405088424682617,2.872704267501831,0.055264927446842194,-0.02969365008175373,0.3176977038383484,8.828929276205599e-05,0.9945396184921265,-0.0028432458639144897,-0.0017318997997790575,-14.940704345703125,432000
12.493327140808105,595.7996215820312,599.0149536132812,550.9959716796875,-597.4194946289062,-594.9268798828125,-4.838244438171387,2.345654249191284,0.06055160239338875,0.23350010812282562,0.31441131234169006,0.0012648183619603515,0.991308331489563,-0.004877389408648014,-3.2351166737498716e-05,-13.387639045715332,433000
19.085155487060547,596.45751953125,599.5221557617188,550.5451049804688,-597.9315795898438,-595.2885131835938,-5.234732151031494,2.5916500091552734,0.060591794550418854,-0.047327253967523575,0.3140825629234314,0.0012864528689533472,0.9947781562805176,-0.002828446216881275,-0.003601283533498645,-14.534040451049805,434000
28.64261245727539,599.078857421875,601.4202880859375,520.772216796875,-600.4711303710938,-597.9173583984375,-5.085766315460205,2.53196382522583,0.057764314115047455,0.11012736707925797,0.31478193402290344,0.0003579752519726753,0.9927282333374023,-0.003866556566208601,-0.0012628902914002538,-14.162896156311035,435000
828.432373046875,601.3717041015625,604.2354736328125,252.02359008789062,-602.7260131835938,-600.3299560546875,-5.334290504455566,2.9382081031799316,0.05485084280371666,-0.17929446697235107,0.31858888268470764,5.861457611899823e-05,0.9864371418952942,-0.01169960480183363,-0.008252677507698536,-15.177221298217773,436000
38.557029724121094,605.77685546875,608.4520874023438,474.0190734863281,-607.3099365234375,-604.6444091796875,-5.410451889038086,2.7449605464935303,0.056802742183208466,-0.14979514479637146,0.3145773410797119,0.0003537849406711757,0.9917369484901428,-0.004175412468612194,-0.0014570110943168402,-15.100749969482422,437000
4.758749485015869,609.9881591796875,612.1304321289062,599.2440795898438,-611.8607177734375,-609.2362670898438,-5.19412899017334,2.5696980953216553,0.0555565282702446,0.014670697040855885,0.3124488890171051,0.00010198067320743576,0.993364155292511,-0.0033676004968583584,0.0,-14.444903373718262,438000
12.946292877197266,612.3671875,614.8761596679688,553.1388549804688,-613.8342895507812,-611.197509765625,-5.278012275695801,2.6412513256073,0.0575544610619545,-0.10449596494436264,0.31396692991256714,0.00016621785471215844,0.9904133081436157,-0.0057007623836398125,-0.0030327322892844677,-14.777447700500488,439000
121.22796630859375,614.8060302734375,617.3533325195312,365.1327819824219,-616.5267944335938,-614.0213012695312,-5.217831611633301,2.7123663425445557,0.05865903198719025,0.01783047430217266,0.31299224495887756,0.00021689399727620184,0.9917377829551697,-0.005060167051851749,-0.004301316570490599,-14.694101333618164,440000
53.7898063659668,618.2762451171875,619.1507568359375,405.7004089355469,-620.4132690429688,-617.9296875,-5.1096415519714355,2.626021385192871,0.05719153955578804,0.03530581295490265,0.3130236566066742,0.0007063708617351949,0.9892780780792236,-0.0056790877133607864,-0.005775208584964275,-14.364992141723633,441000
6.3369011878967285,621.6873168945312,623.902587890625,611.0303955078125,-623.1633911132812,-620.6295776367188,-5.17907190322876,2.6452596187591553,0.05483498424291611,-0.043933577835559845,0.3093186020851135,2.7307252821628936e-05,0.9943745136260986,-0.0028448239900171757,-0.0002793180465232581,-14.50710678100586,442000
6.376014709472656,623.491943359375,625.70166015625,607.811767578125,-624.970458984375,-622.290283203125,-5.311966896057129,2.6317734718322754,0.05811423435807228,-0.16520828008651733,0.3116184175014496,6.171831046231091e-05,0.9924731254577637,-0.003794021438807249,0.0,-15.070923805236816,443000
757.3236694335938,622.183349609375,624.9325561523438,45.57149887084961,-623.3785400390625,-621.0707397460938,-4.935588836669922,2.6278278827667236,0.061915427446365356,0.042257022112607956,0.3119690418243408,8.500272815581411e-05,0.9840131402015686,-0.013627581298351288,-0.010327324271202087,-14.270120620727539,444000
1595.264404296875,623.0139770507812,627.4818115234375,28.103851318359375,-622.402587890625,-619.8845825195312,-5.0762104988098145,2.558232069015503,0.05921964719891548,0.06710240244865417,0.30919647216796875,0.0003806189342867583,0.9889276027679443,-0.006651502568274736,-0.006071062292903662,-14.367372512817383,445000
784.3053588867188,625.4571533203125,628.6652221679688,125.3655014038086,-626.6640014648438,-624.3640747070312,-5.11526346206665,2.8152904510498047,0.05831064283847809,-0.17180413007736206,0.30888789892196655,0.0031538361217826605,0.9892064332962036,-0.01079743355512619,-0.012390135787427425,-14.773852348327637,446000
6.799834251403809,627.0347290039062,629.9033813476562,602.7608032226562,-628.4293823242188,-625.8450317382812,-5.402371406555176,2.817988634109497,0.05354657024145126,-0.22206713259220123,0.30655694007873535,3.933247353415936e-05,0.995337963104248,-0.002350411145016551,0.0,-15.24697494506836,447000
14.401554107666016,626.5267333984375,629.3030395507812,597.813720703125,-627.8529663085938,-625.3145141601562,-5.267490863800049,2.7290616035461426,0.05470686033368111,-0.1472994089126587,0.3084453046321869,0.0011936526279896498,0.9905437231063843,-0.004925056826323271,-0.0037924719508737326,-14.94189453125,448000
79.13603973388672,627.611328125,630.5477294921875,431.736572265625,-628.626953125,-626.0581665039062,-5.116038799285889,2.5472464561462402,0.05846606567502022,-0.08037646859884262,0.30675008893013,0.00032407441176474094,0.9858769178390503,-0.008937925100326538,-0.004451453685760498,-14.532715797424316,449000
926.1575927734375,626.3580932617188,630.4070434570312,286.80865478515625,-626.8453979492188,-624.446533203125,-4.8865647315979,2.487658739089966,0.05966375023126602,0.0999864935874939,0.30684444308280945,0.0021474394015967846,0.9920738935470581,-0.004054435528814793,-0.006611715070903301,-14.035257339477539,450000
878.7076416015625,625.8345947265625,629.4412231445312,240.02389526367188,-626.86181640625,-624.5411376953125,-5.027510166168213,2.7068638801574707,0.05802801996469498,-0.08021508157253265,0.30483075976371765,0.0003792664792854339,0.9886913299560547,-0.01174700353294611,-0.00846969522535801,-14.627991676330566,451000
9.908221244812012,626.720703125,629.5651245117188,588.3768310546875,-628.0267333984375,-625.5847778320312,-5.022825717926025,2.580899715423584,0.059489257633686066,0.09318593889474869,0.3058820068836212,0.0016333552775904536,0.9942426085472107,-0.0029650835786014795,-0.004001713823527098,-14.295539855957031,452000
9.660158157348633,627.5447998046875,630.1293334960938,599.0706176757812,-628.8032836914062,-626.3131103515625,-5.171279430389404,2.6810731887817383,0.0566122829914093,0.026438787579536438,0.3058350682258606,0.0005980952992103994,0.9923247694969177,-0.003938752692192793,-0.0022839417215436697,-14.73073959350586,453000
11.564507484436035,627.1126708984375,630.2159423828125,594.4900512695312,-628.35693359375,-625.7882690429688,-5.178043842315674,2.609384775161743,0.055903300642967224,-0.04327043890953064,0.3029076159000397,0.0005225911736488342,0.9923555850982666,-0.003985289484262466,-0.0009095459245145321,-14.764816284179688,454000
26.307424545288086,628.1129760742188,630.8601684570312,570.3023071289062,-629.2186279296875,-626.8490600585938,-4.926947116851807,2.5573551654815674,0.06159262731671333,-0.033422961831092834,0.3013843297958374,0.0028459851164370775,0.9865454435348511,-0.009662703610956669,-0.01085721142590046,-14.461917877197266,455000
29.808658599853516,627.3594970703125,630.5137939453125,578.8217163085938,-628.600830078125,-626.12451171875,-4.990994930267334,2.5146493911743164,0.058289747685194016,0.11841188371181488,0.30462518334388733,0.00025302707217633724,0.9919500350952148,-0.005149167496711016,-0.0024090774822980165,-14.193309783935547,456000
21.664936065673828,627.2879638671875,630.3297119140625,568.8682861328125,-628.0598754882812,-625.593017578125,-4.9058732986450195,2.439007520675659,0.05886474624276161,0.25528496503829956,0.3060341477394104,0.00029524241108447313,0.9915614724159241,-0.004380081780254841,-0.001989798154681921,-13.999433517456055,457000
267.1739501953125,625.509765625,629.2882690429688,129.5544891357422,-626.7724609375,-624.4740600585938,-4.918740749359131,2.6203529834747314,0.05897405743598938,-0.10207502543926239,0.3046969771385193,0.0006116657750681043,0.9803388118743896,-0.016126275062561035,-0.012430568225681782,-14.48560619354248,458000
774.9017333984375,625.9921875,629.6951904296875,90.69963836669922,-626.1052856445312,-623.68017578125,-4.993954181671143,2.5688188076019287,0.05741441249847412,0.036505404859781265,0.30581673979759216,0.00012389205221552402,0.9925976395606995,-0.0037528802640736103,-0.0010929196141660213,-14.397400856018066,459000
917.958984375,625.4697265625,630.097412109375,127.12898254394531,-626.1011352539062,-624.213623046875,-4.715418815612793,2.827862024307251,0.0682654082775116,-0.29775258898735046,0.30285993218421936,0.00322167226113379,0.9709960222244263,-0.024439608678221703,-0.02592412382364273,-14.550050735473633,460000
11.531185150146484,627.3861083984375,630.3671264648438,594.6629638671875,-628.4119262695312,-625.91259765625,-4.956549644470215,2.457204818725586,0.05707814544439316,0.24662303924560547,0.30520015954971313,0.00016945296374615282,0.9936001300811768,-0.003236589953303337,-0.000798231631051749,-14.230064392089844,461000
9.349724769592285,627.4800415039062,629.7957763671875,600.6475830078125,-628.9008178710938,-626.3507080078125,-5.220771789550781,2.670656204223633,0.055213332176208496,-0.1720527857542038,0.29964229464530945,0.00039555414696224034,0.9937573075294495,-0.003207069355994463,-0.0019206462893635035,-15.161370277404785,462000
7.578053951263428,628.3743896484375,631.0917358398438,596.8047485351562,-629.52978515625,-627.0695190429688,-4.855721473693848,2.395453929901123,0.06025366112589836,0.13369303941726685,0.30090925097465515,5.185656118555926e-05,0.9954336881637573,-0.0023038960061967373,-0.0003381396527402103,-14.034299850463867,463000
1006.3292236328125,628.2444458007812,632.9776000976562,24.443429946899414,-628.1435546875,-625.9089965820312,-4.781500339508057,2.5469584465026855,0.0652344822883606,-0.237946018576622,0.2993822395801544,0.0009989727986976504,0.9816532135009766,-0.018735792487859726,-0.017604313790798187,-14.405542373657227,464000
12.303566932678223,630.2696533203125,633.4293212890625,608.1097412109375,-631.318603515625,-628.823486328125,-4.968905448913574,2.4738335609436035,0.06060788780450821,-0.016941159963607788,0.29693785309791565,0.00012232411245349795,0.9948540925979614,-0.002877898281440139,-0.00228255451656878,-14.392559051513672,465000
13.676314353942871,629.8511962890625,632.7273559570312,594.1378784179688,-631.2630615234375,-628.7099609375,-5.0595221519470215,2.5064074993133545,0.05562811717391014,0.09531153738498688,0.30020672082901,2.583810237410944e-05,0.9961962103843689,-0.0019146353006362915,0.0,-14.529165267944336,466000
717.3275146484375,628.23828125,632.1192626953125,77.5263442993164,-628.2238159179688,-625.8685302734375,-5.125072002410889,2.769768476486206,0.05399056524038315,-0.03511323407292366,0.29909947514533997,0.00021730095613747835,0.9957472085952759,-0.002134213224053383,-0.0012977258302271366,-14.867904663085938,467000
780.7162475585938,628.5068359375,632.2745971679688,77.09416961669922,-628.79833984375,-626.4918823242188,-4.867020130157471,2.5605640411376953,0.0628257468342781,-0.041299253702163696,0.2995452582836151,7.75560038164258e-05,0.9879498481750488,-0.01214621402323246,-0.009231043979525566,-14.412463188171387,468000
33.90328598022461,628.8421630859375,631.9694213867188,501.1622619628906,-629.4862060546875,-627.4046630859375,-4.54063081741333,2.459080696105957,0.06040829047560692,0.18230287730693817,0.30111777782440186,0.0001324972981819883,0.9875414967536926,-0.011759968474507332,-0.009944281540811062,-13.479092597961426,469000
22.174728393554688,628.2081298828125,631.5036010742188,586.0728149414062,-628.93115234375,-626.4788818359375,-5.066932678222656,2.614677906036377,0.05723581090569496,0.07609450817108154,0.299214243888855,0.0015003092121332884,0.9899396300315857,-0.005607896018773317,-0.0006862900918349624,-14.7913818359375,470000
429.38836669921875,628.4749755859375,633.4132690429688,154.5246124267578,-628.2401123046875,-626.4398193359375,-4.4526143074035645,2.6523377895355225,0.06707099080085754,-0.06189415976405144,0.2912391126155853,0.002692223759368062,0.9668074250221252,-0.03207157552242279,-0.028437849134206772,-13.991781234741211,471000
9.183425903320312,631.1925048828125,633.7850341796875,602.3890380859375,-632.495849609375,-630.0714111328125,-5.126702308654785,2.702263355255127,0.05509814992547035,-0.08568476885557175,0.29731473326683044,7.821692270226777e-05,0.994594931602478,-0.0027361586689949036,-0.0011681511532515287,-15.091752052307129,472000
9.77094841003418,630.1893920898438,632.9782104492188,606.3346557617188,-631.29443359375,-628.869140625,-4.901525974273682,2.476278066635132,0.05548206344246864,0.05756145343184471,0.29964324831962585,0.0012272318126633763,0.9942216873168945,-0.0029014076571911573,-0.0022063932847231627,-14.401866912841797,473000
11.248380661010742,629.900146484375,632.9861450195312,594.1165161132812,-630.9185791015625,-628.4471435546875,-5.092713356018066,2.6212918758392334,0.05547669529914856,-0.07791101932525635,0.2983721196651459,6.208044942468405e-05,0.9910508394241333,-0.004548387601971626,-0.0006420555873773992,-14.90146541595459,474000
24.560731887817383,629.2073974609375,631.7581787109375,589.5194091796875,-630.13623046875,-627.655517578125,-4.8444437980651855,2.3637261390686035,0.05478804185986519,0.04297869652509689,0.2938956320285797,0.0002224384807050228,0.9848149418830872,-0.0077019911259412766,0.0,-14.539480209350586,475000
1986.623291015625,625.6502685546875,630.5502319335938,16.080062866210938,-625.7664794921875,-623.7003173828125,-4.715601921081543,2.6494040489196777,0.060729026794433594,-0.20797300338745117,0.29687872529029846,0.002305767498910427,0.9770426750183105,-0.019148685038089752,-0.01862221024930477,-14.461267471313477,476000
735.6168212890625,627.79150390625,632.4848022460938,118.04505157470703,-628.6455078125,-626.439453125,-4.903447151184082,2.6973934173583984,0.060629766434431076,-0.23825150728225708,0.2943881154060364,9.716972999740392e-05,0.981280505657196,-0.016816575080156326,-0.014348526485264301,-14.999216079711914,477000
14.264436721801758,629.8418579101562,632.6397705078125,584.0529174804688,-630.8516235351562,-628.4884033203125,-5.107895851135254,2.74470591545105,0.05117747187614441,-0.085371233522892,0.29566025733947754,8.731117122806609e-05,0.9946408271789551,-0.0027221182826906443,0.0,-14.986005783081055,478000
13.991748809814453,629.895263671875,632.45166015625,590.0126342773438,-631.1614990234375,-628.635009765625,-4.78374719619751,2.2572836875915527,0.060244813561439514,0.16146180033683777,0.29520419239997864,0.00011001341044902802,0.9964114427566528,-0.0018122396431863308,-0.0005444686976261437,-14.188767433166504,479000
150.96432495117188,629.7655029296875,633.015380859375,343.8842468261719,-630.6334228515625,-628.4046630859375,-4.7187581062316895,2.4899725914001465,0.06251323968172073,-0.04342597723007202,0.2943573296070099,0.00015096948482096195,0.9845756888389587,-0.013663369230926037,-0.010726024396717548,-14.394216537475586,480000
55.17511749267578,629.7952880859375,633.1574096679688,445.713134765625,-630.70166015625,-628.3598022460938,-4.823235511779785,2.481403112411499,0.06080406531691551,-0.046330783516168594,0.29200106859207153,0.001034492626786232,0.9894335269927979,-0.010211674496531487,-0.0103582963347435,-14.671956062316895,481000
5.876212120056152,632.135498046875,634.3513793945312,621.8510131835938,-633.3924560546875,-630.9290771484375,-5.0389275550842285,2.575535297393799,0.05492124706506729,-0.11478445678949356,0.2940698266029358,0.0001139186424552463,0.993836522102356,-0.003143134992569685,-0.00044574515777640045,-14.889881134033203,482000
14.938961029052734,632.68798828125,635.0772094726562,591.0933227539062,-633.9421997070312,-631.5335693359375,-5.056891918182373,2.6482832431793213,0.05649706348776817,-0.24748730659484863,0.2931961715221405,1.0876841770368628e-05,0.9964531660079956,-0.001815472380258143,-0.0007189867901615798,-14.968746185302734,483000
784.7230224609375,632.3388671875,635.9478149414062,59.72228240966797,-632.6083984375,-630.3565673828125,-4.595232963562012,2.3433690071105957,0.06127462536096573,0.15254834294319153,0.2915656268596649,0.0012445434695109725,0.9883110523223877,-0.008178114891052246,-0.006396907847374678,-13.740737915039062,484000
11.855010032653809,633.9479370117188,636.0465087890625,602.1968994140625,-635.0253295898438,-632.6861572265625,-4.930567741394043,2.5913519859313965,0.055665481835603714,-0.018660573288798332,0.29378145933151245,0.00015546170470770448,0.9918339848518372,-0.004158318974077702,0.0,-14.657594680786133,485000
652.2021484375,632.7843627929688,636.5897216796875,295.5887145996094,-633.1903686523438,-630.9642944335938,-4.609002113342285,2.382911205291748,0.06177033483982086,0.07841122895479202,0.29550763964653015,0.0023854016326367855,0.9886122941970825,-0.009046346880495548,-0.009545941837131977,-13.953727722167969,486000
22.087581634521484,632.8189697265625,636.1754760742188,564.9530029296875,-633.9508056640625,-631.5408935546875,-4.715466499328613,2.3055450916290283,0.060260575264692307,0.09481752663850784,0.29211798310279846,0.0004583735135383904,0.9910924434661865,-0.004728108178824186,-0.004334273282438517,-14.139114379882812,487000
11.873534202575684,634.4288940429688,636.513916015625,608.206787109375,-635.7577514648438,-633.349609375,-5.183933734893799,2.775846242904663,0.05264275148510933,-0.2481239289045334,0.2918000817298889,3.224164174753241e-05,0.9954837560653687,-0.0022837109863758087,-0.000545491639059037,-15.431596755981445,488000
9.163847923278809,635.5123291015625,638.1264038085938,604.4042358398438,-636.5660400390625,-634.072998046875,-4.8262834548950195,2.3332769870758057,0.057021889835596085,0.10809780657291412,0.29134154319763184,5.2371698984643444e-05,0.9953667521476746,-0.0023422606755048037,0.0,-14.434246063232422,489000
8.906591415405273,636.0497436523438,638.777099609375,609.3197631835938,-637.1884765625,-634.90478515625,-4.837372303009033,2.553694009780884,0.05956438556313515,0.0570189468562603,0.2902674674987793,0.0017190298531204462,0.9897596836090088,-0.005704391747713089,-0.00413620425388217,-14.499978065490723,490000
14.362848281860352,636.1314697265625,639.1039428710938,607.097900390625,-637.2311401367188,-634.73876953125,-4.869665145874023,2.3773038387298584,0.0613088458776474,-0.05230199173092842,0.28860968351364136,0.0005235504359006882,0.9940174221992493,-0.003118084277957678,-0.002422197023406625,-14.695669174194336,491000
8.620606422424316,635.912353515625,638.8322143554688,610.1943969726562,-637.0008544921875,-634.6058959960938,-4.890264511108398,2.495313882827759,0.052140314131975174,-0.04836921766400337,0.282036155462265,3.997719977633096e-05,0.994171142578125,-0.0029322588816285133,-0.00016608108126092702,-14.669384002685547,492000
15.828109741210938,636.0532836914062,638.7343139648438,598.206787109375,-637.1229858398438,-634.7730712890625,-4.700194835662842,2.3502867221832275,0.0567491389811039,0.1505807787179947,0.2869877517223358,2.5701507183839567e-05,0.9944343566894531,-0.0027955863624811172,0.0,-14.177214622497559,493000
11.19941520690918,636.2210693359375,638.9842529296875,598.5126953125,-637.2400512695312,-634.8209838867188,-4.654417037963867,2.2353386878967285,0.05835571140050888,0.10208210349082947,0.2887522280216217,2.4711180230951868e-05,0.995578408241272,-0.002223558723926544,-2.3410726498696022e-05,-14.098896980285645,494000
848.414794921875,634.8021240234375,638.5807495117188,181.0215301513672,-635.3298950195312,-633.1055908203125,-4.761754512786865,2.5374882221221924,0.057893797755241394,-0.2431633174419403,0.2857183814048767,0.000528765085618943,0.9880709052085876,-0.011648193001747131,-0.011299650184810162,-14.768257141113281,495000
11.450187683105469,636.5194702148438,638.9098510742188,616.91064453125,-637.5889892578125,-635.3878784179688,-4.683311462402344,2.4821534156799316,0.05890227109193802,0.03870762884616852,0.28759491443634033,7.70071055740118e-05,0.9928379058837891,-0.0036002150736749172,-0.0004458674229681492,-14.308575630187988,496000
73.38524627685547,635.88671875,638.9259643554688,530.3707885742188,-636.676513671875,-634.480712890625,-4.569431781768799,2.3736584186553955,0.0568053312599659,0.10322506725788116,0.2895651161670685,0.002596525242552161,0.9855965971946716,-0.010323593392968178,-0.00305194198153913,-14.1657075881958,497000
12.940033912658691,635.0454711914062,637.9586791992188,599.3165893554688,-636.281005859375,-633.9390869140625,-5.017858505249023,2.675964117050171,0.055424515157938004,-0.17410437762737274,0.29012227058410645,0.0006389301270246506,0.9928028583526611,-0.003635178320109844,-0.0019396618008613586,-15.17878246307373,498000
920.9644165039062,633.2076416015625,637.510498046875,109.38652038574219,-633.1859130859375,-631.2557373046875,-4.475393295288086,2.5452301502227783,0.060453303158283234,-0.02347198873758316,0.2860598862171173,0.0007739849388599396,0.9778205156326294,-0.019136246293783188,-0.016445856541395187,-14.180547714233398,499000
11.759740829467773,634.7894287109375,637.2228393554688,602.9116821289062,-635.8938598632812,-633.58837890625,-4.65989875793457,2.354445695877075,0.055762991309165955,0.13810637593269348,0.2868100702762604,1.9604653061833233e-05,0.9954023361206055,-0.002308574505150318,0.0,-14.121439933776855,500000
