critic/q_loss,critic/q_mean,critic/q_max,critic/q_min,actor/total_loss,actor/q_loss,actor/bc_loss,actor/entropy_loss,actor/mse,beta/beta_loss,beta/beta,encoder/encoder_loss,encoder/dot_mean,encoder/log_dot_mean,encoder/kl_target_mean,encoder/nll_raw_mean,step
452.5390625,-0.01119971927255392,0.09357224404811859,-0.108396515250206,-1.5354366302490234,-0.16842180490493774,9.694526672363281,-11.061541557312012,0.37805336713790894,19.46450424194336,0.9997000694274902,0.1948857605457306,0.9868152141571045,-0.006635041441768408,-0.4479166269302368,8.958333015441895,0
23.37795066833496,59.94200134277344,59.9445915222168,59.93943405151367,-65.71942138671875,-59.964508056640625,-8.59316635131836,2.8382575511932373,0.08293795585632324,4.0040788650512695,0.7982324361801147,0.0007686467724852264,0.999650776386261,-0.00017464972916059196,-0.002876111539080739,-8.877680778503418,1000
8.7737455368042,87.60911560058594,87.61302185058594,87.60530853271484,-94.52738189697266,-87.65872192382812,-11.354342460632324,4.48568058013916,0.06483782082796097,1.0162744522094727,0.6930383443832397,8.103124855551869e-06,0.999647855758667,-0.00017610937356948853,-0.0001781027385732159,-11.853872299194336,2000
11.15373420715332,109.6908187866211,109.69252014160156,109.68899536132812,-117.15222930908203,-109.69383239746094,-12.531759262084961,5.073365688323975,0.062431659549474716,0.23461101949214935,0.6407776474952698,5.204763908750465e-08,0.9996238350868225,-0.00018808263121172786,0.0,-13.08895492553711,3000
11.626775741577148,128.4566650390625,128.49481201171875,128.41818237304688,-135.2755584716797,-128.4239501953125,-12.153078079223633,5.301465034484863,0.06423894315958023,0.38792678713798523,0.6280493140220642,0.01201582606881857,0.9995626211166382,-0.00021869617921765894,-0.0076004997827112675,-12.684141159057617,4000
8.366414070129395,145.55136108398438,145.5642547607422,145.5385284423828,-152.6339569091797,-145.60203552246094,-12.864602088928223,5.832682132720947,0.055982399731874466,0.1204213872551918,0.6408308744430542,0.0003386577882338315,0.9993685483932495,-0.00031580484937876463,-0.001519981655292213,-13.542179107666016,5000
8.182098388671875,161.4781494140625,161.48460388183594,161.47085571289062,-168.95094299316406,-161.44967651367188,-13.256011009216309,5.7547407150268555,0.056654833257198334,-0.13266730308532715,0.651679515838623,4.655096859096375e-07,0.9988653659820557,-0.0005675193970091641,0.0,-14.228940963745117,6000
12.529767990112305,175.99758911132812,177.17041015625,168.91676330566406,-182.6282501220703,-175.41600036621094,-12.50596809387207,5.293712139129639,0.062173452228307724,0.33874377608299255,0.6609723567962646,1.2067223906342406e-05,0.9986662268638611,-0.0006672039162367582,-0.0002808856079354882,-13.61076831817627,7000
9.680581092834473,187.05213928222656,188.8920135498047,156.08914184570312,-193.064208984375,-186.06082153320312,-13.20151138305664,6.198121547698975,0.05410364270210266,-0.49688494205474854,0.6567679047584534,2.589682992493181e-07,0.9991481304168701,-0.00042607332579791546,0.0,-14.49624252319336,8000
23.133399963378906,195.1141815185547,197.54547119140625,153.65576171875,-200.8157958984375,-193.90286254882812,-12.636515617370605,5.723581314086914,0.060563888400793076,-0.20599815249443054,0.6651721000671387,0.0008568961056880653,0.9990854263305664,-0.00045742077054455876,-0.0030817976221442223,-13.853971481323242,9000
16.02865982055664,203.4607391357422,206.02389526367188,194.63275146484375,-209.13082885742188,-202.2364959716797,-12.811211585998535,5.91688871383667,0.058716922998428345,-0.2086094170808792,0.6682147979736328,0.0006252249586395919,0.9983510971069336,-0.0008249611128121614,-0.0019222577102482319,-14.236595153808594,10000
33.009979248046875,211.67669677734375,214.49398803710938,162.41900634765625,-217.0281982421875,-210.50436401367188,-12.143731117248535,5.619899272918701,0.057340797036886215,0.31289204955101013,0.6677188873291016,0.0002302303910255432,0.9985853433609009,-0.0007077164482325315,-0.0017360448837280273,-13.487335205078125,11000
25.002490997314453,218.87258911132812,222.08250427246094,165.52996826171875,-224.7456512451172,-217.76449584960938,-12.363994598388672,5.382835865020752,0.06004819646477699,-0.03519020229578018,0.6618150472640991,7.108096178853884e-05,0.9986311793327332,-0.0006847964832559228,-0.0005409467848949134,-13.92519760131836,12000
207.03378295898438,223.6761474609375,227.6341552734375,167.73565673828125,-228.3026885986328,-221.70230102539062,-12.620901107788086,6.020511627197266,0.057122476398944855,-0.10051031410694122,0.6657122373580933,0.00014251032553147525,0.9988529086112976,-0.0005738186300732195,-0.0009998088935390115,-14.337103843688965,13000
54.57433319091797,230.3358917236328,233.89431762695312,171.49317932128906,-235.27288818359375,-228.5909881591797,-12.761353492736816,6.079458236694336,0.054468173533678055,-0.43970295786857605,0.6676660776138306,2.8507542083389126e-05,0.9990819692611694,-0.0004591700853779912,-0.0003364445292390883,-14.680889129638672,14000
180.88453674316406,236.11380004882812,239.01406860351562,164.9288787841797,-241.21075439453125,-234.81475830078125,-12.343545913696289,5.94755220413208,0.058644842356443405,0.1290256232023239,0.662306010723114,0.00030356465140357614,0.9992063045501709,-0.0003969857352785766,-0.001088852877728641,-14.201505661010742,15000
21.853261947631836,243.15298461914062,246.4033203125,155.7527313232422,-248.59982299804688,-242.0819091796875,-12.379425048828125,5.86151123046875,0.058547209948301315,-0.21854732930660248,0.6618800163269043,7.779925113027275e-07,0.9986507892608643,-0.0006750141619704664,0.0,-14.238393783569336,16000
60.6279296875,251.12261962890625,253.93995666503906,114.2667236328125,-256.1589050292969,-250.0377655029297,-11.386022567749023,5.264888286590576,0.059592485427856445,0.4727589190006256,0.6566402912139893,0.0024780770763754845,0.9976139068603516,-0.001194262527860701,-0.003589086001738906,-13.430610656738281,17000
39.0072021484375,258.00775146484375,260.84185791015625,128.05848693847656,-263.2585144042969,-256.9100341796875,-11.227907180786133,4.879427433013916,0.06295637786388397,0.5991010069847107,0.6569644212722778,0.00019501727365422994,0.9986533522605896,-0.0006736578652635217,-0.0012422598665580153,-13.456527709960938,18000
274.1401062011719,264.1540832519531,267.11669921875,144.45260620117188,-269.1263427734375,-262.9383239746094,-11.647836685180664,5.459798812866211,0.06261903047561646,0.29500460624694824,0.6598873734474182,0.0007605575956404209,0.9990535974502563,-0.000473381660412997,-0.002598630264401436,-13.849245071411133,19000
1637.378662109375,264.3475341796875,268.84515380859375,-259.9974365234375,-266.6709899902344,-260.34234619140625,-11.607813835144043,5.279178142547607,0.05760030075907707,0.18598224222660065,0.6510680317878723,0.00024763698456808925,0.9988988637924194,-0.0005508085596375167,-0.0013633565977215767,-14.156756401062012,20000
54.158363342285156,276.2799072265625,279.4228210449219,270.3453674316406,-281.4561462402344,-275.67364501953125,-11.350762367248535,5.568268775939941,0.05827821046113968,0.14516319334506989,0.6535981297492981,0.0008470123284496367,0.9985870718955994,-0.0007068781415000558,-0.0023861206136643887,-13.957353591918945,21000
10.747657775878906,284.0289306640625,287.2928161621094,278.3799743652344,-289.62567138671875,-283.41375732421875,-11.600521087646484,5.38862419128418,0.0609341524541378,0.04409691318869591,0.6469089984893799,0.00017037798534147441,0.9985147714614868,-0.0007430239347741008,-0.0008159969002008438,-14.135418891906738,22000
58.42882537841797,292.56787109375,296.7158508300781,53.622737884521484,-297.99945068359375,-292.05084228515625,-11.216508865356445,5.267917156219482,0.05881142616271973,0.2993974983692169,0.647268533706665,0.00048249971587210894,0.9983706474304199,-0.000815181527286768,-0.0019461025949567556,-14.043737411499023,23000
90.12242889404297,301.116943359375,307.8765563964844,83.43712615966797,-305.40936279296875,-299.228515625,-11.644402503967285,5.46356725692749,0.05705154314637184,-0.16293558478355408,0.6407446265220642,2.6607801828504307e-06,0.9974642992019653,-0.0012691280571743846,-2.800798938551452e-05,-14.657718658447266,24000
150.5052032470703,310.9691162109375,316.7337341308594,-165.25013732910156,-316.383056640625,-310.5972900390625,-11.069774627685547,5.284003257751465,0.06202390044927597,0.031071780249476433,0.6371881365776062,0.0014633878599852324,0.9953386783599854,-0.002338854828849435,-0.0029398277401924133,-13.971956253051758,25000
11.044502258300781,327.0948486328125,327.49420166015625,319.7022705078125,-332.750732421875,-326.672607421875,-11.481720924377441,5.403588771820068,0.05768243595957756,-0.21219883859157562,0.6307728290557861,4.577331935706752e-08,0.9996365904808044,-0.00018172390991821885,0.0,-14.383487701416016,26000
12.228687286376953,335.6993103027344,336.5394592285156,310.2755126953125,-340.8370056152344,-335.12567138671875,-11.399190902709961,5.687860012054443,0.053343430161476135,0.04807715490460396,0.6316103935241699,2.367871729802573e-06,0.9998391270637512,-8.042815898079425e-05,-9.634748857934028e-05,-14.473739624023438,27000
10.054101943969727,341.1929931640625,342.4965515136719,15.324996948242188,-347.0704040527344,-341.22454833984375,-10.834213256835938,4.988379001617432,0.060381390154361725,0.3719820976257324,0.6301326751708984,2.1294156340445625e-06,0.9998545050621033,-7.274700328707695e-05,-9.131646947935224e-05,-13.828775405883789,28000
50.11602020263672,353.0540771484375,353.9366455078125,233.65133666992188,-359.1176452636719,-352.8658752441406,-11.268047332763672,5.016252040863037,0.05642662197351456,-0.24436262249946594,0.5630357265472412,7.283725426532328e-05,0.9998517036437988,-7.415537402266636e-05,-0.0005334480083547533,-14.724908828735352,29000
77.0689697265625,358.625,359.6233825683594,64.5602035522461,-363.6386413574219,-357.9433898925781,-11.094544410705566,5.399288177490234,0.05636395141482353,-0.28168541193008423,0.6109516024589539,0.0002595760452095419,0.9998496770858765,-7.513209129683673e-05,-0.0012406583409756422,-14.612079620361328,30000
18.227001190185547,364.6229248046875,367.659912109375,84.79813385009766,-369.95123291015625,-364.1921081542969,-10.995721817016602,5.236615180969238,0.060461170971393585,-0.0726165920495987,0.6025779843330383,0.0006911509553901851,0.99985271692276,-7.364211342064664e-05,-0.002377912402153015,-14.57738208770752,31000
10.857524871826172,373.44781494140625,373.640869140625,369.73138427734375,-379.02593994140625,-373.327392578125,-10.67277717590332,4.97425651550293,0.06005880609154701,0.18450111150741577,0.6024313569068909,0.0023717174772173166,0.9998564720153809,-7.174594793468714e-05,-0.0032725706696510315,-14.12491226196289,32000
111.54788208007812,377.125,380.5433349609375,64.15632629394531,-382.99755859375,-377.3365783691406,-10.221312522888184,4.560333251953125,0.06393027305603027,0.1818123161792755,0.590867280960083,0.004630452021956444,0.9998633861541748,-6.830999336671084e-05,-0.00936981476843357,-13.602360725402832,33000
10.428267478942871,387.8305969238281,387.9189758300781,387.10345458984375,-393.4183654785156,-387.79058837890625,-10.63184642791748,5.004066467285156,0.057539891451597214,-0.09574408084154129,0.5913683176040649,0.00045156129635870457,0.9998499751091003,-7.501836807932705e-05,-0.001328412676230073,-14.530069351196289,34000
30.121906280517578,391.3038330078125,395.0733642578125,91.1214599609375,-395.71697998046875,-390.20269775390625,-10.221506118774414,4.707217216491699,0.06359643489122391,0.19869887828826904,0.5888570547103882,0.002957998774945736,0.999866247177124,-6.687799759674817e-05,-0.004850728437304497,-13.860706329345703,35000
14.267513275146484,396.26324462890625,400.35687255859375,134.8911895751953,-401.2348327636719,-396.0286865234375,-9.86938762664795,4.663236618041992,0.0615028440952301,0.3736515939235687,0.5902715921401978,0.0016152448952198029,0.9998565316200256,-7.174156053224578e-05,-0.0025126629043370485,-13.518798828125,36000
82.44847106933594,400.38720703125,408.3411560058594,158.57228088378906,-404.80419921875,-399.53656005859375,-10.387349128723145,5.119725227355957,0.05887757986783981,-0.12867222726345062,0.5886807441711426,0.0036036320962011814,0.999858021736145,-7.100547372829169e-05,-0.005979449953883886,-14.353371620178223,37000
178.202880859375,408.6040954589844,417.05145263671875,250.40338134765625,-411.6019287109375,-406.0873718261719,-10.007916450500488,4.4933600425720215,0.06068120151758194,0.24379491806030273,0.5840809941291809,0.0057859038934111595,0.9998643398284912,-6.783675053156912e-05,-0.008141366764903069,-14.124505043029785,38000
22.94093132019043,411.9149169921875,422.2732849121094,113.11519622802734,-416.0948181152344,-410.8965759277344,-10.003667831420898,4.805428981781006,0.05679319053888321,0.14832554757595062,0.582019031047821,0.005564000923186541,0.999861478805542,-6.923666660441086e-05,-0.006458017975091934,-13.944873809814453,39000
110.29682159423828,418.68841552734375,429.336669921875,76.96989440917969,-423.5628967285156,-418.516357421875,-9.698945045471191,4.6523919105529785,0.05946219712495804,0.17180967330932617,0.570038378238678,0.001787256565876305,0.9998468160629272,-7.659426773898304e-05,-0.0035798102617263794,-13.629837036132812,40000
15.538814544677734,429.6039123535156,437.2550048828125,263.41119384765625,-434.2616882324219,-429.10797119140625,-9.527170181274414,4.373440742492676,0.06458170711994171,0.0435878150165081,0.568936288356781,0.012457630597054958,0.999847412109375,-7.630361506016925e-05,-0.00697607547044754,-13.78736686706543,41000
27.01845932006836,437.8288269042969,445.34539794921875,362.413818359375,-442.46759033203125,-437.9029541015625,-8.054966926574707,3.490312337875366,0.07187045365571976,0.6945689916610718,0.5536318421363831,0.019451607018709183,0.9998459815979004,-7.699435809627175e-05,-0.0087169473990798,-11.690832138061523,42000
23.14362335205078,447.864990234375,453.8076171875,417.4163818359375,-448.8177185058594,-443.78741455078125,-9.911980628967285,4.881676197052002,0.05906873568892479,0.026288527995347977,0.5618901252746582,8.324460232245201e-09,0.9998518228530884,-7.411159458570182e-05,0.0,-14.177520751953125,43000
90.6046142578125,453.5208435058594,461.4621887207031,411.4520568847656,-457.7468566894531,-452.5745849609375,-9.933355331420898,4.761067867279053,0.060146793723106384,0.05869431421160698,0.5557838678359985,0.004549114499241114,0.9998377561569214,-8.111180795822293e-05,-0.004215627443045378,-14.245884895324707,44000
93.68168640136719,460.57147216796875,469.42901611328125,418.8048095703125,-464.0812683105469,-459.18408203125,-9.763519287109375,4.866343021392822,0.06427443772554398,-0.2804434895515442,0.55679851770401,0.006502876523882151,0.9998514652252197,-7.42568081477657e-05,-0.005040472839027643,-14.25462532043457,45000
158.46002197265625,466.4175109863281,477.44879150390625,115.70784759521484,-471.8860778808594,-467.0207824707031,-9.690152168273926,4.824865818023682,0.06606052815914154,-0.2331208735704422,0.5502020716667175,0.006606625393033028,0.9998499155044556,-7.505511166527867e-05,-0.009129976853728294,-14.356368064880371,46000
27.718090057373047,472.7173767089844,482.9953918457031,181.58909606933594,-477.40570068359375,-472.618408203125,-9.583932876586914,4.796628952026367,0.06544966250658035,-0.09117986261844635,0.543222188949585,0.0024188889656215906,0.9998526573181152,-7.366936188191175e-05,-0.0030740785878151655,-14.269184112548828,47000
12.764859199523926,483.45367431640625,490.44415283203125,414.4922180175781,-487.61737060546875,-482.4583740234375,-9.871712684631348,4.712695121765137,0.061363108456134796,-0.2729857861995697,0.5405192375183105,1.0250282400647848e-08,0.99983811378479,-8.094729855656624e-05,0.0,-14.870853424072266,48000
12.407543182373047,487.40301513671875,495.5367126464844,411.3590087890625,-492.000732421875,-487.08123779296875,-9.38000202178955,4.46052360534668,0.06564298272132874,0.0799955353140831,0.5354659557342529,0.00424620509147644,0.9998427629470825,-7.861841004341841e-05,-0.005282170604914427,-14.011641502380371,49000
51.66619873046875,491.0025329589844,502.3392028808594,104.62938690185547,-495.7308654785156,-490.9937744140625,-9.577095985412598,4.840001106262207,0.06489700824022293,-0.3005872964859009,0.5352431535720825,0.01020780112594366,0.9998276829719543,-8.616802369942889e-05,-0.007049987092614174,-14.507501602172852,50000
13.380502700805664,499.1463623046875,508.5,443.3312683105469,-503.21563720703125,-498.6800231933594,-8.865877151489258,4.33026647567749,0.06508288532495499,0.5150440335273743,0.5283069610595703,1.92214564265214e-08,0.9998282194137573,-8.589575008954853e-05,-6.084982487664092e-06,-13.567834854125977,51000
35.001834869384766,502.87091064453125,514.6710205078125,81.4882583618164,-507.1140441894531,-502.38671875,-9.355815887451172,4.628482818603516,0.06748770922422409,-0.39226555824279785,0.5213161706924438,0.00945697445422411,0.9998229146003723,-8.855899795889854e-05,-0.008538276888430119,-14.403338432312012,52000
8.573891639709473,510.41387939453125,520.6533813476562,434.9664306640625,-514.4854125976562,-509.641357421875,-9.162568092346191,4.318535804748535,0.062268003821372986,0.12713958323001862,0.5286769270896912,7.3946125667134766e-06,0.9998248815536499,-8.754245936870575e-05,-0.00017034336633514613,-13.959136962890625,53000
13.771528244018555,517.117919921875,526.7998046875,353.9031982421875,-522.1156005859375,-517.5506591796875,-8.661968231201172,4.097044467926025,0.07346830517053604,0.2868078947067261,0.5235167741775513,0.016304757446050644,0.9998044967651367,-9.777229570318013e-05,-0.013709468767046928,-13.309791564941406,54000
10.891451835632324,523.2430419921875,531.2954711914062,463.9705505371094,-527.54833984375,-522.860595703125,-9.272873878479004,4.585160732269287,0.061140816658735275,-0.17963489890098572,0.5177777409553528,0.00144865526817739,0.9998132586479187,-9.337505616713315e-05,-0.0026811647694557905,-14.568807601928711,55000
9.442666053771973,530.5355224609375,537.8953857421875,490.5130310058594,-534.4060668945312,-529.705810546875,-8.969451904296875,4.269233703613281,0.06271737068891525,-0.0907885879278183,0.5165424346923828,2.5776378606678918e-05,0.999811589717865,-9.420577407581732e-05,-0.0003173104196321219,-14.082856178283691,56000
19.686792373657227,536.6757202148438,543.1752319335938,373.0461730957031,-540.692138671875,-535.987548828125,-8.94423770904541,4.239643096923828,0.06423575431108475,0.19032268226146698,0.5158168077468872,0.006023003254085779,0.9998140335083008,-9.2971560661681e-05,-0.006880158092826605,-14.160795211791992,57000
8.597508430480957,542.08837890625,550.0975341796875,515.0745239257812,-546.2348022460938,-541.469970703125,-8.799544334411621,4.034727573394775,0.06558260321617126,0.12876027822494507,0.5001381039619446,1.0771870506687264e-07,0.9997875690460205,-0.0001062196388375014,-1.8547103536548093e-05,-14.057406425476074,58000
77.43826293945312,546.183837890625,556.3092041015625,73.75757598876953,-549.1900634765625,-545.2859497070312,-7.398948669433594,3.494807243347168,0.07473286241292953,0.49603015184402466,0.5064277648925781,0.3239228129386902,0.9997994303703308,-0.00010030937846750021,-0.0941375344991684,-9.198797225952148,59000
9.365492820739746,553.196533203125,561.8629760742188,512.3460693359375,-557.0447387695312,-552.3099365234375,-9.260540962219238,4.5257344245910645,0.05999636650085449,-0.3982160687446594,0.5068009495735168,1.5328968316907776e-08,0.9998036026954651,-9.820095874601975e-05,0.0,-14.837408065795898,60000
152.5847930908203,556.562255859375,566.922607421875,188.09811401367188,-560.2509765625,-555.96826171875,-8.5458984375,4.263193607330322,0.06364380568265915,0.02911744825541973,0.5051180124282837,0.014345815405249596,0.9997814893722534,-0.00010923722584266216,-0.011348776519298553,-13.732524871826172,61000
12.303936004638672,560.0894775390625,571.1416015625,94.32632446289062,-563.4762573242188,-559.1033325195312,-8.489911079406738,4.116980075836182,0.06551717221736908,0.22957487404346466,0.5021467804908752,0.0019888721872121096,0.9997849464416504,-0.00010754918912425637,-0.004716796800494194,-13.831735610961914,62000
10.946009635925293,566.045654296875,576.1034545898438,508.7733459472656,-570.1180419921875,-565.5855712890625,-8.658228874206543,4.125718116760254,0.06695475429296494,-0.18995113670825958,0.49602583050727844,0.0047174738720059395,0.9997790455818176,-0.00011049589375033975,-0.005167598836123943,-14.23199462890625,63000
66.88555145263672,570.0113525390625,580.7864990234375,427.92547607421875,-573.3624267578125,-569.0321044921875,-8.519591331481934,4.18929386138916,0.06608901917934418,0.02249876782298088,0.4933146834373474,0.0029218061827123165,0.9997804164886475,-0.0001098323700716719,-0.003378507914021611,-13.94792366027832,64000
13.637495040893555,573.817626953125,583.9036865234375,527.7171630859375,-577.785888671875,-573.55078125,-8.279669761657715,4.044548511505127,0.06689032167196274,0.23830574750900269,0.49521753191947937,0.0022037182934582233,0.9997692108154297,-0.00011538346007000655,-0.0033368912991136312,-13.695735931396484,65000
9.565683364868164,579.35009765625,587.6990356445312,522.8175659179688,-583.6671752929688,-579.1823120117188,-8.655482292175293,4.1705827713012695,0.06568654626607895,-0.25661560893058777,0.48713237047195435,0.0006609277334064245,0.9997561573982239,-0.00012192497524665669,-0.0016071085119619966,-14.477547645568848,66000
14.34839916229248,585.9139404296875,593.8453369140625,536.718994140625,-589.6328735351562,-585.2845458984375,-8.358885765075684,4.010564804077148,0.06295137107372284,0.03845473751425743,0.4869968295097351,3.22714512890343e-08,0.9997443556785583,-0.000127836421597749,0.0,-14.19248104095459,67000
111.2809829711914,587.11962890625,597.4429931640625,130.02626037597656,-591.0108642578125,-586.6793212890625,-8.412553787231445,4.081009387969971,0.0667462944984436,-0.06903557479381561,0.48347508907318115,0.0074821943417191505,0.9997472763061523,-0.00012639965279959142,-0.00903662946075201,-14.284858703613281,68000
9.85457992553711,592.3284912109375,601.7047119140625,531.5742797851562,-597.014892578125,-592.6199951171875,-8.665824890136719,4.270935535430908,0.06667894870042801,-0.25589674711227417,0.4762245714664459,0.0002505459706299007,0.9997265338897705,-0.00013675479567609727,-0.0013278013793751597,-14.688013076782227,69000
176.81527709960938,590.8758544921875,605.7078857421875,82.57524871826172,-595.4159545898438,-591.5263671875,-8.073413848876953,4.183825492858887,0.08023950457572937,-0.07349289953708649,0.47643110156059265,0.03963542357087135,0.9997357726097107,-0.00013215017679613084,-0.02441665530204773,-13.661153793334961,70000
12.241203308105469,602.01904296875,609.9840087890625,553.22265625,-605.53564453125,-601.5091552734375,-8.153533935546875,4.1270904541015625,0.06281110644340515,0.18704628944396973,0.47510457038879395,0.0007460925844497979,0.999701201915741,-0.0001494193566031754,-0.001708072260953486,-14.227876663208008,71000
230.10406494140625,605.3343505859375,615.1722412109375,145.3513641357422,-608.5634765625,-604.7265014648438,-7.664871692657471,3.827888011932373,0.07431288808584213,0.13914445042610168,0.4755631983280182,0.024293430149555206,0.9996311664581299,-0.00018441458814777434,-0.019145723432302475,-13.442689895629883,72000
8.22107982635498,609.4672241210938,618.2171020507812,81.87117767333984,-613.164306640625,-608.8850708007812,-8.361618041992188,4.082391262054443,0.06412583589553833,-0.3191208243370056,0.4667927324771881,0.000982900382950902,0.9995700120925903,-0.00021503804600797594,-0.0019596393685787916,-14.573348045349121,73000
31.247581481933594,614.3200073242188,623.9154052734375,322.6363525390625,-619.25048828125,-615.0935668945312,-8.103693008422852,3.946796178817749,0.06687562167644501,0.093992218375206,0.46753859519958496,0.01033521257340908,0.9995705485343933,-0.00021478411508724093,-0.007712372578680515,-14.128925323486328,74000
7.426323890686035,620.10546875,627.57177734375,596.174560546875,-623.8313598632812,-619.6795654296875,-7.869697570800781,3.7178897857666016,0.06998152285814285,0.27037814259529114,0.4678736627101898,0.0003780247352551669,0.9993530511856079,-0.0003235636686440557,-0.0014708149246871471,-13.88585090637207,75000
9.216893196105957,625.5782470703125,632.3582153320312,597.888671875,-629.6343383789062,-625.439697265625,-8.154226303100586,3.9595799446105957,0.0601639486849308,-0.12778568267822266,0.4653260409832001,4.170516660906287e-07,0.999211311340332,-0.00039456109516322613,0.0,-14.426654815673828,76000
5.333910942077637,620.5028686523438,626.5656127929688,604.0311279296875,-624.2094116210938,-620.0111083984375,-8.459887504577637,4.261623382568359,0.055702243000268936,-0.25361770391464233,0.4590418040752411,9.718016826809617e-07,0.9987850189208984,-0.0006080032326281071,0.0,-14.988225936889648,77000
33.09908676147461,624.9409790039062,632.1676635742188,408.72027587890625,-628.577392578125,-624.6224365234375,-7.760878562927246,3.805880308151245,0.06213449686765671,0.11988045275211334,0.45976129174232483,0.014906526543200016,0.9984788298606873,-0.0007614163332618773,-0.009079376235604286,-14.056756973266602,78000
10.823572158813477,629.7054443359375,637.2661743164062,595.6378784179688,-632.6582641601562,-628.7039794921875,-7.525546550750732,3.5712671279907227,0.0619991160929203,0.2862028181552887,0.45437029004096985,0.00011160771100549027,0.9972519278526306,-0.0013773208484053612,-0.0006447172490879893,-13.607128143310547,79000
7.088862419128418,633.2818603515625,642.0184936523438,149.64183044433594,-637.0338745117188,-633.0771484375,-7.791712284088135,3.8349366188049316,0.06286641955375671,-0.05513422191143036,0.4552992582321167,0.01240850705653429,0.9962683916091919,-0.0018721132073551416,-0.007679307833313942,-14.139415740966797,80000
102.1854476928711,637.3968505859375,647.938232421875,154.1822052001953,-639.8900146484375,-636.0904541015625,-7.797533988952637,3.9980080127716064,0.06548997014760971,-0.15639974176883698,0.4500255584716797,0.0160509180277586,0.9972672462463379,-0.001369135221466422,-0.010254614055156708,-14.218002319335938,81000
140.8746795654297,641.99560546875,650.2958374023438,237.0024871826172,-646.0333862304688,-642.102294921875,-8.018367767333984,4.087275505065918,0.062024567276239395,-0.45807188749313354,0.4292033016681671,0.012244697660207748,0.9975414872169495,-0.0012313242768868804,-0.008629181422293186,-14.744621276855469,82000
9.21840763092041,646.9698486328125,653.6659545898438,602.83349609375,-651.40283203125,-647.3596801757812,-7.564286708831787,3.521108627319336,0.0645020455121994,0.22795481979846954,0.4459030032157898,0.0012589552206918597,0.9970993399620056,-0.001453800592571497,-0.002211736747995019,-13.908970832824707,83000
72.57080078125,648.617431640625,657.3584594726562,390.75823974609375,-653.3267211914062,-649.38427734375,-7.721410274505615,3.778963804244995,0.0667286217212677,-0.050301577895879745,0.4437354803085327,0.01147103775292635,0.9970061779022217,-0.0015000845305621624,-0.0067119598388671875,-14.408967971801758,84000
51.11421203613281,644.7659912109375,654.3818969726562,397.739501953125,-649.2804565429688,-645.630859375,-7.404423236846924,3.75484561920166,0.06527651101350784,-0.13946934044361115,0.4379335045814514,0.05133500322699547,0.9968888163566589,-0.001558790449053049,-0.018286794424057007,-13.846304893493652,85000
22.32496452331543,647.0789794921875,654.9537963867188,566.5414428710938,-649.9869995117188,-646.3433837890625,-7.396700859069824,3.7531094551086426,0.06678856164216995,0.032605595886707306,0.434795618057251,0.0010088111739605665,0.9951297640800476,-0.002443455159664154,-0.0023592591751366854,-13.886643409729004,86000
10.26862621307373,648.3743896484375,656.7721557617188,584.3251342773438,-652.5255126953125,-648.7879028320312,-7.601879119873047,3.86427640914917,0.06446602940559387,0.06585337966680527,0.4341524839401245,0.002164234407246113,0.9955812692642212,-0.0022160743828862906,-0.0029040593653917313,-14.357809066772461,87000
6.514748573303223,652.7908935546875,659.3751831054688,592.3146362304688,-655.6259765625,-651.8233642578125,-7.914307117462158,4.111724853515625,0.058782272040843964,-0.34287410974502563,0.43115586042404175,0.0008844300173223019,0.9973324537277222,-0.0013364125043153763,-0.0018542002653703094,-14.99137020111084,88000
9.763580322265625,655.40478515625,661.5269775390625,622.4447021484375,-659.3855590820312,-655.5472412109375,-7.4455366134643555,3.607229232788086,0.06603534519672394,0.04988841339945793,0.4317193329334259,2.3904605768620968e-05,0.9963829517364502,-0.001813688431866467,-0.00023383344523608685,-14.27928352355957,89000
107.42552185058594,654.8482666015625,665.6043701171875,473.7397766113281,-657.8701782226562,-654.1485595703125,-7.395623683929443,3.6740052700042725,0.06702174991369247,-0.08562754839658737,0.42918941378593445,0.0010906830430030823,0.995259165763855,-0.0023788476828485727,-0.002939190249890089,-14.258878707885742,90000
142.7445526123047,657.6934204101562,666.4144287109375,132.0270538330078,-660.6452026367188,-657.0292358398438,-7.348466873168945,3.732468843460083,0.06847656518220901,-0.12326683104038239,0.42582395672798157,0.006346695590764284,0.9939857721328735,-0.003023201134055853,-0.004967100452631712,-14.037874221801758,91000
114.96766662597656,660.0867919921875,668.3576049804688,265.1874694824219,-662.6837768554688,-659.0017700195312,-7.586507797241211,3.904491901397705,0.06543192267417908,-0.4544885754585266,0.42065364122390747,0.01381445862352848,0.9957995414733887,-0.002106988802552223,-0.007386476267129183,-14.82568645477295,92000
66.39745330810547,663.0623168945312,671.3445434570312,191.943359375,-667.1566162109375,-663.6962280273438,-6.948442459106445,3.488025665283203,0.07245144993066788,0.03055158630013466,0.42385125160217285,0.05309700965881348,0.99714195728302,-0.0014317893655970693,-0.023781418800354004,-13.513940811157227,93000
6.736418724060059,666.99462890625,675.3631591796875,589.8386840820312,-670.4102783203125,-666.787841796875,-7.260354995727539,3.637927770614624,0.064893439412117,-0.16595596075057983,0.41691529750823975,1.4508105778077152e-05,0.9955352544784546,-0.002239587949588895,0.0,-14.241265296936035,94000
13.553155899047852,670.5838623046875,676.98681640625,613.842529296875,-673.37451171875,-669.6961059570312,-6.925777435302734,3.247406005859375,0.07077082991600037,0.2910468578338623,0.41166162490844727,0.0001275000104214996,0.9961640238761902,-0.001923359464854002,-0.0006801012787036598,-13.476917266845703,95000
9.997359275817871,673.06982421875,679.7291870117188,631.0568237304688,-676.3958129882812,-672.8499755859375,-6.824301242828369,3.278418779373169,0.07317812740802765,0.35878029465675354,0.4180300831794739,0.0006170262931846082,0.9961656928062439,-0.0019226019503548741,-0.002140552969649434,-13.472545623779297,96000
43.33343505859375,675.9154052734375,683.6533203125,481.5199890136719,-677.9853515625,-674.4365844726562,-7.39149808883667,3.8426828384399414,0.06127200275659561,-0.2701537609100342,0.4152560234069824,0.005312010645866394,0.9956289529800415,-0.002191543346270919,-0.004596937447786331,-14.681522369384766,97000
78.0948486328125,676.8241577148438,684.7367553710938,157.26475524902344,-680.083251953125,-676.6861572265625,-7.196716785430908,3.7996416091918945,0.06708687543869019,-0.16523483395576477,0.41215741634368896,0.022075578570365906,0.9946268796920776,-0.0026964345015585423,-0.011564229615032673,-14.353387832641602,98000
10.354387283325195,680.5176391601562,687.6642456054688,355.61431884765625,-684.444091796875,-681.004638671875,-6.860334873199463,3.420891284942627,0.06587684899568558,0.07295328378677368,0.40693768858909607,0.01976376213133335,0.9936175346374512,-0.00320443045347929,-0.009119908325374126,-13.805246353149414,99000
5.700791358947754,682.4795532226562,688.3020629882812,638.8237915039062,-685.50634765625,-681.8502197265625,-6.74129581451416,3.0851240158081055,0.06633744388818741,0.24317567050457,0.3961324095726013,1.7707694496493787e-05,0.9944329261779785,-0.002792593091726303,-2.7563377443584614e-05,-13.677021026611328,100000
83.71139526367188,680.3895874023438,689.79833984375,434.8482360839844,-686.0928955078125,-682.599365234375,-7.015689373016357,3.5221285820007324,0.07021147757768631,-0.032261207699775696,0.40816012024879456,0.015739087015390396,0.995147705078125,-0.002433579880744219,-0.013079873286187649,-14.17121696472168,101000
7.307046890258789,687.449951171875,692.6521606445312,656.2803344726562,-690.7142944335938,-687.1832275390625,-6.8309502601623535,3.2998924255371094,0.06344150006771088,0.2184617817401886,0.40727975964546204,5.205831257626414e-05,0.9908642768859863,-0.004593726247549057,0.0,-14.033710479736328,102000
5.114516735076904,691.7545166015625,695.8807983398438,411.9825744628906,-695.5266723632812,-692.029296875,-7.033987045288086,3.5366029739379883,0.06547299772500992,-0.05377418175339699,0.40741047263145447,0.013881010003387928,0.9956165552139282,-0.002196691930294037,-0.009706987999379635,-14.479095458984375,103000
10.56960678100586,696.7823486328125,700.3023071289062,648.6493530273438,-700.72509765625,-697.3524169921875,-6.832046985626221,3.4593665599823,0.06704066693782806,0.07823691517114639,0.40144404768943787,0.004803035873919725,0.9945029020309448,-0.0027605174109339714,-0.004710470791906118,-14.024152755737305,104000
74.87065887451172,701.4880981445312,704.49267578125,360.4479064941406,-705.2568969726562,-701.7620239257812,-7.101274490356445,3.606374740600586,0.060662366449832916,-0.17644821107387543,0.40460625290870667,0.009433024562895298,0.9938675165176392,-0.003079986199736595,-0.0061729601584374905,-14.723917007446289,105000
22.30134391784668,705.69580078125,708.721435546875,381.80035400390625,-708.4658813476562,-704.8772583007812,-6.9783220291137695,3.389737129211426,0.05805779993534088,-0.11151609569787979,0.4051429331302643,0.002264266135171056,0.9918323755264282,-0.0041065337136387825,-0.0036077629774808884,-14.525794982910156,106000
98.2031478881836,710.8406982421875,714.6231689453125,213.1317596435547,-712.1041870117188,-708.7276611328125,-6.50872278213501,3.1321940422058105,0.06408185511827469,0.24929897487163544,0.40154993534088135,0.009978678077459335,0.9948866367340088,-0.0025642244145274162,-0.006434866227209568,-13.807544708251953,107000
477.96002197265625,707.0335693359375,711.3421630859375,206.21974182128906,-709.571533203125,-706.4232788085938,-6.491955280303955,3.3437106609344482,0.06492166966199875,0.2520987093448639,0.3991147577762604,0.030011001974344254,0.9960758090019226,-0.0019657353404909372,-0.01789533719420433,-13.678023338317871,108000
4.348086833953857,712.0855712890625,715.2348022460938,701.3895263671875,-715.0376586914062,-711.6546630859375,-6.607061386108398,3.224076509475708,0.0599781759083271,0.24976368248462677,0.40055006742477417,9.504413355898578e-06,0.9956024885177612,-0.0022035110741853714,0.0,-13.935478210449219,109000
13.273786544799805,715.5447998046875,718.266357421875,699.9066162109375,-717.0464477539062,-713.6583251953125,-6.98436975479126,3.59626841545105,0.056335289031267166,-0.08004038780927658,0.3991868197917938,0.00010471316636539996,0.9960768222808838,-0.0019653772469609976,-0.0006281274254433811,-14.706138610839844,110000
30.547508239746094,718.987548828125,722.3692016601562,320.57275390625,-722.322021484375,-719.0209350585938,-7.057579040527344,3.7564454078674316,0.05709570273756981,-0.24845248460769653,0.39557787775993347,0.025167012587189674,0.9947946071624756,-0.0026089162565767765,-0.009944659657776356,-14.954591751098633,111000
5.293828964233398,722.7686767578125,724.48974609375,718.6295166015625,-725.833251953125,-722.2318115234375,-6.914934158325195,3.313483238220215,0.06016555428504944,-0.10706903040409088,0.3959483206272125,0.0007073337910696864,0.9901300668716431,-0.004960557911545038,-0.0024758647195994854,-14.981611251831055,112000
4.231046676635742,727.35693359375,730.4410400390625,715.792236328125,-730.7889404296875,-727.2237548828125,-6.868582725524902,3.30342960357666,0.059692900627851486,-0.09086742252111435,0.3921164274215698,0.0003320931864436716,0.9944369792938232,-0.0027897641994059086,-0.0011171199148520827,-14.852678298950195,113000
35.474308013916016,726.106689453125,729.2069702148438,211.90008544921875,-729.5548095703125,-726.1793823242188,-6.8928937911987305,3.517484664916992,0.06181120127439499,-0.31798529624938965,0.386036217212677,0.025611968711018562,0.9959366917610168,-0.0020355049055069685,-0.014675036072731018,-14.861993789672852,114000
51.55052947998047,731.4983520507812,732.5079345703125,597.1162109375,-734.8192138671875,-731.5999755859375,-6.549660682678223,3.3304619789123535,0.0592154823243618,0.04342800751328468,0.3916073441505432,0.026206670328974724,0.9946277141571045,-0.0026936479844152927,-0.013953177258372307,-14.198402404785156,115000
12.82563591003418,730.9263916015625,733.0570678710938,387.9929504394531,-734.419677734375,-731.070068359375,-6.542190074920654,3.1925606727600098,0.05789202079176903,0.07941386103630066,0.37599170207977295,0.011711412109434605,0.9943485260009766,-0.002834055572748184,-0.006778140552341938,-14.285211563110352,116000
157.93533325195312,730.77197265625,731.255126953125,596.6212158203125,-734.006591796875,-730.847412109375,-6.515766620635986,3.3565711975097656,0.05948431417346001,-0.009402760304510593,0.38597917556762695,0.041993364691734314,0.9906644821166992,-0.004687421023845673,-0.016053300350904465,-14.454851150512695,117000
6.159136772155762,733.6845703125,734.8735961914062,719.7874145507812,-736.6189575195312,-733.3690185546875,-6.610124111175537,3.3601410388946533,0.057467181235551834,0.07138890027999878,0.3887661099433899,0.0003988764947280288,0.9906052947044373,-0.004722306039184332,-0.0014318092726171017,-14.517618179321289,118000
9.482872009277344,740.1422119140625,743.0267944335938,725.2392578125,-741.9820556640625,-738.826904296875,-6.284908294677734,3.129768133163452,0.05627908185124397,0.1815570443868637,0.37692394852638245,0.0005341061623767018,0.994379997253418,-0.002817602828145027,-0.0014376285253092647,-13.85067081451416,119000
5.285198211669922,743.8050537109375,748.6112670898438,725.1062622070312,-746.4933471679688,-743.1851196289062,-6.2697954177856445,2.9615225791931152,0.06390563398599625,0.22914056479930878,0.3750815987586975,0.00013396980648394674,0.9960748553276062,-0.0019660089164972305,-0.00070514518301934,-14.046829223632812,120000
11.605886459350586,746.837646484375,751.3109741210938,629.2210083007812,-749.9448852539062,-746.6531982421875,-6.479456901550293,3.1877281665802,0.06568433344364166,0.0020651910454034805,0.37433409690856934,0.015161750838160515,0.9958951473236084,-0.0020566913299262524,-0.010115688666701317,-14.348356246948242,121000
34.05131530761719,751.4046630859375,754.8365478515625,733.1220703125,-753.6438598632812,-750.430908203125,-6.20499849319458,2.992077589035034,0.06014690548181534,0.14463134109973907,0.3703576922416687,0.0004276095423847437,0.9957513809204102,-0.0021279174834489822,-0.00128388951998204,-13.863773345947266,122000
4.781513690948486,754.6906127929688,758.3295288085938,735.2443237304688,-757.3106689453125,-754.0930786132812,-6.416584014892578,3.198953628540039,0.05932650342583656,-0.02032649517059326,0.3628216087818146,8.204387995647267e-06,0.9956485033035278,-0.0021798282396048307,0.0,-14.422249794006348,123000
408.1988830566406,755.3800048828125,762.1361694335938,132.46424865722656,-758.2677001953125,-755.547607421875,-5.649991035461426,2.9298877716064453,0.06554017961025238,0.22647830843925476,0.3736554980278015,0.17658407986164093,0.9959959983825684,-0.002005568705499172,-0.037146180868148804,-12.945917129516602,124000
5.725043296813965,762.5965576171875,766.2967529296875,740.0743408203125,-764.8472290039062,-761.533935546875,-6.482468128204346,3.169196605682373,0.05960937961935997,-0.04004621505737305,0.3591305613517761,0.0002410758170299232,0.9957607984542847,-0.0021237684413790703,-0.0009570437832735479,-14.733933448791504,125000
16.009990692138672,761.5209350585938,769.3207397460938,723.0108032226562,-764.5134887695312,-761.3170166015625,-6.262746334075928,3.066255807876587,0.06498932838439941,-0.055444732308387756,0.36297163367271423,0.0008517305832356215,0.9944770932197571,-0.0027679631020873785,-0.0018538640579208732,-14.30862808227539,126000
19.406856536865234,767.5328369140625,769.4977416992188,502.09820556640625,-770.3956909179688,-767.3243408203125,-6.374535083770752,3.3031814098358154,0.058011289685964584,-0.058859508484601974,0.368137389421463,0.010533605702221394,0.9934695959091187,-0.0032747797667980194,-0.007223505526781082,-14.58862018585205,127000
4.278918266296387,772.8931884765625,775.4573364257812,764.184814453125,-775.9212036132812,-772.6597900390625,-6.635763168334961,3.3743574619293213,0.052559174597263336,-0.2661648392677307,0.36813682317733765,3.250817826483399e-05,0.9915492534637451,-0.0042415764182806015,0.0,-15.4098482131958,128000
62.059913635253906,772.8353271484375,779.9042358398438,75.17581939697266,-776.0248413085938,-772.9974365234375,-6.102815628051758,3.075441837310791,0.06580046564340591,0.12594576179981232,0.35682666301727295,0.01288067176938057,0.9931159615516663,-0.003451284021139145,-0.008780807256698608,-14.12969970703125,129000
5.624814987182617,778.814453125,783.1331787109375,755.5941162109375,-781.4349365234375,-778.4324951171875,-6.103885173797607,3.1014292240142822,0.06330537796020508,0.02513343095779419,0.3591628670692444,1.8089460354531184e-05,0.993481457233429,-0.0032682809978723526,0.0,-14.158963203430176,130000
75.48538970947266,774.396728515625,786.2171020507812,129.39175415039062,-778.1901245117188,-775.5760498046875,-5.2691779136657715,2.6550843715667725,0.07588163763284683,0.4250527322292328,0.35490599274635315,0.03971821814775467,0.9936320781707764,-0.003192717209458351,-0.02205190435051918,-12.402175903320312,131000
126.69647216796875,776.0437622070312,786.4869384765625,136.88111877441406,-779.1218872070312,-776.170654296875,-5.851207256317139,2.899982452392578,0.06938885152339935,-0.07970436662435532,0.3505808115005493,0.04892078414559364,0.9936426281929016,-0.003187098540365696,-0.019460324198007584,-13.882043838500977,132000
233.7255096435547,781.5782470703125,788.10888671875,365.9736633300781,-784.5833129882812,-781.6904296875,-5.915140151977539,3.0222654342651367,0.06835953891277313,0.025611406192183495,0.3539125323295593,0.009093322791159153,0.9900994300842285,-0.004970523063093424,-0.005971568636596203,-13.999855041503906,133000
9.065569877624512,784.033447265625,790.4312744140625,733.0741577148438,-787.3026123046875,-784.2615966796875,-5.928862571716309,2.887791872024536,0.06756717711687088,0.08574613183736801,0.3505120277404785,0.0016834515845403075,0.9921187162399292,-0.003956033382564783,-0.0037114073056727648,-13.869802474975586,134000
601.0919189453125,784.9476928710938,792.4814453125,243.38880920410156,-789.1499633789062,-786.153564453125,-6.062235355377197,3.0658304691314697,0.06430748105049133,-0.22138762474060059,0.349446564912796,0.041338738054037094,0.9907265901565552,-0.004654511343687773,-0.01794746331870556,-14.490873336791992,135000
4.260152339935303,791.0928955078125,794.375244140625,767.4686889648438,-793.5411376953125,-790.5470581054688,-5.938178539276123,2.9440810680389404,0.060377009212970734,0.06522484123706818,0.3509518504142761,4.0967235690914094e-05,0.9902862310409546,-0.0048772976733744144,0.0,-14.47233772277832,136000
106.44564056396484,794.3646850585938,795.72705078125,544.5027465820312,-796.86083984375,-793.81494140625,-6.347743034362793,3.3017992973327637,0.055790871381759644,-0.24746069312095642,0.3524124324321747,0.014917226508259773,0.9906275272369385,-0.004703633952885866,-0.007663247175514698,-15.207951545715332,137000
43.0763053894043,795.097900390625,797.9014892578125,647.21484375,-798.3388671875,-795.4197998046875,-6.172585487365723,3.253540277481079,0.062225062400102615,-0.2734210789203644,0.352361261844635,0.03600708395242691,0.9907748699188232,-0.004633588716387749,-0.013004088774323463,-14.928593635559082,138000
27.478134155273438,797.1707763671875,800.2327270507812,682.9423217773438,-799.7592163085938,-796.7958984375,-6.0503644943237305,3.0870249271392822,0.06032470241189003,-0.23614251613616943,0.35170742869377136,0.013742505572736263,0.9922367334365845,-0.003894479013979435,-0.0073315235786139965,-14.903036117553711,139000
8.821636199951172,798.0751342773438,802.3296508789062,748.68701171875,-800.9745483398438,-798.1861572265625,-5.978786468505859,3.1903984546661377,0.05939709395170212,-0.12609508633613586,0.34459924697875977,0.0032729306258261204,0.9900937080383301,-0.0049737123772501945,-0.004943898878991604,-14.636125564575195,140000
8.453989028930664,799.4427490234375,804.001708984375,776.5176391601562,-801.598388671875,-798.7035522460938,-5.734360218048096,2.83956241607666,0.06234535947442055,0.06693169474601746,0.3414079248905182,3.54773728759028e-05,0.9904930591583252,-0.004771169275045395,0.0,-14.141107559204102,141000
319.3995666503906,796.0240478515625,804.1119995117188,226.70472717285156,-798.9799194335938,-796.1978149414062,-5.808623790740967,3.0264904499053955,0.06717530637979507,-0.035809680819511414,0.34140709042549133,0.02275324985384941,0.9923504590988159,-0.003837509546428919,-0.009428750723600388,-14.214911460876465,142000
58.710330963134766,802.5206298828125,806.5302734375,496.973876953125,-803.0299072265625,-800.2193603515625,-5.532472133636475,2.721896171569824,0.06824495643377304,0.09845169633626938,0.33210647106170654,0.03261682763695717,0.9925034046173096,-0.0037614800967276096,-0.011521733365952969,-13.797597885131836,143000
95.1046142578125,800.4208984375,806.4299926757812,286.23785400390625,-803.6512451171875,-800.7702026367188,-5.8312249183654785,2.9502110481262207,0.0628599300980568,-0.16110308468341827,0.33894187211990356,0.03175939992070198,0.9930927753448486,-0.0034649567678570747,-0.011839022859930992,-14.385964393615723,144000
285.98358154296875,801.2894287109375,808.1547241210938,194.3325958251953,-804.0934448242188,-801.5269775390625,-5.377349376678467,2.810828924179077,0.07015908509492874,0.06947436183691025,0.3341604769229889,0.05562456324696541,0.9928821325302124,-0.003570716129615903,-0.02332467958331108,-13.333033561706543,145000
6.85467529296875,805.6444091796875,808.9777221679688,772.1935424804688,-807.842529296875,-805.0120849609375,-5.689016342163086,2.8585665225982666,0.06308182328939438,-0.04789377748966217,0.3289259374141693,0.008369619958102703,0.9884108304977417,-0.00582556426525116,-0.006682957988232374,-14.33420181274414,146000
1548.17236328125,798.6041259765625,810.5718383789062,87.05029296875,-797.6705322265625,-795.2640380859375,-5.198825359344482,2.792336940765381,0.07604922354221344,0.10375280678272247,0.3347511887550354,0.07610490918159485,0.9913044571876526,-0.0043651033192873,-0.032385729253292084,-12.961448669433594,147000
9.675413131713867,807.623291015625,810.929931640625,782.3238525390625,-809.5923461914062,-806.728515625,-5.616786003112793,2.7529313564300537,0.06294026225805283,0.08786814659833908,0.33251968026161194,0.002749490085989237,0.9925017356872559,-0.003762044245377183,-0.004615573678165674,-14.155084609985352,148000
6.170670509338379,808.7313232421875,812.5614013671875,782.3230590820312,-810.3626708984375,-807.5865478515625,-5.548816204071045,2.77268385887146,0.06233712658286095,0.19108472764492035,0.3351907730102539,6.246986595215276e-05,0.9932019710540771,-0.0034089011605829,-0.0004126749117858708,-14.028785705566406,149000
7.192617893218994,811.5512084960938,813.4343872070312,797.9420166015625,-813.4373168945312,-810.597412109375,-5.658759593963623,2.8188464641571045,0.05614425987005234,0.09512917697429657,0.3361766040325165,1.6306847101077437e-05,0.9938267469406128,-0.0030947718769311905,0.0,-14.136809349060059,150000
4.7139387130737305,812.4647216796875,815.4386596679688,801.2337646484375,-815.4191284179688,-812.4596557617188,-5.8228325843811035,2.863359212875366,0.05903490260243416,-0.023290758952498436,0.33363062143325806,2.0097739252378233e-05,0.9932695627212524,-0.003375246888026595,0.0,-14.787736892700195,151000
3.936751127243042,817.2685546875,819.991455078125,799.3303833007812,-819.3616943359375,-816.4902954101562,-5.5149688720703125,2.6435296535491943,0.059735313057899475,0.12568780779838562,0.33364546298980713,3.811143324128352e-05,0.9942284822463989,-0.00289355032145977,-0.00029965813155286014,-14.124288558959961,152000
4.5749006271362305,820.6277465820312,821.7211303710938,809.7813110351562,-822.9212036132812,-820.0569458007812,-5.458736419677734,2.59447979927063,0.0624500997364521,0.29984885454177856,0.3352992832660675,0.002971934387460351,0.9947944283485413,-0.00260823592543602,-0.0043594613671302795,-13.940305709838867,153000
7.884768486022949,821.4170532226562,826.052001953125,683.8815307617188,-823.1397094726562,-820.546630859375,-5.120671272277832,2.5275673866271973,0.06656284630298615,0.3665003776550293,0.32992976903915405,0.011910433880984783,0.995583176612854,-0.002212454564869404,-0.011351888068020344,-13.321146011352539,154000
82.89952850341797,826.4120483398438,827.8184814453125,603.7250366210938,-827.6679077148438,-825.0142822265625,-5.444371223449707,2.7907416820526123,0.06186261028051376,-0.04793955385684967,0.32459327578544617,0.023481804877519608,0.9942782521247864,-0.0028679268434643745,-0.013291205279529095,-14.025035858154297,155000
4.654149532318115,829.4224853515625,833.1217651367188,813.7037353515625,-831.891357421875,-829.133056640625,-5.33956241607666,2.581249952316284,0.06288103014230728,0.1354776918888092,0.3281947076320648,0.0001824717182898894,0.9909039735794067,-0.0045655257999897,-0.0007764621987007558,-13.861005783081055,156000
118.94793701171875,827.60498046875,834.927490234375,244.27969360351562,-830.4933471679688,-827.8660888671875,-5.163792133331299,2.5365328788757324,0.07129484415054321,0.1277819573879242,0.32474401593208313,0.02264009788632393,0.9843412041664124,-0.007887698709964752,-0.010417453944683075,-13.597848892211914,157000
5.223518371582031,830.1522216796875,836.3836669921875,800.5355834960938,-832.8587036132812,-830.0618286132812,-5.538146018981934,2.741283416748047,0.061425644904375076,0.08891097456216812,0.32234230637550354,0.00011528751201694831,0.9925848245620728,-0.003721155459061265,-0.0008387890411540866,-14.433212280273438,158000
6.471159934997559,830.3506469726562,836.4237060546875,793.3152465820312,-832.9759521484375,-830.3516845703125,-5.250002384185791,2.6257035732269287,0.070716992020607,0.045562345534563065,0.31411290168762207,1.108584547182545e-05,0.9948616623878479,-0.002574702724814415,0.0,-13.729154586791992,159000
5.9931206703186035,829.1239013671875,836.3043823242188,785.5926513671875,-830.7192993164062,-828.060791015625,-5.421747207641602,2.7632689476013184,0.06522615253925323,-0.00246431608684361,0.3139471411705017,1.0943087545456365e-05,0.9948803186416626,-0.002565321046859026,0.0,-14.353626251220703,160000
7.3064680099487305,831.6876220703125,836.7820434570312,799.6728515625,-834.71875,-832.0509033203125,-5.22221565246582,2.5543878078460693,0.06273787468671799,0.3577505648136139,0.32039862871170044,0.0008751603891141713,0.995163083076477,-0.0024239178746938705,-0.0018454641103744507,-13.564205169677734,161000
51.123329162597656,830.10009765625,839.1521606445312,107.47061157226562,-831.677001953125,-829.0726318359375,-5.200225830078125,2.595853328704834,0.06768804788589478,0.006933522876352072,0.3153746426105499,0.018484344705939293,0.9934671521186829,-0.003276064060628414,-0.009086068719625473,-13.906126022338867,162000
69.45536804199219,830.26025390625,839.03125,169.2115478515625,-832.4458618164062,-829.854248046875,-5.136140823364258,2.5445847511291504,0.06676138192415237,0.05197550356388092,0.31538739800453186,0.017079206183552742,0.9916965961456299,-0.004167752340435982,-0.008998129516839981,-13.902852058410645,163000
7.897195339202881,830.809326171875,838.1430053710938,775.7022094726562,-833.3400268554688,-830.7354736328125,-5.115893840789795,2.5113537311553955,0.06773575395345688,0.21663907170295715,0.31382468342781067,0.0022599082440137863,0.988257646560669,-0.005899433046579361,-0.0029636702965945005,-13.743030548095703,164000
158.3397979736328,827.5379638671875,839.3646850585938,135.78591918945312,-830.1844482421875,-827.6558837890625,-5.146640300750732,2.6181037425994873,0.07360534369945526,-0.07510893046855927,0.3086802661418915,0.024963466450572014,0.9885867834091187,-0.005734190810471773,-0.009883111342787743,-14.112897872924805,165000
28.257457733154297,832.4384155273438,840.3475341796875,319.3042907714844,-835.181640625,-832.6826171875,-5.018104076385498,2.5191025733947754,0.07551486045122147,0.13172630965709686,0.30801358819007874,0.02184261381626129,0.993634045124054,-0.00319222966209054,-0.01098635420203209,-13.470477104187012,166000
42.9177360534668,832.227783203125,839.594482421875,693.6817626953125,-834.8287353515625,-832.2518310546875,-5.08951997756958,2.512641191482544,0.06827542930841446,0.07541470974683762,0.3090756833553314,0.004787317011505365,0.99324631690979,-0.003387451171875,-0.004817354492843151,-13.707036972045898,167000
16.910444259643555,829.9749145507812,840.6072998046875,294.7044677734375,-833.1734008789062,-830.7855834960938,-4.899595737457275,2.511772871017456,0.07712028920650482,0.04421958699822426,0.30511021614074707,0.05676764249801636,0.9937332272529602,-0.003141739871352911,-0.023952368646860123,-13.210243225097656,168000
10.322796821594238,834.7861328125,839.6826782226562,785.91748046875,-836.674560546875,-834.121337890625,-5.126867771148682,2.5736734867095947,0.0687994435429573,0.0902044028043747,0.3041583001613617,4.9878613936016336e-05,0.9939472675323486,-0.0030347269494086504,-0.0005980979185551405,-13.97737979888916,169000
220.66983032226562,829.9735717773438,840.7760620117188,120.54411315917969,-832.9622802734375,-830.494873046875,-4.961720943450928,2.4943528175354004,0.07484090328216553,-0.009623609483242035,0.3044281005859375,0.02386208437383175,0.9927629828453064,-0.0036297556944191456,-0.010898158885538578,-13.662216186523438,170000
7.4223127365112305,832.624755859375,840.47216796875,771.1404418945312,-835.0132446289062,-832.501708984375,-4.94384765625,2.4323201179504395,0.07341372966766357,0.10575239360332489,0.3020057678222656,0.008723245933651924,0.9914301633834839,-0.004299725405871868,-0.010027391836047173,-13.665353775024414,171000
5.533804893493652,833.2457275390625,840.3255004882812,764.2634887695312,-835.2116088867188,-832.6652221679688,-5.250240802764893,2.7038772106170654,0.06835322082042694,-0.23902627825737,0.2987561523914337,0.0007746281917206943,0.9901482462882996,-0.004944739397615194,-0.0017464424017816782,-14.6656494140625,172000
690.949951171875,830.1289672851562,839.5680541992188,168.44728088378906,-833.1032104492188,-830.6381225585938,-5.108867645263672,2.6438190937042236,0.07046795636415482,-0.22454620897769928,0.2987828552722931,0.025648929178714752,0.9900475740432739,-0.0049988701939582825,-0.010002686642110348,-14.353562355041504,173000
182.7283935546875,829.009033203125,839.5799560546875,234.9256591796875,-831.3707885742188,-829.1764526367188,-4.7740325927734375,2.5797059535980225,0.08066889643669128,0.06594111770391464,0.29931074380874634,0.06393974274396896,0.9878334999084473,-0.006112808361649513,-0.02916760928928852,-13.34942626953125,174000
6.316901683807373,833.5758056640625,840.2512817382812,752.1415405273438,-835.8718872070312,-833.374267578125,-4.957493782043457,2.4598755836486816,0.06932390481233597,0.01893535815179348,0.2979109287261963,0.00010207448940491304,0.9845408201217651,-0.007780324202030897,-8.36458093544934e-06,-14.043333053588867,175000
311.7636413574219,830.056640625,839.0043334960938,171.02761840820312,-832.2801513671875,-829.8539428710938,-4.594578742980957,2.16841721534729,0.07548292726278305,0.33135855197906494,0.2987900376319885,0.005460577085614204,0.9934400320053101,-0.0032890085130929947,-0.0046202014200389385,-13.022516250610352,176000
59.99022674560547,833.9833984375,839.7272338867188,644.2064819335938,-836.471923828125,-834.0870971679688,-5.15426778793335,2.7694828510284424,0.07109493762254715,-0.15260213613510132,0.29947429895401,0.014861959032714367,0.9942293167114258,-0.0028922928031533957,-0.01087324507534504,-14.409594535827637,177000
8.02206039428711,834.8434448242188,842.3790893554688,765.3989868164062,-837.371337890625,-835.0072631835938,-4.8534722328186035,2.4893546104431152,0.07208137214183807,-0.007278594188392162,0.290627121925354,0.06542322784662247,0.9912360906600952,-0.004398120101541281,-0.016934601590037346,-13.679569244384766,178000
93.5609359741211,835.497314453125,842.6720581054688,345.4294128417969,-837.6505126953125,-835.33642578125,-4.637437343597412,2.3233730792999268,0.07587850093841553,0.176426500082016,0.29464250802993774,0.0319753922522068,0.983751654624939,-0.008184386417269707,-0.011995942331850529,-13.26402473449707,179000
7.718719482421875,839.2335815429688,843.847412109375,783.8236083984375,-842.17431640625,-839.7210693359375,-5.187073230743408,2.7338268756866455,0.06249286234378815,-0.1351592093706131,0.2952125370502472,6.024795220582746e-05,0.9885053634643555,-0.005777277052402496,0.0,-14.746530532836914,180000
4.556394577026367,839.3280639648438,846.03271484375,785.4754028320312,-841.3429565429688,-838.7587280273438,-5.095728874206543,2.5114777088165283,0.062216900289058685,-0.0960412472486496,0.2908661663532257,1.983957554330118e-05,0.9935787320137024,-0.0032205088064074516,0.0,-14.585278511047363,181000
148.7923126220703,838.0009765625,846.3580932617188,222.76695251464844,-841.3746948242188,-838.9884643554688,-4.796868801116943,2.4106357097625732,0.07964187860488892,-0.05602363869547844,0.2913738787174225,0.04454131796956062,0.9907902479171753,-0.0046233972534537315,-0.021324170753359795,-13.78677749633789,182000
6.131258964538574,839.82470703125,846.7777099609375,781.2136840820312,-841.9971923828125,-839.5528564453125,-4.769763469696045,2.3254377841949463,0.06813639402389526,0.1783236414194107,0.2899722456932068,0.0008385615074075758,0.9888484477996826,-0.005601520650088787,-0.0026332871057093143,-13.775886535644531,183000
7.894184112548828,837.8631591796875,847.1848754882812,65.30137634277344,-839.912841796875,-837.5310668945312,-4.7021942138671875,2.3204610347747803,0.07137337327003479,0.057888153940439224,0.2847682237625122,0.010607961565256119,0.9894216656684875,-0.0053118313662707806,-0.009358860552310944,-13.682306289672852,184000
36.37853240966797,837.5859985351562,847.6675415039062,42.74571990966797,-839.1443481445312,-836.8721313476562,-4.5960612297058105,2.3238821029663086,0.07628268748521805,0.22410175204277039,0.287567138671875,0.03295353427529335,0.9904505610466003,-0.0047936211340129375,-0.017364438623189926,-13.217732429504395,185000
275.7041931152344,838.6737670898438,847.8145751953125,338.5846252441406,-840.6976318359375,-838.3916015625,-4.6889729499816895,2.382932186126709,0.07414987683296204,0.032853033393621445,0.2851991653442383,0.036029454320669174,0.9904552698135376,-0.00479129096493125,-0.021105285733938217,-13.64459228515625,186000
3.8839383125305176,844.1272583007812,848.9722900390625,792.4652099609375,-846.0806884765625,-843.562744140625,-4.868873119354248,2.3509790897369385,0.06215331330895424,-0.04831073060631752,0.28448760509490967,0.00011994737724307925,0.98789381980896,-0.006085346452891827,-0.0005332333385013044,-14.454733848571777,187000
8.825947761535645,842.1481323242188,849.296630859375,759.2264404296875,-843.7703247070312,-841.3680419921875,-4.71474027633667,2.312467575073242,0.07240096479654312,0.04472438618540764,0.2848774492740631,0.0057427361607551575,0.9865400195121765,-0.006769625470042229,-0.004720054101198912,-13.997871398925781,188000
1646.626708984375,842.6446533203125,850.0753784179688,333.0219421386719,-843.596923828125,-841.3297119140625,-4.905454158782959,2.638272523880005,0.05998291075229645,-0.14823777973651886,0.2866514325141907,0.01141233742237091,0.9882036447525024,-0.005928415339440107,-0.006669599562883377,-14.624382972717285,189000
4.909607887268066,845.86767578125,851.5685424804688,814.5599975585938,-846.9747924804688,-844.700927734375,-4.629485130310059,2.3556125164031982,0.06994849443435669,0.02686198428273201,0.27944067120552063,6.960950122447684e-05,0.9881011247634888,-0.005977279506623745,-0.00025833502877503633,-13.832101821899414,190000
5.296542167663574,846.85400390625,852.4163818359375,817.4492797851562,-849.011474609375,-846.607177734375,-4.700727939605713,2.296473264694214,0.06522412598133087,0.11191697418689728,0.284575879573822,0.0010355995036661625,0.9917567372322083,-0.004135513678193092,-0.0036082586739212275,-13.786209106445312,191000
5.233676910400391,848.306884765625,853.2959594726562,818.3351440429688,-850.2808227539062,-847.9597778320312,-4.945241928100586,2.6241860389709473,0.06140140816569328,-0.16723813116550446,0.28101786971092224,0.00293191010132432,0.9928648471832275,-0.0035784137435257435,-0.003379032714292407,-14.667012214660645,192000
5.814795970916748,849.6148071289062,855.2023315429688,806.1464233398438,-851.64453125,-849.1785278320312,-4.994085788726807,2.5280840396881104,0.06151473522186279,-0.16593563556671143,0.2815776765346527,0.0005696992157027125,0.99333655834198,-0.0033405148424208164,-0.0014760037884116173,-14.737120628356934,193000
89.26052856445312,849.139892578125,856.3043823242188,403.8409423828125,-852.1783447265625,-849.8114624023438,-4.811944007873535,2.4450559616088867,0.06921012699604034,-0.18567608296871185,0.27802151441574097,0.02525356039404869,0.9915800094604492,-0.004224985837936401,-0.015019690617918968,-14.388763427734375,194000
32.214332580566406,851.15087890625,857.7316284179688,712.4580688476562,-853.9686889648438,-851.5993041992188,-4.591807842254639,2.222438335418701,0.06485957652330399,0.02093617245554924,0.27767816185951233,0.00011203556641703472,0.9855188131332397,-0.007285634055733681,-0.00032203702721744776,-14.00019645690918,195000
4.122511863708496,853.3486938476562,859.5433959960938,826.9304809570312,-855.4732055664062,-853.1412963867188,-4.613389492034912,2.281522274017334,0.06698624044656754,0.05385380610823631,0.2805757224559784,0.0002177894057240337,0.9877972602844238,-0.006131111644208431,-0.0008500959374941885,-13.98492431640625,196000
1513.2989501953125,855.1397705078125,860.7327270507812,510.34820556640625,-857.4054565429688,-855.3099365234375,-4.463930130004883,2.368393659591675,0.07059866935014725,0.061558350920677185,0.2764531672000885,0.037184908986091614,0.9878175854682922,-0.006121973507106304,-0.021387992426753044,-13.48319149017334,197000
5.532078266143799,856.576171875,862.48583984375,829.0076293945312,-858.6460571289062,-856.37255859375,-4.6815290451049805,2.4080100059509277,0.0663577988743782,0.022042276337742805,0.27895599603652954,0.001426983275450766,0.9875730276107788,-0.006245044060051441,-0.00266074575483799,-14.217584609985352,198000
3.808228015899658,859.2262573242188,864.8735961914062,831.0068969726562,-860.8167724609375,-858.404296875,-4.505008220672607,2.092531681060791,0.06805404275655746,0.03987392038106918,0.2750841975212097,0.0006287753931246698,0.9898732900619507,-0.005084075499325991,-0.0015232730656862259,-13.698616027832031,199000
4.988725662231445,862.1781005859375,866.522705078125,827.0848388671875,-863.8931274414062,-861.6309814453125,-4.670090198516846,2.407947301864624,0.0650683268904686,-0.02162795513868332,0.2728744447231293,0.00463225319981575,0.9917763471603394,-0.00412463303655386,-0.006390598602592945,-14.168437957763672,200000
5.231969356536865,862.0484619140625,868.0009155273438,832.010986328125,-863.8744506835938,-861.4715576171875,-4.797371864318848,2.394489288330078,0.0635305643081665,-0.05025993287563324,0.2723969519138336,0.00013386142381932586,0.9889873266220093,-0.005530292168259621,-0.00060127122560516,-14.698616027832031,201000
6.866741180419922,863.7940673828125,868.2655029296875,823.3344116210938,-865.65576171875,-863.46337890625,-4.513202667236328,2.3208203315734863,0.06272531300783157,0.07642222940921783,0.271880179643631,0.0001649393088882789,0.9901672601699829,-0.0049383267760276794,-0.0007259721169248223,-13.916770935058594,202000
10.522353172302246,864.381103515625,868.72802734375,803.12890625,-866.3128662109375,-864.0859375,-4.517111301422119,2.2901418209075928,0.06313479691743851,0.08241719007492065,0.2724713981151581,0.002221874427050352,0.9924680590629578,-0.0037773530930280685,-0.0035393121652305126,-13.860074996948242,203000
7.393393516540527,868.2646484375,871.4330444335938,821.6668090820312,-870.286865234375,-867.9473876953125,-4.44969367980957,2.1102426052093506,0.06841479986906052,0.19749872386455536,0.27550023794174194,0.01026111375540495,0.9925461411476135,-0.003738569561392069,-0.00850685965269804,-13.63907241821289,204000
22.751956939697266,866.0402221679688,872.4739379882812,617.1451416015625,-866.234375,-864.0048828125,-4.552664756774902,2.32320499420166,0.06972894817590714,0.0011766917305067182,0.269991010427475,0.028490280732512474,0.9910843372344971,-0.00447425851598382,-0.01056272629648447,-14.117692947387695,205000
5.915811061859131,869.5208129882812,872.447998046875,789.3042602539062,-871.8383178710938,-869.510009765625,-4.470961093902588,2.1426167488098145,0.06403840333223343,0.12534016370773315,0.27345511317253113,0.004206366371363401,0.9888842701911926,-0.005583528894931078,-0.0040725828148424625,-13.997566223144531,206000
465.794677734375,868.2217407226562,876.6234130859375,300.0904235839844,-871.8971557617188,-869.77197265625,-4.592113018035889,2.4669411182403564,0.06487741321325302,-0.19849631190299988,0.2722274363040924,0.03767018765211105,0.9915779829025269,-0.004224928095936775,-0.017069101333618164,-14.508749961853027,207000
5.224818229675293,874.4405517578125,877.7665405273438,614.7041015625,-876.8187866210938,-874.660888671875,-4.393697261810303,2.235779285430908,0.06827747076749802,0.16576813161373138,0.2732903063297272,0.028937403112649918,0.9898198843002319,-0.0051112547516822815,-0.01340203732252121,-13.855737686157227,208000
4.157487392425537,875.9791870117188,879.9266967773438,855.4354248046875,-877.852294921875,-875.55859375,-4.601328372955322,2.307647228240967,0.06538057327270508,-0.09559724479913712,0.26341935992240906,0.00016897619934752584,0.9868373274803162,-0.006616516970098019,-0.0009274800540879369,-14.540804862976074,209000
3.8957526683807373,876.9056396484375,880.9314575195312,850.6854248046875,-878.546142578125,-876.3333129882812,-4.7473578453063965,2.534533739089966,0.059898167848587036,-0.182195782661438,0.26769959926605225,0.00022387667559087276,0.9911842346191406,-0.004422993399202824,-0.0008730993722565472,-14.903975486755371,210000
16.938594818115234,874.8594970703125,881.24755859375,128.3458251953125,-877.5086669921875,-875.435791015625,-4.245218753814697,2.1723461151123047,0.06750732660293579,0.21189048886299133,0.26651307940483093,0.030647121369838715,0.9910792112350464,-0.004477073438465595,-0.010941718704998493,-13.310745239257812,211000
225.22576904296875,876.3526611328125,882.5960693359375,138.76011657714844,-878.8604125976562,-876.6767578125,-4.350221157073975,2.1665351390838623,0.06502898782491684,-0.04913237318396568,0.265297532081604,0.03366391733288765,0.9912365078926086,-0.004397480748593807,-0.013043347746133804,-13.932945251464844,212000
4.823473930358887,878.4425659179688,882.9212036132812,850.70654296875,-880.1898193359375,-877.9686889648438,-4.375858783721924,2.1547482013702393,0.06927400827407837,0.04903721809387207,0.2632375657558441,3.221243241569027e-05,0.9908474087715149,-0.004592360928654671,0.0,-14.029916763305664,213000
6.866683006286621,878.6504516601562,884.1382446289062,846.7876586914062,-880.0641479492188,-877.7156982421875,-4.6399712562561035,2.291478157043457,0.06243552267551422,-0.14521947503089905,0.26282426714897156,0.00024252533330582082,0.9915969371795654,-0.00421690009534359,-0.0012852461077272892,-14.794574737548828,214000
176.03109741210938,878.498291015625,883.761474609375,482.4046630859375,-880.0103149414062,-877.79345703125,-4.48345947265625,2.2666068077087402,0.0635400265455246,-0.11958795040845871,0.2597818970680237,0.0021016946993768215,0.9889274835586548,-0.0055614011362195015,-0.004871934186667204,-14.57109260559082,215000
241.1339569091797,880.074462890625,884.2330322265625,700.1610107421875,-881.3251342773438,-879.2379760742188,-4.462172031402588,2.3750243186950684,0.0646747425198555,-0.23225364089012146,0.26067379117012024,0.01312614418566227,0.9835742115974426,-0.00826362706720829,-0.007355021312832832,-14.537336349487305,216000
296.6901550292969,875.5897216796875,885.0791625976562,478.3077697753906,-878.9946899414062,-876.9783325195312,-4.38450288772583,2.368149995803833,0.0693461149930954,-0.10364985466003418,0.26162537932395935,0.017848389223217964,0.9937471747398376,-0.0031338899862021208,-0.014383533038198948,-14.074869155883789,217000
6.7988080978393555,876.4393310546875,884.2301635742188,663.8727416992188,-877.952880859375,-875.9485473632812,-4.209325790405273,2.20503568649292,0.07278324663639069,0.05382051318883896,0.25651392340660095,0.012117511592805386,0.9924854040145874,-0.003768442664295435,-0.00865902379155159,-13.643065452575684,218000
7.142049789428711,878.11181640625,883.614990234375,824.3104858398438,-879.5123901367188,-877.2417602539062,-4.626808166503906,2.3561840057373047,0.06606243550777435,-0.2557998597621918,0.25703126192092896,0.0069139921106398106,0.9877861738204956,-0.00613612774759531,-0.005189582705497742,-15.01848030090332,219000
5.458992958068848,880.1614379882812,885.2047119140625,845.5126342773438,-882.064208984375,-879.9229736328125,-4.147856712341309,2.0065951347351074,0.06779658794403076,0.06291081011295319,0.25502970814704895,0.013896483927965164,0.9910608530044556,-0.004485941492021084,-0.010454609990119934,-13.661338806152344,220000
6.229349136352539,880.229736328125,884.13330078125,846.8045654296875,-881.6143188476562,-879.469970703125,-4.333132266998291,2.1887805461883545,0.06362540274858475,0.015176640823483467,0.25850850343704224,5.8092693507205695e-05,0.993496298789978,-0.0032596103847026825,-0.0004271604120731354,-13.948044776916504,221000
18.554210662841797,881.5706787109375,886.4631958007812,804.98486328125,-883.68017578125,-881.3973388671875,-4.518409729003906,2.2355785369873047,0.06273142248392105,-0.1609097570180893,0.2586384117603302,0.004016876686364412,0.9943516254425049,-0.0028304830193519592,-0.0039686644449830055,-14.75833511352539,222000
3.8571817874908447,883.611572265625,888.0647583007812,852.6911010742188,-885.3573608398438,-883.0941162109375,-4.5094709396362305,2.2462267875671387,0.061524853110313416,-0.13921776413917542,0.2580408453941345,2.307760587427765e-05,0.9926878213882446,-0.003667573444545269,0.0,-14.75838851928711,223000
4.799731731414795,887.1383056640625,890.583251953125,863.5296630859375,-888.6807861328125,-886.557373046875,-4.362517356872559,2.2390575408935547,0.06342374533414841,-0.11477682739496231,0.25293564796447754,0.004734482616186142,0.9925453662872314,-0.00373879075050354,-0.004450271371752024,-14.450061798095703,224000
7.116670608520508,885.2646484375,890.4224853515625,846.5035400390625,-885.0134887695312,-882.7546997070312,-4.455038547515869,2.196199893951416,0.06472256779670715,-0.13006806373596191,0.25088807940483093,4.9411391955800354e-05,0.9903874397277832,-0.004827006720006466,-0.0001797140430426225,-14.779947280883789,225000
174.11038208007812,885.9564819335938,891.8111572265625,470.15386962890625,-888.5661010742188,-886.6422119140625,-3.986154556274414,2.0622379779815674,0.06972400099039078,0.05601420998573303,0.25360164046287537,0.04129067435860634,0.9926475286483765,-0.0036869440227746964,-0.017976775765419006,-13.235681533813477,226000
4.159119606018066,888.8782958984375,894.2131958007812,859.5593872070312,-890.8929443359375,-888.704833984375,-4.4840989112854,2.295929431915283,0.06017661094665527,-0.10007313638925552,0.25269338488578796,1.4090996955928858e-05,0.9940247535705566,-0.002994807902723551,-2.3279455490410328e-05,-14.759801864624023,227000
7.810243606567383,889.4951782226562,894.978515625,841.2894897460938,-891.4668579101562,-889.28466796875,-4.327962398529053,2.14577579498291,0.06655455380678177,-0.09069351851940155,0.24994008243083954,0.005835340358316898,0.9946589469909668,-0.002675947267562151,-0.005376708693802357,-14.461374282836914,228000
6.150488376617432,889.1293334960938,895.923095703125,842.8306884765625,-890.1441040039062,-888.0965576171875,-4.007785797119141,1.960250735282898,0.07459340244531631,0.12429575622081757,0.2506530284881592,0.00020463395048864186,0.9933127760887146,-0.00335285859182477,-0.001192547264508903,-13.416687965393066,229000
4.765195369720459,891.4091186523438,895.14453125,858.9296875,-893.0413818359375,-890.8995361328125,-4.271860599517822,2.1299993991851807,0.06899550557136536,-0.03990926221013069,0.2500801682472229,3.365442535141483e-05,0.9912543296813965,-0.004388805013149977,-0.00012106450594728813,-14.486968994140625,230000
5.010953903198242,890.0496826171875,895.501220703125,857.6873779296875,-891.6787109375,-889.58837890625,-4.198265075683594,2.1079158782958984,0.06579934805631638,0.07210756093263626,0.25066837668418884,0.008243056014180183,0.9910749793052673,-0.004477889277040958,-0.00568320183083415,-14.113324165344238,231000
83.06855773925781,887.48388671875,894.7593383789062,687.5892944335938,-887.9327392578125,-885.91455078125,-4.015699863433838,1.9974827766418457,0.07318499684333801,0.07022349536418915,0.2433171421289444,0.0011032440233975649,0.9846999049186707,-0.0076998695731163025,-0.0024304003454744816,-13.857706069946289,232000
7.3150954246521,888.0718994140625,894.2077026367188,838.6553344726562,-890.455322265625,-888.4547119140625,-4.064671039581299,2.0640721321105957,0.07082204520702362,0.02856510877609253,0.2465275526046753,0.0071844253689050674,0.9901198744773865,-0.00496013043448329,-0.006682362873107195,-13.845382690429688,233000
15.374955177307129,887.158203125,893.5419311523438,827.8109130859375,-887.5631103515625,-885.599365234375,-4.094082832336426,2.130337715148926,0.07339311391115189,-0.009201915003359318,0.2447594404220581,0.004733166191726923,0.9917968511581421,-0.004114690702408552,-0.007576704956591129,-13.919551849365234,234000
11.466659545898438,885.379638671875,893.1344604492188,383.8075866699219,-887.963623046875,-885.9857177734375,-4.287898540496826,2.3100266456604004,0.06935825198888779,-0.2519129514694214,0.2444838434457779,0.047185931354761124,0.990842342376709,-0.004597336053848267,-0.013663465157151222,-14.524252891540527,235000
12.840953826904297,885.33447265625,893.489990234375,520.7872314453125,-887.2385864257812,-885.25732421875,-4.204288005828857,2.222992420196533,0.07652202993631363,-0.279584139585495,0.24250845611095428,0.0334835946559906,0.9888880252838135,-0.005581863224506378,-0.01718617044389248,-14.481802940368652,236000
1166.6851806640625,882.613525390625,892.7709350585938,136.341064453125,-883.5855712890625,-881.8721923828125,-3.651052236557007,1.9376990795135498,0.0846063569188118,0.12858811020851135,0.24122785031795502,0.057554490864276886,0.9864219427108765,-0.006823329254984856,-0.027991030365228653,-12.613323211669922,237000
145.52401733398438,884.2640380859375,892.3995361328125,398.3503112792969,-885.2196655273438,-883.3680419921875,-3.909229040145874,2.057631731033325,0.07002178579568863,0.049211177974939346,0.24119648337364197,0.04771198332309723,0.9881983995437622,-0.005927822086960077,-0.016023550182580948,-13.605350494384766,238000
39.0120849609375,888.4661865234375,893.69482421875,756.9750366210938,-889.7838745117188,-888.0330810546875,-3.711578130722046,1.960741400718689,0.0819195955991745,-0.004710868000984192,0.24211178719997406,0.05291184037923813,0.9897004961967468,-0.005171673372387886,-0.03142083063721657,-13.036744117736816,239000
4.46451473236084,886.3096923828125,892.9376220703125,829.479736328125,-888.1765747070312,-886.3103637695312,-3.832291603088379,1.966090440750122,0.07617438584566116,0.1157224029302597,0.24100491404533386,0.010840095579624176,0.9849812388420105,-0.007554422598332167,-0.0070046959444880486,-13.486654281616211,240000
183.89578247070312,887.1220703125,893.10595703125,379.4736328125,-888.3696899414062,-886.623291015625,-3.896409511566162,2.1500089168548584,0.07289544492959976,-0.11718572676181793,0.23762495815753937,0.040743086487054825,0.9821209907531738,-0.009005552157759666,-0.017979387193918228,-13.898926734924316,241000
3.427769660949707,888.4210205078125,892.9651489257812,849.3182983398438,-890.06640625,-888.0899658203125,-3.7379848957061768,1.7615445852279663,0.07319071888923645,0.23127274215221405,0.23433524370193481,0.0004989306908100843,0.9799157381057739,-0.010133649222552776,-0.0015622148057445884,-13.383288383483887,242000
79.96025085449219,885.4984130859375,892.8948364257812,240.30079650878906,-887.44189453125,-885.50390625,-4.034598350524902,2.096597194671631,0.06909896433353424,-0.12609708309173584,0.23788133263587952,0.04207342863082886,0.9945876598358154,-0.0027113386895507574,-0.01669834554195404,-14.018207550048828,243000
10.980903625488281,886.2594604492188,892.7832641601562,805.6599731445312,-887.8817749023438,-886.0396118164062,-3.734285354614258,1.8921637535095215,0.0680534690618515,0.13933314383029938,0.23769064247608185,0.05625607818365097,0.99500572681427,-0.002501877024769783,-0.017625844106078148,-12.989265441894531,244000
141.4470977783203,884.3140869140625,892.306884765625,401.0885314941406,-886.9631958007812,-885.1213989257812,-3.756223201751709,1.9144432544708252,0.08141008019447327,0.003568221814930439,0.23344889283180237,0.0404689684510231,0.9944651126861572,-0.002773807616904378,-0.01997576653957367,-13.171947479248047,245000
7.531242370605469,885.863525390625,891.9484252929688,839.568115234375,-887.4496459960938,-885.5616455078125,-3.891059637069702,2.0030412673950195,0.07611925154924393,0.02948363870382309,0.23620682954788208,0.0009086882928386331,0.9931690692901611,-0.0034256894141435623,-0.003907985053956509,-13.663154602050781,246000
34.65371322631836,884.6595458984375,891.0078125,654.6708374023438,-885.0567626953125,-883.2362060546875,-3.6324379444122314,1.8118765354156494,0.08039262145757675,0.14548037946224213,0.2340877652168274,0.03205166757106781,0.9930745959281921,-0.0034721598494797945,-0.018454087898135185,-13.032716751098633,247000
40.883705139160156,880.9404296875,890.430908203125,625.7975463867188,-883.3413696289062,-881.6182861328125,-3.6801199913024902,1.9570467472076416,0.08865765482187271,0.009177886880934238,0.23375461995601654,0.05591200664639473,0.9896657466888428,-0.005191383883357048,-0.035455964505672455,-13.179332733154297,248000
8.521366119384766,883.578369140625,890.6503295898438,823.4484252929688,-885.1464233398438,-883.3033447265625,-3.805565357208252,1.9624454975128174,0.07498065382242203,-0.08876345306634903,0.2315710484981537,0.011905835941433907,0.9881898164749146,-0.005933004431426525,-0.014395074918866158,-13.584729194641113,249000
38.07648468017578,884.6639404296875,892.0882568359375,598.8643188476562,-886.4716186523438,-884.6605224609375,-3.9368233680725098,2.125761032104492,0.06546776741743088,-0.0449407659471035,0.2321997433900833,0.034537434577941895,0.9845585823059082,-0.007768363691866398,-0.012904338538646698,-14.215856552124023,250000
7.654441833496094,885.1781616210938,891.1151733398438,831.3484497070312,-887.1187744140625,-885.298828125,-3.887237787246704,2.0673155784606934,0.06704945862293243,-0.038911689072847366,0.23288141191005707,0.005107985343784094,0.9835797548294067,-0.008264532312750816,-0.005357352085411549,-14.149822235107422,251000
18.953338623046875,886.5226440429688,891.0045166015625,763.275146484375,-888.3901977539062,-886.4513549804688,-3.821906328201294,1.8830798864364624,0.07096672058105469,0.12821701169013977,0.23215065896511078,0.007864430546760559,0.984071671962738,-0.00801735557615757,-0.0064762914553284645,-13.863052368164062,252000
7.98149299621582,887.1627807617188,890.9345703125,839.4150390625,-888.6580810546875,-886.7431640625,-3.845400810241699,1.9305099248886108,0.0689311996102333,0.06994229555130005,0.23125587403774261,9.45026840781793e-05,0.9859119653701782,-0.007090933620929718,0.0,-13.875692367553711,253000
6.144421577453613,884.8692626953125,891.110107421875,835.3033447265625,-886.2312622070312,-884.310791015625,-3.8648602962493896,1.9443942308425903,0.0710069015622139,-0.026250848546624184,0.22923599183559418,0.006382165011018515,0.9921097755432129,-0.003958679269999266,-0.006415767129510641,-13.93641185760498,254000
18.882986068725586,884.090576171875,890.545654296875,811.2083740234375,-886.2438354492188,-884.38916015625,-3.8902196884155273,2.035546064376831,0.0696641132235527,0.005785770248621702,0.22989360988140106,0.018073756247758865,0.9936956167221069,-0.003160492517054081,-0.013513902202248573,-13.974878311157227,255000
5.012434482574463,885.4458618164062,891.9808349609375,832.723388671875,-887.1510620117188,-885.1624755859375,-4.008906841278076,2.0203070640563965,0.06863435357809067,-0.07000644505023956,0.230390727519989,1.9139279174851254e-05,0.9932055473327637,-0.003406788222491741,0.0,-14.58984375,256000
1653.4127197265625,885.0875854492188,891.355224609375,554.0737915039062,-887.097412109375,-885.3177490234375,-3.8549954891204834,2.075296401977539,0.07027103006839752,-0.07519395649433136,0.23017382621765137,0.058973874896764755,0.9931801557540894,-0.0034195007756352425,-0.015843689441680908,-13.977377891540527,257000
113.24547576904297,884.0052490234375,891.7913208007812,286.7057800292969,-886.9622192382812,-885.280517578125,-3.7735354900360107,2.0918619632720947,0.07720411568880081,-0.08695729821920395,0.23008039593696594,0.06740470975637436,0.9922528862953186,-0.003885763231664896,-0.032469961792230606,-13.731354713439941,258000
6.867077827453613,886.906494140625,891.7432861328125,824.1177978515625,-888.418212890625,-886.5166625976562,-3.84452748298645,1.9430190324783325,0.06787616014480591,-0.05924493819475174,0.22963471710681915,0.014452014118432999,0.9906466007232666,-0.004692607559263706,-0.007928376086056232,-14.140291213989258,259000
4.465273857116699,887.1865234375,892.485107421875,836.8933715820312,-888.7288208007812,-886.876220703125,-3.777862071990967,1.9252138137817383,0.07035554200410843,0.04014453664422035,0.22418077290058136,0.00388341024518013,0.98874831199646,-0.005651338025927544,-0.003888817271217704,-13.844749450683594,260000
3.6821489334106445,890.8094482421875,893.9740600585938,845.5447387695312,-892.3765258789062,-890.5140991210938,-3.734576940536499,1.8721457719802856,0.06968577206134796,0.08292879164218903,0.22643952071666718,0.008756456896662712,0.990809440612793,-0.004614274948835373,-0.006249697413295507,-13.810178756713867,261000
6.553886890411377,890.50439453125,895.1420288085938,850.3766479492188,-892.1460571289062,-890.243408203125,-3.7712771892547607,1.8686442375183105,0.07538185268640518,0.05550532042980194,0.22960741817951202,0.015000594779849052,0.9912837743759155,-0.0043733869679272175,-0.011507251299917698,-13.850349426269531,262000
6.165205478668213,890.9197998046875,895.8565673828125,842.9397583007812,-892.3009643554688,-890.427001953125,-3.8489389419555664,1.9749597311019897,0.0636293962597847,-0.03358665853738785,0.22541780769824982,5.001704266760498e-05,0.9925130605697632,-0.0037554630544036627,-0.0005176346166990697,-14.33682632446289,263000
1071.6854248046875,888.16357421875,896.5430908203125,97.27967834472656,-890.5879516601562,-888.8031005859375,-3.8240039348602295,2.0391223430633545,0.069685198366642,-0.20710666477680206,0.22309626638889313,0.09744013845920563,0.9917047023773193,-0.0041616326197981834,-0.0284881554543972,-14.302940368652344,264000
40.94562911987305,889.660400390625,896.2455444335938,210.85140991210938,-891.020263671875,-889.2052001953125,-3.6394784450531006,1.8244096040725708,0.06844720989465714,0.10403633117675781,0.2262638658285141,0.013441139832139015,0.9901622533798218,-0.004938662517815828,-0.010933415964245796,-13.522567749023438,265000
6.388840675354004,895.6876831054688,898.7518310546875,864.7891235351562,-897.1763305664062,-895.307373046875,-3.810964584350586,1.9420236349105835,0.063052698969841,0.07356853783130646,0.22632808983325958,0.0003908582148142159,0.9888830780982971,-0.00558210164308548,-0.001647052587941289,-14.237088203430176,266000
528.0626220703125,891.906494140625,901.7559814453125,54.8647346496582,-894.7589111328125,-893.3187255859375,-3.4279727935791016,1.9878084659576416,0.078082375228405,-0.10128277540206909,0.22746112942695618,0.19211776554584503,0.9897229671478271,-0.005158404819667339,-0.04810153692960739,-13.035383224487305,267000
30.867597579956055,899.6475830078125,902.831787109375,793.5569458007812,-899.3357543945312,-897.4688720703125,-3.8167192935943604,1.949838638305664,0.059027280658483505,-0.0003457413986325264,0.22669270634651184,0.0004654145159292966,0.9863463640213013,-0.006866482086479664,-0.0018838820978999138,-14.635797500610352,268000
5.3892927169799805,903.8295288085938,906.346923828125,887.379150390625,-904.9942016601562,-903.0792236328125,-3.929654359817505,2.01462721824646,0.05862676352262497,-0.05737162008881569,0.226694256067276,0.0003311278996989131,0.988619327545166,-0.005718100816011429,-0.0010428009554743767,-14.905767440795898,269000
3.4546384811401367,902.434326171875,905.1316528320312,887.751953125,-903.96484375,-901.95263671875,-3.9925732612609863,1.9803377389907837,0.058805789798498154,-0.17558477818965912,0.22467228770256042,5.994625826133415e-05,0.9877301454544067,-0.0061647724360227585,0.0,-15.310863494873047,270000
2.8572587966918945,903.3671875,906.2575073242188,888.6901245117188,-904.8338623046875,-902.9696044921875,-3.7196059226989746,1.8553327322006226,0.056555382907390594,0.07004165649414062,0.22446925938129425,0.00042072421638295054,0.9887193441390991,-0.00566679984331131,-0.0017329799011349678,-14.096183776855469,271000
1289.52783203125,900.95947265625,906.8961791992188,80.56752014160156,-901.7250366210938,-899.9254760742188,-3.7277493476867676,1.9281843900680542,0.06322306394577026,-0.07071095705032349,0.22085215151309967,0.010302461683750153,0.9815200567245483,-0.009304545819759369,-0.0063480897806584835,-14.582136154174805,272000
8.66719913482666,906.2927856445312,909.544189453125,854.329345703125,-907.83154296875,-906.0555419921875,-3.5582170486450195,1.7822113037109375,0.06086390092968941,0.11036268621683121,0.2253493070602417,0.005727662704885006,0.9869613647460938,-0.006555326748639345,-0.004748166538774967,-13.633630752563477,273000
5.705990314483643,907.7138671875,911.7080688476562,880.6309204101562,-909.3521118164062,-907.5112915039062,-3.6536617279052734,1.8128772974014282,0.06033078208565712,0.07416926324367523,0.222010999917984,0.00011275999713689089,0.9913519024848938,-0.0043395585380494595,-0.0008200641605071723,-14.049001693725586,274000
30.78865623474121,910.6084594726562,911.8353271484375,797.728271484375,-912.2823486328125,-910.5513916015625,-3.570669651031494,1.8396975994110107,0.06091329827904701,0.1567450314760208,0.22295567393302917,0.04733405262231827,0.9919272661209106,-0.0040490832179784775,-0.013611053116619587,-13.665353775024414,275000
3.5169522762298584,912.1139526367188,913.4795532226562,900.5095825195312,-913.4609375,-911.5045166015625,-4.117496013641357,2.161083221435547,0.054269105195999146,-0.2563035190105438,0.2175123542547226,0.0001509244175394997,0.9931380748748779,-0.0034395065158605576,-0.0007505387766286731,-15.813673973083496,276000
227.43487548828125,913.4088745117188,918.4223022460938,198.41859436035156,-915.5535278320312,-913.7822875976562,-3.682493209838867,1.9112322330474854,0.06098268926143646,-0.09165774285793304,0.2223348468542099,0.030825957655906677,0.9932525157928467,-0.0033828183077275753,-0.011967732571065426,-14.075194358825684,277000
4.323853015899658,919.2548828125,921.440185546875,911.5392456054688,-920.0869140625,-918.195068359375,-3.771959066390991,1.8801296949386597,0.055137526243925095,0.04797549545764923,0.2230314016342163,1.8448399714543484e-05,0.99305260181427,-0.0034829028882086277,0.0,-14.461410522460938,278000
5.72666072845459,923.29296875,923.7172241210938,920.6847534179688,-925.1543579101562,-923.241943359375,-3.720808744430542,1.808402180671692,0.05647091940045357,0.015380431897938251,0.21800903975963593,2.6612216970534064e-05,0.9919631481170654,-0.004031692631542683,0.0,-14.343135833740234,279000
5.672398567199707,924.9307861328125,926.4873046875,909.796630859375,-925.5402221679688,-923.7590942382812,-3.5899910926818848,1.80881667137146,0.055756352841854095,0.11972850561141968,0.21665120124816895,2.8260848921490833e-05,0.9915943145751953,-0.004216937348246574,0.0,-13.560870170593262,280000
3.5313706398010254,926.9420166015625,930.6022338867188,911.5335083007812,-928.5961303710938,-926.79150390625,-3.6674678325653076,1.8628722429275513,0.060801927000284195,0.0570908822119236,0.21664652228355408,0.00012947384675499052,0.9905357956886292,-0.004750587046146393,-0.0006241456721909344,-14.305436134338379,281000
5.287263870239258,929.5740356445312,931.2208862304688,920.5911254882812,-930.4865112304688,-928.6091918945312,-3.750856876373291,1.8735462427139282,0.058096736669540405,-0.009335499256849289,0.22012238204479218,0.00016943695663940161,0.9877297878265381,-0.006171003915369511,-0.0006397230899892747,-14.819043159484863,282000
7.3900146484375,929.706298828125,932.0330200195312,916.8124389648438,-930.8457641601562,-929.0103759765625,-3.60115909576416,1.7657344341278076,0.0602741539478302,-0.006039271596819162,0.21804550290107727,0.0025736168026924133,0.9896066188812256,-0.005219245795160532,-0.003529554232954979,-14.161945343017578,283000
6.090557098388672,929.6770629882812,933.241455078125,911.0186767578125,-930.9402465820312,-929.123046875,-3.7761054039001465,1.9588972330093384,0.057478029280900955,-0.11006143689155579,0.21785739064216614,6.667268462479115e-05,0.9913651347160339,-0.004332821350544691,-0.0003901371674146503,-14.595207214355469,284000
123.67865753173828,932.6077880859375,935.6727905273438,719.7406616210938,-933.8910522460938,-932.1426391601562,-3.5909900665283203,1.842583417892456,0.06632117927074432,0.03438881039619446,0.21788515150547028,0.014554906636476517,0.9901044368743896,-0.004968962632119656,-0.00948943942785263,-14.236442565917969,285000
26.09327507019043,933.5098876953125,939.3591918945312,36.77799606323242,-934.3668212890625,-932.6688232421875,-3.596151351928711,1.8981441259384155,0.060645103454589844,-0.0739053264260292,0.21511486172676086,0.0479726567864418,0.9877176880836487,-0.0061756307259202,-0.013715936802327633,-14.260721206665039,286000
2125.5234375,935.23486328125,939.9917602539062,735.1921997070312,-937.0697631835938,-935.397705078125,-3.43107533454895,1.7590250968933105,0.06743653118610382,0.027598513290286064,0.21367305517196655,0.045151207596063614,0.9877183437347412,-0.006169348955154419,-0.018193257972598076,-13.629003524780273,287000
2.5873942375183105,938.879638671875,941.1211547851562,913.5493774414062,-940.4737548828125,-938.5772705078125,-3.8941054344177246,1.9976098537445068,0.05290583148598671,-0.1953926384449005,0.21416233479976654,4.954168252879754e-05,0.9891541600227356,-0.005447573959827423,0.0,-15.581205368041992,288000
38.26759338378906,936.6005249023438,942.4248657226562,-83.77444458007812,-940.143798828125,-938.4078369140625,-3.447099208831787,1.7111093997955322,0.06304982304573059,0.025229137390851974,0.2134266346693039,0.025826439261436462,0.9913426041603088,-0.004344601184129715,-0.014113441109657288,-13.752814292907715,289000
8.358562469482422,940.3496704101562,944.4835205078125,552.0094604492188,-942.430419921875,-940.7256469726562,-3.408508539199829,1.7037403583526611,0.06366949528455734,0.05970345064997673,0.21009209752082825,0.046050604432821274,0.991710364818573,-0.004159488715231419,-0.013459088280797005,-13.571147918701172,290000
3.819546937942505,945.4505004882812,947.2723999023438,934.37744140625,-946.3658447265625,-944.611572265625,-3.558225631713867,1.803956151008606,0.05709145590662956,-0.015997495502233505,0.21136413514614105,0.0008442489779554307,0.9899009466171265,-0.0050718714483082294,-0.0017897806828841567,-14.356637954711914,291000
12.265373229980469,945.5777587890625,948.8726806640625,928.2958984375,-945.4273681640625,-943.6743774414062,-3.60975980758667,1.856744408607483,0.056860074400901794,-0.03484059497714043,0.20870770514011383,0.00012388186587486416,0.9832704663276672,-0.008426211774349213,0.0,-14.720703125,292000
46.27831268310547,946.274169921875,951.123046875,105.60536193847656,-947.4906005859375,-945.8840942382812,-3.496805191040039,1.8903385400772095,0.062001634389162064,-0.07362569868564606,0.211137056350708,0.042124174535274506,0.9789735674858093,-0.01061362773180008,-0.0129345478489995,-14.388816833496094,293000
5.79587984085083,950.5220947265625,954.2747802734375,929.8084106445312,-951.5100708007812,-949.8287963867188,-3.447411060333252,1.7661361694335938,0.06333900988101959,-0.0343891903758049,0.20528371632099152,0.02603890188038349,0.9898278713226318,-0.005109243094921112,-0.010403189808130264,-13.99538516998291,294000
26.26129150390625,949.8749389648438,954.7008666992188,488.8072509765625,-951.3471069335938,-949.700927734375,-3.428769111633301,1.7826142311096191,0.0661625862121582,-0.01042434573173523,0.20491436123847961,0.030051875859498978,0.9930101633071899,-0.0035056574270129204,-0.013272203505039215,-13.95328426361084,295000
7.4569091796875,952.989013671875,956.01416015625,912.3619995117188,-954.078125,-952.453857421875,-3.5109846591949463,1.8867067098617554,0.06565003097057343,-0.049300212413072586,0.2076590210199356,0.04908829554915428,0.9934747815132141,-0.003271261230111122,-0.0150425024330616,-14.13174819946289,296000
151.8319549560547,950.4246826171875,957.8468017578125,658.7511596679688,-951.1548461914062,-949.5672607421875,-3.3539600372314453,1.7663425207138062,0.0758262500166893,-0.04893505573272705,0.2072518914937973,0.05697043240070343,0.9929254651069641,-0.003546834224835038,-0.021643085405230522,-13.515451431274414,297000
3.868868589401245,953.5805053710938,957.6444091796875,923.6834106445312,-954.8359985351562,-953.0807495117188,-3.577190399169922,1.8219367265701294,0.06503921747207642,-0.01873975619673729,0.20623183250427246,0.0038842048961669207,0.9925214052200317,-0.003750612959265709,-0.0038882982917129993,-14.570564270019531,298000
2.8550901412963867,953.4876708984375,956.6609497070312,936.1304931640625,-954.9644775390625,-953.21484375,-3.484483480453491,1.7348507642745972,0.0633963868021965,0.058920033276081085,0.20643547177314758,3.111154364887625e-05,0.9917651414871216,-0.004132911562919617,0.0,-14.24119758605957,299000
19.087703704833984,953.746337890625,958.5169677734375,881.8920288085938,-955.1743774414062,-953.5115966796875,-3.4412686824798584,1.7784777879714966,0.06377848982810974,-0.03062162734568119,0.20800162851810455,0.005668803583830595,0.9912599921226501,-0.00438618753105402,-0.004729895852506161,-14.124933242797852,300000
3.774139404296875,957.6533813476562,960.8905029296875,937.678955078125,-958.60498046875,-956.8836669921875,-3.464308261871338,1.742983341217041,0.06006236746907234,0.017746582627296448,0.20672543346881866,5.285731458570808e-05,0.9887845516204834,-0.005634036380797625,0.0,-14.322994232177734,301000
35.90395736694336,956.2113647460938,961.7578125,364.7402648925781,-958.5724487304688,-956.9444580078125,-3.417328119277954,1.7893511056900024,0.06966152042150497,-0.07425809651613235,0.20399479568004608,0.04160408675670624,0.9895601272583008,-0.005243335850536823,-0.015092205256223679,-14.170162200927734,302000
339.8440246582031,954.84619140625,962.0213012695312,285.3140563964844,-957.08544921875,-955.6642456054688,-3.1885061264038086,1.7673025131225586,0.07484755665063858,-0.03241381421685219,0.2058333307504654,0.07556363940238953,0.9836478233337402,-0.008229195140302181,-0.02886480838060379,-13.374887466430664,303000
41.413753509521484,957.8433227539062,961.6254272460938,820.5154418945312,-958.7693481445312,-957.3193359375,-3.161072015762329,1.7110658884048462,0.07078081369400024,0.10718727856874466,0.2043699026107788,0.022856825962662697,0.986413836479187,-0.006827802862972021,-0.013024109415709972,-13.341829299926758,304000
10.37364673614502,957.3491821289062,960.0020751953125,927.5672607421875,-958.2191162109375,-956.617431640625,-3.376899242401123,1.7752305269241333,0.06327814608812332,-0.028819335624575615,0.20301169157028198,0.013567167334258556,0.9883873462677002,-0.0058333128690719604,-0.007330475840717554,-14.233461380004883,305000
13.459946632385254,955.4609375,961.324951171875,801.8170166015625,-956.131103515625,-954.5360717773438,-3.321136951446533,1.726149559020996,0.07209919393062592,0.005315806251019239,0.2021404206752777,0.028772998601198196,0.9887045621871948,-0.005673984065651894,-0.011184781789779663,-13.886699676513672,306000
3.862213134765625,957.3915405273438,961.0563354492188,930.0364379882812,-958.9884033203125,-957.2583618164062,-3.4433014392852783,1.7132703065872192,0.06242278218269348,0.02061651647090912,0.20016780495643616,4.6656983613502234e-05,0.989479660987854,-0.005283406004309654,0.0,-14.373290061950684,307000
4.214153289794922,956.9852294921875,960.6544799804688,927.313720703125,-957.843994140625,-956.1270751953125,-3.3480546474456787,1.6311800479888916,0.06670354306697845,0.0029398277401924133,0.20198820531368256,0.00012379663530737162,0.9916727542877197,-0.004176890943199396,-0.0006325246067717671,-14.09722900390625,308000
68.64010620117188,956.0892944335938,960.9443359375,740.651611328125,-957.5479736328125,-955.9480590820312,-3.2078425884246826,1.6078845262527466,0.07302507013082504,0.04076428711414337,0.19658507406711578,0.03002159856259823,0.9907162189483643,-0.004659282974898815,-0.011735595762729645,-13.754312515258789,309000
4.377834320068359,957.4518432617188,961.5355834960938,914.8662719726562,-958.80810546875,-957.291015625,-3.026719808578491,1.5096182823181152,0.07079393416643143,0.2835298776626587,0.20076236128807068,0.0015452124644070864,0.9875171780586243,-0.006271513178944588,-0.0036378735676407814,-12.76395034790039,310000
47.35989761352539,956.915283203125,962.219970703125,748.2240600585938,-958.4267578125,-956.8688354492188,-3.227869749069214,1.6699473857879639,0.06780686229467392,0.020750846713781357,0.19868256151676178,0.01956167072057724,0.984910249710083,-0.007593522779643536,-0.008830204606056213,-13.854608535766602,311000
3.8758127689361572,958.1124267578125,961.1162719726562,938.7630004882812,-959.3685913085938,-957.70068359375,-3.366856098175049,1.698988437652588,0.06418047100305557,-0.013999070972204208,0.2008131593465805,0.0030495028477162123,0.9885396957397461,-0.005757923703640699,-0.004261198919266462,-14.302383422851562,312000
4.626945495605469,960.6812133789062,964.798583984375,944.4356079101562,-961.9465942382812,-960.3084716796875,-3.201211452484131,1.563098669052124,0.06250066310167313,0.16687850654125214,0.19931678473949432,0.0015102751785889268,0.9917805790901184,-0.00412551686167717,-0.00332073075696826,-13.532440185546875,313000
47.12434387207031,964.427490234375,967.583984375,523.9036254882812,-966.3392333984375,-964.7974853515625,-3.1355271339416504,1.5937402248382568,0.06796448677778244,0.15603090822696686,0.1996137946844101,0.04780329763889313,0.9918702244758606,-0.004077741876244545,-0.016250332817435265,-13.228299140930176,314000
2.3153228759765625,968.659912109375,971.4324951171875,956.7614135742188,-970.0521850585938,-968.429443359375,-3.31783390045166,1.6950979232788086,0.057542815804481506,0.07738610357046127,0.19844743609428406,6.0785783716710284e-05,0.9883436560630798,-0.005858393386006355,0.0,-14.214808464050293,315000
11.664607048034668,968.9727783203125,972.9597778320312,595.8634033203125,-971.4240112304688,-969.8190307617188,-3.248547077178955,1.6435660123825073,0.06742478907108307,-0.015538209117949009,0.20027728378772736,0.037122443318367004,0.9895960092544556,-0.005225445609539747,-0.015528762713074684,-13.896589279174805,316000
570.9778442382812,970.4697265625,975.4407348632812,154.30975341796875,-971.5791625976562,-970.0582885742188,-3.333754062652588,1.8128501176834106,0.05849802494049072,-0.061195008456707,0.19767779111862183,0.03881673514842987,0.9862982034683228,-0.006890670862048864,-0.012922430410981178,-14.549224853515625,317000
2.7603142261505127,976.0882568359375,979.0590209960938,964.47705078125,-977.5557250976562,-975.904052734375,-3.3253543376922607,1.6736758947372437,0.05991699546575546,-0.10332270711660385,0.1985298991203308,8.715709554962814e-05,0.9862560033798218,-0.006915309466421604,0.0,-14.453107833862305,318000
85.08866119384766,975.12890625,980.3728637695312,629.0447387695312,-976.5565185546875,-974.9906616210938,-3.3175747394561768,1.7516860961914062,0.0632110983133316,-0.07076752930879593,0.19769850373268127,0.03642234951257706,0.9878842830657959,-0.006087444722652435,-0.01446601003408432,-14.354214668273926,319000
532.2171020507812,977.2297973632812,983.1917724609375,341.75152587890625,-977.8623046875,-976.35498046875,-3.1685590744018555,1.661236047744751,0.06583244353532791,0.059015288949012756,0.19633135199546814,0.06086293235421181,0.989224910736084,-0.005410929210484028,-0.01542133279144764,-13.731490135192871,320000
6.529897689819336,976.9053955078125,983.3402709960938,26.36623764038086,-978.0889282226562,-976.5916137695312,-3.1497738361358643,1.6524560451507568,0.0628676638007164,-0.02907165326178074,0.1974819451570511,0.042278070002794266,0.9909036159515381,-0.004565111361443996,-0.01408996433019638,-13.603057861328125,321000
6.752816200256348,977.7532958984375,983.8837280273438,947.700927734375,-979.1068725585938,-977.4820556640625,-3.2056376934051514,1.5808050632476807,0.06766796857118607,0.0010800370946526527,0.1945466697216034,0.00016180751845240593,0.9919852614402771,-0.0040208445861935616,-0.0007406658260151744,-13.918634414672852,322000
351.9278259277344,978.533203125,984.2648315429688,214.3074951171875,-980.150634765625,-978.597412109375,-3.312342405319214,1.7591025829315186,0.06859353929758072,-0.04045054689049721,0.19736388325691223,0.053977079689502716,0.9933887720108032,-0.003313780762255192,-0.0190394576638937,-14.362879753112793,323000
4.373817443847656,980.106689453125,983.459716796875,960.524658203125,-981.6820068359375,-979.9481201171875,-3.4060635566711426,1.672155499458313,0.059291768819093704,-0.044790711253881454,0.1929234117269516,1.797390177671332e-05,0.9933285713195801,-0.003344677621498704,0.0,-14.699396133422852,324000
94.43804931640625,980.6845703125,984.7437744140625,825.2594604492188,-982.7095336914062,-981.046630859375,-3.3612396717071533,1.6983366012573242,0.06669677793979645,-0.0694470927119255,0.1926615983247757,0.014800380915403366,0.9942997097969055,-0.002856618259102106,-0.009056145325303078,-14.538106918334961,325000
4.583324909210205,980.4616088867188,984.85693359375,960.716064453125,-981.16162109375,-979.4375,-3.402998924255371,1.6789053678512573,0.06355444341897964,-0.09920556098222733,0.19317562878131866,1.517298642284004e-05,0.9938272833824158,-0.0030939187854528427,0.0,-14.73399829864502,326000
442.0415954589844,972.8533325195312,984.136962890625,309.3842468261719,-976.2747192382812,-974.8316650390625,-3.0594420433044434,1.616408109664917,0.07662833482027054,0.06449368596076965,0.18946388363838196,0.05975130572915077,0.9930827021598816,-0.003468178678303957,-0.02196943387389183,-13.31637954711914,327000
6.445729732513428,976.727783203125,982.1744384765625,941.5392456054688,-978.330322265625,-976.7339477539062,-3.2615771293640137,1.665196418762207,0.0699719712138176,-0.05309275910258293,0.189802348613739,0.0016740746796131134,0.9917296171188354,-0.0041497452184557915,-0.003915160894393921,-14.312820434570312,328000
154.79176330566406,971.9012451171875,980.1510620117188,229.903564453125,-973.8748168945312,-972.4461669921875,-2.9932777881622314,1.5646250247955322,0.07923753559589386,-0.02033240906894207,0.18480058014392853,0.053532544523477554,0.9896427989006042,-0.005197746213525534,-0.01618712767958641,-13.38991641998291,329000
71.40499114990234,970.582275390625,978.0485229492188,486.4813537597656,-973.8299560546875,-972.3341064453125,-3.217548370361328,1.7216622829437256,0.07331221550703049,-0.23589809238910675,0.1864166110754013,0.04716741666197777,0.98778235912323,-0.006140647456049919,-0.01610361784696579,-14.443153381347656,330000
187.98312377929688,969.1409912109375,976.4453735351562,576.8526611328125,-971.3279418945312,-969.9296264648438,-2.850712537765503,1.4523812532424927,0.08506428450345993,0.15978297591209412,0.18799957633018494,0.06364203989505768,0.9903053641319275,-0.004867859650403261,-0.024107977747917175,-12.641087532043457,331000
102.43280029296875,963.3604736328125,974.9926147460938,33.23007583618164,-965.0089721679688,-963.6937255859375,-3.049781084060669,1.734569787979126,0.08242664486169815,-0.1405956894159317,0.18795537948608398,0.08351966738700867,0.9890981912612915,-0.005474034696817398,-0.02935434877872467,-13.66384506225586,332000
22.521984100341797,966.635986328125,974.2369384765625,33.290977478027344,-967.7512817382812,-966.31298828125,-2.870835781097412,1.4325556755065918,0.07756965607404709,0.1367539018392563,0.18778151273727417,0.058731839060783386,0.9836440086364746,-0.008230645209550858,-0.015833882614970207,-12.893070220947266,333000
32.09815979003906,967.5499877929688,973.2093505859375,791.3636474609375,-968.00830078125,-966.7171630859375,-2.952895402908325,1.6617714166641235,0.07779247313737869,-0.065547414124012,0.18627431988716125,0.05061159282922745,0.9792653322219849,-0.01045206282287836,-0.022232580929994583,-13.708600997924805,334000
25.742267608642578,968.4151000976562,972.9602661132812,909.2473754882812,-968.8296508789062,-967.4676513671875,-2.795644760131836,1.4336336851119995,0.08313389122486115,0.02923259697854519,0.1859334260225296,0.0026915743947029114,0.9776064157485962,-0.011298609897494316,-0.00914074294269085,-13.129040718078613,335000
9.276013374328613,963.2954711914062,971.4810791015625,888.5091552734375,-964.9273071289062,-963.432373046875,-3.0163378715515137,1.521452784538269,0.07795579731464386,0.008352216333150864,0.18527014553546906,0.005422627087682486,0.9854739308357239,-0.007309398613870144,-0.007811075076460838,-13.707433700561523,336000
876.3673095703125,957.082763671875,970.508544921875,297.7514953613281,-959.3301391601562,-958.0389404296875,-2.7939233779907227,1.5027766227722168,0.08465737849473953,0.029928036034107208,0.18410591781139374,0.11571864783763885,0.9839407205581665,-0.00809497945010662,-0.03744758293032646,-12.724363327026367,337000
6.126167297363281,958.6197509765625,965.0835571289062,860.865234375,-960.3106689453125,-958.8289794921875,-3.1448705196380615,1.6631906032562256,0.07317391782999039,-0.08644380420446396,0.18541400134563446,0.0022221803665161133,0.984546422958374,-0.007786467671394348,-0.007349058985710144,-14.382984161376953,338000
624.5706176757812,955.1342163085938,964.0298461914062,47.72517395019531,-956.4268798828125,-955.1544189453125,-2.8239569664001465,1.551494836807251,0.0853135734796524,0.04445401951670647,0.18648800253868103,0.04978988692164421,0.9728596806526184,-0.01373576931655407,-0.024790029972791672,-13.328939437866211,339000
176.43568420410156,949.3917846679688,962.53173828125,406.3565368652344,-951.6795654296875,-950.5443115234375,-2.7861359119415283,1.6508934497833252,0.09332764893770218,-0.06241448223590851,0.18517665565013885,0.08053037524223328,0.9841204881668091,-0.007990056648850441,-0.03809462860226631,-12.921592712402344,340000
1408.4326171875,953.88818359375,960.6784057617188,586.76123046875,-955.274658203125,-954.06494140625,-2.8388125896453857,1.629113793373108,0.08014316111803055,-0.11124757677316666,0.1816435605287552,0.10853902250528336,0.9785028696060181,-0.010843171738088131,-0.03245210275053978,-13.368163108825684,341000
13.263137817382812,951.9638671875,960.7061157226562,861.0191040039062,-952.5711059570312,-951.2083740234375,-2.8254480361938477,1.462685465812683,0.0825207531452179,0.03640470281243324,0.18296703696250916,0.016183355823159218,0.9815686941146851,-0.009281877428293228,-0.01347934640944004,-13.236268997192383,342000
86.98828887939453,949.01806640625,958.8221435546875,721.8486328125,-950.0215454101562,-948.65673828125,-2.8387269973754883,1.4739675521850586,0.07859441637992859,0.08823928236961365,0.18186038732528687,0.01648426614701748,0.9833823442459106,-0.008360026404261589,-0.017997529357671738,-13.235822677612305,343000
640.2283935546875,941.8121337890625,957.1123657226562,-7.473517417907715,-945.5913696289062,-944.6728515625,-2.528165817260742,1.6095945835113525,0.09296175092458725,0.014492930844426155,0.18290524184703827,0.17741864919662476,0.9707283973693848,-0.01479219738394022,-0.06007286533713341,-12.333722114562988,344000
11.267159461975098,946.8045654296875,955.6466674804688,850.8013305664062,-947.689697265625,-946.443115234375,-2.769101858139038,1.5225350856781006,0.08802486211061478,0.03429396450519562,0.18104217946529388,0.05572369322180748,0.9908684492111206,-0.004581480287015438,-0.02745719440281391,-12.761351585388184,345000
7.649984836578369,945.1964721679688,951.1527709960938,850.8109130859375,-946.4652709960938,-945.0174560546875,-2.9133784770965576,1.4655710458755493,0.07573504745960236,0.07501096278429031,0.18222522735595703,0.0006523978663608432,0.9923546314239502,-0.0038342811167240143,-0.0037864581681787968,-13.36806869506836,346000
7.001664161682129,942.3482666015625,949.5731811523438,838.8516235351562,-943.8856201171875,-942.5164794921875,-2.755281686782837,1.386171817779541,0.08188365399837494,0.15649423003196716,0.18204881250858307,0.0035523097030818462,0.9837504625320435,-0.008176935836672783,-0.007694319821894169,-12.945622444152832,347000
5.579462051391602,941.2249145507812,948.33642578125,841.1727294921875,-942.5037231445312,-941.12255859375,-3.0167040824890137,1.6355371475219727,0.07392944395542145,-0.08833494782447815,0.17941513657569885,0.0011943827848881483,0.9781054854393005,-0.011045845225453377,-0.004956243559718132,-14.33283805847168,348000
8.849632263183594,940.8232421875,948.5146484375,844.4409790039062,-941.730712890625,-940.302734375,-2.9387474060058594,1.5107712745666504,0.07742372900247574,-0.08007971942424774,0.1790325939655304,0.0014519623946398497,0.9754128456115723,-0.012417186982929707,-0.005512694828212261,-14.104753494262695,349000
10.204170227050781,940.4273681640625,947.5865478515625,846.9494018554688,-940.630859375,-939.3084716796875,-2.809187412261963,1.4868074655532837,0.08385676890611649,0.05618639290332794,0.18082007765769958,0.0011176120024174452,0.9785444140434265,-0.010822774842381477,-0.004474685061722994,-13.346386909484863,350000
161.3025360107422,938.0341796875,946.0006713867188,682.2947387695312,-938.898193359375,-937.681640625,-2.602297782897949,1.3857253789901733,0.08368944376707077,0.1226988285779953,0.17830562591552734,0.03582444414496422,0.9764817953109741,-0.011881276033818722,-0.02392304688692093,-12.469121932983398,351000
8.574930191040039,940.4735107421875,945.3141479492188,837.2222900390625,-941.1322021484375,-939.72998046875,-2.8263659477233887,1.424109697341919,0.0716618224978447,0.08309310674667358,0.17959778010845184,0.0003596066380850971,0.9811006784439087,-0.00952756404876709,-0.001962608192116022,-13.509979248046875,352000
6.039297103881836,939.6556396484375,945.850830078125,855.5446166992188,-940.578125,-939.1158447265625,-3.0938563346862793,1.6316112279891968,0.0674331858754158,-0.0646824911236763,0.17746032774448395,0.00121587875764817,0.9853655099868774,-0.007362651638686657,-0.004508472513407469,-14.627464294433594,353000
269.0757751464844,933.6596069335938,945.28759765625,98.20953369140625,-935.95751953125,-934.6377563476562,-2.7912163734436035,1.4714291095733643,0.08335687220096588,-0.018049897626042366,0.17738443613052368,0.053402215242385864,0.9812420606613159,-0.009455963969230652,-0.019818458706140518,-13.316383361816406,354000
10.080156326293945,939.6460571289062,944.7838134765625,838.79443359375,-940.43212890625,-939.0982666015625,-2.7888824939727783,1.454998254776001,0.08309156447649002,0.049756307154893875,0.17581479251384735,0.0038235061801970005,0.9788012504577637,-0.010701935738325119,-0.011647301726043224,-13.568068504333496,355000
6.732994556427002,935.705810546875,943.7151489257812,830.8464965820312,-937.0939331054688,-935.678955078125,-2.8793132305145264,1.4643268585205078,0.07887858897447586,0.01928771287202835,0.17657765746116638,0.004369047936052084,0.9820492267608643,-0.009039891883730888,-0.009652357548475266,-13.892779350280762,356000
7.070769786834717,935.7604370117188,942.9535522460938,873.9521484375,-936.8163452148438,-935.6079711914062,-2.5910604000091553,1.382694125175476,0.0831824541091919,0.02541249617934227,0.1766064167022705,0.0031880848109722137,0.9773862957954407,-0.011420292779803276,-0.00809625443071127,-12.915533065795898,357000
7.969992160797119,931.9512329101562,940.7646484375,817.5983276367188,-933.2418212890625,-931.8534545898438,-3.0797805786132812,1.691428780555725,0.06985532492399216,-0.16415248811244965,0.17632009088993073,0.0013865847140550613,0.9813873767852783,-0.009379180148243904,-0.004575053695589304,-14.84930419921875,358000
13.115480422973633,933.93994140625,940.7970581054688,826.202392578125,-935.1204833984375,-933.75830078125,-2.875912666320801,1.5137494802474976,0.07355300337076187,-0.026051755994558334,0.1755995750427246,0.002498173387721181,0.9823383092880249,-0.008892265148460865,-0.00613217381760478,-13.978809356689453,359000
20.030349731445312,929.25537109375,939.138671875,32.36490249633789,-930.9942016601562,-929.7985229492188,-2.6615443229675293,1.4658958911895752,0.0840778648853302,0.021691640838980675,0.17415806651115417,0.06458776444196701,0.9821957349777222,-0.00896795280277729,-0.023198721930384636,-13.160640716552734,360000
263.306396484375,923.293701171875,937.238525390625,25.627702713012695,-924.3697509765625,-923.2899169921875,-2.5287692546844482,1.4489210844039917,0.08956144750118256,-0.04259788244962692,0.17383010685443878,0.08427052944898605,0.9729142189025879,-0.013686168938875198,-0.03834447264671326,-12.957592010498047,361000
6.257632255554199,933.10498046875,938.5496215820312,839.2000732421875,-934.4774780273438,-933.1197509765625,-3.0056962966918945,1.647964596748352,0.06908264011144638,-0.13335667550563812,0.1743365079164505,0.015283945947885513,0.9804012775421143,-0.009883871302008629,-0.008050431497395039,-14.486783981323242,362000
6.499566078186035,932.7920532226562,938.0466918945312,867.9396362304688,-933.878662109375,-932.468017578125,-2.9581949710845947,1.5475389957427979,0.07248358428478241,-0.05488766357302666,0.1753844916820526,0.001083629671484232,0.9891976118087769,-0.00542965903878212,-0.0046675484627485275,-14.110328674316406,363000
9.032618522644043,931.8841552734375,938.5958862304688,862.1064453125,-933.1838989257812,-931.8834228515625,-2.8044331073760986,1.5039623975753784,0.08079956471920013,-0.011766694486141205,0.1743839979171753,0.02069917507469654,0.9872260093688965,-0.006421484984457493,-0.019195158034563065,-13.509184837341309,364000
5.226189613342285,932.042236328125,938.3555297851562,865.712646484375,-933.45068359375,-932.1522216796875,-2.7790093421936035,1.4804998636245728,0.07737593352794647,0.04941367730498314,0.17145268619060516,0.009391525760293007,0.9770412445068359,-0.011597903445363045,-0.008062024600803852,-13.837854385375977,365000
6.745184898376465,931.4085693359375,938.163330078125,846.2611083984375,-931.634521484375,-930.248291015625,-2.8464245796203613,1.4601812362670898,0.07053553313016891,-0.018425511196255684,0.17303384840488434,0.0007801048923283815,0.9860930442810059,-0.006997011601924896,-0.0036663953214883804,-13.917899131774902,366000
69.64675903320312,929.3612060546875,937.4253540039062,524.8378295898438,-931.3067626953125,-930.1541748046875,-2.562741279602051,1.410125732421875,0.08682470768690109,0.03176286816596985,0.17450401186943054,0.11524857580661774,0.9858970642089844,-0.007095123641192913,-0.04134571552276611,-12.468740463256836,367000
12.574604988098145,926.91748046875,938.3533935546875,24.09693145751953,-928.1245727539062,-926.8465576171875,-2.740847587585449,1.4628527164459229,0.079360730946064,-0.0028139716014266014,0.17025911808013916,0.03988639637827873,0.9798650145530701,-0.010154964402318,-0.016202067956328392,-13.525849342346191,368000
6.907657623291016,931.8972778320312,938.498046875,832.1311645507812,-932.7093505859375,-931.376953125,-2.7225728034973145,1.3901830911636353,0.07605258375406265,-0.026631250977516174,0.17291958630084991,0.015548362396657467,0.9785329103469849,-0.010828841477632523,-0.01295565813779831,-13.521411895751953,369000
8.382558822631836,932.6160888671875,938.984130859375,859.2769775390625,-933.1329345703125,-931.8255615234375,-2.704008102416992,1.396580696105957,0.0807044506072998,0.02883508801460266,0.17059053480625153,0.0019058269681409001,0.9817662239074707,-0.00918431207537651,-0.0059515368193387985,-13.51866626739502,370000
12.489620208740234,932.40087890625,938.3616943359375,845.1038208007812,-932.9579467773438,-931.6880493164062,-2.6775155067443848,1.4076063632965088,0.08408622443675995,-0.009795447811484337,0.16876499354839325,0.029404282569885254,0.983767032623291,-0.008169536478817463,-0.02376892790198326,-13.274657249450684,371000
5.7451982498168945,932.9600830078125,939.4705200195312,827.3765869140625,-935.2120971679688,-933.9306640625,-2.6537418365478516,1.372340202331543,0.08105349540710449,0.060247085988521576,0.1704980581998825,0.001739694969728589,0.9791524410247803,-0.010505152866244316,-0.0055826217867434025,-13.404220581054688,372000
6.176471710205078,933.5947265625,940.0311889648438,877.2741088867188,-934.5601196289062,-933.2342529296875,-2.7892115116119385,1.4632927179336548,0.0820242241024971,-0.008652851916849613,0.16722121834754944,0.0013207271695137024,0.9836856126785278,-0.008210115134716034,-0.006315020844340324,-13.843210220336914,373000
35.799468994140625,931.6524658203125,939.615966796875,837.3101196289062,-932.0140991210938,-930.98876953125,-2.457066774368286,1.4317824840545654,0.09586122632026672,0.028954552486538887,0.16954131424427032,0.030479565262794495,0.9786025285720825,-0.01080339215695858,-0.027027778327465057,-12.602689743041992,374000
12.325055122375488,928.9959716796875,939.7591552734375,19.84891128540039,-929.819091796875,-928.6897583007812,-2.5454187393188477,1.4160804748535156,0.08557622879743576,-0.06408508867025375,0.16807320713996887,0.07793787866830826,0.9766212701797485,-0.01180768571794033,-0.027467155829072,-12.877654075622559,375000
17.92506217956543,932.5435791015625,939.5274047851562,829.4409790039062,-933.2022094726562,-932.0331420898438,-2.5067923069000244,1.3376952409744263,0.09028862416744232,0.04177512973546982,0.16628238558769226,0.013435261324048042,0.980973482131958,-0.009586689062416553,-0.02048521302640438,-12.738783836364746,376000
240.34085083007812,930.1770629882812,939.0390625,565.3843383789062,-930.0126342773438,-929.0238037109375,-2.396061897277832,1.4072529077529907,0.08798424154520035,0.042649153620004654,0.16666069626808167,0.11345955729484558,0.9774912595748901,-0.011365649290382862,-0.03638530895113945,-12.52061653137207,377000
122.01606750488281,929.8053588867188,938.9603271484375,415.7196044921875,-930.6032104492188,-929.532470703125,-2.5560014247894287,1.4852646589279175,0.09081193804740906,0.016699040308594704,0.16871967911720276,0.05226091668009758,0.972801685333252,-0.013776781037449837,-0.02468648925423622,-13.348020553588867,378000
71.32963562011719,931.7181396484375,938.5285034179688,729.0917358398438,-933.8390502929688,-932.7459716796875,-2.29025936126709,1.197187066078186,0.09266109019517899,0.11175186932086945,0.16171903908252716,0.0561070553958416,0.9837476015090942,-0.008179320022463799,-0.037131357938051224,-11.902482986450195,379000
91.45620727539062,931.9176025390625,940.2503662109375,278.15911865234375,-933.0718994140625,-931.8406982421875,-2.855067253112793,1.6238399744033813,0.06924392282962799,-0.20453178882598877,0.16559216380119324,0.07834692299365997,0.9834867119789124,-0.008312759920954704,-0.030710581690073013,-14.318020820617676,380000
8.53729248046875,934.5091552734375,941.0498657226562,835.9224853515625,-935.7086181640625,-934.4995727539062,-2.500293731689453,1.2912890911102295,0.08648540824651718,0.10389024019241333,0.1659768968820572,0.004044364206492901,0.9816728830337524,-0.009232630021870136,-0.011784366331994534,-12.985313415527344,381000
13.642032623291016,929.9252319335938,941.6052856445312,12.507096290588379,-930.68017578125,-929.67822265625,-2.4618399143218994,1.4599297046661377,0.08565697073936462,0.006568653509020805,0.16608145833015442,0.04856844246387482,0.9797152280807495,-0.010222593322396278,-0.020720399916172028,-12.793839454650879,382000
35.51628112792969,929.70263671875,941.4913940429688,50.50681686401367,-931.0162353515625,-930.1220703125,-2.2648775577545166,1.370700478553772,0.09227199107408524,0.10004445165395737,0.16735991835594177,0.16323897242546082,0.9745970368385315,-0.012837685644626617,-0.05089655518531799,-11.99146842956543,383000
32.320919036865234,933.7407836914062,941.5314331054688,597.0104370117188,-934.8207397460938,-933.6270141601562,-2.691197395324707,1.4975156784057617,0.07713399827480316,-0.09529497474431992,0.16603490710258484,0.035921040922403336,0.9730159640312195,-0.013653088361024857,-0.01619618386030197,-14.045358657836914,384000
150.8546905517578,932.6361694335938,939.8558959960938,365.03790283203125,-932.5234375,-931.3565673828125,-2.6709442138671875,1.5041172504425049,0.07569959759712219,-0.037869058549404144,0.16572575271129608,0.05481194704771042,0.983336329460144,-0.008388400077819824,-0.019840974360704422,-13.69109058380127,385000
144.4417266845703,926.31689453125,938.9878540039062,14.79726505279541,-927.3203735351562,-926.2380981445312,-2.54197096824646,1.459740400314331,0.08324495702981949,-0.05671366676688194,0.16593347489833832,0.033904485404491425,0.9788107872009277,-0.010690759867429733,-0.031044913455843925,-13.323946952819824,386000
4.768481731414795,931.91455078125,939.0467529296875,850.4348754882812,-933.0636596679688,-931.900146484375,-2.481224775314331,1.3176969289779663,0.07844855636358261,0.1336907297372818,0.1650242954492569,0.013207297772169113,0.9760128259658813,-0.012118098326027393,-0.011546753346920013,-13.159342765808105,387000
105.28189086914062,930.777587890625,939.8031005859375,630.7241821289062,-931.1879272460938,-930.079345703125,-2.5553247928619385,1.4466912746429443,0.08379814028739929,-0.02360360696911812,0.1647474616765976,0.05390901863574982,0.9796901345252991,-0.010239257477223873,-0.0191396065056324,-13.220968246459961,388000
17.049100875854492,933.0281982421875,940.2958374023438,837.8239135742188,-933.9795532226562,-932.8302612304688,-2.5859131813049316,1.436633825302124,0.07831986993551254,-0.02660936675965786,0.16230283677577972,0.013255559839308262,0.9766743183135986,-0.01176663301885128,-0.01681077852845192,-13.710569381713867,389000
124.03804779052734,929.3558349609375,940.4602661132812,63.89207458496094,-931.9266357421875,-930.8817138671875,-2.3994979858398438,1.3545236587524414,0.083635613322258,-0.03667842224240303,0.16301627457141876,0.09600605070590973,0.976708173751831,-0.011749560944736004,-0.03703129291534424,-12.719032287597656,390000
11.864898681640625,933.5318603515625,941.635498046875,814.8363037109375,-934.7686157226562,-933.6215209960938,-2.5825536251068115,1.4354686737060547,0.08205893635749817,-0.00012790564505849034,0.16412948071956635,0.013179839588701725,0.9809135794639587,-0.009613635018467903,-0.011144326999783516,-13.456408500671387,391000
8.356827735900879,936.1551513671875,941.7186889648438,846.213623046875,-936.7571411132812,-935.5159912109375,-2.6502723693847656,1.4091382026672363,0.0767577588558197,-0.006003252696245909,0.16470736265182495,0.002376171760261059,0.9812300205230713,-0.009457764215767384,-0.006884048692882061,-13.7904634475708,392000
5.403289794921875,936.042724609375,943.0343627929688,857.7844848632812,-938.4076538085938,-937.1397094726562,-2.614438772201538,1.3464903831481934,0.07749498635530472,-0.021429572254419327,0.16349303722381592,0.003241747384890914,0.9797915816307068,-0.01018320769071579,-0.010670769028365612,-13.803537368774414,393000
107.46509552001953,932.57568359375,943.4984741210938,560.5021362304688,-933.8048706054688,-932.8382568359375,-2.5062413215637207,1.5395973920822144,0.08402649313211441,-0.14984941482543945,0.16342009603977203,0.09303347766399384,0.9722278118133545,-0.014050198718905449,-0.036409638822078705,-13.645732879638672,394000
11.000934600830078,937.711181640625,944.1600341796875,826.108154296875,-939.03662109375,-937.8077392578125,-2.752617597579956,1.5237619876861572,0.07533680647611618,-0.06770124286413193,0.16332639753818512,0.018477747216820717,0.9819304943084717,-0.009099488146603107,-0.01597953587770462,-14.307415008544922,395000
14.968072891235352,936.8541259765625,943.9066772460938,805.7352294921875,-937.9395751953125,-936.6436767578125,-2.717679262161255,1.4217643737792969,0.07403163611888885,-0.09216710180044174,0.1626127064228058,0.017385363578796387,0.9866116046905518,-0.00673197815194726,-0.015045993030071259,-13.997124671936035,396000
7.3049516677856445,938.334228515625,945.7992553710938,857.5689086914062,-939.8059692382812,-938.5941772460938,-2.604273796081543,1.3924800157546997,0.07825089246034622,0.04916386678814888,0.16269628703594208,0.013001689687371254,0.9843053817749023,-0.007894899696111679,-0.012000445276498795,-13.592531204223633,397000
9.428403854370117,939.0985107421875,946.9954833984375,856.4276123046875,-939.6868286132812,-938.5711669921875,-2.4585633277893066,1.3428772687911987,0.08113182336091995,0.021477069705724716,0.15900765359401703,0.01260682288557291,0.9763106107711792,-0.011951609514653683,-0.019170362502336502,-13.355074882507324,398000
71.13733673095703,936.3388671875,946.1912841796875,46.75381851196289,-937.0568237304688,-936.0880126953125,-2.329967498779297,1.3611724376678467,0.08516398817300797,0.0071922792121768,0.16105738282203674,0.06219557672739029,0.9685649871826172,-0.01591220684349537,-0.028810247778892517,-12.911911010742188,399000
7.247244358062744,940.3781127929688,945.6393432617188,844.031005859375,-941.4431762695312,-940.36181640625,-2.4901480674743652,1.4087907075881958,0.07749298214912415,-0.11178358644247055,0.15823601186275482,0.010298983193933964,0.9677404165267944,-0.01635054126381874,-0.012264171615242958,-13.960387229919434,400000
21.44509506225586,935.8908081054688,946.3773803710938,49.530860900878906,-937.357666015625,-936.3287353515625,-2.346179962158203,1.3172762393951416,0.09548089653253555,0.045764923095703125,0.16026021540164948,0.04699208587408066,0.980702817440033,-0.009720771573483944,-0.031296953558921814,-12.630266189575195,401000
2206.046142578125,935.5936279296875,946.5841064453125,168.60818481445312,-939.2505493164062,-938.291259765625,-2.4096086025238037,1.4503107070922852,0.08428709954023361,-0.11604733020067215,0.15789499878883362,0.20553748309612274,0.9819396734237671,-0.009093418717384338,-0.054654501378536224,-12.880989074707031,402000
4.2081146240234375,940.923828125,947.8816528320312,855.7776489257812,-942.199462890625,-941.053466796875,-2.5318288803100586,1.3858140707015991,0.08341102302074432,-0.09160429984331131,0.15895335376262665,0.01153031550347805,0.977230429649353,-0.011492217890918255,-0.0174088254570961,-13.8544921875,403000
9.851347923278809,941.337646484375,947.5314331054688,846.8873291015625,-942.5791015625,-941.4757080078125,-2.3509163856506348,1.2475273609161377,0.08555366098880768,0.08433646708726883,0.15791867673397064,0.016202732920646667,0.9802616834640503,-0.009944717399775982,-0.012763616628944874,-12.802963256835938,404000
6.925461769104004,940.7797241210938,947.5413818359375,850.39453125,-941.6215209960938,-940.4781494140625,-2.4806363582611084,1.337309718132019,0.08612506836652756,0.06214921921491623,0.15748654305934906,0.022045359015464783,0.9848043918609619,-0.007643972989171743,-0.018102051690220833,-13.260370254516602,405000
12.959537506103516,941.9754638671875,948.19580078125,802.7949829101562,-942.8854370117188,-941.7708740234375,-2.5085673332214355,1.393985629081726,0.08388631045818329,-0.04232238233089447,0.15815602242946625,0.02387590892612934,0.9817677736282349,-0.009182823821902275,-0.023386595770716667,-13.399785995483398,406000
7.024974822998047,941.6160888671875,949.0471801757812,849.269287109375,-942.33984375,-941.203369140625,-2.4307398796081543,1.2942289113998413,0.08439838141202927,-0.0385369174182415,0.1566098928451538,0.021106334403157234,0.979332447052002,-0.010424032807350159,-0.019381456077098846,-13.365432739257812,407000
201.93968200683594,943.13134765625,950.1641235351562,497.95281982421875,-945.1412963867188,-944.1201782226562,-2.4763615131378174,1.4552645683288574,0.07738485932350159,-0.16540926694869995,0.15542401373386383,0.04442816600203514,0.9669421315193176,-0.016741961240768433,-0.0233846977353096,-14.127640724182129,408000
120.5645980834961,942.2603759765625,950.5782470703125,29.088722229003906,-943.3271484375,-942.3094482421875,-2.402641534805298,1.3849711418151855,0.07933754473924637,-0.0800771415233612,0.15660394728183746,0.039709508419036865,0.9661327004432678,-0.01717396080493927,-0.023246919736266136,-13.647615432739258,409000
8.2657470703125,943.5003662109375,951.07373046875,828.2251586914062,-943.9320068359375,-942.874755859375,-2.294156074523926,1.2368642091751099,0.08964318782091141,0.1004161387681961,0.15569067001342773,0.03251693397760391,0.9771883487701416,-0.011514797806739807,-0.023001447319984436,-12.826284408569336,410000
26.341907501220703,943.56884765625,950.7083740234375,401.7663269042969,-945.456787109375,-944.420654296875,-2.3822617530822754,1.3461387157440186,0.07895740866661072,0.02661890909075737,0.15598610043525696,0.0551798976957798,0.9790588617324829,-0.010565927252173424,-0.02323608286678791,-13.09982681274414,411000
46.30263137817383,944.0523681640625,951.8150634765625,424.927001953125,-945.8744506835938,-944.77490234375,-2.47328782081604,1.3737103939056396,0.07659707963466644,-0.03688768669962883,0.1581917107105255,0.05615559220314026,0.9812873601913452,-0.009434321895241737,-0.018986715003848076,-13.393621444702148,412000
31.46613311767578,945.830078125,952.6231079101562,819.604736328125,-946.7384643554688,-945.5614013671875,-2.544243812561035,1.3671760559082031,0.07464470714330673,0.014662868343293667,0.15752655267715454,0.02473575435578823,0.9841914176940918,-0.007949873805046082,-0.017425311729311943,-13.816557884216309,413000
4.899516582489014,946.2787475585938,952.4689331054688,848.5921020507812,-947.2133178710938,-946.069580078125,-2.5433719158172607,1.399670124053955,0.07344091683626175,-0.08620323985815048,0.1572265475988388,0.0006037087878212333,0.9724957346916199,-0.01391674391925335,-0.0020628576166927814,-14.175310134887695,414000
93.8056640625,939.18310546875,954.06494140625,32.818119049072266,-942.4115600585938,-941.5460205078125,-2.2034316062927246,1.3378658294677734,0.09831568598747253,-0.07527617365121841,0.155036062002182,0.22192615270614624,0.9827404022216797,-0.008688845671713352,-0.06709225475788116,-12.209153175354004,415000
4.716476917266846,948.1580200195312,954.3792114257812,862.8095092773438,-948.9060668945312,-947.69287109375,-2.626781940460205,1.413583517074585,0.07332593202590942,-0.09488946199417114,0.15602684020996094,0.001801162725314498,0.9765207171440125,-0.011850821785628796,-0.005952721927314997,-14.58828353881836,416000
3.573251485824585,948.687255859375,953.5114135742188,856.69970703125,-949.7903442382812,-948.5328369140625,-2.5446581840515137,1.287184476852417,0.07415518909692764,-0.01710544526576996,0.15567700564861298,0.000748417223803699,0.9826945662498474,-0.008711433969438076,-0.0024838063400238752,-14.052971839904785,417000
11.748600006103516,946.628662109375,953.6820678710938,856.1754150390625,-947.2957763671875,-946.220458984375,-2.3875784873962402,1.3122719526290894,0.08043398708105087,0.07485280185937881,0.15256886184215546,0.00966751016676426,0.9842710494995117,-0.00791316106915474,-0.017491372302174568,-13.082588195800781,418000
4.49485445022583,948.1148681640625,953.3945922851562,869.879638671875,-948.91943359375,-947.7603759765625,-2.508775234222412,1.349707841873169,0.07932020723819733,0.004831335041671991,0.1543595939874649,0.01707262359559536,0.985238790512085,-0.007426942698657513,-0.009600967168807983,-13.693843841552734,419000
6.335068702697754,947.703125,954.0159301757812,830.2876586914062,-948.4164428710938,-947.2598876953125,-2.509338140487671,1.3527740240097046,0.0756998360157013,-0.03317345678806305,0.15474267303943634,0.014705806039273739,0.9814342260360718,-0.00935029424726963,-0.01147775910794735,-13.878143310546875,420000
8.648985862731934,947.6524047851562,955.1295776367188,856.756103515625,-948.210693359375,-947.1025390625,-2.311007261276245,1.2028539180755615,0.08077845722436905,0.07428880035877228,0.15516048669815063,0.013315887190401554,0.9801812171936035,-0.009983803145587444,-0.014427576214075089,-13.098745346069336,421000
148.60177612304688,945.0997314453125,954.5091552734375,210.9639434814453,-946.0172119140625,-944.9799194335938,-2.192725658416748,1.1554341316223145,0.07928603142499924,0.12737387418746948,0.152323380112648,0.05498909577727318,0.9785817265510559,-0.010798189789056778,-0.023049242794513702,-12.542815208435059,422000
5.666772842407227,948.8798828125,955.2566528320312,859.9622802734375,-950.1646118164062,-949.0133666992188,-2.5553390979766846,1.4041147232055664,0.07330092042684555,-0.13445860147476196,0.152083158493042,0.03487616404891014,0.9763752222061157,-0.011926106177270412,-0.016584115102887154,-14.430562973022461,423000
7.715305328369141,949.4185180664062,956.724365234375,856.5004272460938,-949.7525634765625,-948.6593017578125,-2.267836809158325,1.1745747327804565,0.0881403461098671,0.045061275362968445,0.15200087428092957,0.003929405938833952,0.9759548902511597,-0.01214810460805893,-0.01288646087050438,-13.034042358398438,424000
23.514564514160156,948.7650756835938,956.2578735351562,580.2531127929688,-950.7025146484375,-949.6913452148438,-2.4222147464752197,1.411067247390747,0.08110269904136658,-0.17720329761505127,0.1527789831161499,0.0922291949391365,0.9789648652076721,-0.01061386801302433,-0.033363644033670425,-13.612096786499023,425000
41.6426887512207,950.8045043945312,958.2105102539062,252.25010681152344,-952.4951782226562,-951.4976196289062,-2.329862117767334,1.3322575092315674,0.07736799865961075,-0.003267829306423664,0.15341328084468842,0.09069731831550598,0.9776096343994141,-0.011291179805994034,-0.02614361047744751,-13.2091646194458,426000
10.97330379486084,952.6661376953125,959.6809692382812,874.2431030273438,-953.19873046875,-952.0514526367188,-2.5214619636535645,1.3742178678512573,0.07036122679710388,-0.06484292447566986,0.15378744900226593,0.029633507132530212,0.9725891351699829,-0.013849720358848572,-0.013129150494933128,-14.473967552185059,427000
3.86722993850708,954.7523193359375,959.5737915039062,888.1214599609375,-955.91064453125,-954.7584228515625,-2.3705544471740723,1.2183213233947754,0.07365207374095917,0.09004370868206024,0.1535734236240387,0.002774225315079093,0.9802712202072144,-0.009940450079739094,-0.008063975721597672,-13.332887649536133,428000
11.694926261901855,955.6234130859375,960.3587036132812,900.3545532226562,-956.760009765625,-955.5885009765625,-2.416907548904419,1.245404839515686,0.08044968545436859,-0.003826914355158806,0.151540607213974,0.00563944224268198,0.988534688949585,-0.0057578254491090775,-0.007558193523436785,-13.435628890991211,429000
6.96044921875,955.038818359375,961.63916015625,893.702880859375,-956.5197143554688,-955.245849609375,-2.5942940711975098,1.3204171657562256,0.0757996141910553,-0.011092713102698326,0.15180033445358276,0.0066003031097352505,0.9901727437973022,-0.004931522533297539,-0.010214470326900482,-14.208725929260254,430000
6.711163520812988,955.48486328125,961.41015625,901.3754272460938,-956.4819946289062,-955.2777709960938,-2.5055253505706787,1.301360845565796,0.07686957716941833,0.026854904368519783,0.15137432515621185,0.005317514296621084,0.9897155165672302,-0.005162297748029232,-0.01163604948669672,-13.81607723236084,431000
82.57677459716797,952.6539306640625,961.4512329101562,125.67607116699219,-953.0662231445312,-951.9778442382812,-2.501598358154297,1.4131824970245361,0.07611934840679169,-0.030868712812662125,0.15082143247127533,0.030997514724731445,0.981275737285614,-0.009428469464182854,-0.016261599957942963,-14.267022132873535,432000
16.41854476928711,955.55712890625,962.122802734375,860.1624145507812,-956.6953125,-955.6725463867188,-2.0611791610717773,1.0383912324905396,0.07911229878664017,0.17234109342098236,0.1513163447380066,0.001910972292535007,0.9789085388183594,-0.010630985721945763,-0.009765563532710075,-12.10856819152832,433000
3.883235216140747,955.4493408203125,962.270263671875,871.3038330078125,-956.7160034179688,-955.63232421875,-2.3161003589630127,1.2324494123458862,0.08232434839010239,0.07420879602432251,0.14830607175827026,0.01779543049633503,0.9803664684295654,-0.009892835281789303,-0.01052405871450901,-13.204466819763184,434000
9.917105674743652,954.272705078125,961.7568359375,842.8150634765625,-955.516357421875,-954.4678955078125,-2.3392581939697266,1.2907729148864746,0.08353275060653687,-0.004053777549415827,0.1446910947561264,0.01674630306661129,0.9855464100837708,-0.007268215995281935,-0.01616397127509117,-13.213245391845703,435000
470.0613098144531,950.8858642578125,958.5410766601562,185.59703063964844,-952.3887329101562,-951.2532958984375,-2.453371286392212,1.3179219961166382,0.06984978169202805,-0.05426977202296257,0.14701475203037262,0.07569999992847443,0.9854975938796997,-0.00729022454470396,-0.018056722357869148,-13.936927795410156,436000
107.07552337646484,953.7320556640625,960.9178466796875,717.4405517578125,-954.7586059570312,-953.5845947265625,-2.476330041885376,1.3023290634155273,0.06968335807323456,-0.06208443269133568,0.14850832521915436,0.006096859462559223,0.981941819190979,-0.009095012210309505,-0.008912722580134869,-14.135987281799316,437000
6.953338623046875,957.16943359375,961.8193969726562,848.9039916992188,-958.2102661132812,-956.9825439453125,-2.4237732887268066,1.196031093597412,0.06949151307344437,-0.004743137396872044,0.14779584109783173,0.0006082594627514482,0.983187198638916,-0.00845610722899437,-0.0022981874644756317,-13.948432922363281,438000
10.358075141906738,956.6704711914062,961.7860717773438,858.4191284179688,-957.0814208984375,-955.9344482421875,-2.3833696842193604,1.2363895177841187,0.0711645558476448,-0.022010652348399162,0.1471065878868103,0.001751860836520791,0.9785926342010498,-0.010791050270199776,-0.005304117687046528,-13.913485527038574,439000
21.104734420776367,956.94970703125,963.0032958984375,803.8958740234375,-957.2943115234375,-956.3016357421875,-2.1646320819854736,1.1719131469726562,0.08287940174341202,0.05304371938109398,0.1497098207473755,0.09570004045963287,0.9787569046020508,-0.010700831189751625,-0.02853100188076496,-12.816545486450195,440000
374.7052307128906,956.8758544921875,962.5656127929688,506.3363037109375,-958.9721069335938,-957.9874267578125,-2.209719181060791,1.225020170211792,0.08851021528244019,-0.013506579212844372,0.1445162445306778,0.042590800672769547,0.9771959781646729,-0.011497498489916325,-0.026565447449684143,-13.124532699584961,441000
5.5725297927856445,957.0264282226562,963.1065063476562,873.137939453125,-957.539306640625,-956.619873046875,-2.116687059402466,1.1972734928131104,0.08423120528459549,0.04379832372069359,0.147663414478302,0.004083476960659027,0.9684773683547974,-0.015963103622198105,-0.012942804954946041,-13.060230255126953,442000
5.567633628845215,958.1591186523438,963.0234985351562,873.7604370117188,-959.0397338867188,-958.0799560546875,-2.3606879711151123,1.4009625911712646,0.07521147280931473,-0.09801658987998962,0.14669269323349,0.019885031506419182,0.9679384827613831,-0.01622767746448517,-0.014954944141209126,-14.387807846069336,443000
15.605127334594727,955.8031005859375,963.0315551757812,41.28377914428711,-957.1165161132812,-956.283447265625,-1.9877252578735352,1.1546498537063599,0.09459327161312103,0.09416396915912628,0.14895620942115784,0.08525045216083527,0.9723008871078491,-0.01399703323841095,-0.03246341645717621,-12.031606674194336,444000
23.3299617767334,953.6474609375,964.8828125,32.8241081237793,-953.2274780273438,-952.2611083984375,-2.400127410888672,1.4337973594665527,0.07529199123382568,-0.12043599039316177,0.14849884808063507,0.025070687755942345,0.9679775834083557,-0.0162082277238369,-0.021605435758829117,-14.41983413696289,445000
25.680601119995117,959.186767578125,966.8220825195312,45.911415100097656,-960.7278442382812,-959.8115234375,-2.232567071914673,1.316199779510498,0.07701538503170013,-0.03703359141945839,0.14618149399757385,0.07047689706087112,0.9684704542160034,-0.015963010489940643,-0.0215427465736866,-13.823165893554688,446000
5.9787702560424805,962.1209716796875,967.0257568359375,887.9815673828125,-962.9248046875,-961.864990234375,-2.3447227478027344,1.2848992347717285,0.07650735974311829,-0.08997251838445663,0.1457744985818863,0.0034561012871563435,0.9642183780670166,-0.018128925934433937,-0.008055552840232849,-14.358131408691406,447000
7.658167839050293,960.62255859375,967.2294921875,870.8599243164062,-961.6740112304688,-960.7542724609375,-2.1456398963928223,1.2258679866790771,0.08405826985836029,0.03445732593536377,0.1467515230178833,0.027641650289297104,0.9711219072341919,-0.014600912109017372,-0.01905832439661026,-13.116073608398438,448000
42.45558166503906,961.0562744140625,966.49658203125,729.8103637695312,-961.505859375,-960.3746337890625,-2.3854801654815674,1.2543014287948608,0.07070105522871017,-0.07751133292913437,0.14358319342136383,0.019644275307655334,0.9802452325820923,-0.009956390596926212,-0.01195654459297657,-14.042709350585938,449000
966.142822265625,960.0733032226562,967.8209838867188,477.215087890625,-961.5530395507812,-960.664306640625,-2.0129051208496094,1.124122142791748,0.09116781502962112,0.11099515110254288,0.14555104076862335,0.07113348692655563,0.9815670251846313,-0.009282220155000687,-0.03365170210599899,-12.061309814453125,450000
631.6561279296875,959.1734619140625,968.158203125,211.88336181640625,-961.4927978515625,-960.5159912109375,-2.2646524906158447,1.2878371477127075,0.07717359811067581,-0.04585085064172745,0.1429576873779297,0.0714091882109642,0.9733068943023682,-0.013478752225637436,-0.024503478780388832,-13.788002014160156,451000
10.51472282409668,961.611572265625,968.0187377929688,863.1673583984375,-963.41650390625,-962.41015625,-2.3131918907165527,1.3068106174468994,0.07927913218736649,-0.022017942741513252,0.1451328545808792,0.032456547021865845,0.9750150442123413,-0.01261313259601593,-0.017428366467356682,-13.877619743347168,452000
4.230661869049072,961.5620727539062,967.4676513671875,859.8863525390625,-962.2532348632812,-961.1827392578125,-2.245027780532837,1.1745579242706299,0.07996261119842529,0.007615313865244389,0.14420008659362793,0.021890204399824142,0.9803853631019592,-0.009877790696918964,-0.014476535841822624,-13.308393478393555,453000
7.428042411804199,960.7391357421875,967.39111328125,857.4209594726562,-961.6648559570312,-960.5735473632812,-2.2880728244781494,1.1967929601669312,0.0814485177397728,0.004115383140742779,0.14477092027664185,0.0006211936706677079,0.9821425676345825,-0.008989827707409859,-0.004029291216284037,-13.673131942749023,454000
8.795343399047852,960.8673095703125,967.9219360351562,869.8534545898438,-961.39794921875,-960.3551635742188,-2.1534531116485596,1.1106663942337036,0.08228529244661331,0.02166084572672844,0.1419902741909027,0.03596632182598114,0.9816784858703613,-0.009222650900483131,-0.0265700314193964,-12.924179077148438,455000
5.235004425048828,959.749267578125,966.59228515625,886.5946044921875,-960.5548095703125,-959.5919189453125,-2.1503241062164307,1.1874573230743408,0.08190349489450455,0.07395918667316437,0.14421091973781586,0.02479061856865883,0.9775185585021973,-0.01134080346673727,-0.01703619956970215,-13.070782661437988,456000
5.140014171600342,959.5631103515625,965.85986328125,873.6898193359375,-960.093017578125,-959.218505859375,-2.066398859024048,1.1919208765029907,0.08782929927110672,0.044452887028455734,0.1431140899658203,0.03236303851008415,0.9708482623100281,-0.014750028029084206,-0.023964030668139458,-12.92168140411377,457000
797.3856811523438,956.912841796875,965.7965087890625,50.767974853515625,-958.0845947265625,-957.2048950195312,-2.1546430587768555,1.2749885320663452,0.08134495466947556,-0.11883702874183655,0.1416502594947815,0.10135447978973389,0.96930992603302,-0.015512298792600632,-0.03423428162932396,-13.573190689086914,458000
12.86195182800293,957.7803955078125,966.5264282226562,31.600360870361328,-958.6535034179688,-957.570068359375,-2.306349039077759,1.2228997945785522,0.07671207934617996,-0.0659363642334938,0.1405862718820572,0.005058219190686941,0.9774148464202881,-0.01139095053076744,-0.00870541762560606,-13.860555648803711,459000
310.8232116699219,952.8028564453125,966.8573608398438,49.538211822509766,-956.7747802734375,-955.9503173828125,-2.1710617542266846,1.3465887308120728,0.08966584503650665,-0.15276971459388733,0.14167392253875732,0.1275850236415863,0.9841346740722656,-0.007980361580848694,-0.051453299820423126,-13.105688095092773,460000
8.303385734558105,961.5711669921875,967.486572265625,853.3290405273438,-961.9935913085938,-960.98291015625,-2.259506940841675,1.2488174438476562,0.08033609390258789,-0.025238273665308952,0.14139097929000854,0.015670206397771835,0.9799290895462036,-0.010109190829098225,-0.01627326011657715,-13.665216445922852,461000
5.6456098556518555,960.3592529296875,966.9351806640625,867.357421875,-961.1320190429688,-960.1199340820312,-2.1987290382385254,1.1866511106491089,0.077898308634758,-0.054088376462459564,0.1410849690437317,0.004474000073969364,0.9733339548110962,-0.013481821864843369,-0.011889945715665817,-13.696117401123047,462000
3.9230360984802246,960.8504638671875,967.0807495117188,881.5862426757812,-961.4863891601562,-960.5160522460938,-2.0098915100097656,1.0395252704620361,0.08436146378517151,0.16878800094127655,0.1406969279050827,0.002100872341543436,0.9742624163627625,-0.0129954032599926,-0.00989832729101181,-12.544086456298828,463000
79.80481719970703,954.4517822265625,966.0348510742188,100.4057388305664,-955.8856201171875,-954.9605712890625,-2.2058136463165283,1.2807395458221436,0.08741223067045212,-0.03672013431787491,0.1419077068567276,0.10184396803379059,0.9827253222465515,-0.008692055940628052,-0.035866737365722656,-13.349763870239258,464000
5.76806640625,960.9774169921875,967.1798095703125,883.013671875,-961.3296508789062,-960.2914428710938,-2.1659836769104004,1.1277625560760498,0.07853958755731583,0.08137385547161102,0.141153022646904,0.006918937433511019,0.985650897026062,-0.007215642835944891,-0.009724562987685204,-12.926873207092285,465000
4.45483922958374,960.6324462890625,967.2040405273438,867.0859375,-961.3460693359375,-960.2782592773438,-2.2917537689208984,1.2239311933517456,0.07877738028764725,-0.009117788635194302,0.14031165838241577,0.0009376468369737267,0.984930157661438,-0.00758074875921011,-0.0049911923706531525,-13.732353210449219,466000
253.55894470214844,958.331298828125,967.7429809570312,258.216552734375,-958.0780029296875,-957.0845947265625,-2.2143497467041016,1.2209194898605347,0.07514863461256027,0.03303620219230652,0.13775475323200226,0.04404788091778755,0.9801540970802307,-0.009996414184570312,-0.022915750741958618,-13.304706573486328,467000
18.46820831298828,957.31689453125,967.6118774414062,47.7784309387207,-958.7993774414062,-957.9363403320312,-2.1297690868377686,1.2667288780212402,0.0805559828877449,-0.03849564120173454,0.14131321012973785,0.046553391963243484,0.9724576473236084,-0.013909422792494297,-0.022561723366379738,-13.303937911987305,468000
24.28229331970215,959.6100463867188,967.46044921875,703.233642578125,-960.1018676757812,-959.2755126953125,-1.9329472780227661,1.1065926551818848,0.08169066905975342,0.07334780693054199,0.14071953296661377,0.05186402052640915,0.9719852209091187,-0.014146102592349052,-0.02366994321346283,-12.349625587463379,469000
4.862689971923828,960.769775390625,966.4603271484375,879.021484375,-961.4951171875,-960.4664306640625,-2.131016254425049,1.102380394935608,0.07491178810596466,0.0921378955245018,0.1391218900680542,0.0016251354245468974,0.9796066284179688,-0.01027196366339922,-0.006106235086917877,-13.207127571105957,470000
191.19497680664062,952.4005126953125,966.1185302734375,25.412288665771484,-955.330322265625,-954.583740234375,-1.9556005001068115,1.209037184715271,0.10098975151777267,-0.036104146391153336,0.1396828442811966,0.19740547239780426,0.9830672144889832,-0.008519435301423073,-0.06461706757545471,-12.047916412353516,471000
12.620779991149902,962.3866577148438,966.4771728515625,882.7481079101562,-962.3892211914062,-961.3904418945312,-2.143653631210327,1.1448969841003418,0.07597751170396805,-0.017713848501443863,0.14037007093429565,0.0044807628728449345,0.970098614692688,-0.015121368691325188,-0.012255799025297165,-13.86911392211914,472000
3.706566333770752,960.18896484375,966.0009155273438,893.6103515625,-960.817138671875,-959.8701171875,-2.0354957580566406,1.0885266065597534,0.07802155613899231,0.11347691714763641,0.13877341151237488,0.002745334291830659,0.9681969881057739,-0.016074221581220627,-0.009284534491598606,-13.158985137939453,473000
5.137332439422607,959.3468017578125,965.8052368164062,874.439208984375,-960.0635375976562,-959.0913696289062,-2.3033392429351807,1.3311792612075806,0.07329101860523224,-0.08666121959686279,0.13795025646686554,0.0014640174340456724,0.9804325699806213,-0.009856118820607662,-0.006995568983256817,-14.185625076293945,474000
11.145423889160156,960.4230346679688,966.3192138671875,892.1558837890625,-960.6835327148438,-959.6456298828125,-2.1975574493408203,1.1596684455871582,0.07479244470596313,0.022345615550875664,0.1379951536655426,0.0015571636613458395,0.9755317568778992,-0.012348955497145653,-0.004418646916747093,-13.987411499023438,475000
632.4234008789062,952.8485717773438,966.4192504882812,41.27413558959961,-957.4014892578125,-956.6385498046875,-2.0099072456359863,1.2469589710235596,0.09100828319787979,-0.11414112895727158,0.13758234679698944,0.1816840022802353,0.9751093983650208,-0.012556816451251507,-0.05332960933446884,-12.857320785522461,476000
183.294921875,958.0721435546875,967.3421630859375,193.8395538330078,-958.8507080078125,-958.1455078125,-2.002580165863037,1.2973551750183105,0.09667152166366577,-0.11196465790271759,0.13786442577838898,0.1366317868232727,0.9647337198257446,-0.017872575670480728,-0.04284762591123581,-13.234153747558594,477000
3.8818302154541016,960.1276245117188,966.3005981445312,863.5172729492188,-961.0465698242188,-960.1148071289062,-2.1912248134613037,1.259447455406189,0.07182376831769943,-0.0372680127620697,0.13765059411525726,0.004220686387270689,0.968084454536438,-0.016144191846251488,-0.009441983886063099,-14.295670509338379,478000
6.694516181945801,959.876220703125,966.1238403320312,864.8946533203125,-960.3287353515625,-959.3553466796875,-2.081794261932373,1.1083935499191284,0.0842401310801506,-0.002790257567539811,0.13783025741577148,0.0035015593748539686,0.9731484651565552,-0.013562269508838654,-0.010622838512063026,-13.304941177368164,479000
112.01493072509766,958.256103515625,966.1804809570312,307.82171630859375,-959.2529296875,-958.4924926757812,-1.9246270656585693,1.1642142534255981,0.08966948837041855,0.016957830637693405,0.13778461515903473,0.08141959458589554,0.9657491445541382,-0.017341433092951775,-0.035847656428813934,-12.843615531921387,480000
64.55751037597656,958.7750854492188,965.0872192382812,803.2362060546875,-959.5674438476562,-958.75341796875,-1.977917194366455,1.163877248764038,0.08852742612361908,-0.01812024787068367,0.13578853011131287,0.05977234989404678,0.9668152332305908,-0.01679689809679985,-0.024967456236481667,-13.363980293273926,481000
5.026023864746094,961.3579711914062,966.3226318359375,901.1124267578125,-962.033203125,-961.1661376953125,-2.09871768951416,1.2316086292266846,0.08179524540901184,-0.0955955758690834,0.1365656852722168,0.02682918682694435,0.9696305990219116,-0.015355709940195084,-0.022936327382922173,-13.856112480163574,482000
5.504634857177734,961.0811157226562,966.6735229492188,867.8682250976562,-961.9215087890625,-961.042236328125,-1.992761254310608,1.1134413480758667,0.08536648750305176,0.057238928973674774,0.13606061041355133,0.011927058920264244,0.9691809415817261,-0.015590050257742405,-0.019587254151701927,-13.221525192260742,483000
279.4313659667969,959.5743408203125,967.8643188476562,200.59193420410156,-961.8280029296875,-961.0652465820312,-1.835795283317566,1.0730699300765991,0.0946483165025711,0.07457426935434341,0.13424445688724518,0.10613252967596054,0.9690892100334167,-0.015628404915332794,-0.04316308721899986,-12.247126579284668,484000
3.9517974853515625,961.679443359375,967.6533203125,854.0280151367188,-962.2437133789062,-961.3577880859375,-2.066112518310547,1.1801867485046387,0.07942814379930496,0.01840294897556305,0.13624455034732819,0.004255975130945444,0.9710308313369751,-0.014631852507591248,-0.013142263516783714,-13.438819885253906,485000
537.4760131835938,957.7841186523438,968.217041015625,180.95094299316406,-960.3899536132812,-959.5945434570312,-1.9351651668548584,1.1397969722747803,0.0883842334151268,0.029550107195973396,0.13595201075077057,0.06299887597560883,0.9683935642242432,-0.015995219349861145,-0.027422236278653145,-12.640829086303711,486000
123.16944885253906,960.3729858398438,966.7285766601562,862.2073364257812,-960.9739379882812,-960.147705078125,-1.8723324537277222,1.046055793762207,0.08655455708503723,0.03614683821797371,0.1328882873058319,0.03408009558916092,0.9669520854949951,-0.016724012792110443,-0.027716778218746185,-12.55910873413086,487000
16.782381057739258,962.3187866210938,967.715576171875,852.02392578125,-962.7493896484375,-961.8006591796875,-2.1938931941986084,1.2451788187026978,0.07330023497343063,-0.10154084116220474,0.13574965298175812,0.009574852883815765,0.9699456095695496,-0.01519801840186119,-0.011538507416844368,-14.520166397094727,488000
7.1457839012146,964.5234985351562,968.8240966796875,849.4515991210938,-965.0452880859375,-964.0299072265625,-2.0810599327087402,1.065678358078003,0.0752030536532402,0.12467312067747116,0.13547232747077942,0.002020962303504348,0.9779995083808899,-0.011087561026215553,-0.008321304805576801,-13.383007049560547,489000
4.27165412902832,964.3878173828125,969.828125,851.3121948242188,-965.75341796875,-964.89013671875,-2.0282247066497803,1.1649340391159058,0.08530343323945999,0.0436912477016449,0.1361173391342163,0.05230480432510376,0.9769710898399353,-0.01161358505487442,-0.02073863334953785,-13.13723373413086,490000
7.136129379272461,964.4842529296875,970.6784057617188,867.9859619140625,-965.08203125,-964.2451171875,-1.9732633829116821,1.1363446712493896,0.08546578139066696,-0.034835249185562134,0.13384251296520233,0.0580592155456543,0.9700260162353516,-0.015154114924371243,-0.029499022290110588,-13.433980941772461,491000
5.508820056915283,967.1432495117188,971.4092407226562,909.7566528320312,-967.4090576171875,-966.5656127929688,-1.9859591722488403,1.142511248588562,0.082525335252285,0.00023001647787168622,0.13526925444602966,0.0023643432650715113,0.9673712253570557,-0.01650048792362213,-0.008530130609869957,-13.532136917114258,492000
5.3987016677856445,965.7054443359375,972.1582641601562,892.34814453125,-966.1985473632812,-965.3341064453125,-1.9333926439285278,1.0689884424209595,0.08184781670570374,0.07732871919870377,0.13386499881744385,0.0020246298518031836,0.968970537185669,-0.0156919714063406,-0.009592931717634201,-13.223663330078125,493000
5.084697246551514,966.023193359375,971.6600952148438,892.078857421875,-966.6021118164062,-965.876220703125,-1.736915111541748,1.0110305547714233,0.08387557417154312,0.12486051768064499,0.13362380862236023,0.002251814352348447,0.950332760810852,-0.025306446477770805,-0.0077270036563277245,-13.03315544128418,494000
10.092445373535156,964.5068969726562,972.5218505859375,31.988075256347656,-965.895751953125,-964.9951171875,-2.0928990840911865,1.1922496557235718,0.0826539546251297,-0.028039293363690376,0.13416215777397156,0.06181154400110245,0.9813979268074036,-0.009367566555738449,-0.024335773661732674,-13.531240463256836,495000
6.210533142089844,968.549560546875,972.4844970703125,903.2252807617188,-968.7872314453125,-967.865966796875,-2.1747913360595703,1.2535576820373535,0.0772930309176445,-0.09614691883325577,0.13246013224124908,0.009964028373360634,0.9824331402778625,-0.008841298520565033,-0.011280795559287071,-13.870948791503906,496000
23.86721420288086,968.8328247070312,974.0803833007812,868.5520629882812,-969.2971801757812,-968.414306640625,-1.9322829246520996,1.0494519472122192,0.07918120920658112,0.10237450897693634,0.13435174524784088,0.012699964456260204,0.9775917530059814,-0.01129546482115984,-0.011981405317783356,-12.653508186340332,497000
5.27513313293457,970.5249633789062,974.9127807617188,846.644287109375,-971.01025390625,-970.1043701171875,-2.0911319255828857,1.1852343082427979,0.06948523223400116,-0.05662234127521515,0.13386207818984985,0.030561452731490135,0.9696635007858276,-0.015337217599153519,-0.013376591727137566,-14.004350662231445,498000
330.1098937988281,965.0003662109375,975.7611694335938,24.843847274780273,-967.6515502929688,-967.064208984375,-1.731935977935791,1.1445685625076294,0.08424156159162521,0.012342339381575584,0.13062328100204468,0.13508865237236023,0.9668685793876648,-0.016773391515016556,-0.04506349563598633,-12.561777114868164,499000
4.389986991882324,971.3663330078125,976.4361572265625,895.7265625,-971.9307861328125,-971.0201416015625,-2.0873658657073975,1.1767207384109497,0.07556992024183273,-0.04984935000538826,0.13229872286319733,0.0014226555358618498,0.963144063949585,-0.018681127578020096,-0.004917665384709835,-14.199037551879883,500000
