critic/q_loss,critic/q_mean,critic/q_max,critic/q_min,actor/total_loss,actor/q_loss,actor/bc_loss,actor/entropy_loss,actor/mse,beta/beta_loss,beta/beta,encoder/encoder_loss,encoder/dot_mean,encoder/kl_target_mean,encoder/nll_raw_mean,step
452.5390625,-0.01119971927255392,0.09357224404811859,-0.108396515250206,-1.5354366302490234,-0.16842180490493774,9.694526672363281,-11.061541557312012,0.37805336713790894,19.372241973876953,0.9997000694274902,0.22751012444496155,0.056724078953266144,-0.4201442003250122,8.958333015441895,0
20.817481994628906,59.708343505859375,59.71569061279297,59.700801849365234,-65.7100830078125,-59.729835510253906,-8.741373062133789,2.7611241340637207,0.08240147680044174,3.974177598953247,0.7988473176956177,0.026356633752584457,0.47525376081466675,0.40378648042678833,-8.794189453125,1000
8.493790626525879,87.01077270507812,87.01290130615234,87.00862121582031,-94.15042114257812,-87.08952331542969,-11.388474464416504,4.327571868896484,0.06683147698640823,1.4491660594940186,0.6955799460411072,0.02542528323829174,0.587780237197876,0.512357234954834,-11.664823532104492,2000
11.538045883178711,108.32386016845703,108.3255386352539,108.3213119506836,-115.94607543945312,-108.33740234375,-13.03701400756836,5.428341388702393,0.05882434919476509,-0.18341797590255737,0.6470504403114319,0.015288252383470535,0.6084339022636414,0.5650776624679565,-13.18082046508789,3000
13.429869651794434,126.42478942871094,126.42935180664062,126.4197769165039,-133.72030639648438,-126.39717102050781,-12.738913536071777,5.415765762329102,0.06167960166931152,0.3110465109348297,0.638322651386261,0.02997497469186783,0.6091510653495789,0.5463550090789795,-12.76278018951416,4000
8.997993469238281,143.21896362304688,143.2195281982422,143.21847534179688,-151.16668701171875,-143.27749633789062,-13.715161323547363,5.825979232788086,0.059271182864904404,0.08651982247829437,0.6572198271751404,0.021424319595098495,0.6297134757041931,0.5821823477745056,-13.80671501159668,5000
8.74423599243164,158.45269775390625,158.45401000976562,158.45120239257812,-166.3518524169922,-158.42236328125,-14.000154495239258,6.070664882659912,0.058585233986377716,-0.36196890473365784,0.6746302247047424,0.011873021721839905,0.5802097320556641,0.5943422317504883,-14.179962158203125,6000
11.670108795166016,171.85997009277344,171.86000061035156,171.85968017578125,-179.70932006835938,-171.9040985107422,-13.469205856323242,5.663986682891846,0.05838743597269058,-0.10821498930454254,0.6908180117607117,0.015556391328573227,0.5603569746017456,0.5811728239059448,-13.823366165161133,7000
8.942167282104492,185.02647399902344,185.0321502685547,185.02081298828125,-192.89349365234375,-184.99948120117188,-14.0531005859375,6.1590895652771,0.05671266093850136,-0.2523026764392853,0.6894751191139221,0.011759164743125439,0.6226789951324463,0.5992434620857239,-14.314805030822754,8000
11.959268569946289,196.61740112304688,196.61888122558594,196.6159210205078,-204.0214080810547,-196.57666015625,-13.695084571838379,6.250331878662109,0.06081579625606537,0.02768719755113125,0.7009029984474182,0.01822678931057453,0.5677393674850464,0.5804387927055359,-13.838808059692383,9000
13.204975128173828,207.3029022216797,207.31277465820312,207.29302978515625,-215.13796997070312,-207.29794311523438,-13.780793190002441,5.940765380859375,0.05898725986480713,-0.17885002493858337,0.7064200639724731,0.014475874602794647,0.5997343063354492,0.5843970775604248,-13.966909408569336,10000
12.406415939331055,218.0229034423828,218.03451538085938,218.01129150390625,-225.7606658935547,-217.94573974609375,-13.679299354553223,5.864374160766602,0.0585324689745903,0.2988337576389313,0.7137525081634521,0.013214970007538795,0.5909621715545654,0.5783497095108032,-13.742916107177734,11000
10.490486145019531,227.46615600585938,227.4694366455078,227.46290588378906,-235.04071044921875,-227.46783447265625,-13.475722312927246,5.902840614318848,0.060857098549604416,-0.10263772308826447,0.714638888835907,0.012624524533748627,0.5812199115753174,0.580547571182251,-13.77638053894043,12000
221.82237243652344,235.97938537597656,235.98118591308594,235.9775848388672,-243.68104553222656,-235.8992462158203,-14.102113723754883,6.320318222045898,0.05806659534573555,-0.09507571160793304,0.7176123261451721,0.010531997308135033,0.6263372302055359,0.5973414182662964,-14.23453140258789,13000
11.719317436218262,244.30575561523438,244.30889892578125,244.30259704589844,-252.44798278808594,-244.25900268554688,-14.52428913116455,6.335305690765381,0.05491848662495613,-0.26277604699134827,0.7253901958465576,0.013136474415659904,0.5681474804878235,0.6135914325714111,-14.836929321289062,14000
250.03831481933594,252.0404510498047,252.0420379638672,252.0388641357422,-259.7860412597656,-251.99559020996094,-14.298758506774902,6.508293628692627,0.05777500569820404,-0.053792960941791534,0.7273427844047546,0.01009882241487503,0.5900216102600098,0.5990455150604248,-14.461260795593262,15000
14.818434715270996,259.5604248046875,259.5606689453125,259.5601501464844,-267.22027587890625,-259.5356140136719,-14.126035690307617,6.441385269165039,0.056218504905700684,0.041223205626010895,0.7282485365867615,0.012331187725067139,0.5818010568618774,0.5923237800598145,-14.165990829467773,16000
12.399974822998047,266.95166015625,266.9518127441406,266.9515075683594,-274.7464599609375,-266.994140625,-13.423873901367188,5.671565055847168,0.058698270469903946,0.3726957440376282,0.7184810042381287,0.015115713700652122,0.5995472073554993,0.5793059468269348,-13.783304214477539,17000
15.782690048217773,272.80218505859375,273.1148376464844,272.48956298828125,-280.5656433105469,-272.63934326171875,-13.118329048156738,5.192014694213867,0.06336390227079391,0.49780943989753723,0.7280299663543701,0.011333957314491272,0.6136654615402222,0.5667814016342163,-13.377606391906738,18000
305.9343566894531,279.96075439453125,279.9774475097656,279.944091796875,-287.7333679199219,-279.92010498046875,-13.879283905029297,6.066014289855957,0.05903053283691406,0.10798189789056778,0.7350757122039795,0.011414649896323681,0.6112300753593445,0.5858252048492432,-13.998819351196289,19000
12.555381774902344,286.060302734375,286.0674743652344,286.0531311035156,-293.7834167480469,-286.1207275390625,-13.509902954101562,5.847204685211182,0.059234507381916046,0.3380559980869293,0.7276647686958313,0.01098727062344551,0.620006263256073,0.5836896300315857,-13.880437850952148,20000
13.473968505859375,291.62310791015625,291.62322998046875,291.6229248046875,-299.31756591796875,-291.6484375,-13.905179023742676,6.236042022705078,0.05683944374322891,0.3452562093734741,0.735223650932312,0.009883612394332886,0.6291098594665527,0.5936994552612305,-14.156131744384766,21000
12.48272705078125,296.85479736328125,296.8625793457031,296.8467102050781,-304.7567443847656,-296.84759521484375,-13.925542831420898,6.016387939453125,0.05887819826602936,0.05264957249164581,0.7283860445022583,0.016280123963952065,0.6584302186965942,0.585608184337616,-13.981660842895508,22000
13.685131072998047,301.96746826171875,302.7694091796875,300.96063232421875,-309.61236572265625,-301.63739013671875,-13.564309120178223,5.589323043823242,0.060298021882772446,0.17427223920822144,0.7347664833068848,0.012272929772734642,0.6086949110031128,0.587116003036499,-14.054780960083008,23000
17.949556350708008,303.29205322265625,306.4184265136719,297.7415771484375,-309.85772705078125,-301.890380859375,-14.108366966247559,6.141012191772461,0.054659027606248856,-0.2632225453853607,0.7344384789466858,0.010164294391870499,0.5692583322525024,0.6021308898925781,-14.555524826049805,24000
15.87568473815918,303.9729919433594,306.42401123046875,284.9918518066406,-310.8072814941406,-302.86810302734375,-13.819453239440918,5.8802690505981445,0.06019803509116173,-0.03224143385887146,0.7309812307357788,0.015417540445923805,0.593227744102478,0.5844403505325317,-14.109535217285156,25000
27.216567993164062,303.598876953125,307.3706359863281,262.1670227050781,-310.2132873535156,-302.3956298828125,-14.28909683227539,6.471443176269531,0.05565871670842171,-0.06854832917451859,0.7258532643318176,0.009197743609547615,0.6250168681144714,0.5958465337753296,-14.259068489074707,26000
11.66236686706543,306.639404296875,308.90234375,302.8831787109375,-313.6258544921875,-305.8175964355469,-14.186858177185059,6.378615379333496,0.05679994449019432,0.1428235024213791,0.7322180271148682,0.010648484341800213,0.6112671494483948,0.5970748662948608,-14.266499519348145,27000
28.808847427368164,308.67193603515625,310.68817138671875,267.6826171875,-315.3974914550781,-307.648193359375,-13.672286033630371,5.9229865074157715,0.05835094675421715,0.254366010427475,0.7340120673179626,0.010301132686436176,0.559237003326416,0.5928924083709717,-14.146968841552734,28000
13.101238250732422,312.13604736328125,312.466064453125,311.8115539550781,-319.5625305175781,-311.8302917480469,-14.115189552307129,6.382953643798828,0.05627642944455147,-0.13930761814117432,0.7248461246490479,0.010108515620231628,0.5924415588378906,0.5949825048446655,-14.352823257446289,29000
14.264225959777832,314.78021240234375,315.3787841796875,314.2857360839844,-322.1400451660156,-314.3623962402344,-13.830440521240234,6.052787780761719,0.059963956475257874,0.2159079760313034,0.730587363243103,0.009601209312677383,0.6114017963409424,0.5910574793815613,-14.221038818359375,30000
41.936920166015625,316.7254638671875,317.55316162109375,219.7048797607422,-324.18121337890625,-316.23883056640625,-14.184494972229004,6.242133140563965,0.0573139488697052,0.1081249937415123,0.7301693558692932,0.012496812269091606,0.6196688413619995,0.6036979556083679,-14.66860580444336,31000
13.6450834274292,318.67572021484375,321.3251037597656,313.8608703613281,-325.4874267578125,-317.62628173828125,-13.916980743408203,6.055855751037598,0.05915096402168274,0.05956225097179413,0.7217864990234375,0.01247343234717846,0.6197695732116699,0.5919265151023865,-14.264901161193848,32000
381.454833984375,318.94635009765625,321.9212646484375,109.30563354492188,-324.8163757324219,-317.1306457519531,-13.418148040771484,5.732412338256836,0.0586530901491642,0.5514194965362549,0.7277591228485107,0.012157466262578964,0.5785224437713623,0.5741367936134338,-13.749494552612305,33000
14.193025588989258,319.3731689453125,322.1626892089844,311.0801086425781,-326.2271423339844,-318.3697204589844,-14.136430740356445,6.279018878936768,0.05624554306268692,-0.2155921459197998,0.7213045954704285,0.009693502448499203,0.5663505792617798,0.6068843603134155,-14.668773651123047,34000
170.29058837890625,318.34881591796875,321.8966979980469,86.13182067871094,-324.109619140625,-316.3451843261719,-13.84316635131836,6.078729152679443,0.06116097792983055,0.044362202286720276,0.7194486856460571,0.010842902585864067,0.5542620420455933,0.5980870127677917,-14.40914535522461,35000
25.72590446472168,318.9178161621094,322.4770812988281,310.1953125,-325.108154296875,-317.51739501953125,-13.737478256225586,6.146735191345215,0.05837631970643997,-0.01894817128777504,0.7158690690994263,0.010369372554123402,0.5521647930145264,0.5977691411972046,-14.32274055480957,36000
43.905067443847656,319.6207580566406,321.9853515625,199.94891357421875,-326.69732666015625,-318.670166015625,-14.226329803466797,6.1991729736328125,0.05637342482805252,0.06363903731107712,0.7187812924385071,0.012899564579129219,0.6082134246826172,0.6023455858230591,-14.59248161315918,37000
27.497127532958984,320.1723327636719,323.0182800292969,212.8175048828125,-327.3133850097656,-319.3765869140625,-14.121217727661133,6.184406280517578,0.055675208568573,-0.1570172905921936,0.7178996801376343,0.007600658573210239,0.6155084371566772,0.6072224378585815,-14.758971214294434,38000
111.64759063720703,319.60186767578125,323.6217041015625,130.5743865966797,-325.63970947265625,-317.8076171875,-13.35556411743164,5.523465633392334,0.060343001037836075,0.602796196937561,0.7206377983093262,0.019656598567962646,0.6372388601303101,0.5644152164459229,-13.34573745727539,39000
44.70469665527344,319.2325439453125,322.2369689941406,179.26564025878906,-326.32421875,-318.3125305175781,-13.933618545532227,5.921931266784668,0.057907477021217346,-0.07203710079193115,0.7110716104507446,0.00875862967222929,0.615034818649292,0.5976802110671997,-14.288028717041016,40000
95.29499816894531,320.0428466796875,322.49310302734375,310.1023864746094,-326.84014892578125,-318.900634765625,-14.136616706848145,6.197117805480957,0.053639527410268784,-0.33689993619918823,0.7117102146148682,0.007710939273238182,0.6073944568634033,0.613061785697937,-14.777925491333008,41000
16.321626663208008,320.11761474609375,323.277099609375,309.3336181640625,-326.87725830078125,-318.94073486328125,-14.62163257598877,6.685115814208984,0.0530199371278286,-0.46811842918395996,0.7149659991264343,0.00788800697773695,0.5957611799240112,0.6194730997085571,-15.118459701538086,42000
13.432043075561523,320.9861145019531,322.85968017578125,317.4562072753906,-327.63629150390625,-319.81829833984375,-14.09619426727295,6.278207778930664,0.055129799991846085,0.10980367660522461,0.7162671089172363,0.010844744741916656,0.5716482996940613,0.5996965169906616,-14.46137809753418,43000
13.31932258605957,321.39093017578125,324.26092529296875,314.62896728515625,-328.3966979980469,-320.1767578125,-14.328739166259766,6.1087822914123535,0.0559469573199749,-0.3438739776611328,0.7066848278045654,0.00988280400633812,0.5800121426582336,0.6167516708374023,-15.0851469039917,44000
15.29101848602295,321.73541259765625,324.5787353515625,313.2950439453125,-328.0316162109375,-320.3914794921875,-14.321799278259277,6.68165922164917,0.05263691395521164,-0.41380712389945984,0.7144362330436707,0.012049580924212933,0.5642691254615784,0.609188437461853,-14.920101165771484,45000
60.98728942871094,322.0333557128906,324.98004150390625,209.0803680419922,-329.10601806640625,-321.22027587890625,-13.902303695678711,6.0165557861328125,0.06043725833296776,-0.170912504196167,0.7012953162193298,0.014228633604943752,0.5783804059028625,0.5975502729415894,-14.59151840209961,46000
19.636070251464844,322.3612060546875,325.3238830566406,261.3957214355469,-328.7494812011719,-320.75848388671875,-14.341961860656738,6.3509392738342285,0.05600505694746971,-0.4114876389503479,0.7038874626159668,0.011823592707514763,0.5751253366470337,0.6170775890350342,-15.036726951599121,47000
13.760160446166992,322.8184509277344,326.0978698730469,312.3140869140625,-329.6979064941406,-321.515869140625,-14.526046752929688,6.344038486480713,0.055188849568367004,-0.7227557897567749,0.7062500715255737,0.009230541996657848,0.5820547342300415,0.6255367994308472,-15.311697006225586,48000
13.428787231445312,324.05291748046875,325.97296142578125,319.53314208984375,-330.99981689453125,-323.1300964355469,-14.153809547424316,6.284088611602783,0.05479668825864792,-0.013948000967502594,0.6971135139465332,0.009292876347899437,0.5978458523750305,0.6089334487915039,-14.679403305053711,49000
43.19248580932617,325.0224609375,327.231689453125,177.31155395507812,-331.7105712890625,-323.5666198730469,-14.483604431152344,6.339667797088623,0.05416007712483406,-0.40304577350616455,0.6989651918411255,0.010800715535879135,0.6347346305847168,0.6143798828125,-14.956298828125,50000
14.493727684020996,328.0478515625,328.66436767578125,327.44708251953125,-335.5177307128906,-327.4946594238281,-13.805784225463867,5.7827229499816895,0.05594577267765999,0.004563007038086653,0.7015997171401978,0.009979082271456718,0.5950856804847717,0.595464825630188,-14.36764144897461,51000
438.34033203125,328.5871276855469,332.5305480957031,-329.9372253417969,-334.58343505859375,-326.56280517578125,-13.736955642700195,5.7163262367248535,0.05829576030373573,0.28035181760787964,0.6965070962905884,0.011152309365570545,0.5956400036811829,0.5850077867507935,-14.060747146606445,52000
10.287798881530762,331.3498229980469,333.9518127441406,325.0242614746094,-338.6965026855469,-330.6063232421875,-14.026888847351074,5.9366936683654785,0.055432360619306564,0.1589183807373047,0.6994430422782898,0.008663159795105457,0.595509946346283,0.6022413969039917,-14.508160591125488,53000
31.11890411376953,330.70037841796875,334.8006896972656,227.7408447265625,-337.7052917480469,-329.64605712890625,-13.961246490478516,5.902009963989258,0.05857933312654495,0.02504422329366207,0.6881458163261414,0.010180572047829628,0.5723762512207031,0.595751166343689,-14.371620178222656,54000
16.219356536865234,332.40301513671875,335.08148193359375,316.416259765625,-339.3285827636719,-331.1898193359375,-14.034857749938965,5.896084785461426,0.05415681377053261,0.08449693769216537,0.6874793171882629,0.009779224172234535,0.6200352907180786,0.5947047472000122,-14.395145416259766,55000
15.356090545654297,332.731201171875,332.7469482421875,332.7166748046875,-340.671630859375,-332.7113952636719,-13.839115142822266,5.878873825073242,0.05881652608513832,0.024302266538143158,0.6881771683692932,0.010447529144585133,0.5881671905517578,0.5948411226272583,-14.333934783935547,56000
28.707462310791016,336.2059326171875,339.0120544433594,331.4929504394531,-343.5842590332031,-335.3139953613281,-14.025094985961914,5.754809856414795,0.06082126125693321,0.052053600549697876,0.6892685890197754,0.013276981189846992,0.6129424571990967,0.5996578931808472,-14.58211898803711,57000
15.771833419799805,339.8494567871094,339.9171142578125,339.7820129394531,-347.83331298828125,-339.807861328125,-13.890932083129883,5.8654937744140625,0.055163729935884476,0.1469956338405609,0.686505138874054,0.009112376719713211,0.6117123365402222,0.5969363451004028,-14.504737854003906,58000
100.01441955566406,342.58984375,344.9970703125,118.11831665039062,-349.8761901855469,-341.7577819824219,-13.787596702575684,5.669193744659424,0.061716318130493164,-0.024932749569416046,0.6899809837341309,0.012123595923185349,0.6297132968902588,0.5860199928283691,-14.277074813842773,59000
12.045129776000977,346.18096923828125,346.7007141113281,345.68035888671875,-353.74041748046875,-345.6965026855469,-14.304903030395508,6.260992527008057,0.05289502069354057,-0.226658433675766,0.6860431432723999,0.006852013058960438,0.5907926559448242,0.6145484447479248,-14.956730842590332,60000
57.10482406616211,346.6128845214844,349.82415771484375,164.95892333984375,-353.8582763671875,-345.8545227050781,-13.886363983154297,5.882587432861328,0.054988712072372437,0.032659515738487244,0.6813916563987732,0.010191679932177067,0.5864406228065491,0.5945284366607666,-14.357526779174805,61000
758.775634765625,348.95172119140625,351.61187744140625,85.89700317382812,-354.6388854980469,-346.28607177734375,-13.799357414245605,5.446518898010254,0.05996372550725937,0.18048422038555145,0.6809059381484985,0.011783391237258911,0.6131450533866882,0.5822609066963196,-13.994892120361328,62000
14.910218238830566,350.15093994140625,353.2538757324219,339.57244873046875,-357.05596923828125,-348.7212219238281,-14.231616973876953,5.896883964538574,0.05655203014612198,-0.18099915981292725,0.6781892776489258,0.010029282420873642,0.6130648851394653,0.6098745465278625,-14.75737190246582,63000
67.27162170410156,350.26800537109375,351.96966552734375,342.1391296386719,-357.7249755859375,-349.4124755859375,-13.982927322387695,5.6704559326171875,0.057376451790332794,0.11272929608821869,0.6766297817230225,0.007573664654046297,0.6021743416786194,0.6014597415924072,-14.576345443725586,64000
12.610782623291016,351.8304138183594,352.59918212890625,351.1944885253906,-359.42572021484375,-351.3999328613281,-13.723382949829102,5.697607040405273,0.05710500106215477,0.3200210928916931,0.6791924238204956,0.009701771661639214,0.5768789052963257,0.6031073927879333,-14.562026977539062,65000
13.750848770141602,353.87066650390625,354.3531188964844,353.3896789550781,-361.4928894042969,-353.43157958984375,-13.448058128356934,5.386735439300537,0.05974852293729782,0.19992254674434662,0.671082079410553,0.017199046909809113,0.5420671701431274,0.5951728820800781,-14.323826789855957,66000
11.83124828338623,356.15338134765625,358.89581298828125,350.8218994140625,-363.6715087890625,-355.2567138671875,-13.7890625,5.374253273010254,0.058996956795454025,0.10061145573854446,0.6721118688583374,0.00824236311018467,0.6031098961830139,0.5998361110687256,-14.45826530456543,67000
138.8097381591797,357.27294921875,360.8880310058594,16.222455978393555,-364.14166259765625,-355.6470947265625,-14.146167755126953,5.651618957519531,0.05611405149102211,-0.24049992859363556,0.6590133309364319,0.01065043918788433,0.5964014530181885,0.608715295791626,-14.89975643157959,68000
17.098102569580078,357.59942626953125,362.05841064453125,349.4929504394531,-364.2044677734375,-355.98858642578125,-14.291973114013672,6.076070785522461,0.05405694991350174,-0.5618830323219299,0.6648749709129333,0.010769685730338097,0.5905816555023193,0.6173853874206543,-15.190089225769043,69000
616.9774169921875,355.80029296875,361.0459899902344,57.2890739440918,-360.48126220703125,-352.45074462890625,-13.80740737915039,5.776895046234131,0.059763096272945404,-0.2358294576406479,0.6688830256462097,0.00895872712135315,0.574446976184845,0.591325044631958,-14.338539123535156,70000
13.684867858886719,359.418212890625,362.61895751953125,347.0513916015625,-366.5690002441406,-358.2892150878906,-13.591253280639648,5.311466693878174,0.061746519058942795,0.24171091616153717,0.6624361872673035,0.009768139570951462,0.596686840057373,0.5897836089134216,-14.132707595825195,71000
115.71566009521484,358.8446044921875,363.1693115234375,132.42616271972656,-364.4769287109375,-356.9540710449219,-13.138240814208984,5.615401744842529,0.0609721913933754,0.21218250691890717,0.6574137210845947,0.027636680752038956,0.4850181043148041,0.5921086072921753,-14.301796913146973,72000
145.0696258544922,359.654296875,363.49169921875,83.77713012695312,-365.7676086425781,-357.66754150390625,-13.859025955200195,5.758964538574219,0.057636745274066925,-0.41428259015083313,0.6612886786460876,0.0126136289909482,0.5509886145591736,0.612938404083252,-14.88490104675293,73000
44.48316192626953,358.5647888183594,362.0561828613281,227.61302185058594,-366.1173400878906,-357.504638671875,-14.363965034484863,5.751245975494385,0.05492670461535454,0.16878162324428558,0.6520096659660339,0.0115744573995471,0.6497180461883545,0.6036500930786133,-14.587787628173828,74000
12.516867637634277,359.7401123046875,362.4053039550781,351.73248291015625,-367.0220031738281,-358.8731689453125,-13.454700469970703,5.305868148803711,0.05434679612517357,0.20269519090652466,0.6624165773391724,0.009511180222034454,0.5830434560775757,0.5866904854774475,-14.101421356201172,75000
14.515295028686523,359.5950927734375,363.4093933105469,351.0928039550781,-366.7444152832031,-358.3885498046875,-14.151963233947754,5.796108722686768,0.05431916564702988,-0.1239233985543251,0.6531908512115479,0.009448841214179993,0.6039561033248901,0.6022701263427734,-14.672873497009277,76000
12.916491508483887,359.23553466796875,362.5259094238281,348.4429016113281,-366.77972412109375,-358.0663757324219,-14.436492919921875,5.723145008087158,0.05740020051598549,-0.30485087633132935,0.6509436964988708,0.008683578111231327,0.6143627166748047,0.6267029047012329,-15.349119186401367,77000
51.385032653808594,358.4915771484375,361.4462585449219,209.75718688964844,-365.5217590332031,-357.45147705078125,-13.736712455749512,5.666428565979004,0.05531744286417961,0.04377157241106033,0.6552978754043579,0.00919480063021183,0.5841842889785767,0.5997739434242249,-14.534948348999023,78000
12.592246055603027,358.68243408203125,362.21014404296875,349.89959716796875,-365.46173095703125,-357.3193359375,-13.397741317749023,5.255338191986084,0.05659899860620499,0.11210547387599945,0.653675377368927,0.01099308580160141,0.5977376103401184,0.588491678237915,-14.054615020751953,79000
158.24342346191406,356.93634033203125,361.1196594238281,125.58219909667969,-363.8050537109375,-355.4616394042969,-13.63886547088623,5.295434951782227,0.05964364856481552,0.1994738131761551,0.6523038148880005,0.008297323249280453,0.6031121611595154,0.5911687016487122,-14.245630264282227,80000
67.39031982421875,357.256591796875,360.9041748046875,195.0630645751953,-363.6873474121094,-355.45794677734375,-14.350427627563477,6.121030807495117,0.05444376543164253,-0.43864959478378296,0.6488710641860962,0.011017914861440659,0.5964430570602417,0.6155732870101929,-15.088478088378906,81000
170.38475036621094,358.718994140625,361.90728759765625,111.76461791992188,-364.9263000488281,-356.55487060546875,-14.424354553222656,6.052928447723389,0.05358153581619263,-0.6183301210403442,0.6455104947090149,0.010261612012982368,0.5878207087516785,0.6264438629150391,-15.399328231811523,82000
13.234478950500488,360.9986572265625,363.57598876953125,350.49365234375,-368.72760009765625,-360.14056396484375,-13.371889114379883,4.784848690032959,0.05826673284173012,0.27790117263793945,0.6299456357955933,0.011599072255194187,0.6036410927772522,0.5871173739433289,-14.018020629882812,83000
37.54889678955078,362.84539794921875,365.7332458496094,268.27001953125,-370.5188293457031,-362.04351806640625,-13.862580299377441,5.387271881103516,0.056346870958805084,0.0001212561983265914,0.6451347470283508,0.009294969961047173,0.5992140769958496,0.6030439138412476,-14.604921340942383,84000
192.68124389648438,363.84051513671875,367.7115478515625,153.49969482421875,-370.7143249511719,-362.4749450683594,-13.33359146118164,5.0941996574401855,0.06101290509104729,-0.10326387733221054,0.631994366645813,0.01158338412642479,0.5540174245834351,0.5929590463638306,-14.449766159057617,85000
169.9528350830078,364.83673095703125,368.1583557128906,354.6783752441406,-371.802001953125,-363.52093505859375,-13.685054779052734,5.40399694442749,0.05516893044114113,0.23841091990470886,0.6399611830711365,0.010464753955602646,0.6075282096862793,0.5920354127883911,-14.212118148803711,86000
15.51191234588623,364.94683837890625,368.66400146484375,358.1609802246094,-372.3363952636719,-363.659912109375,-14.442748069763184,5.766256332397461,0.053256891667842865,-0.5127567052841187,0.6376694440841675,0.008047167211771011,0.5997353196144104,0.6304997205734253,-15.582605361938477,87000
13.572463989257812,365.466796875,368.6717224121094,359.0840759277344,-372.6092529296875,-364.06195068359375,-14.470453262329102,5.923171043395996,0.05208799988031387,-0.3640115559101105,0.6361328959465027,0.006629252806305885,0.620949387550354,0.6236541867256165,-15.401921272277832,88000
13.430127143859863,365.8589172363281,369.70428466796875,355.06298828125,-372.5686340332031,-364.32183837890625,-13.994091033935547,5.7472710609436035,0.053274501115083694,-0.12117637693881989,0.6346239447593689,0.00965568795800209,0.5850400924682617,0.6073996424674988,-14.823941230773926,89000
107.75080108642578,365.89068603515625,370.4736022949219,173.12786865234375,-372.6098327636719,-364.05474853515625,-13.919218063354492,5.364131927490234,0.057173702865839005,-0.1194276437163353,0.6324121356010437,0.008623560890555382,0.6187057495117188,0.6070830821990967,-14.789751052856445,90000
127.1207504272461,365.9849853515625,370.1957092285156,112.65386962890625,-372.6871032714844,-364.29742431640625,-13.651323318481445,5.261656284332275,0.05427555367350578,0.28047606348991394,0.622637927532196,0.009613607078790665,0.5994714498519897,0.5858463048934937,-14.182494163513184,91000
151.0474853515625,368.14422607421875,371.6976318359375,169.5995635986328,-375.5709533691406,-367.0845642089844,-13.678183555603027,5.191803932189941,0.06151164323091507,-0.03112174943089485,0.6296713352203369,0.010522410273551941,0.581529974937439,0.6003882884979248,-14.515008926391602,92000
198.63719177246094,368.7293701171875,373.4623718261719,96.98025512695312,-375.6419982910156,-367.14007568359375,-13.36876106262207,4.866847991943359,0.062002651393413544,0.14823099970817566,0.6210117340087891,0.008085410110652447,0.5949404239654541,0.5884197950363159,-14.042407989501953,93000
13.793275833129883,371.48651123046875,374.5703430175781,361.4804382324219,-378.7712097167969,-370.27508544921875,-13.930866241455078,5.434741020202637,0.05897998809814453,-0.127936452627182,0.6229594349861145,0.007854998111724854,0.6148717403411865,0.6118032336235046,-14.858617782592773,94000
13.496204376220703,374.7097473144531,374.8760986328125,374.5769958496094,-383.0274963378906,-374.6083679199219,-13.389460563659668,4.970324516296387,0.05884971469640732,0.3683599531650543,0.621350884437561,0.009785516187548637,0.6018496751785278,0.5862469673156738,-14.035276412963867,95000
10.496467590332031,378.47662353515625,380.98602294921875,374.7860412597656,-385.85723876953125,-377.4747619628906,-13.550317764282227,5.16785192489624,0.05833097919821739,0.11108388751745224,0.6216345429420471,0.009636824019253254,0.5888625383377075,0.5936862230300903,-14.364141464233398,96000
75.22801971435547,381.2681579589844,384.7755126953125,192.745361328125,-388.11053466796875,-379.51385498046875,-14.217129707336426,5.620439529418945,0.053133655339479446,-0.3558357357978821,0.6229089498519897,0.012242892757058144,0.6063317656517029,0.6118066906929016,-15.02435302734375,97000
182.3501739501953,381.26318359375,384.38623046875,130.9876251220703,-388.44866943359375,-379.759521484375,-13.844923973083496,5.155775547027588,0.05790012329816818,0.04865359142422676,0.6167225241661072,0.007436948828399181,0.6167827248573303,0.6008695363998413,-14.562678337097168,98000
60.15583419799805,382.8221435546875,386.1827697753906,175.2779541015625,-389.5682678222656,-381.4612731933594,-13.224510192871094,5.117524147033691,0.058496925979852676,0.3088535666465759,0.6172531247138977,0.013148646801710129,0.5444483757019043,0.5828360915184021,-14.100984573364258,99000
11.010370254516602,384.76629638671875,386.799560546875,381.1007080078125,-392.65301513671875,-384.141845703125,-13.550708770751953,5.0395402908325195,0.05714574083685875,0.1268591433763504,0.6172240972518921,0.00912794005125761,0.6107333302497864,0.5930171012878418,-14.265721321105957,100000
26.395984649658203,386.02093505859375,388.79046630859375,326.15625,-394.0821533203125,-385.1266784667969,-13.734978675842285,4.779510498046875,0.06078687682747841,0.24386553466320038,0.6172380447387695,0.009298501536250114,0.6385696530342102,0.5940650701522827,-14.41448974609375,101000
10.496888160705566,388.298583984375,391.0120544433594,382.5567932128906,-395.7726745605469,-387.1455383300781,-13.574139595031738,4.946993827819824,0.05736512318253517,0.051275502890348434,0.6075945496559143,0.007898234762251377,0.5946366190910339,0.6029590368270874,-14.550578117370605,102000
96.33031463623047,389.83563232421875,392.67840576171875,147.76239013671875,-397.6151428222656,-389.10430908203125,-13.70875358581543,5.197918891906738,0.0576588474214077,-0.1470213383436203,0.6098951697349548,0.01215033233165741,0.5860443115234375,0.5983783006668091,-14.50666618347168,103000
10.52782154083252,392.43505859375,395.2023010253906,384.3531188964844,-400.0215148925781,-391.395263671875,-13.62244987487793,4.996177673339844,0.05964312702417374,0.0717456191778183,0.6124110221862793,0.009821638464927673,0.5959320068359375,0.5962590575218201,-14.427142143249512,104000
109.78673553466797,393.68780517578125,397.50439453125,176.51568603515625,-400.7313537597656,-392.33001708984375,-13.732381820678711,5.331040859222412,0.05644286423921585,-0.29029497504234314,0.6090090870857239,0.009036445058882236,0.5775816440582275,0.6087286472320557,-14.755815505981445,105000
47.19486618041992,394.7135009765625,398.378173828125,212.72561645507812,-401.9403381347656,-393.52581787109375,-13.70546817779541,5.290952205657959,0.05778898671269417,-0.1707156002521515,0.6015067100524902,0.011153992265462875,0.5835603475570679,0.5954508185386658,-14.364259719848633,106000
130.0600128173828,393.60711669921875,397.613525390625,159.3287811279297,-400.68902587890625,-392.1095275878906,-13.6210355758667,5.041542053222656,0.0589708648622036,0.14430274069309235,0.6057127118110657,0.008694270625710487,0.5953158140182495,0.5893397331237793,-14.202815055847168,107000
532.63037109375,394.05615234375,398.5025634765625,88.65955352783203,-400.38336181640625,-392.36993408203125,-12.80236530303955,4.788929462432861,0.0628645122051239,0.3935907185077667,0.6029836535453796,0.010375899262726307,0.5452516078948975,0.5720170736312866,-13.758688926696777,108000
11.162627220153809,395.659912109375,399.54437255859375,381.2370910644531,-402.8583984375,-394.2663269042969,-13.574586868286133,4.982508659362793,0.05924886837601662,-0.053128987550735474,0.5999757051467896,0.007289743050932884,0.6162141561508179,0.5920367240905762,-14.252546310424805,109000
11.848957061767578,396.83807373046875,399.5165710449219,391.26861572265625,-404.3169250488281,-395.502197265625,-14.176037788391113,5.3612961769104,0.05815340578556061,-0.17001403868198395,0.6033663153648376,0.009745271876454353,0.6318089365959167,0.6039111018180847,-14.749709129333496,110000
65.77220153808594,399.7841796875,403.0902404785156,166.3584747314453,-407.5548095703125,-398.84869384765625,-14.22933578491211,5.523229122161865,0.05614522844552994,-0.47730857133865356,0.5983121395111084,0.010002930648624897,0.6028609871864319,0.6200013756752014,-15.195767402648926,111000
24.502227783203125,403.2774658203125,405.648193359375,397.34661865234375,-410.9618835449219,-402.281494140625,-14.178890228271484,5.498509883880615,0.052813753485679626,-0.4727441966533661,0.5992048978805542,0.008936384692788124,0.5840426087379456,0.6253176927566528,-15.44332504272461,112000
9.809911727905273,405.4066467285156,408.01239013671875,395.4155578613281,-413.23541259765625,-404.4796142578125,-13.767963409423828,5.012176513671875,0.057816483080387115,0.08789670467376709,0.5966448187828064,0.008296015672385693,0.5949792861938477,0.6054841876029968,-14.703014373779297,113000
253.59629821777344,406.6148681640625,410.28375244140625,69.52831268310547,-413.11639404296875,-404.515625,-13.987894058227539,5.3871307373046875,0.05801369994878769,-0.5184305310249329,0.5923223495483398,0.013719651848077774,0.5893735885620117,0.611553430557251,-15.058610916137695,114000
187.19322204589844,407.951416015625,412.2047424316406,69.37963104248047,-414.8594970703125,-406.1460876464844,-13.58912467956543,4.8757171630859375,0.061913490295410156,0.07282230257987976,0.5921445488929749,0.013063425198197365,0.6144763231277466,0.5936378240585327,-14.311537742614746,115000
108.55801391601562,409.5379638671875,413.5144348144531,101.40492248535156,-417.0376892089844,-408.2757568359375,-13.720697402954102,4.958785057067871,0.059459056705236435,0.147913858294487,0.5874620676040649,0.012485247105360031,0.6160790920257568,0.5925372838973999,-14.354025840759277,116000
254.04466247558594,410.30810546875,414.1425476074219,119.33786010742188,-417.6186828613281,-409.0096435546875,-14.078012466430664,5.468952655792236,0.057728782296180725,-0.41541728377342224,0.5946269035339355,0.010408356785774231,0.618378221988678,0.6069697141647339,-14.856584548950195,117000
52.509212493896484,411.4177551269531,415.2967834472656,242.15725708007812,-419.1266784667969,-410.6431884765625,-13.256998062133789,4.773491382598877,0.06107823923230171,0.500587522983551,0.5928956866264343,0.011742383241653442,0.5825331807136536,0.58323734998703,-13.999313354492188,118000
9.241626739501953,413.91998291015625,416.4837951660156,408.10406494140625,-421.2798767089844,-412.79974365234375,-13.443991661071777,4.963872909545898,0.05756593495607376,0.20816461741924286,0.5923173427581787,0.008628178387880325,0.5983789563179016,0.5852742195129395,-14.092662811279297,119000
10.603313446044922,416.27069091796875,419.2244873046875,409.48895263671875,-423.91436767578125,-415.29608154296875,-13.766801834106445,5.148536205291748,0.05820673704147339,-0.13618861138820648,0.5882836580276489,0.00836605578660965,0.6083812713623047,0.5990093946456909,-14.565837860107422,120000
16.89149284362793,419.9908447265625,422.63897705078125,399.9585266113281,-427.92022705078125,-419.1104431152344,-13.732992172241211,4.923214912414551,0.060794051736593246,0.10063111782073975,0.5887153744697571,0.013417167589068413,0.6198875308036804,0.5950807929039001,-14.43899917602539,121000
12.198163986206055,424.2734375,425.8587646484375,418.5851745605469,-432.093505859375,-423.41119384765625,-13.10414981842041,4.421832084655762,0.060561951249837875,0.21891188621520996,0.583733320236206,0.0077994205057621,0.578980565071106,0.589658260345459,-14.058002471923828,122000
8.41249942779541,425.5790100097656,428.68316650390625,416.6794128417969,-432.92230224609375,-424.25872802734375,-13.276313781738281,4.612732887268066,0.058675870299339294,0.04845641553401947,0.5843329429626465,0.006805958226323128,0.5848116278648376,0.5927572250366211,-14.234282493591309,123000
535.594970703125,426.060791015625,430.41180419921875,47.501461029052734,-432.8084716796875,-424.29345703125,-13.422436714172363,4.907407283782959,0.06333189457654953,0.09565487504005432,0.5840734243392944,0.015234827995300293,0.6217274069786072,0.581304132938385,-13.983292579650879,124000
10.964885711669922,428.3455505371094,431.66424560546875,419.55609130859375,-435.8534851074219,-427.11383056640625,-13.701257705688477,4.961619853973389,0.056705623865127563,-0.16583669185638428,0.581071674823761,0.008575940504670143,0.5842550992965698,0.6064789295196533,-14.725780487060547,125000
10.296631813049316,429.58349609375,433.00445556640625,419.33160400390625,-437.01275634765625,-428.5059509277344,-13.599285125732422,5.092457294464111,0.0571863017976284,-0.03506717458367348,0.5766212940216064,0.007802396547049284,0.6096977591514587,0.6038863658905029,-14.509428024291992,126000
189.7644500732422,429.4885559082031,433.8814697265625,68.35301971435547,-436.6084289550781,-428.026611328125,-13.739234924316406,5.157403469085693,0.06012887880206108,-0.12962932884693146,0.5763431191444397,0.0078864935785532,0.592925488948822,0.601224422454834,-14.602346420288086,127000
7.390090465545654,432.6164855957031,435.42095947265625,428.0331115722656,-440.57940673828125,-431.81005859375,-13.772533416748047,5.003178119659424,0.05297337472438812,-0.25311025977134705,0.5717147588729858,0.00728197954595089,0.5943978428840637,0.6033065319061279,-14.583292961120605,128000
178.2449951171875,432.9884033203125,436.83868408203125,200.42466735839844,-440.3866882324219,-431.5507507324219,-13.777303695678711,4.941371440887451,0.058914873749017715,-0.16346785426139832,0.5676469206809998,0.010683489963412285,0.6040651202201843,0.6003519296646118,-14.78504753112793,129000
11.412206649780273,434.34710693359375,437.74114990234375,417.49163818359375,-441.3940124511719,-432.9615478515625,-13.41964340209961,4.987192153930664,0.05717873200774193,0.029841573908925056,0.5742570161819458,0.008451955392956734,0.5793099403381348,0.5951895713806152,-14.403975486755371,130000
103.2195053100586,435.775146484375,438.6807861328125,244.646484375,-442.301025390625,-433.8604736328125,-13.267533302307129,4.82698917388916,0.062117066234350204,0.3074333369731903,0.5745836496353149,0.009933317080140114,0.5846025347709656,0.5780444145202637,-13.91529369354248,131000
192.073486328125,438.3612060546875,441.052978515625,213.6776123046875,-446.44952392578125,-437.7073974609375,-13.401511192321777,4.659389019012451,0.06177233159542084,0.20610572397708893,0.5692538022994995,0.009238217957317829,0.6139106154441833,0.5838428139686584,-14.088111877441406,132000
8.961493492126465,441.61627197265625,443.8350830078125,428.58331298828125,-450.0344543457031,-441.16485595703125,-13.489212036132812,4.619603157043457,0.0572369247674942,0.35673898458480835,0.5695503354072571,0.008947346359491348,0.6049038171768188,0.5931034088134766,-14.324350357055664,133000
8.483648300170898,443.49365234375,446.3573303222656,436.6549987792969,-451.1271667480469,-442.73077392578125,-12.936332702636719,4.539951324462891,0.059571124613285065,0.23941053450107574,0.5671775937080383,0.008818093687295914,0.5505707263946533,0.5809409618377686,-13.895305633544922,134000
231.66415405273438,444.6595153808594,447.2444763183594,154.1314239501953,-452.6922912597656,-443.87176513671875,-14.048250198364258,5.227732181549072,0.05740799009799957,-0.5235391855239868,0.5663202404975891,0.009773161262273788,0.6147568225860596,0.6143760681152344,-15.157508850097656,135000
9.630772590637207,448.6958312988281,450.1835021972656,445.8521728515625,-456.7453308105469,-447.86376953125,-13.458040237426758,4.576468467712402,0.059906456619501114,0.19483725726604462,0.5669755935668945,0.008185206912457943,0.595849335193634,0.5959280729293823,-14.346733093261719,136000
8.288710594177246,450.0894775390625,452.31683349609375,445.15899658203125,-458.0303955078125,-449.07183837890625,-14.392585754394531,5.434027671813965,0.05240275710821152,-0.43595293164253235,0.5663992762565613,0.009501725435256958,0.6212307214736938,0.6238001585006714,-15.405341148376465,137000
10.219135284423828,452.3856201171875,454.5919189453125,445.1867370605469,-459.7430114746094,-451.23492431640625,-13.508919715881348,5.000828266143799,0.057113803923130035,-0.1607496440410614,0.5642939209938049,0.010338317602872849,0.5724220275878906,0.6027405261993408,-14.736980438232422,138000
12.237201690673828,455.23895263671875,455.3399963378906,455.15496826171875,-463.9580078125,-455.1919250488281,-13.65351676940918,4.88740873336792,0.05487184599041939,-0.14549466967582703,0.5614848136901855,0.010297957807779312,0.574574887752533,0.6131569147109985,-15.083998680114746,139000
11.930773735046387,457.37664794921875,458.157958984375,453.02935791015625,-465.5827331542969,-456.79510498046875,-13.662202835083008,4.874568462371826,0.0559161975979805,-0.11389631778001785,0.5631207227706909,0.009640912525355816,0.58664470911026,0.6031944751739502,-14.849340438842773,140000
10.693317413330078,460.2542724609375,462.5063781738281,456.6410217285156,-468.1576843261719,-459.23193359375,-13.665655136108398,4.739906311035156,0.05514449253678322,0.10971742868423462,0.5607364177703857,0.009447908960282803,0.6117970943450928,0.6007064580917358,-14.534971237182617,141000
708.8803100585938,462.99542236328125,464.5088806152344,390.2984924316406,-470.9764099121094,-461.97052001953125,-13.623638153076172,4.617724895477295,0.06258723139762878,0.07178299129009247,0.5521284937858582,0.007282677106559277,0.5982113480567932,0.5953609943389893,-14.594110488891602,142000
174.5448455810547,462.6663513183594,466.0370788574219,175.1404571533203,-470.4443359375,-461.86187744140625,-13.38845443725586,4.806002140045166,0.057354144752025604,0.16576169431209564,0.5555576682090759,0.008377067744731903,0.590247392654419,0.5938100814819336,-14.227184295654297,143000
183.4197235107422,464.0573425292969,467.1736755371094,155.59173583984375,-471.329833984375,-462.23309326171875,-13.877992630004883,4.781235694885254,0.055611055344343185,0.060511086136102676,0.5542593002319336,0.009794395416975021,0.6298084855079651,0.6010099649429321,-14.589054107666016,144000
317.39825439453125,464.18267822265625,467.5295715332031,86.90760040283203,-471.62615966796875,-463.086181640625,-12.916045188903809,4.376080513000488,0.06536772102117538,0.48307523131370544,0.5518319010734558,0.011847913265228271,0.5972127914428711,0.5731267929077148,-13.615516662597656,145000
9.244691848754883,466.60150146484375,468.2164001464844,459.6011962890625,-474.71820068359375,-465.76904296875,-13.766801834106445,4.817670822143555,0.05588752403855324,-0.0562298484146595,0.5537117719650269,0.008062870241701603,0.6140814423561096,0.6027871370315552,-14.65955638885498,146000
1445.1927490234375,465.2629699707031,470.1505432128906,87.23527526855469,-468.62396240234375,-459.91070556640625,-13.200490951538086,4.487239837646484,0.0632922574877739,0.14251136779785156,0.5515218377113342,0.01254691369831562,0.5896628499031067,0.58033287525177,-13.972284317016602,147000
10.491226196289062,468.78216552734375,468.95904541015625,467.5190734863281,-477.5729064941406,-468.6858215332031,-13.827991485595703,4.940915584564209,0.05275557190179825,-0.08882123976945877,0.5515713095664978,0.008927468210458755,0.6186378598213196,0.6054977178573608,-14.795412063598633,148000
9.604044914245605,468.73590087890625,471.6827697753906,456.55328369140625,-476.065185546875,-467.34210205078125,-13.230586051940918,4.507497787475586,0.05990525707602501,-0.012512247078120708,0.5472992062568665,0.008678391575813293,0.5828604698181152,0.5932358503341675,-14.223393440246582,149000
10.524700164794922,470.9896240234375,471.2146911621094,470.7760314941406,-479.321533203125,-470.7294006347656,-13.014974594116211,4.422860145568848,0.0551709420979023,0.33367663621902466,0.5491015315055847,0.009656490758061409,0.5582711100578308,0.5874653458595276,-14.01228141784668,150000
10.29849910736084,472.78790283203125,475.5556640625,467.02691650390625,-480.9905090332031,-471.7159729003906,-14.0495023727417,4.774972915649414,0.055714938789606094,-0.18884988129138947,0.5484883189201355,0.009828048758208752,0.6474444270133972,0.6127694249153137,-14.942167282104492,151000
10.022416114807129,474.0523986816406,476.07275390625,458.31658935546875,-481.6611328125,-472.8266906738281,-13.262331008911133,4.427886009216309,0.05975939333438873,0.022401582449674606,0.5407086610794067,0.009070347063243389,0.5895068645477295,0.5913903713226318,-14.321560859680176,152000
12.871885299682617,475.88775634765625,476.1979675292969,475.57720947265625,-484.25872802734375,-475.5296630859375,-13.283926963806152,4.554882049560547,0.05580796301364899,0.21059738099575043,0.5449504256248474,0.006833628751337528,0.5837376713752747,0.5868290662765503,-14.225679397583008,153000
10.329670906066895,478.5081481933594,480.21990966796875,440.8201904296875,-486.4607238769531,-477.6800537109375,-13.010985374450684,4.230329513549805,0.06135888770222664,0.2976728081703186,0.5431983470916748,0.010744096711277962,0.5893204212188721,0.5811744332313538,-14.004030227661133,154000
7.671764373779297,480.629638671875,481.5303649902344,478.5246276855469,-488.6944274902344,-480.06475830078125,-13.143871307373047,4.514187812805176,0.05630641058087349,0.2947443127632141,0.5432511568069458,0.008715542033314705,0.5780153274536133,0.5888296961784363,-14.092216491699219,155000
8.101985931396484,482.7431335449219,485.10162353515625,478.17437744140625,-491.1308898925781,-481.81695556640625,-13.432389259338379,4.118472576141357,0.060105886310338974,0.22554798424243927,0.5420354008674622,0.009081492200493813,0.6198989152908325,0.5862240195274353,-14.038392066955566,156000
254.31509399414062,483.4029846191406,486.72021484375,121.24456024169922,-490.36669921875,-481.639404296875,-13.05454158782959,4.327250003814697,0.06128499284386635,0.19396723806858063,0.5419754981994629,0.00943446159362793,0.5772989988327026,0.5862569808959961,-14.096555709838867,157000
7.933150768280029,485.45684814453125,487.6372375488281,481.3726806640625,-493.38104248046875,-484.5068664550781,-13.450834274291992,4.576650142669678,0.05510852485895157,-0.048791442066431046,0.5426337718963623,0.011326845735311508,0.5811393857002258,0.6065816879272461,-14.770881652832031,158000
7.652520656585693,487.10394287109375,489.6638488769531,477.8256530761719,-495.2016906738281,-486.01873779296875,-13.271967887878418,4.08901834487915,0.05761433392763138,0.25077489018440247,0.5331019163131714,0.009032825008034706,0.617709755897522,0.5871979594230652,-14.018274307250977,159000
7.524054527282715,487.89923095703125,490.1936340332031,479.1283874511719,-495.8116455078125,-486.499267578125,-13.884344100952148,4.571957588195801,0.05669581890106201,-0.2591683864593506,0.5381933450698853,0.0063011376187205315,0.6194382905960083,0.6151366233825684,-15.000860214233398,160000
9.465115547180176,489.1934509277344,491.63458251953125,484.67718505859375,-497.25933837890625,-488.26312255859375,-13.210615158081055,4.214385032653809,0.058442700654268265,0.17875584959983826,0.535250186920166,0.008177436888217926,0.6054466366767883,0.5871317386627197,-14.081306457519531,161000
468.1699523925781,489.84710693359375,493.0614013671875,25.445743560791016,-497.14337158203125,-488.5196228027344,-12.840841293334961,4.217100143432617,0.058664433658123016,0.35224688053131104,0.5359958410263062,0.007730423938483,0.5805114507675171,0.5783001184463501,-13.890913009643555,162000
142.7279815673828,490.2850646972656,493.9527893066406,152.23133850097656,-497.6664123535156,-488.8362731933594,-13.245824813842773,4.415682792663574,0.05832580849528313,0.14815343916416168,0.5312961935997009,0.007252967916429043,0.5992923974990845,0.5911085605621338,-14.244264602661133,163000
8.740145683288574,493.31158447265625,494.28021240234375,487.4786071777344,-501.54803466796875,-492.713623046875,-12.890800476074219,4.056405067443848,0.05870920419692993,0.32351529598236084,0.5317985415458679,0.009344477206468582,0.5780200958251953,0.5814031362533569,-13.921451568603516,164000
352.4531555175781,492.4871520996094,496.6044921875,133.33238220214844,-499.0791320800781,-490.44976806640625,-13.15077018737793,4.521393775939941,0.05779961869120598,0.14965219795703888,0.5312258005142212,0.007386964280158281,0.5719536542892456,0.5910530090332031,-14.273754119873047,165000
210.42315673828125,493.8031311035156,497.0849609375,148.31809997558594,-501.3573303222656,-492.41387939453125,-13.147821426391602,4.204385757446289,0.06206618994474411,0.14749683439731598,0.5303636193275452,0.00895227212458849,0.593542754650116,0.5852707624435425,-14.046842575073242,166000
7.900082588195801,496.0870666503906,497.8457336425781,490.250732421875,-504.720947265625,-495.680419921875,-13.074800491333008,4.0342793464660645,0.060188524425029755,0.5751342177391052,0.5315248370170593,0.007810803595930338,0.61296546459198,0.5779629945755005,-13.708391189575195,167000
306.023681640625,496.62420654296875,499.7413635253906,112.19196319580078,-503.5297546386719,-494.96551513671875,-13.045482635498047,4.481242656707764,0.05910586565732956,0.23664988577365875,0.5269315838813782,0.008341383188962936,0.5575673580169678,0.5925687551498413,-14.361963272094727,168000
10.162817001342773,497.513916015625,497.8536071777344,497.18072509765625,-506.46734619140625,-497.2300109863281,-13.510766983032227,4.273447513580322,0.05797181650996208,0.15427157282829285,0.5283694267272949,0.008456212468445301,0.6171884536743164,0.5937119722366333,-14.421018600463867,169000
113.00796508789062,497.39752197265625,501.5689392089844,187.5874481201172,-504.4001770019531,-495.7005615234375,-13.257793426513672,4.558152198791504,0.05752897262573242,0.0966547429561615,0.5267302989959717,0.008233845233917236,0.5819000005722046,0.5949312448501587,-14.429786682128906,170000
9.498344421386719,497.08929443359375,500.4129333496094,484.6808776855469,-505.36505126953125,-496.013427734375,-14.061544418334961,4.709938049316406,0.052360862493515015,-0.2420753836631775,0.522743284702301,0.008174953050911427,0.6272027492523193,0.6136429905891418,-14.961746215820312,171000
8.133527755737305,499.21368408203125,501.5811462402344,495.04345703125,-506.8524169921875,-498.112548828125,-13.010221481323242,4.270370006561279,0.05975488945841789,0.044167060405015945,0.5202298760414124,0.012193086557090282,0.5513782501220703,0.5963917970657349,-14.56443977355957,172000
148.4731903076172,499.6901550292969,503.6138000488281,145.58010864257812,-507.8139953613281,-498.6553955078125,-13.752984046936035,4.594390869140625,0.058180540800094604,-0.17725130915641785,0.517361581325531,0.007899943739175797,0.6143192648887634,0.6133899688720703,-14.94958782196045,173000
372.2427978515625,501.28057861328125,502.2037353515625,103.3642349243164,-509.6246337890625,-500.76531982421875,-13.222400665283203,4.36309289932251,0.06165693700313568,-0.10026074945926666,0.518265962600708,0.0072049968875944614,0.5795400142669678,0.5948892831802368,-14.461149215698242,174000
10.076095581054688,503.52398681640625,503.9161376953125,503.1319580078125,-512.1671752929688,-503.1779479980469,-13.080286979675293,4.091038227081299,0.05727372318506241,0.4352606534957886,0.5219435691833496,0.008897947147488594,0.6091283559799194,0.580895185470581,-13.837835311889648,175000
300.3359680175781,503.72540283203125,506.1075439453125,195.1719512939453,-511.90521240234375,-502.5697326660156,-13.912071228027344,4.576601028442383,0.05400814861059189,-0.2643938362598419,0.5205259919166565,0.008215781301259995,0.6215246915817261,0.6145883798599243,-15.03739070892334,176000
9.982069969177246,506.6317443847656,506.8194580078125,503.4454345703125,-515.4630126953125,-506.45904541015625,-13.743790626525879,4.739826679229736,0.054321981966495514,-0.4915800392627716,0.5184695720672607,0.0065869782119989395,0.6036174893379211,0.6129867434501648,-15.081948280334473,177000
9.080162048339844,508.52099609375,508.81732177734375,508.2271423339844,-517.2652587890625,-508.2132568359375,-13.420787811279297,4.368800640106201,0.05662835016846657,-0.06493456661701202,0.5121421217918396,0.007450377102941275,0.5991605520248413,0.5981617569923401,-14.505788803100586,178000
214.69432067871094,509.60546875,510.73504638671875,175.82540893554688,-518.5145874023438,-509.823974609375,-12.773587226867676,4.082920074462891,0.06088200584053993,0.2906779646873474,0.5164559483528137,0.008937711827456951,0.5693969130516052,0.5766675472259521,-13.82010555267334,179000
10.448335647583008,510.90594482421875,511.6971435546875,505.9853210449219,-519.923828125,-510.561767578125,-14.043033599853516,4.680938720703125,0.05499458312988281,-0.3246564269065857,0.5175760984420776,0.006946464069187641,0.6234754323959351,0.6213763952255249,-15.296817779541016,180000
8.138916969299316,512.3671875,514.4033813476562,505.8979187011719,-521.0906982421875,-511.8546142578125,-13.671123504638672,4.435041904449463,0.05470399186015129,-0.1254829466342926,0.5125913023948669,0.0068547846749424934,0.589550256729126,0.6176761388778687,-14.992536544799805,181000
170.7715606689453,513.4523315429688,516.12060546875,241.5497283935547,-521.5535888671875,-512.3151245117188,-13.239110946655273,4.000701427459717,0.06388556212186813,0.2854160666465759,0.5138397216796875,0.010655773803591728,0.6078212261199951,0.5847830772399902,-14.135234832763672,182000
9.55898380279541,514.1788940429688,516.9349365234375,503.3837585449219,-522.092041015625,-513.1900634765625,-12.930587768554688,4.028641223907471,0.05923128128051758,0.25158289074897766,0.513714611530304,0.007648416794836521,0.5773062705993652,0.5867950916290283,-14.112887382507324,183000
406.7305908203125,513.5806884765625,517.3733520507812,46.61686706542969,-520.6831665039062,-511.48931884765625,-13.462495803833008,4.268671035766602,0.05634865164756775,-0.33851563930511475,0.5075430870056152,0.008194654248654842,0.5989862680435181,0.606802225112915,-14.782299041748047,184000
567.602783203125,514.861083984375,517.8698120117188,168.38536071777344,-522.192626953125,-513.0343017578125,-13.150630950927734,3.992283821105957,0.057284075766801834,0.28884050250053406,0.5136994123458862,0.01291029155254364,0.6013343334197998,0.579321563243866,-14.043313980102539,185000
179.93685913085938,516.0931396484375,519.1844482421875,111.46766662597656,-522.9190063476562,-514.0341796875,-13.183956146240234,4.299104690551758,0.055685803294181824,0.05786396563053131,0.5107337832450867,0.0071326568722724915,0.5842188000679016,0.5915146470069885,-14.384552001953125,186000
7.74213981628418,518.00830078125,520.451416015625,514.1650390625,-525.9110717773438,-516.644775390625,-13.653470993041992,4.387162685394287,0.05384582653641701,0.09962186962366104,0.5105209946632385,0.007366337813436985,0.630372941493988,0.6042603850364685,-14.617816925048828,187000
11.282495498657227,518.54833984375,521.2863159179688,511.0774230957031,-526.3168334960938,-516.9671630859375,-13.854596138000488,4.5049285888671875,0.053329307585954666,-0.2336045503616333,0.5038849711418152,0.00741596007719636,0.6164810657501221,0.620642900466919,-15.23250961303711,188000
894.2499389648438,519.24853515625,522.0323486328125,356.4798278808594,-527.1829223632812,-518.322265625,-13.160690307617188,4.300074100494385,0.05772111564874649,0.052573539316654205,0.5021680593490601,0.00893580261617899,0.5734407901763916,0.5997236371040344,-14.559324264526367,189000
7.03324556350708,520.800537109375,522.6216430664062,516.5435180664062,-529.1649169921875,-519.7500610351562,-13.908266067504883,4.493429660797119,0.05472904443740845,-0.11410795152187347,0.5071762204170227,0.006170507054775953,0.6189531087875366,0.611250638961792,-14.867033004760742,190000
9.74191665649414,522.0867919921875,522.1695556640625,522.0125732421875,-530.9718627929688,-522.0206298828125,-13.044655799865723,4.09346866607666,0.05957454815506935,0.2030511498451233,0.5049797296524048,0.007067004684358835,0.5752115249633789,0.5872796773910522,-14.226088523864746,191000
9.005363464355469,524.3410034179688,526.3152465820312,514.787841796875,-532.631103515625,-523.4652099609375,-13.896026611328125,4.730079650878906,0.05431497097015381,-0.5158248543739319,0.5032395720481873,0.005996705032885075,0.6056966781616211,0.620342493057251,-15.301673889160156,192000
8.97385025024414,523.5382080078125,525.1121215820312,516.2843017578125,-531.9822998046875,-522.8634643554688,-13.263282775878906,4.144458770751953,0.05580560117959976,0.05171528458595276,0.504828691482544,0.0056874752044677734,0.5924703478813171,0.5981965065002441,-14.457744598388672,193000
232.96148681640625,523.6449584960938,526.849609375,155.71282958984375,-531.1469116210938,-522.2357788085938,-13.296561241149902,4.38543701171875,0.059350162744522095,-0.29193270206451416,0.505652666091919,0.007580396719276905,0.5784839391708374,0.6070554256439209,-14.918416976928711,194000
6.614115238189697,524.4013671875,526.8836059570312,517.674560546875,-532.6936645507812,-523.2559204101562,-13.693470001220703,4.255761623382568,0.05377523601055145,0.08917517215013504,0.49808064103126526,0.007264533545821905,0.6349860429763794,0.59996497631073,-14.41218090057373,195000
9.510078430175781,523.9364013671875,526.1832885742188,514.2581176757812,-532.352783203125,-523.4921875,-12.721658706665039,3.861057996749878,0.058035850524902344,0.42877626419067383,0.49892014265060425,0.008644169196486473,0.560413122177124,0.577709436416626,-13.8538179397583,196000
573.7468872070312,522.6414184570312,525.3341674804688,104.34502410888672,-530.6484375,-521.5928344726562,-13.220537185668945,4.164911270141602,0.0585651695728302,0.0010974662145599723,0.4977943003177643,0.008996030315756798,0.6013796925544739,0.5864124298095703,-14.227849006652832,197000
8.167268753051758,524.177734375,526.0921630859375,514.8895263671875,-532.3351440429688,-523.0933837890625,-13.281133651733398,4.039351463317871,0.060961030423641205,0.049768056720495224,0.49603816866874695,0.007660018280148506,0.588142991065979,0.5938397645950317,-14.467636108398438,198000
7.432888984680176,526.2114868164062,528.18994140625,519.9481811523438,-534.1068115234375,-525.060546875,-12.882109642028809,3.8358285427093506,0.05564197152853012,0.41043370962142944,0.49104568362236023,0.007121668197214603,0.5919620394706726,0.5813698172569275,-13.920669555664062,199000
8.27916145324707,527.2713623046875,529.3589477539062,522.1498413085938,-535.6261596679688,-526.542236328125,-13.343277931213379,4.259328365325928,0.05460313707590103,-0.12343384325504303,0.48969921469688416,0.0065488810651004314,0.5895736217498779,0.6053414344787598,-14.670809745788574,200000
7.892635822296143,528.5680541992188,530.6143188476562,524.3447265625,-536.873779296875,-527.5833740234375,-13.806018829345703,4.515594482421875,0.05327991396188736,-0.09711010754108429,0.495564341545105,0.007105207536369562,0.6091039776802063,0.6093157529830933,-15.020747184753418,201000
8.783824920654297,529.900146484375,531.4675903320312,524.8622436523438,-538.0972290039062,-528.863525390625,-13.503692626953125,4.269937515258789,0.05627914145588875,-0.03899962455034256,0.4959932863712311,0.005545379593968391,0.6065835952758789,0.5988864898681641,-14.586450576782227,202000
8.483516693115234,531.55712890625,532.0654907226562,523.3966064453125,-540.4425048828125,-531.2604370117188,-13.145960807800293,3.963874340057373,0.05746696516871452,0.284064918756485,0.49362966418266296,0.008494716137647629,0.6027595400810242,0.5847376585006714,-14.041301727294922,203000
12.910675048828125,531.691162109375,533.8746948242188,518.3883056640625,-540.7684936523438,-531.6019897460938,-12.762222290039062,3.5957205295562744,0.06175616383552551,0.6789303421974182,0.49110502004623413,0.00794221181422472,0.5920205116271973,0.5634212493896484,-13.319730758666992,204000
11.932144165039062,534.3511352539062,536.6632080078125,525.4058837890625,-542.1792602539062,-533.0396728515625,-13.352806091308594,4.213174819946289,0.057931095361709595,-0.2861952781677246,0.489668607711792,0.007448069751262665,0.5788003206253052,0.6136496663093567,-14.915464401245117,205000
6.100208759307861,536.4490356445312,538.4365844726562,531.274169921875,-544.7139282226562,-535.57666015625,-13.135564804077148,3.9982924461364746,0.0569782480597496,0.16918382048606873,0.48790135979652405,0.007311380468308926,0.5842732787132263,0.5987488031387329,-14.499740600585938,206000
77.00371551513672,537.3740844726562,539.3455200195312,529.6631469726562,-545.3793334960938,-536.0494384765625,-13.66706657409668,4.337169647216797,0.056661207228899,-0.2161085307598114,0.4922972023487091,0.005761730019003153,0.6070305109024048,0.6135494112968445,-15.046070098876953,207000
8.09174919128418,538.6494140625,540.8098754882812,532.3320922851562,-546.5453491210938,-537.6307983398438,-13.022503852844238,4.107964515686035,0.05797518417239189,0.10553058981895447,0.4924713671207428,0.009044792503118515,0.5825152397155762,0.5881204009056091,-14.38835334777832,208000
10.675239562988281,538.876708984375,539.239013671875,537.486083984375,-548.1387939453125,-538.6092529296875,-13.792980194091797,4.263399124145508,0.05578577518463135,-0.2930169403553009,0.4855184257030487,0.008205661550164223,0.6051314473152161,0.6167409420013428,-15.281665802001953,209000
6.939595699310303,540.031982421875,542.35693359375,534.6239624023438,-548.153076171875,-538.85888671875,-13.738007545471191,4.4438605308532715,0.05660521611571312,-0.26997804641723633,0.4880039691925049,0.007966392673552036,0.6221015453338623,0.610316276550293,-14.908048629760742,210000
165.4789581298828,540.9315185546875,543.5819702148438,248.98289489746094,-548.1934814453125,-539.286865234375,-13.008312225341797,4.101688385009766,0.05914028361439705,0.11341243237257004,0.4872506856918335,0.006775918882340193,0.5953451991081238,0.5846773386001587,-13.874321937561035,211000
650.040283203125,542.3589477539062,545.2868041992188,209.35862731933594,-549.9769897460938,-540.8826904296875,-12.933178901672363,3.8388962745666504,0.059699010103940964,0.1618279367685318,0.4806763529777527,0.007127219811081886,0.5903662443161011,0.5782794952392578,-13.929838180541992,212000
7.367574691772461,544.7266235351562,546.9580078125,540.843017578125,-553.3860473632812,-543.6873168945312,-13.592856407165527,3.89408016204834,0.057869043201208115,0.10012374818325043,0.48563191294670105,0.007534865755587816,0.6318978667259216,0.5960075855255127,-14.415802001953125,213000
9.325583457946777,544.8019409179688,545.9321899414062,540.92724609375,-553.1165161132812,-544.0882568359375,-13.24347972869873,4.215219497680664,0.05503690987825394,0.11292190104722977,0.48389944434165955,0.006655019707977772,0.575982391834259,0.5975515842437744,-14.53624439239502,214000
186.8904266357422,544.7054443359375,547.6422729492188,117.9399185180664,-552.9053344726562,-543.56396484375,-13.572672843933105,4.231344223022461,0.05476623401045799,-0.10228079557418823,0.47578778862953186,0.009488568641245365,0.6051622629165649,0.6076933145523071,-14.940045356750488,215000
6.248447895050049,546.3131103515625,548.83447265625,541.8292236328125,-554.9625244140625,-545.5698852539062,-13.463560104370117,4.07090425491333,0.056744687259197235,-0.07692427188158035,0.4830337464809418,0.0057267239317297935,0.6099239587783813,0.6018515825271606,-14.64618968963623,216000
7.29910945892334,547.5404052734375,549.5494995117188,544.2515869140625,-555.7179565429688,-546.4884033203125,-13.662491798400879,4.432906627655029,0.057577282190322876,-0.25802457332611084,0.4828360378742218,0.007739679422229528,0.6003045439720154,0.607980489730835,-14.98957347869873,217000
60.35906982421875,549.5018310546875,552.0439453125,542.1433715820312,-557.4320068359375,-547.9728393554688,-13.358619689941406,3.899465799331665,0.057122860103845596,0.09955872595310211,0.48256367444992065,0.0079939104616642,0.6201162338256836,0.5908651947975159,-14.391576766967773,218000
6.746406078338623,549.49951171875,551.9463500976562,545.632568359375,-557.4301147460938,-547.9810180664062,-13.857019424438477,4.40788459777832,0.05273209512233734,-0.476418673992157,0.4776124060153961,0.008178327232599258,0.6033153533935547,0.6283165216445923,-15.516590118408203,219000
8.047285079956055,550.8800048828125,551.5658569335938,550.060546875,-559.6080932617188,-550.5673217773438,-12.835258483886719,3.7945165634155273,0.05696861073374748,0.45274031162261963,0.4790639579296112,0.005603415425866842,0.5816997289657593,0.5884792804718018,-14.041099548339844,220000
9.143285751342773,550.3409423828125,551.9783325195312,540.2312622070312,-558.8096923828125,-549.412109375,-13.312894821166992,3.915266752243042,0.059613656252622604,0.15933312475681305,0.4729807376861572,0.00720189418643713,0.6176434755325317,0.5874359011650085,-14.204042434692383,221000
36.435585021972656,551.22314453125,553.5018310546875,546.606689453125,-559.6028442382812,-550.32177734375,-13.481681823730469,4.200625896453857,0.05407286062836647,-0.28465935587882996,0.47718268632888794,0.007305477745831013,0.5799509286880493,0.6189213991165161,-15.208368301391602,222000
6.71867561340332,553.7742919921875,555.740234375,550.5577392578125,-562.338623046875,-552.9169311523438,-13.597139358520508,4.1754889488220215,0.05483509600162506,-0.3348747789859772,0.4729796051979065,0.0056406427174806595,0.6063464283943176,0.6139475703239441,-15.035709381103516,223000
8.049039840698242,554.1192626953125,556.469970703125,547.2503051757812,-562.2216796875,-552.9317626953125,-13.508642196655273,4.218751430511475,0.053591374307870865,0.04232143238186836,0.47336629033088684,0.005725432187318802,0.6021965146064758,0.6022281646728516,-14.654756546020508,224000
20.91348648071289,553.2333374023438,555.881591796875,533.622314453125,-560.3447875976562,-550.9627685546875,-13.441683769226074,4.059713840484619,0.05538313090801239,-0.061988890171051025,0.47223249077796936,0.007062351796776056,0.5935276746749878,0.603817343711853,-14.719755172729492,225000
298.9815979003906,555.9771728515625,559.5213623046875,168.9545440673828,-564.2308349609375,-555.0079345703125,-12.876696586608887,3.6538166999816895,0.05933570861816406,0.5107925534248352,0.4685664772987366,0.007800552062690258,0.5969634652137756,0.5772184133529663,-13.808860778808594,226000
8.206182479858398,558.29736328125,559.449951171875,556.0321044921875,-566.9685668945312,-557.685546875,-13.424333572387695,4.141300201416016,0.05745678022503853,-0.10012149810791016,0.46779417991638184,0.005765571258962154,0.599858283996582,0.6053130626678467,-14.74210262298584,227000
24.036113739013672,558.9263305664062,561.2853393554688,552.7488403320312,-567.0088500976562,-557.9431762695312,-13.151849746704102,4.08616304397583,0.054915402084589005,-0.09805504232645035,0.4728354513645172,0.008810708299279213,0.573711633682251,0.608869194984436,-14.843534469604492,228000
6.897031784057617,558.1736450195312,560.0843505859375,551.0177001953125,-566.5322875976562,-557.3140869140625,-12.821670532226562,3.6034398078918457,0.05642574653029442,0.38407954573631287,0.47131285071372986,0.008206743746995926,0.6026796698570251,0.5783802270889282,-13.762250900268555,229000
6.335623264312744,559.4520263671875,561.6456298828125,555.0993041992188,-568.0362548828125,-558.4566040039062,-13.831683158874512,4.2520060539245605,0.053420741111040115,-0.07902784645557404,0.4659383296966553,0.007820463739335537,0.6449053287506104,0.6114338040351868,-14.839364051818848,230000
6.005446434020996,560.997314453125,563.183349609375,555.17041015625,-569.190185546875,-560.193115234375,-12.996664047241211,3.99955153465271,0.05156216397881508,-0.05211535841226578,0.4706898629665375,0.008480770513415337,0.5650721788406372,0.6096469163894653,-14.750188827514648,231000
7.934359073638916,560.9322509765625,562.3706665039062,536.4535522460938,-569.211181640625,-559.867919921875,-13.089134216308594,3.7458693981170654,0.057798609137535095,0.09432419389486313,0.46953481435775757,0.00517780426889658,0.5857599973678589,0.5979349613189697,-14.336658477783203,232000
7.643888473510742,561.9554443359375,563.9735107421875,555.6571655273438,-570.3710327148438,-561.166015625,-12.746582984924316,3.5415825843811035,0.059446606785058975,0.28520098328590393,0.46212783455848694,0.005784620065242052,0.5840064287185669,0.5810731649398804,-13.913848876953125,233000
7.546810150146484,562.8406982421875,564.83740234375,554.9309692382812,-571.8019409179688,-562.0474853515625,-13.77807331085205,4.023648262023926,0.05494851619005203,-0.07735888659954071,0.4670732617378235,0.011272784322500229,0.6438661217689514,0.5976678729057312,-14.660655975341797,234000
455.0798645019531,563.0782470703125,566.25146484375,176.63418579101562,-571.5484619140625,-562.332275390625,-13.159482955932617,3.9432990550994873,0.059999577701091766,-0.08256996423006058,0.4663393199443817,0.007160746492445469,0.591935932636261,0.6076717376708984,-14.75324821472168,235000
10.412408828735352,563.092529296875,565.2012329101562,535.054931640625,-571.2874755859375,-561.6619262695312,-13.775957107543945,4.1503825187683105,0.05379529669880867,-0.280327707529068,0.46476686000823975,0.005511274095624685,0.620539665222168,0.6206290125846863,-15.227739334106445,236000
501.1121826171875,563.4127807617188,567.0142211914062,234.9430694580078,-571.4240112304688,-562.436279296875,-12.444087982177734,3.4563517570495605,0.06404924392700195,0.26699501276016235,0.46501579880714417,0.007361551746726036,0.580322265625,0.5647273063659668,-13.269079208374023,237000
139.06153869628906,564.74365234375,566.9600830078125,434.7345886230469,-573.1507568359375,-563.73095703125,-13.137657165527344,3.7178432941436768,0.06089157238602638,0.08007321506738663,0.4623013734817505,0.007585226558148861,0.6027464866638184,0.5893718004226685,-14.320842742919922,238000
7.829795837402344,566.112060546875,568.7761840820312,549.6903076171875,-574.3206176757812,-565.0794677734375,-12.953057289123535,3.7119338512420654,0.05843231454491615,0.163221538066864,0.4634409546852112,0.006968253292143345,0.5966877937316895,0.5863403081893921,-14.102542877197266,239000
7.431415557861328,565.87841796875,567.8585205078125,558.0458374023438,-574.1272583007812,-564.981201171875,-12.902166366577148,3.756089448928833,0.057915009558200836,0.10313142091035843,0.46372100710868835,0.00632709264755249,0.5856000185012817,0.5867493152618408,-14.071701049804688,240000
76.1449203491211,566.6873779296875,569.4671020507812,345.40625,-575.5762329101562,-566.2674560546875,-13.145662307739258,3.8368966579437256,0.058558933436870575,-0.041386719793081284,0.4638593792915344,0.007636466063559055,0.6051234602928162,0.5932360887527466,-14.304777145385742,241000
7.7064666748046875,568.455322265625,569.7565307617188,562.7463989257812,-577.6228637695312,-567.8872680664062,-13.672940254211426,3.93729567527771,0.055595677345991135,0.040844518691301346,0.45891475677490234,0.007989851757884026,0.6314902305603027,0.6035350561141968,-14.689563751220703,242000
297.247802734375,567.4805908203125,571.0612182617188,175.89259338378906,-575.6865234375,-566.6699829101562,-13.09720230102539,4.0807085037231445,0.05668659135699272,-0.10749704390764236,0.4578534662723541,0.00862998515367508,0.5770614743232727,0.5997880101203918,-14.614646911621094,243000
8.938143730163574,570.159912109375,572.0179443359375,557.7012329101562,-578.5928955078125,-569.2799072265625,-13.104195594787598,3.7911837100982666,0.05744126811623573,-0.03384905308485031,0.46153199672698975,0.006298912223428488,0.598372220993042,0.5935006737709045,-14.39793586730957,244000
40.70772171020508,570.3690185546875,571.7919921875,563.0182495117188,-579.0132446289062,-569.7685546875,-13.19911003112793,3.954432487487793,0.05486270785331726,-0.01186484657227993,0.45965269207954407,0.006783049553632736,0.5883873105049133,0.6053709983825684,-14.721879959106445,245000
6.7073469161987305,571.59814453125,573.7625732421875,567.8131103515625,-580.247802734375,-570.7852172851562,-13.26244831085205,3.7998955249786377,0.05820164456963539,0.14360229671001434,0.45785951614379883,0.0064323823899030685,0.6069183349609375,0.594894528388977,-14.353023529052734,246000
16.25969696044922,572.798095703125,573.740234375,503.0790100097656,-581.9476928710938,-572.264404296875,-13.154806137084961,3.4715027809143066,0.06070372834801674,0.2856362462043762,0.4528152644634247,0.00886755995452404,0.6311397552490234,0.5752785205841064,-13.805118560791016,247000
11.034337997436523,574.0874633789062,576.966064453125,552.7385864257812,-582.2584838867188,-572.930908203125,-13.17397689819336,3.8463809490203857,0.05829121917486191,-0.10477276891469955,0.45126962661743164,0.006670757196843624,0.5940939784049988,0.597659707069397,-14.588683128356934,248000
10.180718421936035,575.04150390625,575.2597045898438,574.8347778320312,-584.3597412109375,-574.85595703125,-13.363456726074219,3.8596744537353516,0.053191035985946655,0.15216265618801117,0.45648080110549927,0.006550372578203678,0.6165590286254883,0.5967725515365601,-14.487068176269531,249000
7.704000473022461,575.4765625,577.739501953125,547.9880981445312,-584.0357055664062,-574.7047119140625,-13.37531566619873,4.044315814971924,0.05722460523247719,-0.10345713049173355,0.45341363549232483,0.006298792082816362,0.5859560370445251,0.6099166870117188,-14.888591766357422,250000
14.814489364624023,575.7149658203125,577.9395751953125,520.2138671875,-584.995849609375,-575.5601806640625,-13.132572174072266,3.696899175643921,0.05583819001913071,0.1593516618013382,0.4526938796043396,0.0060534244403243065,0.5876995325088501,0.5979036092758179,-14.387571334838867,251000
16.36799430847168,577.3282470703125,579.1249389648438,495.3027648925781,-585.7470092773438,-576.2057495117188,-13.122961044311523,3.5817174911499023,0.057127345353364944,0.3761518597602844,0.44891557097435,0.006685437634587288,0.603327751159668,0.584494411945343,-14.049615859985352,252000
6.446022033691406,577.76953125,580.02734375,572.1505126953125,-586.3617553710938,-576.9725341796875,-12.982683181762695,3.5934531688690186,0.06079647317528725,0.33434873819351196,0.4485533535480499,0.008225647732615471,0.6002767086029053,0.5809038877487183,-13.912901878356934,253000
9.915277481079102,577.6007690429688,580.07470703125,570.1853637695312,-585.99609375,-576.754150390625,-12.824236869812012,3.5822551250457764,0.058685582131147385,0.04074224457144737,0.4454224109649658,0.00728236511349678,0.579288125038147,0.5845452547073364,-14.247611045837402,254000
7.66554594039917,578.1461181640625,580.5320434570312,560.2144775390625,-586.42431640625,-577.088623046875,-13.218189239501953,3.8824830055236816,0.054796162992715836,0.01872081495821476,0.44967329502105713,0.00634807487949729,0.5922737121582031,0.6066733598709106,-14.84378719329834,255000
7.090629577636719,578.7489013671875,580.9702758789062,574.0736083984375,-587.4957275390625,-577.7652587890625,-13.536553382873535,3.806093692779541,0.055240701884031296,-0.14967262744903564,0.4504430294036865,0.007100352086126804,0.6267750263214111,0.6066760420799255,-14.783833503723145,256000
1276.2110595703125,580.4924926757812,582.973388671875,572.6140747070312,-587.493408203125,-578.064453125,-13.312322616577148,3.883349657058716,0.05851231887936592,-0.11863407492637634,0.44300004839897156,0.006378014571964741,0.6036247611045837,0.6021722555160522,-14.570432662963867,257000
55.050045013427734,580.5687255859375,582.955810546875,423.0447082519531,-589.4177856445312,-580.1010131835938,-13.162864685058594,3.846080780029297,0.05723806098103523,-0.01589193195104599,0.4424186646938324,0.006443387363106012,0.594300389289856,0.5942330956459045,-14.449755668640137,258000
6.196288585662842,581.61181640625,584.1223754882812,577.0169067382812,-590.5167846679688,-580.6309814453125,-13.65384292602539,3.7680423259735107,0.0548984669148922,-0.06758079677820206,0.4428293704986572,0.007070368155837059,0.6378813982009888,0.6056211590766907,-14.7249755859375,259000
10.209978103637695,581.2569580078125,583.4920043945312,548.630126953125,-590.1202392578125,-580.5570068359375,-13.40451431274414,3.841310977935791,0.05835781618952751,-0.22393475472927094,0.4393150508403778,0.008369721472263336,0.6032950282096863,0.6104146838188171,-14.955224990844727,260000
6.4286041259765625,582.435546875,585.1608276367188,574.9468994140625,-591.015625,-581.50439453125,-13.0823974609375,3.5711371898651123,0.059162840247154236,0.2206633985042572,0.44265955686569214,0.007429257035255432,0.5940421223640442,0.5852441191673279,-14.063995361328125,261000
5.309114456176758,583.3309326171875,585.694091796875,579.0978393554688,-591.8907470703125,-582.5059814453125,-13.045209884643555,3.660480499267578,0.05779991298913956,0.04356443136930466,0.43211421370506287,0.006824420765042305,0.5879056453704834,0.593436598777771,-14.242021560668945,262000
7.375520706176758,583.7752075195312,586.140869140625,575.1492309570312,-591.5361328125,-582.35546875,-12.948690414428711,3.7680160999298096,0.0575784295797348,-0.07313000410795212,0.43218955397605896,0.00845533236861229,0.5826044082641602,0.5913804769515991,-14.36707878112793,263000
809.4502563476562,584.9066162109375,587.9550170898438,254.70179748535156,-593.5325927734375,-584.1265258789062,-13.096179962158203,3.6901352405548096,0.0641394630074501,-0.04289308562874794,0.4289354085922241,0.008700447157025337,0.6135804057121277,0.594580352306366,-14.280460357666016,264000
231.1345977783203,586.069091796875,588.7570190429688,252.8514404296875,-594.04345703125,-584.980712890625,-12.806351661682129,3.743572235107422,0.05951545014977455,0.07590050250291824,0.4355345666408539,0.007240890059620142,0.5774968862533569,0.5902081727981567,-14.190688133239746,265000
7.246878147125244,587.8992919921875,589.0531005859375,578.6981201171875,-597.0914306640625,-587.3575439453125,-13.394683837890625,3.660792350769043,0.06031246855854988,0.06420779973268509,0.43106478452682495,0.008374559693038464,0.6288113594055176,0.5953158140182495,-14.45119857788086,266000
760.4854125976562,586.77392578125,590.8903198242188,178.5404510498047,-594.30859375,-585.3312377929688,-12.65943717956543,3.68208384513855,0.06254618614912033,-0.01593979448080063,0.4345082640647888,0.009385854005813599,0.5680468082427979,0.5869331359863281,-14.130334854125977,267000
5.418573379516602,589.369873046875,591.4989013671875,578.6680297851562,-597.8939819335938,-588.6446533203125,-12.867288589477539,3.6179797649383545,0.05931917950510979,0.07042991369962692,0.43459707498550415,0.006952419877052307,0.5846868753433228,0.5927344560623169,-14.283609390258789,268000
6.917119979858398,589.3521728515625,590.9506225585938,582.3047485351562,-597.6273803710938,-588.0529174804688,-13.515021324157715,3.9405553340911865,0.05494258180260658,-0.02233090065419674,0.43409717082977295,0.007659791503101587,0.6103204488754272,0.6078999042510986,-14.929914474487305,269000
6.541186809539795,589.93994140625,592.8004150390625,585.579833984375,-598.69287109375,-588.8302612304688,-13.659950256347656,3.7973434925079346,0.05476285517215729,-0.09313936531543732,0.4288632273674011,0.005483570508658886,0.616452693939209,0.6193660497665405,-15.14976692199707,270000
6.0975189208984375,591.3208618164062,593.2012329101562,584.7125854492188,-599.7449951171875,-590.2412719726562,-12.985223770141602,3.481482982635498,0.05894966050982475,0.16861000657081604,0.43011122941970825,0.00616665743291378,0.5934540033340454,0.59006267786026,-14.137714385986328,271000
252.52049255371094,591.135009765625,594.3161010742188,139.03976440429688,-598.928466796875,-589.4168701171875,-13.224043846130371,3.7124667167663574,0.05802910029888153,-0.33160635828971863,0.4317443072795868,0.006776793859899044,0.600740909576416,0.6014164686203003,-14.71175765991211,272000
6.5696587562561035,591.53662109375,594.0503540039062,584.0155029296875,-599.9671020507812,-590.6396484375,-12.908940315246582,3.5814757347106934,0.05889323726296425,0.14166289567947388,0.43630844354629517,0.006955280900001526,0.5937813520431519,0.5817657709121704,-14.05373764038086,273000
6.4428815841674805,592.3789672851562,594.5743408203125,587.6986083984375,-600.999755859375,-591.304443359375,-13.028797149658203,3.333486557006836,0.05675122141838074,0.17751581966876984,0.4264911115169525,0.005713768303394318,0.6065599918365479,0.5953455567359924,-14.226418495178223,274000
6.2222185134887695,593.0887451171875,595.492919921875,577.9326782226562,-601.3497924804688,-592.2627563476562,-12.74165153503418,3.6546216011047363,0.057080481201410294,-0.028984272852540016,0.430860698223114,0.009217564016580582,0.5836845636367798,0.5863015055656433,-13.960187911987305,275000
6.3779096603393555,593.131103515625,595.5023803710938,583.7959594726562,-601.903564453125,-592.2047729492188,-13.789373397827148,4.0905914306640625,0.05237078294157982,-0.47567218542099,0.4281051754951477,0.005802002735435963,0.6067034602165222,0.6298139095306396,-15.758639335632324,276000
719.739501953125,594.0228881835938,594.977294921875,132.77554321289062,-602.903564453125,-593.5144653320312,-12.854081153869629,3.464991331100464,0.05996416509151459,-0.05692413076758385,0.43277794122695923,0.007790928706526756,0.5936341285705566,0.5892021656036377,-14.199868202209473,277000
6.184207916259766,595.093994140625,597.2179565429688,590.4733276367188,-603.555419921875,-594.0162353515625,-13.16192626953125,3.6227712631225586,0.05892520025372505,0.09000717103481293,0.42898303270339966,0.006256613414734602,0.5989661812782288,0.5977637767791748,-14.430456161499023,278000
8.61137580871582,596.0731201171875,596.7380981445312,594.6766357421875,-605.2405395507812,-595.639404296875,-12.946184158325195,3.3450310230255127,0.05881839618086815,0.14724506437778473,0.4225819408893585,0.006344684399664402,0.6021188497543335,0.5874423384666443,-14.140714645385742,279000
8.094040870666504,597.5391235351562,599.0081176757812,593.8617553710938,-606.4415893554688,-596.6302490234375,-13.409245491027832,3.597923517227173,0.055479831993579865,-0.15349139273166656,0.42571160197257996,0.004614540375769138,0.6149610280990601,0.6085737943649292,-14.960390090942383,280000
7.29129695892334,598.2515869140625,600.5381469726562,596.0463256835938,-606.9354858398438,-597.3153076171875,-13.186742782592773,3.5665647983551025,0.056845322251319885,0.00046649028081446886,0.4243958294391632,0.008268230594694614,0.6020325422286987,0.5994428396224976,-14.58889389038086,281000
6.628988265991211,597.3831787109375,599.5413208007812,593.2481079101562,-605.9032592773438,-596.2294921875,-13.522144317626953,3.8484137058258057,0.056346118450164795,-0.0798647552728653,0.4245080053806305,0.006776350550353527,0.6185250282287598,0.6082135438919067,-14.818246841430664,282000
7.762568950653076,597.1735229492188,599.5667724609375,586.603515625,-605.6875,-596.2078247070312,-12.952062606811523,3.4724314212799072,0.05998509004712105,0.19534523785114288,0.4265272915363312,0.007659695111215115,0.5884103775024414,0.5940204858779907,-14.379154205322266,283000
5.715534687042236,597.4008178710938,599.5009155273438,591.8024291992188,-605.8417358398438,-596.2044677734375,-13.587839126586914,3.9505794048309326,0.05586464703083038,-0.1666668802499771,0.42458415031433105,0.007230868563055992,0.6141210198402405,0.6161020398139954,-15.155396461486816,284000
77.71891784667969,597.4444580078125,599.8666381835938,374.16204833984375,-606.426025390625,-596.9400024414062,-13.070987701416016,3.58495831489563,0.05975745618343353,0.015427357517182827,0.4242718517780304,0.00681303208693862,0.5914422273635864,0.5973031520843506,-14.358826637268066,285000
705.6820678710938,597.8267822265625,600.9840698242188,65.0008773803711,-605.2496337890625,-595.9409790039062,-13.023311614990234,3.7146716117858887,0.06141811981797218,0.11441129446029663,0.42874833941459656,0.0060224952176213264,0.5959724187850952,0.5897709131240845,-14.17258071899414,286000
1081.76806640625,598.5028076171875,600.0428466796875,451.4875183105469,-607.1399536132812,-597.8648071289062,-12.55284309387207,3.277740240097046,0.059865426272153854,0.2752148509025574,0.4204387962818146,0.005141730420291424,0.5643961429595947,0.5812951326370239,-13.993074417114258,287000
5.980664253234863,599.7014770507812,601.8137817382812,593.5159912109375,-609.0215454101562,-599.0386962890625,-13.700063705444336,3.7172462940216064,0.05059662461280823,-0.17356576025485992,0.4221491813659668,0.0047820620238780975,0.6325215101242065,0.6183687448501587,-15.014837265014648,288000
734.667724609375,599.79638671875,601.2835083007812,124.79853820800781,-608.7442016601562,-599.5397338867188,-12.71265983581543,3.508192539215088,0.06114712357521057,0.03131822496652603,0.4163605570793152,0.009287768974900246,0.5922996997833252,0.5786234736442566,-13.879911422729492,289000
8.495187759399414,601.01904296875,601.1570434570312,600.6015625,-610.5057983398438,-600.8985595703125,-13.214462280273438,3.6072428226470947,0.05746011808514595,0.04376174882054329,0.42563125491142273,0.00602849293500185,0.610418438911438,0.5940552949905396,-14.34608268737793,290000
9.079696655273438,602.1827392578125,602.3902587890625,601.9757080078125,-611.1283569335938,-601.9513549804688,-13.027774810791016,3.8507723808288574,0.05126294121146202,-0.30882713198661804,0.4173257350921631,0.007446276023983955,0.5688148736953735,0.6150568127632141,-14.976754188537598,291000
5.138810634613037,603.1785888671875,604.6610107421875,600.018798828125,-612.1531372070312,-602.6190185546875,-13.076986312866211,3.5428388118743896,0.05462058261036873,-0.10684830695390701,0.4100345969200134,0.006411057896912098,0.5946149826049805,0.6056898832321167,-14.722713470458984,292000
705.7431030273438,602.3304443359375,605.33935546875,54.85737228393555,-610.6463623046875,-600.782470703125,-13.420005798339844,3.5560827255249023,0.06234019622206688,-0.23936404287815094,0.42373374104499817,0.011572398245334625,0.6297521591186523,0.5963897705078125,-14.471155166625977,293000
6.645910263061523,604.0693969726562,606.1724243164062,601.0244750976562,-612.7103881835938,-603.23876953125,-12.978808403015137,3.5071816444396973,0.05230547487735748,-0.009829494170844555,0.41688111424446106,0.007647058926522732,0.5905473232269287,0.6009717583656311,-14.475424766540527,294000
65.61360168457031,605.39453125,605.6173706054688,521.5408935546875,-614.6636962890625,-605.0504760742188,-13.18722152709961,3.5739474296569824,0.0562780536711216,-0.09903563559055328,0.41361096501350403,0.005455158185213804,0.6021087169647217,0.5995597839355469,-14.575864791870117,295000
8.554378509521484,606.5667724609375,606.7426147460938,606.3911743164062,-615.8773803710938,-606.4033813476562,-13.093814849853516,3.6197903156280518,0.05867830291390419,-0.06382010132074356,0.41142886877059937,0.006078286562114954,0.586880087852478,0.6015467643737793,-14.752396583557129,296000
47.055999755859375,607.7259521484375,609.6826171875,453.8960266113281,-616.2741088867188,-607.079345703125,-12.835655212402344,3.640869379043579,0.06008230894804001,0.1033938080072403,0.41915255784988403,0.006558033637702465,0.583202600479126,0.5794042944908142,-14.044588088989258,297000
5.8693671226501465,609.2825317382812,611.4007568359375,598.9273681640625,-617.7425537109375,-608.337890625,-12.985675811767578,3.581002950668335,0.055535972118377686,0.007823219522833824,0.41578418016433716,0.008406516164541245,0.5830673575401306,0.5980446934700012,-14.627215385437012,298000
5.6883769035339355,610.1943969726562,611.2066650390625,606.0926513671875,-619.3035888671875,-609.74072265625,-13.100238800048828,3.5373435020446777,0.05562026426196098,-0.29328957200050354,0.4142802953720093,0.007270042318850756,0.5937283039093018,0.6003793478012085,-14.711372375488281,299000
6.68625020980835,611.145263671875,613.0316162109375,605.06591796875,-619.8914794921875,-610.2919311523438,-13.246073722839355,3.6465487480163574,0.05271391198039055,-0.03289251774549484,0.4153830111026764,0.006263749208301306,0.602017879486084,0.6053565740585327,-14.70358943939209,300000
6.760791778564453,612.5643310546875,614.947021484375,608.3333129882812,-620.9342041015625,-611.4343872070312,-12.991737365722656,3.4919559955596924,0.054681580513715744,0.10716180503368378,0.4159972071647644,0.006165007129311562,0.5945403575897217,0.5997921824455261,-14.487031936645508,301000
233.5856475830078,612.3629760742188,614.847412109375,403.4360656738281,-621.3950805664062,-611.5018310546875,-13.42764663696289,3.534433603286743,0.057487837970256805,-0.17324917018413544,0.4077227711677551,0.006368493661284447,0.6243077516555786,0.6046131253242493,-14.732861518859863,302000
32.4044189453125,613.570556640625,615.5477294921875,461.1440734863281,-621.61181640625,-612.58447265625,-12.583450317382812,3.556103467941284,0.05940123274922371,0.04632730409502983,0.41489747166633606,0.005343290977180004,0.5742628574371338,0.584053635597229,-13.95832347869873,303000
7.311651229858398,613.4824829101562,615.6571655273438,607.664794921875,-622.2935791015625,-612.78466796875,-12.503564834594727,2.9946177005767822,0.06514018774032593,0.33638426661491394,0.40752464532852173,0.008961213752627373,0.5928006172180176,0.5657891631126404,-13.506580352783203,304000
9.237268447875977,613.661865234375,615.05224609375,606.9757080078125,-622.773681640625,-613.0386962890625,-13.215313911437988,3.4803383350372314,0.05489896237850189,0.030010541900992393,0.4120330214500427,0.005739674437791109,0.6160507798194885,0.5955945253372192,-14.302008628845215,305000
8.074082374572754,614.4119873046875,616.48876953125,600.6370849609375,-622.7327270507812,-613.3238525390625,-12.81175422668457,3.402869462966919,0.0571102611720562,0.09445403516292572,0.4118224084377289,0.006121320184320211,0.5749714374542236,0.5939906239509583,-14.416879653930664,306000
5.621929168701172,614.2807006835938,616.8080444335938,604.1898193359375,-622.8305053710938,-613.2933959960938,-13.074614524841309,3.5375051498413086,0.055247943848371506,0.06892052292823792,0.4055528938770294,0.00627033831551671,0.6043988466262817,0.587836503982544,-14.196371078491211,307000
6.511865615844727,614.9625244140625,616.4713134765625,610.942626953125,-623.3446044921875,-614.0433959960938,-12.715712547302246,3.41450834274292,0.05677332356572151,0.1920975148677826,0.41126441955566406,0.006178212817758322,0.5849540829658508,0.5812704563140869,-13.950338363647461,308000
5.816561698913574,616.3470458984375,618.0487060546875,602.3092651367188,-625.428955078125,-615.789306640625,-12.97011661529541,3.3304214477539062,0.058664850890636444,0.2577534317970276,0.40751785039901733,0.00696592777967453,0.6002772450447083,0.5885677337646484,-14.217182159423828,309000
6.9389328956604,616.5010375976562,618.8548583984375,611.1128540039062,-625.11328125,-615.6277465820312,-13.004623413085938,3.5190956592559814,0.0560092031955719,0.06762028485536575,0.411759614944458,0.005033750552684069,0.5936304330825806,0.5915915966033936,-14.428417205810547,310000
31.285707473754883,617.4150390625,619.37060546875,599.9686889648438,-626.0590209960938,-616.5906982421875,-12.676128387451172,3.2078232765197754,0.058670271188020706,0.10155037045478821,0.40890058875083923,0.008297671563923359,0.585164487361908,0.5885337591171265,-14.165933609008789,311000
5.966286659240723,618.0447998046875,620.1416015625,614.6282348632812,-627.0025634765625,-617.0577392578125,-13.42800521850586,3.483147382736206,0.05573805794119835,0.08864366263151169,0.4049585461616516,0.00541564729064703,0.6206839084625244,0.6028730869293213,-14.647192001342773,312000
6.492877960205078,618.6956787109375,621.0021362304688,615.7799682617188,-627.6177368164062,-618.4463500976562,-12.227531433105469,3.056126832962036,0.06110749393701553,0.33977460861206055,0.4077993929386139,0.006047576665878296,0.5624598860740662,0.5666923522949219,-13.415690422058105,313000
38.42277908325195,617.9775390625,619.3032836914062,458.0898132324219,-626.640869140625,-617.305419921875,-12.461166381835938,3.125713348388672,0.06324081122875214,0.39910027384757996,0.41086477041244507,0.008503456600010395,0.5921231508255005,0.5638942718505859,-13.363265037536621,314000
6.5907793045043945,617.7313842773438,620.3212890625,611.8355102539062,-626.3956909179688,-616.729736328125,-12.903013229370117,3.237077236175537,0.05798013508319855,0.19777214527130127,0.40778830647468567,0.00583491288125515,0.6026837825775146,0.5853452682495117,-14.029475212097168,315000
18.615863800048828,617.4755859375,619.4125366210938,529.46435546875,-625.8370361328125,-616.08935546875,-13.189560890197754,3.441899538040161,0.060715507715940475,-0.10284721106290817,0.40346333384513855,0.005698858760297298,0.622029185295105,0.5926421284675598,-14.257923126220703,316000
83.4637680053711,616.5222778320312,618.423828125,545.8580932617188,-625.1746215820312,-615.490966796875,-13.429183959960938,3.745574474334717,0.05659760162234306,-0.3900509774684906,0.40408918261528015,0.0049983421340584755,0.60422682762146,0.6170902252197266,-15.098411560058594,317000
8.479742050170898,617.133544921875,618.064697265625,615.370849609375,-625.77734375,-616.522216796875,-12.58169937133789,3.326608419418335,0.054812073707580566,0.18958362936973572,0.40431341528892517,0.006213686428964138,0.5695900917053223,0.5870340466499329,-14.146081924438477,318000
123.0015640258789,615.9415893554688,618.200927734375,603.314208984375,-624.515625,-614.619873046875,-13.454873085021973,3.559152841567993,0.05265239626169205,0.018116522580385208,0.40642210841178894,0.009542586281895638,0.6283481121063232,0.6027020812034607,-14.66588020324707,319000
96.00666046142578,615.0950317382812,617.3914794921875,475.2271423339844,-623.773193359375,-614.191650390625,-12.765827178955078,3.1842563152313232,0.05717566981911659,0.10745230317115784,0.40222540497779846,0.0072397468611598015,0.6050084829330444,0.5791513919830322,-13.950584411621094,320000
736.6835327148438,612.2457275390625,615.2648315429688,27.65505599975586,-621.1759643554688,-611.9119262695312,-12.393444061279297,3.129382371902466,0.06100707873702049,0.12333440035581589,0.4065019190311432,0.005480943247675896,0.5722362399101257,0.5758460760116577,-13.613811492919922,321000
5.329652786254883,613.2861328125,615.4793090820312,606.09375,-621.988037109375,-612.4576416015625,-12.934896469116211,3.404480218887329,0.05456668138504028,0.08695311099290848,0.40110349655151367,0.005418383050709963,0.5919686555862427,0.5989142656326294,-14.350651741027832,322000
736.312744140625,612.4163818359375,615.8418579101562,25.818286895751953,-620.3718872070312,-610.7001953125,-13.199350357055664,3.5276710987091064,0.05858750268816948,-0.3024984300136566,0.39730897545814514,0.005152557976543903,0.6150835156440735,0.6019461154937744,-14.655145645141602,323000
7.090834617614746,613.817138671875,614.1435546875,613.4918212890625,-622.820068359375,-613.5353393554688,-12.740045547485352,3.4552981853485107,0.05447421595454216,-0.012717573903501034,0.39621877670288086,0.007733694277703762,0.571618914604187,0.5962299108505249,-14.324256896972656,324000
7.580161094665527,613.6859741210938,616.2219848632812,596.7052001953125,-622.40576171875,-612.7606811523438,-13.108176231384277,3.46309494972229,0.0572381354868412,-0.23503375053405762,0.40076202154159546,0.008135689422488213,0.5972648859024048,0.6067550182342529,-14.7509765625,325000
7.184065341949463,613.688720703125,615.1676635742188,603.256591796875,-622.4915161132812,-612.842529296875,-13.327919960021973,3.678948402404785,0.05248529836535454,-0.2973228693008423,0.3969186544418335,0.006474546156823635,0.5967453122138977,0.6167187094688416,-15.137614250183105,326000
307.16534423828125,612.2178955078125,615.84765625,186.79037475585938,-621.0343017578125,-611.7636108398438,-12.74138069152832,3.4707179069519043,0.06398695707321167,-0.1703878939151764,0.39983150362968445,0.005501259583979845,0.5848300457000732,0.5879600048065186,-14.20155143737793,327000
89.57920837402344,613.905517578125,616.6444702148438,411.1069030761719,-622.51953125,-613.1092529296875,-12.799232482910156,3.3889658451080322,0.05467939376831055,0.05068479850888252,0.3922954499721527,0.005341424141079187,0.5826470851898193,0.599004864692688,-14.520244598388672,328000
335.4874572753906,613.0029296875,616.3757934570312,197.0535125732422,-621.119384765625,-611.8369140625,-12.742679595947266,3.460176706314087,0.05652251094579697,0.007951795123517513,0.40238073468208313,0.005737883970141411,0.5822569131851196,0.5976099967956543,-14.365402221679688,329000
75.71639251708984,611.4722900390625,613.884033203125,535.8649291992188,-620.4989013671875,-610.573974609375,-13.401430130004883,3.476487398147583,0.05754150450229645,-0.2679479420185089,0.39453673362731934,0.004324788693338633,0.6168692111968994,0.6080400943756104,-14.77813720703125,330000
308.72216796875,611.5866088867188,614.021240234375,519.4898681640625,-619.8416137695312,-610.453125,-12.453910827636719,3.0654494762420654,0.05974810943007469,0.2355964183807373,0.3999021649360657,0.008565688505768776,0.5848124623298645,0.5666501522064209,-13.540884971618652,331000
1194.16064453125,609.6044921875,613.834716796875,21.693063735961914,-615.8692626953125,-606.8704833984375,-12.452018737792969,3.4532523155212402,0.063065305352211,-0.0016110676806420088,0.3972014784812927,0.006207852624356747,0.5615391731262207,0.5860958099365234,-14.03381061553955,332000
720.9814453125,610.3626708984375,613.5665283203125,19.766170501708984,-617.5805053710938,-608.2330932617188,-12.619054794311523,3.2716622352600098,0.060774724930524826,0.1388121247291565,0.3958803713321686,0.005337520036846399,0.5909912586212158,0.5797659158706665,-13.84477424621582,333000
13.49498176574707,610.8834228515625,613.9644775390625,560.93212890625,-619.305419921875,-609.593017578125,-13.001789093017578,3.2893645763397217,0.06264042854309082,-0.057887423783540726,0.38882213830947876,0.009588023647665977,0.5985193252563477,0.5970126986503601,-14.524802207946777,334000
6.992764472961426,610.8540649414062,612.1168212890625,603.8047485351562,-619.3323974609375,-610.0552978515625,-12.429476737976074,3.1523900032043457,0.05857646092772484,0.22439900040626526,0.3915154039859772,0.006012815050780773,0.5620818734169006,0.5906034111976624,-14.115165710449219,335000
6.124943256378174,611.183349609375,613.3934936523438,605.1889038085938,-620.2073364257812,-610.304443359375,-13.265117645263672,3.3622207641601562,0.05376319959759712,-0.10505069047212601,0.394527792930603,0.0071747940964996815,0.6262227296829224,0.5969641804695129,-14.395759582519531,336000
886.998046875,609.73583984375,614.0169677734375,133.7307891845703,-617.0869140625,-607.7022705078125,-12.615565299987793,3.2308833599090576,0.06085219979286194,0.12378022074699402,0.3920750916004181,0.006141632329672575,0.596770167350769,0.5848932266235352,-13.884695053100586,337000
9.817120552062988,610.1002807617188,612.3316040039062,586.3255615234375,-619.026123046875,-609.359619140625,-12.960041046142578,3.2935078144073486,0.0557764396071434,0.04545792192220688,0.3912508487701416,0.005132197868078947,0.5946771502494812,0.5996813774108887,-14.528757095336914,338000
179.11842346191406,608.0143432617188,610.9031982421875,362.2244873046875,-616.7003173828125,-606.9603271484375,-13.048345565795898,3.308373212814331,0.057009968906641006,-0.0711464211344719,0.3912765681743622,0.006137697957456112,0.6126735806465149,0.5876864790916443,-14.1489896774292,339000
253.031982421875,607.6672973632812,611.2592163085938,343.7798767089844,-615.8694458007812,-606.03857421875,-13.112545013427734,3.2816498279571533,0.061820387840270996,-0.15946364402770996,0.3876684010028839,0.007373586297035217,0.6107079982757568,0.5909727215766907,-14.413955688476562,340000
1090.4947509765625,608.0948486328125,610.6279296875,431.5072326660156,-616.47412109375,-607.2760620117188,-12.727012634277344,3.528923988342285,0.057826098054647446,-0.2519626319408417,0.38949811458587646,0.008591149933636189,0.5663882493972778,0.6062935590744019,-14.726079940795898,341000
6.150295257568359,610.6324462890625,612.87451171875,603.1589965820312,-619.246826171875,-609.688720703125,-12.959916114807129,3.401775598526001,0.055217862129211426,-0.009593277238309383,0.39149847626686096,0.006395117379724979,0.5921363830566406,0.5958691835403442,-14.4367094039917,342000
9.74769401550293,610.8963623046875,613.550048828125,561.2837524414062,-619.7987670898438,-610.0150146484375,-12.958587646484375,3.1748409271240234,0.05881139636039734,0.04363057762384415,0.3858429491519928,0.005227270070463419,0.6068674921989441,0.585304319858551,-14.095333099365234,343000
514.3455200195312,609.4025268554688,613.5484008789062,127.54408264160156,-616.7509765625,-607.7210083007812,-12.286600112915039,3.256639003753662,0.06430736929178238,0.06030317395925522,0.38894250988960266,0.006123493425548077,0.5701088905334473,0.5796149969100952,-13.75291633605957,344000
10.74119758605957,610.638916015625,613.2843627929688,552.6633911132812,-619.1071166992188,-609.8873901367188,-12.350545883178711,3.1308226585388184,0.060314226895570755,0.316034197807312,0.39079850912094116,0.008737082593142986,0.5647245645523071,0.5747648477554321,-13.902637481689453,345000
5.576066017150879,612.0115966796875,614.141845703125,607.7109375,-621.2045288085938,-611.1795043945312,-13.096087455749512,3.071035146713257,0.057630088180303574,0.11769481003284454,0.38766399025917053,0.004891037009656429,0.6151478290557861,0.5986273884773254,-14.276309967041016,346000
7.914313316345215,612.123779296875,614.3739624023438,595.31982421875,-620.71240234375,-611.0931396484375,-12.858819961547852,3.239591360092163,0.05574828013777733,-0.10537990182638168,0.38637498021125793,0.0064951409585773945,0.5785770416259766,0.6043581366539001,-14.676856994628906,347000
10.399919509887695,611.163330078125,613.9202270507812,588.1470947265625,-619.322265625,-609.89453125,-12.871885299682617,3.4441347122192383,0.0538458414375782,-0.2506256401538849,0.3858824372291565,0.006563383154571056,0.5715842247009277,0.6092237830162048,-14.872331619262695,348000
7.798801898956299,612.03857421875,614.897705078125,596.035400390625,-620.996337890625,-610.81884765625,-13.351556777954102,3.1740810871124268,0.056833699345588684,-0.022199489176273346,0.38100847601890564,0.007331250701099634,0.6303393244743347,0.5965227484703064,-14.48107624053955,349000
7.809006690979004,612.8263549804688,615.5283813476562,597.9155883789062,-621.3568725585938,-611.8357543945312,-12.776830673217773,3.2557411193847656,0.05722935125231743,0.011107553727924824,0.38215646147727966,0.006331508047878742,0.5813396573066711,0.5967346429824829,-14.460022926330566,350000
5.824051856994629,612.8707275390625,615.140380859375,593.1765747070312,-622.0297241210938,-611.9971923828125,-13.0626802444458,3.030155897140503,0.059485435485839844,0.1630290448665619,0.3839711546897888,0.007272813934832811,0.6185654997825623,0.583759069442749,-14.09585952758789,351000
5.235208034515381,614.5770263671875,616.5274047851562,608.5375366210938,-623.0791625976562,-613.6089477539062,-12.536298751831055,3.0661070346832275,0.058560822159051895,0.24924695491790771,0.3845318853855133,0.006657037418335676,0.5853778123855591,0.5773882865905762,-13.849523544311523,352000
5.436207294464111,615.8707275390625,618.05712890625,611.802001953125,-624.7752075195312,-614.9649658203125,-13.225595474243164,3.4153285026550293,0.05270419269800186,-0.12984496355056763,0.3820057511329651,0.006014958489686251,0.6027493476867676,0.6060830354690552,-14.844634056091309,353000
270.95123291015625,615.2446899414062,618.8955688476562,98.22366333007812,-623.1822509765625,-613.5350341796875,-12.97326946258545,3.326076030731201,0.05535878241062164,-0.11893771588802338,0.38097310066223145,0.006833065766841173,0.6004956960678101,0.5894297957420349,-14.334239959716797,354000
5.309988498687744,617.230224609375,619.4155883789062,603.3464965820312,-626.2933959960938,-616.3770141601562,-13.28455638885498,3.3681650161743164,0.05670507624745369,-0.02894727513194084,0.3815695643424988,0.006641934625804424,0.6160082817077637,0.6087573170661926,-14.833253860473633,355000
5.188433647155762,618.2808227539062,619.3973999023438,614.5785522460938,-627.6438598632812,-617.7640380859375,-13.126642227172852,3.246826648712158,0.05389799177646637,-0.0004502877709455788,0.38007935881614685,0.0072922129184007645,0.5985203981399536,0.6055185794830322,-14.736783981323242,356000
4.639469623565674,619.8759765625,621.976318359375,614.4168090820312,-628.2247314453125,-618.8523559570312,-12.475181579589844,3.102809190750122,0.0542193241417408,0.1050816997885704,0.38398367166519165,0.006634392309933901,0.5728639364242554,0.5861350297927856,-13.991850852966309,357000
5.399025917053223,621.1897583007812,623.05224609375,615.099853515625,-630.5175170898438,-620.4949951171875,-13.238487243652344,3.215954303741455,0.05518534407019615,-0.12686467170715332,0.3755075931549072,0.00674778874963522,0.6175064444541931,0.60606449842453,-14.821128845214844,358000
7.4584455490112305,622.9271240234375,624.7667846679688,617.6708374023438,-631.68115234375,-621.9846801757812,-12.777664184570312,3.081176996231079,0.054164160043001175,-0.03253808245062828,0.37901973724365234,0.006216586101800203,0.5811191201210022,0.598689615726471,-14.486303329467773,359000
288.84759521484375,623.2858276367188,626.289794921875,88.37176513671875,-632.2005615234375,-622.7432250976562,-12.735280990600586,3.277977705001831,0.05758316442370415,-0.17393486201763153,0.3797259032726288,0.005988242570310831,0.589820384979248,0.599784791469574,-14.457511901855469,360000
1203.758544921875,623.5712280273438,627.799072265625,90.70719909667969,-630.2516479492188,-620.9017944335938,-12.589948654174805,3.2401070594787598,0.057634733617305756,-0.010280964896082878,0.37934064865112305,0.005250496789813042,0.5850515365600586,0.5827500224113464,-13.90334701538086,361000
24.848617553710938,626.6102905273438,628.5077514648438,529.1936645507812,-635.3934936523438,-625.6802368164062,-13.10714054107666,3.3938424587249756,0.05384596437215805,-0.21511021256446838,0.37548309564590454,0.00481751561164856,0.5962241888046265,0.6096044778823853,-14.872529983520508,362000
6.6120805740356445,627.24169921875,630.0573120117188,619.4354248046875,-635.8248291015625,-626.1629638671875,-12.865758895874023,3.203920364379883,0.05641072615981102,0.04739448055624962,0.3761458694934845,0.005947192665189505,0.5930665135383606,0.5990604162216187,-14.456560134887695,363000
9.273048400878906,627.727294921875,629.420654296875,618.474365234375,-636.1769409179688,-626.182373046875,-13.198102951049805,3.2035536766052246,0.05602242797613144,-0.1423892378807068,0.37706258893013,0.0052979011088609695,0.6066070199012756,0.5994304418563843,-14.636067390441895,364000
5.830099105834961,628.6396484375,630.899169921875,625.7431030273438,-637.6190185546875,-627.615234375,-13.099851608276367,3.0960872173309326,0.05473197251558304,0.06497471034526825,0.3751193881034851,0.006243829149752855,0.6159512996673584,0.5944466590881348,-14.356240272521973,365000
5.536311149597168,630.0159301757812,632.0419921875,623.1048583984375,-638.4759521484375,-629.1602172851562,-12.381494522094727,3.065737247467041,0.057608868926763535,0.23566581308841705,0.37889546155929565,0.005977525841444731,0.565121054649353,0.585756242275238,-13.967826843261719,366000
81.43047332763672,630.135009765625,632.8966064453125,454.46221923828125,-639.371337890625,-629.5682373046875,-12.819643020629883,3.016524314880371,0.0625084862112999,0.18550153076648712,0.3756484091281891,0.009209559299051762,0.6143476366996765,0.5782008171081543,-13.764925956726074,367000
670.8468017578125,629.356689453125,632.7701416015625,53.02421188354492,-637.134765625,-627.672607421875,-12.636563301086426,3.1743476390838623,0.056443795561790466,0.02014719322323799,0.3759917616844177,0.005992572754621506,0.5775225162506104,0.5961934328079224,-14.363456726074219,368000
4.085725784301758,631.8539428710938,633.9425659179688,626.59814453125,-641.100830078125,-631.1400146484375,-13.177372932434082,3.2165567874908447,0.05453251302242279,-0.07012520730495453,0.37379902601242065,0.0052305362187325954,0.6101487874984741,0.6041432619094849,-14.619138717651367,369000
4.724244117736816,633.5061645507812,635.531005859375,629.519287109375,-642.5180053710938,-632.6640625,-12.977437973022461,3.123469829559326,0.05603007227182388,0.14868685603141785,0.3725658059120178,0.00582893704995513,0.6049363613128662,0.5888909697532654,-14.207054138183594,370000
5.5150041580200195,634.1176147460938,636.5698852539062,625.3199462890625,-642.6946411132812,-633.0337524414062,-12.777854919433594,3.116950750350952,0.05571762099862099,0.016150694340467453,0.37218916416168213,0.008649113588035107,0.5871070623397827,0.59953773021698,-14.451332092285156,371000
6.403231620788574,633.410888671875,636.3448486328125,621.0695190429688,-642.0127563476562,-632.5830078125,-12.474127769470215,3.044377088546753,0.05666031688451767,0.05413513258099556,0.3720955550670624,0.005210860166698694,0.5661036968231201,0.5891832709312439,-14.085186004638672,372000
8.90005111694336,631.53271484375,634.5032348632812,608.3056030273438,-640.3626098632812,-630.5072021484375,-12.942014694213867,3.086632251739502,0.05312259867787361,0.11124531179666519,0.37282586097717285,0.0062317149713635445,0.6032116413116455,0.5932948589324951,-14.286565780639648,373000
20.740856170654297,628.42626953125,631.7144775390625,594.4260864257812,-636.6643676757812,-626.8724365234375,-13.11393928527832,3.321997880935669,0.0563141405582428,-0.2440643012523651,0.36910516023635864,0.005916366819292307,0.5982068777084351,0.6017317175865173,-14.711259841918945,374000
766.9806518554688,625.0419921875,629.0715942382812,19.35892105102539,-632.1350708007812,-623.0354614257812,-12.124683380126953,3.025061845779419,0.06433551013469696,0.21094214916229248,0.372455358505249,0.008856728672981262,0.5754874348640442,0.5624694228172302,-13.211505889892578,375000
11.011411666870117,623.022705078125,625.7903442382812,609.591796875,-631.62109375,-621.7579345703125,-12.84341049194336,2.980248212814331,0.05689869076013565,0.10934296250343323,0.3723861575126648,0.005322594661265612,0.6080609560012817,0.5865455269813538,-13.98957633972168,376000
233.40655517578125,619.2008056640625,623.6586303710938,217.98593139648438,-627.7310180664062,-618.5472412109375,-12.178590774536133,2.9948339462280273,0.06515993922948837,0.20870867371559143,0.36925697326660156,0.006954547017812729,0.5854631662368774,0.5650326013565063,-12.947019577026367,377000
121.60763549804688,618.843994140625,621.4651489257812,502.6767272949219,-627.2212524414062,-617.4584350585938,-12.98882007598877,3.2260141372680664,0.05619816109538078,-0.1561741679906845,0.369935542345047,0.007822811603546143,0.6060892343521118,0.5992933511734009,-14.572698593139648,378000
24.682777404785156,616.96142578125,620.838623046875,515.2847290039062,-624.9375,-615.4654541015625,-12.331863403320312,2.859787940979004,0.0603695847094059,0.19684717059135437,0.3658669888973236,0.008115258999168873,0.5727671384811401,0.5784902572631836,-13.919611930847168,379000
201.73046875,614.28759765625,618.1683349609375,244.79710388183594,-622.6619262695312,-612.7244873046875,-13.439373016357422,3.5019543170928955,0.053119707852602005,-0.3796389102935791,0.3691302537918091,0.006558449938893318,0.6214256286621094,0.6145895719528198,-15.119348526000977,380000
8.021181106567383,614.7894287109375,617.4249267578125,584.6602172851562,-623.6541137695312,-613.7264404296875,-12.949932098388672,3.0222511291503906,0.05779465287923813,0.0034689654130488634,0.3643905222415924,0.00608929293230176,0.6007877588272095,0.5962937474250793,-14.445253372192383,381000
730.3255615234375,611.9259033203125,615.7416381835938,37.19871520996094,-619.33740234375,-610.0410766601562,-12.311017990112305,3.0146853923797607,0.05860501155257225,0.15307794511318207,0.3697132468223572,0.007230149582028389,0.5689325332641602,0.5744562149047852,-13.706710815429688,382000
753.8624267578125,613.8059692382812,617.4830322265625,11.972021102905273,-621.548828125,-611.8291625976562,-12.79266357421875,3.073014974594116,0.05938994139432907,0.0989251583814621,0.3681955635547638,0.006229997146874666,0.6071097254753113,0.5790753364562988,-13.897659301757812,383000
37.908660888671875,616.1647338867188,618.9218139648438,440.70599365234375,-625.0885009765625,-615.2958374023438,-12.982784271240234,3.1901073455810547,0.057465653866529465,-0.19804736971855164,0.36640653014183044,0.004949415568262339,0.5972080826759338,0.6019077301025391,-14.610943794250488,384000
174.6337432861328,616.9595947265625,620.303466796875,334.5149230957031,-625.7605590820312,-616.039794921875,-12.90864372253418,3.187840461730957,0.059735480695962906,-0.11250483244657516,0.3651595115661621,0.006290064193308353,0.5950109958648682,0.5934457778930664,-14.5426025390625,385000
1342.5517578125,617.7630004882812,621.6893310546875,34.479183197021484,-624.9552612304688,-615.1691284179688,-12.804352760314941,3.018261432647705,0.058230604976415634,0.22779947519302368,0.3650968670845032,0.006553922314196825,0.6086804866790771,0.581501841545105,-13.91899299621582,386000
5.021668434143066,622.0699462890625,624.0740356445312,617.8151245117188,-630.95263671875,-621.30517578125,-12.694939613342285,3.0474934577941895,0.05524915084242821,0.0763373151421547,0.3636809289455414,0.0058537619188427925,0.5859957933425903,0.5915133357048035,-14.1436767578125,387000
20.948787689208984,623.9818115234375,625.900146484375,531.6851196289062,-632.5980834960938,-623.2940673828125,-12.504737854003906,3.200770139694214,0.056483350694179535,0.01641087606549263,0.3639103174209595,0.005603273399174213,0.5674467086791992,0.5951873064041138,-14.315895080566406,388000
4.9670023918151855,626.65087890625,628.7596435546875,622.8294677734375,-635.4204711914062,-625.6788330078125,-12.636887550354004,2.8952579498291016,0.0569479800760746,0.0655471533536911,0.35982173681259155,0.005723326466977596,0.5955523252487183,0.5819101333618164,-14.067238807678223,389000
819.818115234375,626.6939086914062,630.4675903320312,26.60253143310547,-634.7208862304688,-625.7618408203125,-11.61802864074707,2.6589772701263428,0.07299880683422089,0.3559758961200714,0.3608860969543457,0.006227519828826189,0.5541768670082092,0.5341324210166931,-12.285316467285156,390000
6.677660942077637,630.5654296875,632.1586303710938,623.2496948242188,-639.2604370117188,-629.3417358398438,-13.136421203613281,3.21770977973938,0.055816277861595154,-0.23293529450893402,0.3631497025489807,0.006612268276512623,0.6091864109039307,0.6074987649917603,-14.7515869140625,391000
4.767127513885498,632.0205688476562,633.5012817382812,624.8518676757812,-640.9169921875,-631.4052734375,-12.401311874389648,2.889573335647583,0.058080803602933884,0.09901630878448486,0.35891368985176086,0.005542752332985401,0.5703563690185547,0.5828037261962891,-14.116817474365234,392000
4.220259666442871,633.3980712890625,635.518310546875,629.0923461914062,-642.5086059570312,-632.7258911132812,-13.022600173950195,3.239887237548828,0.05420851707458496,-0.14140602946281433,0.362044095993042,0.004633408505469561,0.6063270568847656,0.6061645746231079,-14.651457786560059,393000
188.96849060058594,634.0755615234375,636.98681640625,232.24404907226562,-642.5562133789062,-632.9736328125,-12.752119064331055,3.169567584991455,0.06012791022658348,-0.20081453025341034,0.36086928844451904,0.0070472718216478825,0.58278489112854,0.5990026593208313,-14.619417190551758,394000
5.793756484985352,636.0511474609375,638.0972290039062,614.6189575195312,-645.450439453125,-635.5709838867188,-13.04947280883789,3.1700241565704346,0.053008850663900375,-0.19587495923042297,0.36013519763946533,0.004125906620174646,0.5970112085342407,0.6122950315475464,-14.779635429382324,395000
12.466136932373047,637.4067993164062,639.6007080078125,629.5104370117188,-646.1915283203125,-636.560546875,-12.676166534423828,3.04518461227417,0.05828132480382919,-0.047960225492715836,0.3556958734989166,0.007833988405764103,0.5918339490890503,0.5882412195205688,-14.367013931274414,396000
9.332452774047852,638.30908203125,640.6544189453125,592.3712158203125,-647.7135009765625,-637.6466064453125,-13.121726989746094,3.054788112640381,0.05531415715813637,-0.029168786481022835,0.36766117811203003,0.006287291646003723,0.6192705631256104,0.5981234908103943,-14.354812622070312,397000
9.100465774536133,638.9984130859375,641.563232421875,596.0734252929688,-647.1610107421875,-637.7660522460938,-12.287983894348145,2.893031597137451,0.05746135860681534,0.08627289533615112,0.35363832116127014,0.007301795296370983,0.5719570517539978,0.5791814923286438,-13.877484321594238,398000
955.3905029296875,638.4072265625,642.014892578125,23.805679321289062,-645.6185302734375,-636.4556884765625,-12.288046836853027,3.125192403793335,0.06086352840065956,0.06156406179070473,0.3597791790962219,0.0092122508212924,0.5649837255477905,0.5812936425209045,-13.893285751342773,399000
15.547677040100098,639.468017578125,641.968994140625,583.2688598632812,-648.5878295898438,-638.5631713867188,-13.040184020996094,3.015477180480957,0.057358354330062866,0.0237698033452034,0.35511302947998047,0.004183840937912464,0.607779860496521,0.5975490808486938,-14.496138572692871,400000
558.8662109375,638.82666015625,642.0175170898438,57.1064338684082,-646.4899291992188,-637.1258544921875,-12.472787857055664,3.108680248260498,0.06015170365571976,-0.030232740566134453,0.3573359251022339,0.0066301580518484116,0.5766334533691406,0.5847412347793579,-14.0825777053833,401000
1267.4429931640625,638.3969116210938,642.3248901367188,353.4186706542969,-646.90771484375,-637.739501953125,-12.221972465515137,3.0537941455841064,0.06444226205348969,-0.10996333509683609,0.36040961742401123,0.005962354131042957,0.5549782514572144,0.5855227112770081,-14.041524887084961,402000
5.313793659210205,640.5474853515625,643.2185668945312,631.1755981445312,-649.5283203125,-639.5548095703125,-13.19244384765625,3.218952178955078,0.05431891232728958,-0.18594057857990265,0.3537934720516205,0.005539167672395706,0.6112552881240845,0.6084829568862915,-14.821392059326172,403000
9.540340423583984,639.1398315429688,642.0225830078125,623.0426025390625,-647.6116333007812,-637.8826904296875,-12.663925170898438,2.934999942779541,0.056842874735593796,0.042781587690114975,0.355151891708374,0.004816868342459202,0.5851484537124634,0.5858643054962158,-14.116939544677734,404000
8.53901195526123,638.8870239257812,641.5548095703125,615.9524536132812,-647.4105834960938,-637.6851806640625,-12.637094497680664,2.911659002304077,0.055161070078611374,0.04491598904132843,0.3510556221008301,0.007469566538929939,0.5845637321472168,0.5880272388458252,-14.13744831085205,405000
18.244218826293945,638.591796875,641.2919921875,524.0577392578125,-647.702880859375,-637.7584228515625,-13.084650039672852,3.1402218341827393,0.053554072976112366,-0.08745650202035904,0.3545530438423157,0.004920343868434429,0.6127031445503235,0.5968647003173828,-14.520135879516602,406000
8.798391342163086,638.552001953125,641.5771484375,615.4271240234375,-646.9945068359375,-637.3199462890625,-12.62353515625,2.9489974975585938,0.057312220335006714,0.03792931139469147,0.3474043011665344,0.006704875733703375,0.5777162909507751,0.5946709513664246,-14.356302261352539,407000
17.608234405517578,637.8446044921875,640.8963623046875,533.8859252929688,-646.9566650390625,-636.8394165039062,-13.224502563476562,3.107229232788086,0.057037629187107086,-0.11155662685632706,0.35397303104400635,0.004908684641122818,0.6183081269264221,0.6042560338973999,-14.672008514404297,408000
1063.457763671875,636.1522216796875,639.0906372070312,439.67327880859375,-644.4054565429688,-634.819580078125,-12.70225715637207,3.1163899898529053,0.05792582780122757,-0.06251458078622818,0.35403934121131897,0.004554574377834797,0.5903354287147522,0.597252607345581,-14.226316452026367,409000
14.594682693481445,634.7303466796875,636.7835693359375,592.7086181640625,-643.5463256835938,-633.7393798828125,-12.746749877929688,2.939793586730957,0.05841423571109772,0.08843016624450684,0.35098183155059814,0.005233612842857838,0.5928670763969421,0.5968567728996277,-14.343070030212402,410000
115.50581359863281,633.2742919921875,636.592529296875,371.2962951660156,-641.5655517578125,-631.8018188476562,-12.619307518005371,2.8556156158447266,0.05588063970208168,0.10626884549856186,0.3482634127140045,0.005880952347069979,0.5865520238876343,0.5808150172233582,-13.903875350952148,411000
70.00480651855469,633.76123046875,636.0335693359375,410.5979309082031,-642.1744384765625,-632.59912109375,-12.522319793701172,2.9470455646514893,0.056489892303943634,0.1432117074728012,0.3511303961277008,0.00593025516718626,0.5836931467056274,0.5775247812271118,-13.810815811157227,412000
37.95566177368164,633.5726928710938,636.1359252929688,507.00897216796875,-642.5462646484375,-632.5555419921875,-12.998407363891602,3.0077176094055176,0.0527159757912159,-0.14648567140102386,0.35559776425361633,0.005854425020515919,0.6022993326187134,0.601173996925354,-14.655399322509766,413000
11.834247589111328,632.183349609375,634.8385009765625,595.433837890625,-640.9993286132812,-630.98095703125,-12.962137222290039,2.943812131881714,0.056089818477630615,0.03088289126753807,0.35153716802597046,0.0059716165997087955,0.6190664768218994,0.5932030081748962,-14.218765258789062,414000
1289.54248046875,629.8212890625,634.4022216796875,24.664533615112305,-637.0089111328125,-628.03173828125,-11.864810943603516,2.887634754180908,0.06463499367237091,0.13030722737312317,0.35671094059944153,0.007672264240682125,0.5514753460884094,0.5614975690841675,-13.381040573120117,415000
9.248952865600586,630.339599609375,633.4067993164062,603.1065063476562,-639.3209838867188,-629.2089233398438,-13.284193992614746,3.1721103191375732,0.0514884851872921,-0.11998749524354935,0.3496747612953186,0.005223018117249012,0.6181374788284302,0.6137390732765198,-14.962051391601562,416000
8.240427017211914,629.2767333984375,632.221923828125,600.0189208984375,-638.0503540039062,-628.0699462890625,-13.107657432556152,3.1272292137145996,0.05099993571639061,-0.17834700644016266,0.3480936586856842,0.005279899574816227,0.6055550575256348,0.6078246831893921,-14.678590774536133,417000
84.99085235595703,627.9901733398438,631.3917846679688,439.9782409667969,-636.472900390625,-626.641357421875,-12.675376892089844,2.843839645385742,0.05870765075087547,0.12611788511276245,0.3403000235557556,0.006604677531868219,0.5975730419158936,0.5819656848907471,-13.944524765014648,418000
10.735204696655273,627.4296875,630.3330078125,593.0867919921875,-635.689208984375,-626.105224609375,-12.49360466003418,2.9096169471740723,0.05418911948800087,0.16303212940692902,0.3434891700744629,0.006570810452103615,0.5724283456802368,0.5870074033737183,-14.111055374145508,419000
5.726923942565918,628.251220703125,630.354248046875,610.4261474609375,-637.1629638671875,-627.3475341796875,-12.732391357421875,2.9169955253601074,0.05801932141184807,0.026908524334430695,0.34466642141342163,0.0057882219552993774,0.5951706171035767,0.5902987718582153,-14.21661376953125,420000
10.87110710144043,628.2379760742188,631.0226440429688,607.7254638671875,-636.8899536132812,-627.1678466796875,-12.453926086425781,2.731832265853882,0.05959351733326912,0.1951524317264557,0.35174185037612915,0.0059784287586808205,0.5811871290206909,0.5822640657424927,-13.975342750549316,421000
460.8748779296875,626.7296142578125,630.6774291992188,142.88563537597656,-634.5543212890625,-625.025634765625,-12.430004119873047,2.9013354778289795,0.05790373310446739,0.06256474554538727,0.3461964726448059,0.005710255354642868,0.5800396203994751,0.5854282379150391,-13.919767379760742,422000
15.663976669311523,627.3404541015625,630.1416625976562,589.0970458984375,-636.1415405273438,-626.0517578125,-13.195234298706055,3.1054463386535645,0.05342302471399307,-0.16397082805633545,0.34498196840286255,0.006891310214996338,0.6156697273254395,0.606462836265564,-14.809914588928223,423000
6.359713554382324,629.0909423828125,631.0291748046875,607.9365234375,-637.9971313476562,-628.281005859375,-12.494894027709961,2.778745174407959,0.058337680995464325,0.16559167206287384,0.34231361746788025,0.005880516022443771,0.5821130275726318,0.5773366689682007,-13.848316192626953,424000
320.5438537597656,629.15869140625,632.3558959960938,209.8672637939453,-636.9057006835938,-627.763671875,-12.307561874389648,3.1655378341674805,0.06054069846868515,-0.2245471477508545,0.3447341024875641,0.0065724169835448265,0.5714993476867676,0.5844271779060364,-14.050470352172852,425000
307.190673828125,631.5206298828125,634.4540405273438,267.031005859375,-640.2919311523438,-630.572021484375,-12.591190338134766,2.8712570667266846,0.056381259113550186,0.08766130357980728,0.348643958568573,0.005943573545664549,0.582324743270874,0.5921967029571533,-14.192831039428711,426000
6.176586151123047,633.7784423828125,635.8286743164062,628.2295532226562,-642.8478393554688,-632.9639892578125,-12.76533317565918,2.881481885910034,0.054045628756284714,-0.11420608311891556,0.34088510274887085,0.0038431170396506786,0.5916450023651123,0.596108615398407,-14.384101867675781,427000
6.649722576141357,634.3329467773438,636.6546630859375,618.6154174804688,-643.6842041015625,-633.4751586914062,-12.880250930786133,2.6712193489074707,0.05504266545176506,0.1543506681919098,0.3418588638305664,0.005807050969451666,0.6234239339828491,0.5824688673019409,-13.843097686767578,428000
6.694567680358887,634.9263916015625,637.3887329101562,616.0384521484375,-643.4412841796875,-634.0361328125,-12.440991401672363,3.0358052253723145,0.05707702413201332,0.191183403134346,0.34458762407302856,0.005853159353137016,0.5630626082420349,0.5844830870628357,-14.076447486877441,429000
7.69866943359375,634.1641235351562,636.8654174804688,614.50537109375,-642.234375,-632.3819580078125,-12.851045608520508,2.998628854751587,0.05261138826608658,0.009344172663986683,0.3465648293495178,0.0054226648062467575,0.5906132459640503,0.5967335104942322,-14.495119094848633,430000
6.804978370666504,634.72412109375,637.4337768554688,629.466064453125,-643.341796875,-633.5874633789062,-12.632719039916992,2.878357172012329,0.05627356842160225,0.05807593837380409,0.3421821594238281,0.005278660450130701,0.5808079838752747,0.5954131484031677,-14.394670486450195,431000
827.4989013671875,634.31298828125,637.7362670898438,143.7003936767578,-641.8703002929688,-632.2007446289062,-12.814135551452637,3.1445810794830322,0.055508486926555634,-0.0874737873673439,0.34021851420402527,0.006875033024698496,0.5990167856216431,0.5943388938903809,-14.59782600402832,432000
15.671405792236328,632.9185791015625,636.1009521484375,600.1861572265625,-641.7664794921875,-631.9819946289062,-12.470195770263672,2.685723066329956,0.056802161037921906,0.14144179224967957,0.34569332003593445,0.007459327578544617,0.5888342261314392,0.5727264285087585,-13.500727653503418,433000
11.361608505249023,633.6492309570312,636.61767578125,605.3751220703125,-642.17041015625,-632.2443237304688,-12.774789810180664,2.8487184047698975,0.056348372250795364,-0.1279536783695221,0.3379996716976166,0.005894939880818129,0.5945656895637512,0.5952396392822266,-14.430953025817871,434000
58.21665573120117,632.8980102539062,634.7545166015625,604.2442626953125,-641.3855590820312,-631.693115234375,-12.550748825073242,2.858264923095703,0.05645767226815224,0.016660647466778755,0.33531901240348816,0.0060445102863013744,0.5846518278121948,0.5823506712913513,-13.93702220916748,435000
782.0310668945312,630.4964599609375,634.4489135742188,25.732112884521484,-638.333251953125,-628.4570922851562,-12.90755558013916,3.0313687324523926,0.05537286400794983,-0.07881849259138107,0.3394525349140167,0.005297509022057056,0.5959004163742065,0.6009951233863831,-14.553333282470703,436000
21.241958618164062,631.3176879882812,634.5931396484375,529.4368896484375,-640.1839599609375,-630.1728515625,-12.964694023132324,2.953615188598633,0.055408917367458344,-0.16173230111598969,0.33905839920043945,0.009174589067697525,0.6021072864532471,0.6032122373580933,-14.778943061828613,437000
11.556632041931152,630.7665405273438,633.1826171875,602.2265625,-639.4511108398438,-629.880615234375,-12.41583251953125,2.8453314304351807,0.056255314499139786,-0.02984103374183178,0.33889538049697876,0.004630084149539471,0.5717796683311462,0.592638373374939,-14.152933120727539,438000
14.48940658569336,630.8319091796875,633.6025390625,593.79833984375,-639.4879150390625,-629.7427368164062,-12.702217102050781,2.957036256790161,0.05415821447968483,-0.18522606790065765,0.3430880010128021,0.00531031284481287,0.5826036930084229,0.607128918170929,-14.682756423950195,439000
22.95594024658203,630.3355712890625,632.8366088867188,505.5216064453125,-639.4971313476562,-629.5960083007812,-12.84128189086914,2.94018816947937,0.05586739256978035,0.0436251126229763,0.3427918255329132,0.0048445239663124084,0.6050840616226196,0.5926346778869629,-14.279781341552734,440000
28.80070686340332,632.0770263671875,634.2683715820312,507.5045471191406,-640.5223999023438,-630.9387817382812,-12.526529312133789,2.942948818206787,0.05678611621260643,-0.09307167679071426,0.3352324664592743,0.007262198254466057,0.5829079747200012,0.5910488963127136,-14.328027725219727,441000
5.918946743011475,634.622314453125,636.5770874023438,622.8780517578125,-643.2327880859375,-633.673583984375,-12.416862487792969,2.8576557636260986,0.05365368723869324,-0.016750985756516457,0.3353889584541321,0.005544423591345549,0.5787919759750366,0.5873894691467285,-14.13198184967041,442000
4.133431911468506,636.995361328125,638.677978515625,621.1992797851562,-646.411865234375,-636.0750732421875,-13.168817520141602,2.8320367336273193,0.05729474872350693,-0.20146839320659637,0.3344956040382385,0.006186104379594326,0.6211702823638916,0.606452226638794,-14.736825942993164,443000
1064.9818115234375,638.4622802734375,640.6377563476562,381.84979248046875,-647.3883666992188,-637.7506713867188,-12.331937789916992,2.6942384243011475,0.06264960765838623,0.156146839261055,0.3338385820388794,0.006871687714010477,0.5833069086074829,0.573984682559967,-13.646978378295898,444000
1583.5748291015625,638.2282104492188,642.5953369140625,33.969390869140625,-644.2463989257812,-634.3607177734375,-12.847840309143066,2.9621660709381104,0.05570751056075096,-0.06576669216156006,0.3368721008300781,0.005245473701506853,0.5923815369606018,0.601285457611084,-14.535198211669922,445000
829.9639282226562,640.9288330078125,643.5259399414062,144.51315307617188,-649.5623779296875,-639.774658203125,-12.820295333862305,3.0326168537139893,0.05610879883170128,-0.18129520118236542,0.3311096131801605,0.005759339779615402,0.5946518778800964,0.598995566368103,-14.44350814819336,446000
3.998713493347168,643.1860961914062,645.1522216796875,637.0736083984375,-652.1834106445312,-642.3187255859375,-12.871232986450195,3.0065345764160156,0.05114547908306122,-0.16682055592536926,0.3316591680049896,0.005268499255180359,0.5874019861221313,0.6051287055015564,-14.69560432434082,447000
6.734472274780273,644.29931640625,646.9638671875,632.1390380859375,-653.2274780273438,-643.2401733398438,-12.936628341674805,2.9493706226348877,0.05448681116104126,-0.14357566833496094,0.3348039388656616,0.0060965511947870255,0.6149841547012329,0.5994877815246582,-14.420846939086914,448000
98.90376281738281,645.0264892578125,647.2017822265625,379.30780029296875,-654.0352783203125,-644.2760009765625,-12.523229598999023,2.7639710903167725,0.05850956216454506,-0.05686254799365997,0.3311671018600464,0.004751323256641626,0.5859950184822083,0.5854883193969727,-14.026701927185059,449000
893.75244140625,645.220703125,648.7506713867188,189.20689392089844,-653.2152709960938,-643.380859375,-12.50810432434082,2.673703670501709,0.05732858180999756,0.11833001673221588,0.33022886514663696,0.007089423947036266,0.5948165655136108,0.5788177847862244,-13.804205894470215,450000
956.3843383789062,645.29052734375,648.33447265625,279.0086975097656,-653.9057006835938,-644.1969604492188,-12.509033203125,2.800262928009033,0.05886690691113472,0.05867752432823181,0.3324524760246277,0.0052698287181556225,0.5924051403999329,0.5817188024520874,-13.805349349975586,451000
9.956825256347656,645.1785888671875,647.7352294921875,619.36376953125,-653.973876953125,-644.0540771484375,-12.805435180664062,2.8856496810913086,0.054986149072647095,0.018476182594895363,0.3346673548221588,0.005731057841330767,0.6030254364013672,0.5967860817909241,-14.351204872131348,452000
14.193705558776855,643.2295532226562,646.1516723632812,607.306884765625,-651.593994140625,-641.8101196289062,-12.557378768920898,2.7734854221343994,0.05545857921242714,0.13597708940505981,0.32886990904808044,0.004596206359565258,0.582977294921875,0.5898438692092896,-14.139084815979004,453000
13.242677688598633,641.0634765625,643.9287719726562,610.828857421875,-649.892822265625,-639.660888671875,-13.008904457092285,2.776949882507324,0.055140480399131775,0.034787848591804504,0.3302297592163086,0.00633624941110611,0.6165573000907898,0.5920166969299316,-14.249631881713867,454000
115.33355712890625,640.4275512695312,643.5672607421875,607.9651489257812,-648.6888427734375,-639.0271606445312,-12.433518409729004,2.7718324661254883,0.05696699395775795,0.05418987199664116,0.3323444426059723,0.008062655106186867,0.5869050621986389,0.5809754133224487,-13.838330268859863,455000
7.857326507568359,641.3909912109375,643.8178100585938,612.4903564453125,-649.7708740234375,-640.2900390625,-12.211639404296875,2.730839967727661,0.056238990277051926,0.12308742851018906,0.33389514684677124,0.0054610720835626125,0.5682299137115479,0.5839186906814575,-13.95965576171875,456000
6.722895622253418,643.0125732421875,645.2826538085938,624.79638671875,-651.9154052734375,-642.0167236328125,-12.537559509277344,2.638847827911377,0.055763084441423416,0.3189852237701416,0.33483612537384033,0.006929379887878895,0.596531867980957,0.5735511779785156,-13.63674259185791,457000
278.055908203125,641.5509033203125,645.0509643554688,194.69683837890625,-650.5009765625,-640.1748046875,-13.042290687561035,2.7161409854888916,0.05778108537197113,-0.02193254977464676,0.3287597894668579,0.006387668661773205,0.6291539669036865,0.5828185677528381,-13.930068016052246,458000
1272.12890625,641.1151733398438,644.5575561523438,499.17425537109375,-649.0802001953125,-639.560302734375,-12.284063339233398,2.764178514480591,0.058807212859392166,0.0786665827035904,0.33176714181900024,0.005757334642112255,0.5743589997291565,0.5821257829666138,-13.947636604309082,459000
1047.1331787109375,638.71484375,642.8011474609375,281.2552795410156,-646.5755615234375,-637.0758056640625,-12.514205932617188,3.0144429206848145,0.06325946003198624,-0.260746031999588,0.3289388120174408,0.005888322368264198,0.5753777027130127,0.5894462466239929,-14.346770286560059,460000
9.165842056274414,640.978759765625,643.4057006835938,616.017822265625,-649.6062622070312,-639.771240234375,-12.577573776245117,2.7425386905670166,0.05545518174767494,0.13110777735710144,0.3262712359428406,0.005291306879371405,0.5868411064147949,0.5875548124313354,-14.127941131591797,461000
8.439920425415039,641.2406005859375,643.629638671875,618.3154907226562,-650.4163818359375,-640.3074340820312,-13.00919246673584,2.9002580642700195,0.054531700909137726,-0.1542898267507553,0.3271423280239105,0.005409781821072102,0.6038699746131897,0.6015587449073792,-14.691581726074219,462000
7.871057510375977,640.0758056640625,642.676025390625,613.7216186523438,-648.3279418945312,-638.9507446289062,-12.09451961517334,2.717341899871826,0.057831697165966034,0.05790046602487564,0.3285461366176605,0.006472431123256683,0.5609636306762695,0.5814480781555176,-13.917598724365234,463000
1029.5562744140625,636.6098022460938,641.2343139648438,49.25140380859375,-643.760498046875,-634.1971435546875,-12.428092956542969,2.8647170066833496,0.06608476489782333,-0.29705384373664856,0.32737845182418823,0.004566902760416269,0.5886983871459961,0.5836583375930786,-13.880529403686523,464000
9.155027389526367,637.9924926757812,640.4176635742188,600.1557006835938,-646.5233764648438,-636.879150390625,-12.292394638061523,2.648171901702881,0.057734619826078415,0.043820373713970184,0.3243750333786011,0.00525615643709898,0.578870952129364,0.5801944732666016,-13.89112663269043,465000
18.30609893798828,636.5044555664062,639.3895874023438,594.2572631835938,-645.3135375976562,-635.217529296875,-12.961009979248047,2.8650119304656982,0.05371922627091408,-0.0562877394258976,0.3252585232257843,0.005168208386749029,0.6012938022613525,0.6035228967666626,-14.56730842590332,466000
732.517578125,634.4503173828125,638.1002197265625,215.6285858154297,-641.89794921875,-632.2141723632812,-12.735908508300781,3.0521044731140137,0.05238829553127289,-0.06672370433807373,0.3263651728630066,0.007554763928055763,0.5862759351730347,0.6004441976547241,-14.544090270996094,467000
792.8685302734375,632.9908447265625,637.0902099609375,50.24278259277344,-640.5596313476562,-630.92431640625,-12.418571472167969,2.783281087875366,0.05863557383418083,-0.04656776413321495,0.32571807503700256,0.004966245032846928,0.5751957893371582,0.5882428884506226,-14.112123489379883,468000
45.171287536621094,634.0736694335938,637.2606201171875,460.08111572265625,-642.8153686523438,-633.108642578125,-12.265707969665527,2.5589582920074463,0.06000684201717377,0.20318284630775452,0.31848210096359253,0.00701299961656332,0.592815637588501,0.5628746747970581,-13.220344543457031,469000
16.983863830566406,633.4353637695312,636.4196166992188,594.97119140625,-642.04638671875,-631.9789428710938,-12.890785217285156,2.8233628273010254,0.05504422262310982,0.058154210448265076,0.3204585909843445,0.006026178598403931,0.6104098558425903,0.5966324210166931,-14.345293045043945,470000
668.2976684570312,632.3425903320312,636.6604614257812,138.79751586914062,-639.6245727539062,-630.53515625,-11.966796875,2.877394914627075,0.06460382044315338,0.004476606845855713,0.3267693817615509,0.006077723111957312,0.5564427375793457,0.5701358914375305,-13.638333320617676,471000
10.72024917602539,635.705810546875,637.9138793945312,603.7732543945312,-644.0673217773438,-633.9188232421875,-13.027081489562988,2.878610372543335,0.052938029170036316,-0.07419145107269287,0.3185010552406311,0.004571962170302868,0.6099552512168884,0.6084635257720947,-14.711868286132812,472000
8.941073417663574,634.548583984375,637.18359375,609.4257202148438,-643.1073608398438,-633.1640625,-12.53403091430664,2.5907535552978516,0.05554695054888725,0.12234700471162796,0.32268965244293213,0.0054368311539292336,0.5927214622497559,0.5842567682266235,-13.873988151550293,473000
12.740182876586914,633.4553833007812,636.2719116210938,596.9501953125,-641.9331665039062,-632.1361083984375,-12.627969741821289,2.8309597969055176,0.05355656519532204,-0.049940112978219986,0.3249290883541107,0.006028466392308474,0.5815329551696777,0.6000663042068481,-14.411918640136719,474000
20.387104034423828,632.9036865234375,635.9273681640625,593.9273071289062,-641.2652587890625,-631.098388671875,-12.938556671142578,2.7716476917266846,0.05277957022190094,-0.07787327468395233,0.32376575469970703,0.00536107225343585,0.603020191192627,0.6048018932342529,-14.672998428344727,475000
1704.248779296875,631.4955444335938,636.386474609375,22.49045181274414,-638.4545288085938,-628.849365234375,-12.477787017822266,2.8726234436035156,0.06277967989444733,-0.2279367744922638,0.3164792060852051,0.005960532464087009,0.5951337218284607,0.5802918672561646,-13.7750883102417,476000
1211.4615478515625,633.54541015625,637.035888671875,346.37823486328125,-641.4314575195312,-631.8895874023438,-12.430682182312012,2.8887970447540283,0.06025460362434387,-0.2319079488515854,0.3181191086769104,0.005648719146847725,0.5664033889770508,0.5954204797744751,-14.40551471710205,477000
12.649425506591797,633.4996337890625,636.5838012695312,593.0405883789062,-642.0469970703125,-632.15625,-12.790557861328125,2.8997912406921387,0.05184198170900345,-0.007535944692790508,0.319793701171875,0.006035488564521074,0.5978471040725708,0.5887326002120972,-14.205743789672852,478000
14.820595741271973,632.0662841796875,634.9393310546875,585.1358642578125,-640.5946044921875,-630.6649169921875,-12.487911224365234,2.5582568645477295,0.05657548829913139,0.06848695129156113,0.32156139612197876,0.00605414155870676,0.588802695274353,0.5887959599494934,-14.13681411743164,479000
246.03163146972656,630.9238891601562,634.20361328125,152.77374267578125,-639.55859375,-629.3690185546875,-12.916634559631348,2.7270708084106445,0.05692828819155693,-0.037880852818489075,0.3222900629043579,0.005240858532488346,0.6125816106796265,0.5934557914733887,-14.1961669921875,480000
59.862083435058594,631.1484375,634.696044921875,428.95074462890625,-639.1734008789062,-629.309814453125,-12.428912162780762,2.5652854442596436,0.058890581130981445,0.10676994919776917,0.3178529739379883,0.004993374925106764,0.5768364667892456,0.5901355743408203,-14.149374961853027,481000
7.273158550262451,632.0743408203125,634.1481323242188,601.994140625,-641.2255249023438,-631.1779174804688,-12.857999801635742,2.810368776321411,0.05415099486708641,-0.10564049333333969,0.3193278908729553,0.0057341428473591805,0.597637414932251,0.5988277196884155,-14.472171783447266,482000
9.031177520751953,633.6076049804688,635.7977294921875,611.3402099609375,-642.2890014648438,-632.5482788085938,-12.443300247192383,2.702548027038574,0.056913264095783234,-0.0943458080291748,0.3176591694355011,0.005066883750259876,0.5817396640777588,0.5858132243156433,-14.088920593261719,483000
804.8816528320312,635.2886962890625,638.1864013671875,119.1396713256836,-643.9674072265625,-634.6168212890625,-11.854846954345703,2.504276752471924,0.06254228204488754,0.28334560990333557,0.32323703169822693,0.007752177771180868,0.566184401512146,0.5525579452514648,-12.951310157775879,484000
5.145725250244141,638.649658203125,640.5421752929688,629.7461547851562,-647.8632202148438,-637.8206787109375,-12.848563194274902,2.8060479164123535,0.05507337674498558,-0.0036581309977918863,0.31914249062538147,0.005777724552899599,0.6064525842666626,0.5898029804229736,-14.173303604125977,485000
90.75401306152344,641.234130859375,643.8012084960938,347.0292053222656,-650.2930297851562,-640.3148193359375,-12.63058090209961,2.6523633003234863,0.05937454476952553,-0.031739410012960434,0.31928926706314087,0.0064765047281980515,0.5983127951622009,0.5850027203559875,-13.885333061218262,486000
109.70088958740234,643.8736572265625,646.0491943359375,634.3218994140625,-652.5196533203125,-642.7481689453125,-12.36024284362793,2.588716745376587,0.058017052710056305,-0.018657879903912544,0.31263068318367004,0.005619479808956385,0.5745452642440796,0.5801598429679871,-13.903451919555664,487000
10.796411514282227,646.3673095703125,647.23291015625,602.2288208007812,-655.8067016601562,-645.8494873046875,-12.738222122192383,2.7809927463531494,0.054602012038230896,-0.05901889130473137,0.3121646046638489,0.005111191887408495,0.5948057174682617,0.5924376249313354,-14.306997299194336,488000
5.558612823486328,647.9777221679688,650.2164306640625,638.46923828125,-657.1300659179688,-647.19677734375,-12.398605346679688,2.4653401374816895,0.056017789989709854,0.19449730217456818,0.3135976195335388,0.004568058997392654,0.574541449546814,0.5834712386131287,-13.84173583984375,489000
5.139955520629883,649.4818115234375,651.85302734375,636.6195068359375,-658.1890869140625,-648.4852905273438,-12.486957550048828,2.783147096633911,0.05503113195300102,0.030134152621030807,0.31617122888565063,0.006000960245728493,0.5799416899681091,0.5891898274421692,-14.16270637512207,490000
4.796339988708496,651.0540771484375,653.0836181640625,644.4703369140625,-660.7008666992188,-650.261962890625,-13.027628898620605,2.588749885559082,0.05723710358142853,-0.01290066447108984,0.3197329044342041,0.006660649087280035,0.6223975419998169,0.5938146114349365,-14.3452730178833,491000
5.780517578125,651.47021484375,653.7172241210938,638.7710571289062,-660.6088256835938,-650.6619262695312,-12.616230010986328,2.6693379878997803,0.05231744423508644,0.03959173709154129,0.3139340281486511,0.0068962462246418,0.591259241104126,0.5893412828445435,-14.18476676940918,492000
5.536916255950928,652.3904418945312,653.9182739257812,637.614013671875,-661.5880126953125,-651.70068359375,-12.634052276611328,2.7466835975646973,0.053890686482191086,0.016448281705379486,0.3155374526977539,0.006104623898863792,0.5864817500114441,0.597062349319458,-14.320392608642578,493000
6.392169952392578,653.2139282226562,655.712158203125,636.5118408203125,-661.533447265625,-652.0755004882812,-11.919130325317383,2.461167812347412,0.05598561093211174,0.12357103824615479,0.31675028800964355,0.004781738854944706,0.5561871528625488,0.5767999887466431,-13.742026329040527,494000
858.0734252929688,651.736328125,655.2739868164062,131.53700256347656,-659.9931640625,-649.921630859375,-12.952280044555664,2.880754232406616,0.05589071288704872,-0.30492258071899414,0.3162282109260559,0.006027405150234699,0.6137825846672058,0.595489501953125,-14.363563537597656,495000
7.872386455535889,652.9986572265625,655.710205078125,631.9191284179688,-661.4769897460938,-651.8463134765625,-12.430978775024414,2.8002724647521973,0.05548391118645668,-0.010736470110714436,0.3169637620449066,0.0064459433779120445,0.5795124769210815,0.5905017852783203,-14.197602272033691,496000
13.35291576385498,653.9239501953125,656.5518798828125,597.3760986328125,-662.8035278320312,-652.9633178710938,-12.542404174804688,2.7021901607513428,0.055158816277980804,-0.021776795387268066,0.3125089108943939,0.004619034472852945,0.5883108377456665,0.5886414051055908,-14.0778226852417,497000
5.550580978393555,655.6936645507812,658.1332397460938,650.4253540039062,-664.94970703125,-654.6788330078125,-13.025630950927734,2.7547881603240967,0.0533621720969677,-0.09145499765872955,0.31120720505714417,0.005796013865619898,0.6078284382820129,0.5955028533935547,-14.479717254638672,498000
867.1605224609375,654.9449462890625,658.660888671875,69.18142700195312,-663.7433471679688,-654.203125,-12.201484680175781,2.6612367630004883,0.06037455424666405,0.07964279502630234,0.31072476506233215,0.0047225505113601685,0.5816915035247803,0.5720304250717163,-13.480106353759766,499000
5.333128929138184,657.1424560546875,659.012939453125,636.65478515625,-666.1181640625,-656.4330444335938,-12.420109748840332,2.7349801063537598,0.05150418356060982,-0.02903653495013714,0.31350135803222656,0.00555808562785387,0.5731198787689209,0.600683331489563,-14.344727516174316,500000
