critic/q_loss,critic/q_mean,critic/q_max,critic/q_min,actor/total_loss,actor/q_loss,actor/bc_loss,actor/entropy_loss,actor/mse,beta/beta_loss,beta/beta,encoder/encoder_loss,encoder/dot_mean,encoder/log_dot_mean,encoder/kl_target_mean,encoder/nll_raw_mean,step
452.5390625,-0.01119971927255392,0.09357224404811859,-0.108396515250206,-1.5354366302490234,-0.16842180490493774,9.694526672363281,-11.061541557312012,0.37805336713790894,19.372241973876953,0.9997000694274902,0.17875149846076965,0.9499475955963135,-0.025439418852329254,-0.4479166269302368,8.958333015441895,0
21.486717224121094,59.55378723144531,59.55804443359375,59.5493049621582,-65.5379409790039,-59.579498291015625,-8.740163803100586,2.7817225456237793,0.08335231244564056,3.9019384384155273,0.7990909218788147,0.0008821496739983559,0.9998835325241089,-5.820917067467235e-05,-0.003057139227166772,-8.848551750183105,1000
9.542902946472168,86.81692504882812,86.82142639160156,86.81145477294922,-93.85570526123047,-86.89158630371094,-11.30321979522705,4.339101791381836,0.06710991263389587,1.4230725765228271,0.6956468820571899,3.276878851465881e-05,0.999968409538269,-1.5815699953236617e-05,-0.00035795007715933025,-11.663830757141113,2000
11.513909339904785,108.33456420898438,108.33466339111328,108.33444213867188,-115.80498504638672,-108.35569763183594,-12.717639923095703,5.268352031707764,0.05952131003141403,-0.05667681246995926,0.6468663811683655,2.5954999260946465e-10,0.9999767541885376,-1.1620706573012285e-05,0.0,-13.018901824951172,3000
12.572895050048828,126.5833511352539,126.58390808105469,126.57390594482422,-133.7323455810547,-126.58155059814453,-12.568387031555176,5.4175920486450195,0.061531614512205124,0.2862928509712219,0.6383205652236938,0.0034536984749138355,0.999977171421051,-1.1419997463235632e-05,-0.004059211350977421,-12.803104400634766,4000
9.15356159210205,143.33724975585938,143.33914184570312,143.3352813720703,-150.86476135253906,-143.39413452148438,-13.286821365356445,5.816192626953125,0.05985501781105995,0.1279185712337494,0.6576535701751709,0.0008251433609984815,0.9999781847000122,-1.0901021596509963e-05,-0.002935417927801609,-13.639785766601562,5000
8.826374053955078,158.5511474609375,158.55189514160156,158.55043029785156,-166.18063354492188,-158.51206970214844,-13.725995063781738,6.057430744171143,0.059183429926633835,-0.3957148790359497,0.6729507446289062,1.8466567164310277e-10,0.9999813437461853,-9.320535355072934e-06,0.0,-14.212262153625488,6000
11.639205932617188,172.37075805664062,172.3707733154297,172.37074279785156,-180.0437469482422,-172.39328002929688,-13.352375984191895,5.701904296875,0.05713273957371712,-0.18461725115776062,0.6860726475715637,0.00010461856436450034,0.9999813437461853,-9.321004654339049e-06,-0.000639378500636667,-13.983182907104492,7000
8.504043579101562,185.39395141601562,185.3939666748047,185.39393615722656,-192.92578125,-185.39773559570312,-13.663361549377441,6.135308742523193,0.05675559863448143,-0.3363878130912781,0.6901080012321472,1.616484862632106e-10,0.9999818801879883,-9.03949694475159e-06,0.0,-14.411467552185059,8000
12.558242797851562,197.12429809570312,197.1243133544922,197.124267578125,-204.22364807128906,-197.07638549804688,-13.430560111999512,6.283298969268799,0.06099926680326462,-0.04135094955563545,0.7008488774299622,0.0007951383013278246,0.9999810457229614,-9.487230272497982e-06,-0.003289388492703438,-13.991711616516113,9000
14.824579238891602,208.1220703125,208.1220703125,208.12205505371094,-215.63832092285156,-208.14157104492188,-13.45655345916748,5.959812641143799,0.058264777064323425,-0.18798226118087769,0.707604706287384,0.00014312192797660828,0.9999792575836182,-1.0371777534601279e-05,-0.0009348728926852345,-14.079132080078125,10000
12.692554473876953,218.9434051513672,218.9434051513672,218.9434051513672,-226.11788940429688,-218.85470581054688,-13.282630920410156,6.019438743591309,0.05794260650873184,0.13339360058307648,0.7130210399627686,8.55693215271458e-05,0.9999780058860779,-1.0994617696269415e-05,-0.0006178256589919329,-13.911895751953125,11000
10.235788345336914,228.96859741210938,228.96861267089844,228.96856689453125,-236.03976440429688,-228.96328735351562,-12.966849327087402,5.890365123748779,0.061292074620723724,-0.007306065410375595,0.7099971175193787,2.8731892598443665e-06,0.9999792575836182,-1.036502726492472e-05,-0.00010604006092762575,-13.665412902832031,12000
224.87149047851562,237.5667724609375,237.5667724609375,237.56675720214844,-244.67506408691406,-237.4932403564453,-13.468365669250488,6.286548137664795,0.0581512451171875,-0.17764072120189667,0.7152469754219055,3.00771762340446e-06,0.9999811053276062,-9.456041880184785e-06,-0.000108648746390827,-14.309483528137207,13000
12.258773803710938,245.909423828125,245.90943908691406,245.909423828125,-253.4728546142578,-245.8836669921875,-13.599631309509277,6.010458469390869,0.057370688766241074,0.08994732052087784,0.7242881059646606,9.748384763952345e-05,0.9999759197235107,-1.2047960808558855e-05,-0.000872860080562532,-14.453947067260742,14000
252.70736694335938,253.696044921875,253.69606018066406,253.696044921875,-260.86541748046875,-253.68353271484375,-13.276826858520508,6.094937801361084,0.058582648634910583,0.3096266984939575,0.7257094383239746,0.00020638652495108545,0.9999667406082153,-1.6622774637653492e-05,-0.0008984021260403097,-14.107208251953125,15000
15.048871994018555,261.4000244140625,261.4000244140625,261.4000244140625,-268.3858642578125,-261.3838806152344,-13.409934997558594,6.407966613769531,0.05647893622517586,-0.05173126235604286,0.722256064414978,3.372033461346291e-05,0.9999607801437378,-1.96180772036314e-05,-0.00036307895788922906,-14.260458946228027,16000
12.718609809875488,268.7908935546875,268.7908935546875,268.7908630371094,-275.7312927246094,-268.8409118652344,-12.461226463317871,5.570839881896973,0.05998292937874794,0.578906774520874,0.7217689752578735,0.0020058127120137215,0.9999237060546875,-3.813954026554711e-05,-0.0033639296889305115,-13.520221710205078,17000
13.30087661743164,275.1839599609375,275.18438720703125,275.1835021972656,-282.45330810546875,-275.28192138671875,-12.227693557739258,5.0562920570373535,0.06329474598169327,0.5008652806282043,0.720612108707428,3.141190973110497e-05,0.9998465776443481,-7.669883780181408e-05,-0.0004587945295497775,-13.392278671264648,18000
311.2119445800781,282.11572265625,282.11810302734375,282.1133117675781,-289.036376953125,-282.07452392578125,-13.172929763793945,6.211077690124512,0.058923132717609406,0.05825138837099075,0.7320016622543335,0.0004375925927888602,0.9994863271713257,-0.00025701936101540923,-0.001854615518823266,-14.044902801513672,19000
13.67663288116455,287.9375,287.93865966796875,287.9363098144531,-294.920166015625,-288.0049133300781,-13.048765182495117,6.133512020111084,0.05730435252189636,0.004461000673472881,0.732318639755249,0.00020136604143772274,0.9993773698806763,-0.0003115534782409668,-0.0009085785713978112,-14.381808280944824,20000
13.212278366088867,293.70697021484375,293.7079772949219,293.70599365234375,-300.5247802734375,-293.7425231933594,-12.852726936340332,6.070472240447998,0.05744370445609093,0.3048303425312042,0.7294092178344727,0.0002976064570248127,0.9987164735794067,-0.0006431233487091959,-0.0014778145123273134,-14.212560653686523,21000
12.25014877319336,298.86126708984375,298.8617248535156,298.86083984375,-305.76959228515625,-298.8701171875,-12.991301536560059,6.091823101043701,0.05801987275481224,-0.1274351328611374,0.7192257046699524,3.785976878134534e-05,0.9990760087966919,-0.00046259956434369087,-0.0003854266833513975,-14.163092613220215,22000
13.910069465637207,304.039306640625,304.0398864746094,304.0387268066406,-311.0455017089844,-304.03143310546875,-12.833502769470215,5.819421291351318,0.05970838665962219,0.11162513494491577,0.731441855430603,1.4373794101629755e-06,0.9989650249481201,-0.0005181914893910289,0.0,-14.180341720581055,23000
16.764774322509766,309.1827697753906,309.18402099609375,309.1815185546875,-316.1755676269531,-309.20013427734375,-13.214404106140137,6.238968849182129,0.05438820645213127,-0.3770947754383087,0.7320825457572937,3.4497065826144535e-06,0.9995421171188354,-0.00022916228044778109,-0.00010860891779884696,-14.666118621826172,24000
10.986602783203125,313.832763671875,313.8359680175781,313.82952880859375,-320.7158508300781,-313.85906982421875,-12.598662376403809,5.74189567565918,0.060687106102705,0.05566304922103882,0.7270309329032898,0.0009136578883044422,0.9996016025543213,-0.00019932202121708542,-0.001906461431644857,-13.978157043457031,25000
14.506269454956055,318.016357421875,318.0167236328125,318.0159912109375,-324.7873229980469,-318.0409851074219,-13.31717586517334,6.570819854736328,0.05383540689945221,-0.28945836424827576,0.7210854291915894,1.948578074006946e-06,0.9992835521697998,-0.0003592047723941505,0.0,-14.608854293823242,26000
13.192066192626953,322.5794982910156,322.5798645019531,322.5791320800781,-329.2777404785156,-322.5774841308594,-12.89983081817627,6.199594974517822,0.05730181559920311,0.19264446198940277,0.7283875346183777,7.787049867147289e-07,0.9994970560073853,-0.0002518717374186963,0.0,-14.255241394042969,27000
13.412202835083008,326.64910888671875,326.6493835449219,326.6488037109375,-333.16748046875,-326.612548828125,-12.3638277053833,5.808890342712402,0.059717725962400436,0.470336377620697,0.7293801307678223,2.59230716892489e-07,0.9996581077575684,-0.00017108285101130605,0.0,-13.790733337402344,28000
13.771228790283203,330.531005859375,330.53277587890625,330.5292053222656,-337.16845703125,-330.553466796875,-12.977082252502441,6.362092971801758,0.05707915499806404,-0.15281006693840027,0.7214870452880859,5.775506724603474e-05,0.9995676875114441,-0.00021639531769324094,-0.00047305962652899325,-14.444659233093262,29000
13.971156120300293,334.445556640625,334.44598388671875,334.44512939453125,-340.9739074707031,-334.479248046875,-12.550683975219727,6.056035995483398,0.05913860723376274,0.23693940043449402,0.7269723415374756,7.058848132146522e-05,0.9991304874420166,-0.0004357151919975877,-0.0006715585477650166,-14.24133014678955,30000
15.796520233154297,337.52899169921875,337.5290222167969,337.5289611816406,-344.17333984375,-337.5470886230469,-13.029947280883789,6.403679847717285,0.05676678940653801,-0.017036542296409607,0.7250414490699768,0.0001352954568574205,0.9995303750038147,-0.00023513376072514802,-0.0007252520299516618,-14.815498352050781,31000
15.009632110595703,341.2242736816406,341.2242736816406,341.2242736816406,-347.7998046875,-341.2567443847656,-12.601534843444824,6.058484077453613,0.05862807482481003,0.057404275983572006,0.7130379676818848,0.004701610654592514,0.999626874923706,-0.0001884491357486695,-0.00450783921405673,-14.274482727050781,32000
463.012939453125,344.8609619140625,344.8611145019531,344.8608093261719,-351.14239501953125,-344.7751770019531,-12.282073974609375,5.914847373962402,0.05643630772829056,0.4563630521297455,0.7225848436355591,6.443200163630536e-06,0.9984617233276367,-0.0007723257876932621,0.0,-13.893326759338379,33000
14.327208518981934,347.660400390625,347.6604309082031,347.6603698730469,-354.3051452636719,-347.7019958496094,-12.908183097839355,6.305032253265381,0.056762419641017914,-0.3690413236618042,0.7193284034729004,1.838532989495434e-05,0.9991071224212646,-0.00044947321293875575,-0.00026118798996321857,-14.940946578979492,34000
12.255186080932617,350.98931884765625,350.9894104003906,350.9892578125,-357.4514465332031,-350.9815673828125,-12.340638160705566,5.870748043060303,0.06118468567728996,0.21045726537704468,0.7161070704460144,2.387595031905221e-06,0.9995250701904297,-0.00023864676768425852,0.0,-14.270281791687012,35000
13.544530868530273,353.6614074707031,353.6614074707031,353.6614074707031,-359.9704895019531,-353.66363525390625,-12.47329044342041,6.166443824768066,0.05719088390469551,-0.05668378993868828,0.7136272192001343,7.426972388202557e-07,0.9997966885566711,-0.00010202881821896881,0.0,-14.484426498413086,36000
15.392807960510254,356.7052001953125,356.7052307128906,356.7052001953125,-363.1955261230469,-356.6704406738281,-12.569931030273438,6.044826984405518,0.05740223824977875,0.2034023106098175,0.7166706323623657,0.00030766395502723753,0.9994906783103943,-0.0002583193127065897,-0.0010847961530089378,-14.472771644592285,37000
16.50733184814453,359.1435241699219,359.1435852050781,359.1434631347656,-365.5230407714844,-359.1662292480469,-12.406656265258789,6.049842357635498,0.05622168257832527,-0.025133218616247177,0.7132588028907776,0.00037714457721449435,0.9977137446403503,-0.0013061030767858028,-0.00035513329203240573,-14.632667541503906,38000
16.67753028869629,362.3846130371094,362.3846130371094,362.3846130371094,-368.60357666015625,-362.4071350097656,-12.268717765808105,6.072265625,0.057006534188985825,0.061701394617557526,0.7178987264633179,0.00043643845128826797,0.9992140531539917,-0.0004018717154394835,-0.0013783358735963702,-14.171589851379395,39000
9.111221313476562,365.17486572265625,365.17486572265625,365.17486572265625,-371.49957275390625,-365.2542724609375,-11.94750690460205,5.70220947265625,0.058303579688072205,0.11721436679363251,0.7104865312576294,5.963912599327159e-07,0.9997974634170532,-0.00010156795178772882,0.0,-13.973562240600586,40000
10.089272499084473,367.52978515625,367.5298156738281,367.52978515625,-373.8893127441406,-367.5771179199219,-12.05263614654541,5.740450859069824,0.05602889880537987,-3.931635365006514e-05,0.7119075059890747,8.375914406499874e-10,0.9999628067016602,-1.8598464521346614e-05,0.0,-14.443485260009766,41000
17.06993293762207,369.9715576171875,369.9715881347656,369.9715270996094,-376.31378173828125,-369.98712158203125,-12.869401931762695,6.542752265930176,0.05374787375330925,-0.3202919065952301,0.7107532024383545,6.328613721962029e-08,0.9999265074729919,-3.676763299154118e-05,0.0,-15.024507522583008,42000
15.531957626342773,372.2554016113281,372.2554016113281,372.2554016113281,-378.4576110839844,-372.26898193359375,-12.299726486206055,6.111076354980469,0.05676325783133507,0.17462080717086792,0.7094261646270752,8.54699555929983e-06,0.9994955658912659,-0.0002564053575042635,0.0,-14.414314270019531,43000
13.729986190795898,374.68212890625,374.683349609375,374.680908203125,-381.2749938964844,-374.71734619140625,-12.54012393951416,5.982474327087402,0.05665210634469986,-0.12810559570789337,0.7079799175262451,0.00017501195543445647,0.999667227268219,-0.00016700298874638975,-0.0008298204629682004,-14.908661842346191,44000
14.061491012573242,377.0744934082031,377.0746154785156,377.0743713378906,-383.10198974609375,-377.07489013671875,-12.338946342468262,6.311845779418945,0.05325881019234657,0.03484824672341347,0.70710289478302,2.1046402252977714e-05,0.9988351464271545,-0.0005927676102146506,0.0,-14.466503143310547,45000
15.918183326721191,379.790283203125,379.79107666015625,379.7895202636719,-386.2014465332031,-379.820556640625,-12.636442184448242,6.255549430847168,0.05529652163386345,-0.5007622241973877,0.6991077661514282,0.0001027541802613996,0.999812126159668,-9.421354479854926e-05,-0.0006344146677292883,-15.235345840454102,46000
14.447585105895996,381.26361083984375,381.2638244628906,381.263427734375,-387.463623046875,-381.23126220703125,-12.229630470275879,5.997283935546875,0.0574486218392849,-0.1534731239080429,0.6996696591377258,1.8101924297297955e-06,0.9996721744537354,-0.0001648289617151022,0.0,-14.752803802490234,47000
13.553189277648926,383.84271240234375,383.8429260253906,383.8424987792969,-390.1360168457031,-383.7975158691406,-12.778644561767578,6.440143585205078,0.05424429103732109,-0.8096069693565369,0.7052783966064453,1.7046731670689041e-07,0.9998742341995239,-6.297616346273571e-05,0.0,-15.469169616699219,48000
14.332813262939453,386.12347412109375,386.1247253417969,386.1221923828125,-392.0745849609375,-386.10540771484375,-12.277909278869629,6.308737754821777,0.05477122217416763,-0.07857941836118698,0.6982964277267456,3.802798892138526e-05,0.9999154806137085,-4.2314455640735105e-05,-0.0003855344548355788,-14.846080780029297,49000
12.819869041442871,387.74810791015625,387.748779296875,387.7474365234375,-393.8409118652344,-387.71966552734375,-12.170980453491211,6.04974365234375,0.05520071089267731,-0.14527615904808044,0.6939281821250916,1.8530529359850334e-06,0.999707818031311,-0.0001470125571358949,0.0,-14.703956604003906,50000
15.230323791503906,390.1731262207031,390.1745300292969,390.1717224121094,-396.23492431640625,-390.1533508300781,-12.047472953796387,5.965910911560059,0.055728740990161896,-0.1731465756893158,0.6937112212181091,8.394670658162795e-06,0.9995298385620117,-0.00023920246167108417,0.0,-14.580060958862305,51000
601.7119140625,392.64630126953125,392.6471862792969,392.6454162597656,-398.7928466796875,-392.6302185058594,-12.002530097961426,5.839911460876465,0.05658554285764694,0.014959810301661491,0.6899207234382629,6.626587128266692e-05,0.9989438056945801,-0.0005598632851615548,-5.8679374888015445e-06,-14.580653190612793,52000
12.999236106872559,394.50762939453125,394.5079345703125,394.50732421875,-400.6010437011719,-394.5285339355469,-11.662164688110352,5.589672565460205,0.05890025198459625,0.4701140522956848,0.694245457649231,7.285591152594861e-08,0.9999098181724548,-4.5126605982659385e-05,0.0,-14.15374755859375,53000
13.387383460998535,396.8447265625,396.8448181152344,396.8446044921875,-402.9754943847656,-396.8577880859375,-11.760360717773438,5.642664432525635,0.059747617691755295,0.2850063443183899,0.6880078315734863,3.8046182453399524e-05,0.999680757522583,-0.000160609619342722,-0.0003755195066332817,-14.193145751953125,54000
15.037050247192383,398.7591552734375,398.7591552734375,398.7591552734375,-404.883056640625,-398.7728271484375,-12.155694007873535,6.0454583168029785,0.05382760986685753,-0.3346501886844635,0.6832714080810547,6.329128332538403e-09,0.9999605417251587,-1.975255690922495e-05,0.0,-15.055154800415039,55000
14.790884017944336,400.38226318359375,400.38226318359375,400.3822326660156,-406.3514404296875,-400.4137878417969,-11.753313064575195,5.815661907196045,0.05966303497552872,-0.006918741390109062,0.6866803765296936,1.607534613867756e-05,0.999381959438324,-0.00031688515446148813,0.0,-14.462091445922852,56000
15.489940643310547,402.42779541015625,402.42950439453125,402.42608642578125,-408.6136779785156,-402.51165771484375,-11.798991203308105,5.696958541870117,0.05975266173481941,0.0656522884964943,0.6858304142951965,0.00010129855945706367,0.9995169639587402,-0.00024287219275720417,-0.0006258146022446454,-14.673510551452637,57000
15.627042770385742,404.220458984375,404.2206726074219,404.22027587890625,-410.05743408203125,-404.2395935058594,-11.80687141418457,5.98905611038208,0.0546129085123539,0.010832861997187138,0.680465579032898,2.6342809178458992e-06,0.9995473623275757,-0.00022762920707464218,0.0,-14.721763610839844,58000
15.536697387695312,405.3638000488281,405.36383056640625,405.36376953125,-411.25799560546875,-405.3658447265625,-11.843924522399902,5.951782703399658,0.059487391263246536,-0.30308404564857483,0.6840459704399109,0.00015516788698732853,0.9989404678344727,-0.0005386491538956761,-0.0007324590114876628,-14.809297561645508,59000
12.25551986694336,407.65618896484375,407.6573791503906,407.655029296875,-413.5902099609375,-407.64923095703125,-12.009037017822266,6.068042755126953,0.05318322032690048,-0.22293713688850403,0.679704487323761,8.12928533377999e-07,0.999707818031311,-0.00014649514923803508,0.0,-15.070398330688477,60000
13.291535377502441,409.63958740234375,409.6397399902344,409.639404296875,-415.5484924316406,-409.6271667480469,-11.75302791595459,5.831696033477783,0.05337679386138916,0.010920383967459202,0.6760491132736206,1.0579241234154324e-06,0.9996705651283264,-0.00016523226804565638,-5.297595748743333e-07,-14.584035873413086,61000
15.265780448913574,411.45074462890625,411.4508056640625,411.4506530761719,-417.4231872558594,-411.43109130859375,-11.33887767791748,5.346773147583008,0.05981014668941498,0.11093253642320633,0.6737067699432373,0.0005350253195501864,0.9995376467704773,-0.00023203607997857034,-0.0022786715999245644,-14.111692428588867,62000
15.051763534545898,413.20098876953125,413.2010192871094,413.200927734375,-419.0812072753906,-413.17230224609375,-11.587037086486816,5.678127288818359,0.059557296335697174,0.031996432691812515,0.6758753657341003,0.0008469858439639211,0.9996394515037537,-0.00018119910964742303,-0.001874494249932468,-14.516624450683594,63000
13.759193420410156,414.5511779785156,414.55120849609375,414.5511474609375,-420.61627197265625,-414.6368713378906,-11.53866958618164,5.559250354766846,0.056049980223178864,0.15595073997974396,0.6727958917617798,8.086220759651042e-07,0.9998528957366943,-7.397853187285364e-05,0.0,-14.636039733886719,64000
12.450167655944824,417.00262451171875,417.0026550292969,417.0025939941406,-422.7707824707031,-416.9725036621094,-11.109396934509277,5.311114311218262,0.05899813771247864,0.4493899643421173,0.6627388000488281,4.4611235352931544e-05,0.9998912811279297,-5.4444604757009074e-05,-0.0004295515827834606,-14.299489974975586,65000
12.867586135864258,418.59686279296875,418.5968933105469,418.5968017578125,-424.5298156738281,-418.5956115722656,-11.572662353515625,5.638472080230713,0.05876695364713669,-0.005895636975765228,0.6639118194580078,8.722117286197317e-07,0.9998931884765625,-5.347871774574742e-05,-5.389867510530166e-05,-14.743696212768555,66000
13.755169868469238,419.9188232421875,419.9220886230469,419.91558837890625,-425.97332763671875,-419.9880065917969,-11.451025009155273,5.46570348739624,0.059080012142658234,-0.07364076375961304,0.6673100590705872,9.40341249311416e-10,0.9999695420265198,-1.5219678061839659e-05,0.0,-14.777616500854492,67000
13.52511215209961,421.8489990234375,421.8507995605469,421.84716796875,-427.80023193359375,-421.8506774902344,-11.292009353637695,5.342482089996338,0.05884600430727005,0.14690157771110535,0.6676678657531738,5.5466340853627116e-08,0.9999337196350098,-3.3194661227753386e-05,0.0,-14.500015258789062,68000
12.231857299804688,423.01092529296875,423.01116943359375,423.0106506347656,-428.76153564453125,-423.0185241699219,-11.35366439819336,5.61065673828125,0.055258288979530334,-0.2254374474287033,0.658392071723938,0.00010787388600874692,0.9995798468589783,-0.0002152684610337019,-0.0008521802956238389,-14.757732391357422,69000
699.5654907226562,425.0661315917969,425.066162109375,425.06610107421875,-430.865478515625,-425.0182800292969,-11.667078018188477,5.819896697998047,0.056143831461668015,-0.3066767156124115,0.6637570261955261,2.273689278808888e-05,0.9991803169250488,-0.0004147309809923172,-0.00035241208388470113,-14.779680252075195,70000
13.34561538696289,426.8321838378906,426.8323059082031,426.8320617675781,-432.6365966796875,-426.8481750488281,-11.138293266296387,5.34989070892334,0.06121666356921196,0.16598770022392273,0.659792959690094,1.0224597644992173e-05,0.9988507032394409,-0.0006007296615280211,-0.00064183643553406,-14.342411041259766,71000
15.202378273010254,428.1965026855469,428.196533203125,428.19647216796875,-433.6319274902344,-428.2123107910156,-10.819351196289062,5.399760723114014,0.059326592832803726,0.36439287662506104,0.6607967615127563,0.00016474133008159697,0.999660849571228,-0.00017263731569983065,-0.0007869229884818196,-14.211155891418457,72000
12.458767890930176,429.8360290527344,429.8360290527344,429.8360290527344,-435.59686279296875,-429.83477783203125,-11.755548477172852,5.993460655212402,0.05525178462266922,-0.6780515313148499,0.6564594507217407,2.3266508719643753e-08,0.9998766183853149,-6.193556328071281e-05,-3.565582665032707e-05,-15.37364387512207,73000
13.081571578979492,431.4927978515625,431.4928283691406,431.4927978515625,-437.2242431640625,-431.48333740234375,-11.55350399017334,5.812606334686279,0.05516747012734413,0.06000032648444176,0.6558548212051392,4.399289082357427e-06,0.9996687173843384,-0.00016779822180978954,0.0,-14.912067413330078,74000
14.863993644714355,432.96478271484375,432.96478271484375,432.96478271484375,-438.3785095214844,-432.9501037597656,-10.977058410644531,5.548639297485352,0.05428159236907959,-0.048610154539346695,0.656020998954773,1.1683290722430684e-05,0.9995183944702148,-0.00024410185869783163,-0.0001466313115088269,-14.498117446899414,75000
16.01449966430664,434.39801025390625,434.39801025390625,434.39801025390625,-440.0014953613281,-434.3883361816406,-11.12657356262207,5.513425827026367,0.05633217468857765,0.12041488289833069,0.6521881222724915,3.9141755223681685e-06,0.9999366998672485,-3.163156725349836e-05,-0.00012400948617141694,-14.440817832946777,76000
11.94724178314209,436.1922607421875,436.1922607421875,436.1922302246094,-442.16888427734375,-436.2604675292969,-11.52755069732666,5.619152069091797,0.057775676250457764,-0.0835563987493515,0.6470368504524231,3.0136888540255313e-09,0.9999420642852783,-2.9009179343120195e-05,0.0,-15.14600944519043,77000
16.507061004638672,437.5638732910156,437.56390380859375,437.5638427734375,-443.1304626464844,-437.63037109375,-11.351329803466797,5.85122013092041,0.05357584357261658,-0.18624092638492584,0.6503134369850159,1.1980208000750281e-05,0.9996688961982727,-0.00016656858497299254,-0.00026058670482598245,-15.08289623260498,78000
12.451250076293945,439.02874755859375,439.02923583984375,439.0282287597656,-444.55126953125,-439.0705261230469,-10.479842185974121,4.999099254608154,0.058698877692222595,0.3042149245738983,0.6472435593605042,0.00018131594697479159,0.9977108836174011,-0.0012267469428479671,-0.00018402661953587085,-13.936151504516602,79000
12.532777786254883,440.24114990234375,440.2412109375,440.2411193847656,-445.81219482421875,-440.2096252441406,-10.91252613067627,5.309957981109619,0.05757565796375275,0.06361517310142517,0.6424039602279663,2.912181829017868e-09,0.9999380707740784,-3.097165608778596e-05,0.0,-14.606382369995117,80000
14.210087776184082,442.017333984375,442.0180358886719,442.0166320800781,-447.429931640625,-441.99908447265625,-11.20130729675293,5.770444869995117,0.05448133125901222,-0.15425218641757965,0.6443353891372681,0.0001994064514292404,0.9999439716339111,-2.8017631848342717e-05,-0.0008853181498125196,-14.871368408203125,81000
15.335098266601562,443.7522277832031,443.75225830078125,443.752197265625,-449.35675048828125,-443.7384948730469,-11.412939071655273,5.794691562652588,0.05364963039755821,-0.44728970527648926,0.6412010788917542,0.00010114779433934018,0.9995489120483398,-0.00023105493164621294,-0.0008384293178096414,-15.348549842834473,82000
14.846888542175293,444.83740234375,444.8374328613281,444.8373718261719,-450.48309326171875,-444.8734130859375,-10.51452350616455,4.904831409454346,0.05885609611868858,0.2601849138736725,0.6384084224700928,1.1770285857082285e-09,0.9999498128890991,-2.508995203243103e-05,0.0,-14.166013717651367,83000
12.451151847839355,446.51043701171875,446.5110168457031,446.50982666015625,-452.1282958984375,-446.54736328125,-10.918143272399902,5.337230205535889,0.055486831814050674,-0.05721883848309517,0.639162003993988,1.707495700387085e-09,0.9999486804008484,-2.5661118343123235e-05,0.0,-14.760139465332031,84000
15.768595695495605,448.2183837890625,448.2187194824219,448.21807861328125,-453.9099426269531,-448.246337890625,-10.932506561279297,5.268892765045166,0.05702192708849907,-0.19005322456359863,0.6373953223228455,1.4674646081402898e-05,0.9999361038208008,-3.1974384910427034e-05,-0.0002473494678270072,-14.91469955444336,85000
16.528078079223633,449.7249755859375,449.7250061035156,449.7249450683594,-454.9911804199219,-449.72515869140625,-10.53879165649414,5.2727580070495605,0.05619199946522713,0.3090354800224304,0.6325911283493042,7.862725033191964e-05,0.9999384880065918,-3.075337008340284e-05,-0.0005543450824916363,-14.23428726196289,86000
13.002580642700195,450.68084716796875,450.6810302734375,450.6806640625,-456.40484619140625,-450.68707275390625,-11.430277824401855,5.712488651275635,0.05353284999728203,-0.3880624771118164,0.6356514692306519,2.0791832699984525e-09,0.9999459981918335,-2.700357435969636e-05,0.0,-15.581632614135742,87000
16.733993530273438,451.7951354980469,451.7955627441406,451.7947082519531,-457.19134521484375,-451.77618408203125,-11.40628433227539,5.991110324859619,0.05155858024954796,-0.4361177682876587,0.631777822971344,4.7703386371722445e-05,0.9984780550003052,-0.0008355157915502787,-0.0012198714539408684,-15.588216781616211,88000
14.658577919006348,453.2938232421875,453.2947998046875,453.2928161621094,-458.5162353515625,-453.25787353515625,-10.848688125610352,5.590325355529785,0.053983885794878006,-0.09326541423797607,0.630246102809906,6.329952884698287e-05,0.9989016652107239,-0.0005795436445623636,0.0,-14.883187294006348,89000
14.93647575378418,454.75787353515625,454.7579650878906,454.7578125,-460.2001647949219,-454.7713928222656,-10.774191856384277,5.345430374145508,0.05739064887166023,0.048814624547958374,0.6283107399940491,3.222185478080064e-05,0.9990856647491455,-0.00047812177217565477,-0.0007641030824743211,-14.72774887084961,90000
14.995298385620117,456.424072265625,456.42620849609375,456.4219055175781,-461.64739990234375,-456.4089660644531,-10.135608673095703,4.897172927856445,0.05682956054806709,0.5069708824157715,0.6220517158508301,1.4423960692511173e-06,0.999753475189209,-0.00012399606930557638,0.0,-13.983612060546875,91000
14.739492416381836,458.05206298828125,458.0533752441406,458.0507507324219,-463.64520263671875,-458.0863952636719,-10.998726844787598,5.439896583557129,0.0591205433011055,-0.2002200484275818,0.6242420673370361,6.820614295577343e-09,0.9999113082885742,-4.434181755641475e-05,0.0,-14.98780632019043,92000
13.97446346282959,459.60284423828125,459.60308837890625,459.60260009765625,-465.0714111328125,-459.599365234375,-10.127848625183105,4.655777931213379,0.05999895557761192,0.4117899239063263,0.621698260307312,5.7970632738602035e-09,0.999901533126831,-4.92388971906621e-05,0.0,-13.961061477661133,93000
13.76103687286377,461.279052734375,461.2792053222656,461.27886962890625,-466.5983581542969,-461.2845153808594,-10.786413192749023,5.472574234008789,0.05760350450873375,-0.1241820827126503,0.6243227124214172,0.00014491795445792377,0.9998723864555359,-6.390846101567149e-05,-0.0007527756388299167,-15.041204452514648,94000
16.453876495361328,462.09521484375,462.0954895019531,462.0949401855469,-467.3380126953125,-462.11163330078125,-10.106467247009277,4.880084991455078,0.058816179633140564,0.49226972460746765,0.6216450333595276,2.9892792685615177e-09,0.9999289512634277,-3.550816836650483e-05,0.0,-14.016477584838867,95000
15.081701278686523,463.5982971191406,463.5986633300781,463.5979309082031,-468.8106384277344,-463.61322021484375,-10.344930648803711,5.1475300788879395,0.05801740661263466,0.024250995367765427,0.6195209622383118,3.7045349017716944e-05,0.9999195337295532,-4.0265265852212906e-05,-0.00044942140812054276,-14.591283798217773,96000
14.235359191894531,465.19482421875,465.1953430175781,465.1943359375,-470.6004943847656,-465.17193603515625,-10.703571319580078,5.275030136108398,0.05412272736430168,-0.0522935576736927,0.619918167591095,7.5882539931626525e-06,0.9995994567871094,-0.0002040013059740886,0.0,-14.799797058105469,97000
15.841814994812012,466.35321044921875,466.3533630371094,466.3530578613281,-471.74359130859375,-466.3540344238281,-10.555093765258789,5.165524482727051,0.05774571746587753,0.05385943502187729,0.6152383089065552,5.62913328394643e-06,0.9996216893196106,-0.00019193121988791972,0.0,-14.783950805664062,98000
13.519636154174805,468.013671875,468.0138854980469,468.013427734375,-473.2133483886719,-468.0264587402344,-10.141969680786133,4.955081462860107,0.05642303451895714,0.32462549209594727,0.6133773326873779,9.433792729396373e-05,0.9999172687530518,-4.136956704314798e-05,-0.0006073538097552955,-14.248607635498047,99000
15.2002592086792,468.53961181640625,468.5400390625,468.5391540527344,-473.7438659667969,-468.5140686035156,-10.142355918884277,4.912568092346191,0.057900406420230865,0.1643238514661789,0.6135251522064209,7.626251317560673e-06,0.9999356269836426,-3.22023406624794e-05,-0.00017338062752969563,-14.410988807678223,100000
12.967971801757812,470.1939392089844,470.1968994140625,470.19097900390625,-475.6304626464844,-470.1405334472656,-10.842480659484863,5.352543354034424,0.055178288370370865,-0.45060086250305176,0.6108021140098572,6.095120988902636e-05,0.9990302324295044,-0.0005141450092196465,0.0,-15.598808288574219,101000
11.556791305541992,471.5447692871094,471.5455627441406,471.5439758300781,-476.95062255859375,-471.62176513671875,-10.554631233215332,5.225775241851807,0.05396478623151779,-0.18063515424728394,0.6105878353118896,1.6153142157193656e-09,0.9999457001686096,-2.7150956157129258e-05,0.0,-15.070762634277344,102000
11.210369110107422,472.6038513183594,472.60400390625,472.60369873046875,-477.8816833496094,-472.6091613769531,-10.377338409423828,5.104824542999268,0.055879782885313034,-0.001481647021137178,0.6040706038475037,2.364824467804283e-05,0.9999347925186157,-3.2611580536467955e-05,-0.000304471846902743,-14.508222579956055,103000
12.798711776733398,474.16314697265625,474.1632385253906,474.1630554199219,-479.4330749511719,-474.1578674316406,-10.379500389099121,5.10427188873291,0.05872071534395218,0.0630774274468422,0.6086859107017517,5.30185451097509e-09,0.9999367594718933,-3.161080530844629e-05,0.0,-14.616539001464844,104000
13.602293014526367,475.45770263671875,475.4577941894531,475.45758056640625,-480.6705627441406,-475.4682312011719,-10.343283653259277,5.140948295593262,0.05531695485115051,-0.1602657586336136,0.6054450869560242,5.7994977709086015e-08,0.9999078512191772,-4.610987161868252e-05,0.0,-14.783676147460938,105000
10.948591232299805,476.88787841796875,476.8880920410156,476.88763427734375,-481.9575500488281,-476.92144775390625,-10.102469444274902,5.066377639770508,0.05876621976494789,0.0011594564421102405,0.6030259728431702,0.0007763016037642956,0.9998951554298401,-5.2460898587014526e-05,-0.0017414753092452884,-14.33381462097168,106000
13.654160499572754,478.4578857421875,478.4578857421875,478.4578552246094,-483.5625,-478.4215393066406,-10.21438217163086,5.073436737060547,0.05597538501024246,-0.014735192060470581,0.6024455428123474,6.168987987109631e-09,0.9999263286590576,-3.681523958221078e-05,0.0,-14.637286186218262,107000
902.8125,479.1767578125,479.1770324707031,479.176513671875,-484.0244140625,-479.13409423828125,-9.883474349975586,4.993168830871582,0.05798204615712166,0.12182524800300598,0.5998799204826355,0.00017278589075431228,0.9985352754592896,-0.0007548144203610718,-0.0014033372281119227,-14.420697212219238,108000
12.160442352294922,480.990966796875,480.9910888671875,480.9908752441406,-486.0144958496094,-481.019775390625,-9.931116104125977,4.936391353607178,0.0584968663752079,-0.04535188525915146,0.5995375514030457,4.085027427436216e-09,0.9999222159385681,-3.890734660672024e-05,0.0,-14.407742500305176,109000
14.383787155151367,482.3931884765625,482.39617919921875,482.39019775390625,-487.5643005371094,-482.4136962890625,-10.329885482788086,5.179304122924805,0.0576307475566864,-0.179490327835083,0.5957080721855164,4.9059787343708194e-09,0.9999130964279175,-4.347333015175536e-05,0.0,-14.983515739440918,110000
12.672419548034668,483.50323486328125,483.50341796875,483.5030822753906,-488.6735534667969,-483.4697265625,-10.407550811767578,5.203732490539551,0.05576557666063309,-0.15852193534374237,0.5954942107200623,2.9166531412272434e-09,0.9999281167984009,-3.5950273741036654e-05,0.0,-14.981250762939453,111000
10.91870403289795,485.25787353515625,485.2579650878906,485.2577819824219,-490.4488830566406,-485.2662658691406,-10.646794319152832,5.464159965515137,0.05284459516406059,-0.5358803868293762,0.5890259742736816,2.6272906325175427e-05,0.9999011754989624,-4.9440262955613434e-05,-0.0003209112910553813,-15.639554977416992,112000
12.626504898071289,486.4237060546875,486.4241027832031,486.42333984375,-491.6396179199219,-486.453369140625,-10.047369956970215,4.861124515533447,0.05814722925424576,0.1237153485417366,0.5954950451850891,0.0004575363709591329,0.9990441799163818,-0.0004963674582540989,-0.001858471892774105,-14.814915657043457,113000
15.677623748779297,487.14434814453125,487.1529541015625,487.1357727050781,-492.2693176269531,-487.1609802246094,-10.581014633178711,5.472695827484131,0.05487208440899849,-0.5514715313911438,0.5937670469284058,9.159084157772668e-09,0.9998757839202881,-6.212938023963943e-05,0.0,-15.46253776550293,114000
13.116045951843262,488.34136962890625,488.3423767089844,488.3403625488281,-493.59228515625,-488.3747863769531,-9.756232261657715,4.5387420654296875,0.059579119086265564,0.2337198108434677,0.5892311334609985,1.0076007583847968e-08,0.9998739361763,-6.303974078036845e-05,0.0,-14.488101959228516,115000
12.775964736938477,489.9405822753906,489.94219970703125,489.93896484375,-494.99853515625,-489.9599914550781,-9.970623016357422,4.932073593139648,0.05755854770541191,0.23439468443393707,0.5893154740333557,1.8714377603146204e-08,0.9998593926429749,-7.03174591762945e-05,0.0,-14.548187255859375,116000
10.792703628540039,491.5692138671875,491.57000732421875,491.5683898925781,-496.3306884765625,-491.5260314941406,-9.876238822937012,5.071591854095459,0.055184535682201385,-0.14551375806331635,0.5818594694137573,1.428918380952382e-06,0.999740719795227,-0.00013035308802500367,0.0,-14.770018577575684,117000
13.01652717590332,492.28271484375,492.2847900390625,492.2806701660156,-497.1652526855469,-492.2919616699219,-9.754355430603027,4.881069660186768,0.05931440368294716,0.40101099014282227,0.5902124047279358,1.3206329185777577e-07,0.9998087882995605,-9.564524225424975e-05,0.0,-14.338733673095703,118000
12.937994003295898,493.4480285644531,493.448486328125,493.44757080078125,-498.258056640625,-493.4876708984375,-9.478409767150879,4.708041667938232,0.05908893048763275,0.22165712714195251,0.5856056809425354,3.093984105362324e-06,0.999801754951477,-9.916604176396504e-05,-0.00010919878695858642,-14.249471664428711,119000
13.879327774047852,494.52972412109375,494.53009033203125,494.5293273925781,-499.4134216308594,-494.5721740722656,-9.954988479614258,5.113725662231445,0.05743252485990524,-0.17062093317508698,0.5857585668563843,0.0001372342958347872,0.9993997812271118,-0.000307269801851362,-0.0006944119231775403,-14.799468040466309,120000
13.807933807373047,495.999267578125,495.9992980957031,495.999267578125,-501.0145263671875,-495.9761047363281,-10.156932830810547,5.118491172790527,0.05648238956928253,-0.16229793429374695,0.5786051750183105,1.3443886004438355e-08,0.9998596906661987,-7.02059332979843e-05,-2.8802827728213742e-05,-15.119613647460938,121000
13.696533203125,497.2828369140625,497.2828674316406,497.28277587890625,-502.43267822265625,-497.3431701660156,-9.234786987304688,4.145264625549316,0.06274924427270889,0.46114036440849304,0.5793778300285339,2.774765744106844e-05,0.9998961687088013,-5.192757453187369e-05,-0.00033034870284609497,-13.84768295288086,122000
9.998268127441406,498.40093994140625,498.40264892578125,498.3992614746094,-503.3744201660156,-498.3758239746094,-9.492323875427246,4.493723392486572,0.058340635150671005,0.0619887113571167,0.5786269903182983,8.094307446526727e-09,0.9999003410339355,-4.980721860192716e-05,0.0,-14.357210159301758,123000
967.096923828125,500.1715087890625,500.1718444824219,500.171142578125,-504.9586486816406,-500.13922119140625,-9.723241806030273,4.903801441192627,0.057128582149744034,-0.0805346742272377,0.5779189467430115,4.326868641157944e-09,0.9999129772186279,-4.348468064563349e-05,0.0,-14.717439651489258,124000
15.025096893310547,500.7130432128906,500.7134704589844,500.7126159667969,-505.6672058105469,-500.6634216308594,-9.723027229309082,4.719247341156006,0.05709163099527359,-0.00017260003369301558,0.576265811920166,7.222259235106776e-09,0.9999011158943176,-4.944729516864754e-05,0.0,-14.688074111938477,125000
12.13892936706543,502.3135986328125,502.3136901855469,502.31353759765625,-506.9930419921875,-502.2958984375,-9.852232933044434,5.155095100402832,0.05380469188094139,-0.09370776265859604,0.5747488141059875,6.256190676623419e-09,0.999900221824646,-4.99101442983374e-05,0.0,-14.908214569091797,126000
14.634791374206543,503.486328125,503.4872741699219,503.48541259765625,-508.3702697753906,-503.5049743652344,-10.21371078491211,5.348411560058594,0.05562247335910797,-0.31468984484672546,0.5770021677017212,6.735113402100978e-06,0.9999052286148071,-4.737160634249449e-05,-0.00016419250459875911,-15.28148078918457,127000
13.836465835571289,504.8491516113281,504.84918212890625,504.84912109375,-509.8013916015625,-504.8349304199219,-10.420674324035645,5.454219341278076,0.052471231669187546,-0.7762752771377563,0.5723819732666016,4.021974753243285e-09,0.9999146461486816,-4.269104465493001e-05,0.0,-15.712014198303223,128000
12.731706619262695,505.76202392578125,505.7620849609375,505.7619323730469,-510.6322021484375,-505.75946044921875,-10.028770446777344,5.156014442443848,0.05554625391960144,-0.2399582862854004,0.5658095479011536,0.0005761954234912992,0.9998835325241089,-5.824044637847692e-05,-0.0015030819922685623,-15.1570405960083,129000
11.900053024291992,506.9843444824219,506.9855651855469,506.9831237792969,-511.614990234375,-507.0039367675781,-9.396921157836914,4.785892486572266,0.05633696913719177,0.23291054368019104,0.5717408061027527,2.0193446914618107e-08,0.9998853206634521,-5.7338351325597614e-05,0.0,-14.302389144897461,130000
14.225549697875977,508.6429138183594,508.6440734863281,508.6417541503906,-513.4281616210938,-508.6862487792969,-9.556639671325684,4.814699172973633,0.05783442035317421,0.052168697118759155,0.5700602531433105,1.286588684479284e-07,0.999829888343811,-8.510748011758551e-05,0.0,-14.706645965576172,131000
12.346447944641113,509.5972900390625,509.5975646972656,509.5970153808594,-514.2789306640625,-509.5547790527344,-9.532918930053711,4.8087568283081055,0.057164039462804794,0.09860967099666595,0.5682002902030945,3.3197764537362673e-07,0.9998157620429993,-9.228145063389093e-05,0.0,-14.590794563293457,132000
12.607710838317871,510.67352294921875,510.674072265625,510.6730041503906,-515.5458984375,-510.6973876953125,-9.921448707580566,5.072943687438965,0.052716128528118134,-0.08274547010660172,0.5651271939277649,8.837261589178524e-07,0.9997943639755249,-0.00010324790491722524,0.0,-15.256253242492676,133000
10.782398223876953,511.3448791503906,511.3449401855469,511.3448181152344,-516.0836181640625,-511.3777160644531,-9.119311332702637,4.413369655609131,0.05933673307299614,0.3256339728832245,0.5634348392486572,2.8951653803233057e-06,0.9998730421066284,-6.350583134917542e-05,-0.00010615785140544176,-13.944877624511719,134000
12.57391357421875,512.9237060546875,512.9237060546875,512.9237060546875,-517.7756958007812,-512.9100341796875,-9.915847778320312,5.050161361694336,0.053226396441459656,-0.32030218839645386,0.5625274181365967,3.1810006930754753e-06,0.998860239982605,-0.0005971666541881859,-0.0005386953125707805,-15.204813957214355,135000
10.58782958984375,513.9002685546875,513.90380859375,513.896728515625,-518.7700805664062,-513.9160766601562,-9.683477401733398,4.829451560974121,0.05701986327767372,-0.11698095500469208,0.5622292160987854,5.801003410965677e-08,0.9998815059661865,-5.9260160924168304e-05,0.0,-15.034395217895508,136000
11.493087768554688,515.3924560546875,515.3927612304688,515.3922119140625,-520.1141967773438,-515.3792114257812,-9.953981399536133,5.2189812660217285,0.052478671073913574,-0.3083502948284149,0.5588887929916382,4.276403675618212e-09,0.9999122023582458,-4.3888387153856456e-05,0.0,-15.376631736755371,137000
13.31580924987793,516.4100341796875,516.4112548828125,516.4088745117188,-521.0118408203125,-516.414794921875,-9.668259620666504,5.071218967437744,0.05410204827785492,-0.17234009504318237,0.5605438351631165,6.839438356109895e-06,0.9997122287750244,-0.0001448990369681269,-0.00014803122030571103,-15.011232376098633,138000
12.284974098205566,517.619873046875,517.6206665039062,517.6190795898438,-522.4691772460938,-517.6170043945312,-9.94455623626709,5.092402458190918,0.05247551202774048,-0.3021567463874817,0.5554081201553345,5.508727554115467e-05,0.9999046921730042,-4.7668225306551903e-05,-0.0004645497538149357,-15.54684066772461,139000
13.507255554199219,518.4656982421875,518.4661254882812,518.46533203125,-523.2167358398438,-518.4559936523438,-9.725563049316406,4.96483039855957,0.05415523797273636,-0.32835841178894043,0.5534263253211975,7.257324519116537e-09,0.9998918771743774,-5.4057825764175504e-05,0.0,-15.308393478393555,140000
13.716968536376953,519.640869140625,519.6422729492188,519.6394653320312,-524.2937622070312,-519.6800537109375,-9.25070858001709,4.637029647827148,0.05504057928919792,0.1814614087343216,0.5567280054092407,5.721170204253667e-09,0.9999033212661743,-4.8341295041609555e-05,0.0,-14.51005744934082,141000
1052.266845703125,521.086181640625,521.0900268554688,521.0823364257812,-525.9326171875,-521.0526123046875,-9.521147727966309,4.641130447387695,0.05941493436694145,-0.09009436517953873,0.5504884719848633,8.249231768786558e-07,0.9999117255210876,-4.413922579260543e-05,-5.737993706134148e-05,-15.108736038208008,142000
12.401254653930664,521.9620971679688,521.9638061523438,521.9603881835938,-526.3906860351562,-521.9360961914062,-9.164938926696777,4.710355758666992,0.05555647984147072,0.28317543864250183,0.5540429353713989,8.168519194384771e-09,0.9998865127563477,-5.6729084462858737e-05,0.0,-14.31856918334961,143000
10.303550720214844,523.5648193359375,523.5650634765625,523.5646362304688,-528.246337890625,-523.555419921875,-9.256028175354004,4.56512975692749,0.05352015793323517,0.1950564682483673,0.5518664121627808,5.652800449951201e-09,0.9999009370803833,-4.9532653065398335e-05,0.0,-14.553004264831543,144000
12.127243995666504,524.6290283203125,524.6290893554688,524.62890625,-529.1840209960938,-524.6807861328125,-8.757049560546875,4.253873348236084,0.058866310864686966,0.5202838778495789,0.5499299764633179,0.00025539682246744633,0.9998974800109863,-5.126885662321001e-05,-0.0009990273974835873,-14.014204025268555,145000
12.758801460266113,525.9017944335938,525.9017944335938,525.9017944335938,-530.4404296875,-525.8849487304688,-9.169422149658203,4.613929748535156,0.055776700377464294,0.0647650957107544,0.5476917028427124,7.054039574683202e-09,0.9998983144760132,-5.08265002281405e-05,0.0,-14.601085662841797,146000
2130.035888671875,526.7724609375,526.7725219726562,526.7723999023438,-531.3345336914062,-526.742431640625,-8.619789123535156,4.027689456939697,0.061421506106853485,0.5139170289039612,0.5474206209182739,7.745770744804759e-06,0.9998571276664734,-7.148607983253896e-05,-0.00017540613771416247,-13.828977584838867,147000
11.644670486450195,527.753662109375,527.7546997070312,527.7525634765625,-532.2067260742188,-527.7448120117188,-9.262097358703613,4.800157070159912,0.054854102432727814,0.15932589769363403,0.5468936562538147,0.00037995100137777627,0.9998958706855774,-5.206076821195893e-05,-0.001272606779821217,-14.572541236877441,148000
10.752494812011719,528.789794921875,528.7898559570312,528.789794921875,-533.38818359375,-528.8219604492188,-8.82224178314209,4.256039619445801,0.060302503407001495,0.13892115652561188,0.5447362065315247,4.515951150096953e-05,0.9998592138290405,-7.04610429238528e-05,-0.0004200775292702019,-14.180364608764648,149000
10.696456909179688,529.9990844726562,529.9991455078125,529.9990234375,-534.5181884765625,-530.0164184570312,-8.515487670898438,4.013709545135498,0.058140482753515244,0.6888042688369751,0.5433411002159119,1.6787344847557506e-08,0.9998511075973511,-7.447857205988839e-05,0.0,-13.571741104125977,150000
13.305049896240234,530.6040649414062,530.6044311523438,530.6036987304688,-535.2195434570312,-530.6151123046875,-9.397154808044434,4.792718410491943,0.053933270275592804,-0.18157003819942474,0.5405133366584778,1.5121102592274838e-08,0.9998483657836914,-7.58251262595877e-05,0.0,-15.131131172180176,151000
13.697322845458984,531.9292602539062,531.9293212890625,531.92919921875,-536.5005493164062,-531.927001953125,-8.957269668579102,4.383704662322998,0.05990413948893547,-0.035375989973545074,0.5406988859176636,2.0237941100731405e-08,0.9998473525047302,-7.63273419579491e-05,0.0,-14.661779403686523,152000
12.494117736816406,533.3615112304688,533.363037109375,533.3599853515625,-537.7542114257812,-533.3741455078125,-8.569916725158691,4.189896106719971,0.058135565370321274,0.4658912718296051,0.5409635901451111,3.3468473702669144e-05,0.9997161030769348,-0.00014245626516640186,-0.0003648524871096015,-13.943265914916992,153000
12.026758193969727,534.4666748046875,534.4668579101562,534.4664306640625,-538.9722290039062,-534.4453125,-8.915407180786133,4.3884711265563965,0.05715350806713104,0.08193480223417282,0.538181722164154,2.344824497413356e-05,0.9997007250785828,-0.00015054956020321697,-0.00029226462356746197,-14.637351989746094,154000
9.73221492767334,535.4554443359375,535.45556640625,535.455322265625,-539.8744506835938,-535.4722290039062,-8.84476375579834,4.442565441131592,0.055429283529520035,0.273881196975708,0.5368703007698059,0.0002632246760185808,0.9998006820678711,-9.976892033591866e-05,-0.0010144513798877597,-14.335809707641602,155000
11.159076690673828,536.5277099609375,536.5277709960938,536.527587890625,-541.1649780273438,-536.5018310546875,-8.751748085021973,4.088649749755859,0.05977477878332138,0.12229660153388977,0.5333510041236877,1.9649457172477014e-08,0.9998233318328857,-8.834274194668978e-05,0.0,-14.351573944091797,156000
10.600788116455078,537.8101806640625,537.8119506835938,537.8084106445312,-542.2588500976562,-537.76708984375,-8.592878341674805,4.101139068603516,0.059538062661886215,0.26478591561317444,0.5304830074310303,0.00035035869223065674,0.999561607837677,-0.00021968118380755186,-0.0015402447897940874,-14.165613174438477,157000
11.187433242797852,538.986328125,538.9882202148438,538.984375,-543.518310546875,-539.0065307617188,-9.000747680664062,4.488931655883789,0.05682923644781113,0.18167805671691895,0.5360642671585083,6.000693247187883e-06,0.9994368553161621,-0.0002839101944118738,-0.00017537856183480471,-14.483924865722656,158000
10.244226455688477,539.883544921875,539.8837890625,539.88330078125,-544.3546142578125,-539.8442993164062,-8.550230979919434,4.039921283721924,0.058114394545555115,0.2701849937438965,0.5325422883033752,3.2678933337138005e-08,0.9998217821121216,-8.911969052860513e-05,0.0,-14.204753875732422,159000
9.30195426940918,541.0167846679688,541.0167846679688,541.0167846679688,-545.7102661132812,-541.0294799804688,-9.032601356506348,4.351781368255615,0.057257864624261856,-0.1324106752872467,0.5272610187530518,2.456207681689193e-08,0.9998148679733276,-9.257177589461207e-05,0.0,-14.980027198791504,160000
11.87466812133789,541.6104736328125,541.6112670898438,541.609619140625,-546.0646362304688,-541.6506958007812,-8.615478515625,4.201555252075195,0.057794444262981415,0.2650037109851837,0.5307338833808899,3.510690760322177e-08,0.9997909069061279,-0.00010457736789248884,0.0,-14.063516616821289,161000
1137.989013671875,542.955078125,542.9554443359375,542.9547729492188,-547.2880859375,-542.95751953125,-8.61201286315918,4.281457901000977,0.05636763572692871,0.2799512445926666,0.5301720499992371,8.894879215404217e-07,0.9996470212936401,-0.00017693135305307806,0.0,-14.295883178710938,162000
12.149229049682617,544.0521240234375,544.0547485351562,544.049560546875,-548.4630737304688,-544.0686645507812,-9.102468490600586,4.708040237426758,0.05463197082281113,-0.14136838912963867,0.5249735713005066,3.249243718528305e-08,0.9997985363006592,-0.00010074157762574032,0.0,-15.14413070678711,163000
10.475835800170898,544.954833984375,544.9569702148438,544.95263671875,-549.389404296875,-544.9693603515625,-8.484227180480957,4.064237594604492,0.057652249932289124,0.23554350435733795,0.5217332243919373,3.194912068238409e-08,0.999788761138916,-0.0001056132823578082,0.0,-14.213457107543945,164000
11.265424728393555,546.21630859375,546.2177734375,546.21484375,-550.5551147460938,-546.2265625,-8.891321182250977,4.562756538391113,0.055444393306970596,0.04658064246177673,0.5237053632736206,1.9476442503219005e-07,0.9997549057006836,-0.00012267252895981073,0.0,-14.865169525146484,165000
11.905906677246094,546.9117431640625,546.9122924804688,546.9112548828125,-551.4102783203125,-546.9452514648438,-8.722464561462402,4.257432460784912,0.05942138656973839,-0.000960440665949136,0.523547887802124,2.008983756240923e-06,0.9997986555099487,-0.0001006702077575028,-8.874065679265186e-05,-14.551210403442383,166000
9.679492950439453,548.4573974609375,548.4574584960938,548.4573974609375,-552.7813110351562,-548.4337768554688,-8.396185874938965,4.048662185668945,0.06010141223669052,0.5052505731582642,0.5254698991775513,5.359911483537871e-06,0.9992715716362,-0.00037348721525631845,-0.00012785881699528545,-14.07699966430664,167000
12.614559173583984,549.5389404296875,549.5389404296875,549.5388793945312,-553.827880859375,-549.5537109375,-8.666213989257812,4.392058372497559,0.05722901597619057,0.33131611347198486,0.5215817093849182,9.86199637509344e-08,0.9996784925460815,-0.00016079556371551007,0.0,-14.524419784545898,168000
11.588628768920898,550.17236328125,550.1724243164062,550.17236328125,-554.6401977539062,-550.1908569335938,-8.778145790100098,4.32879114151001,0.057978544384241104,0.1713103950023651,0.518190324306488,5.958958482210619e-08,0.9997276663780212,-0.0001362024195259437,0.0,-14.602117538452148,169000
11.686840057373047,551.2374267578125,551.23779296875,551.237060546875,-555.5130615234375,-551.2717895507812,-8.773696899414062,4.532380104064941,0.052994973957538605,-0.050156451761722565,0.518932580947876,8.447049992810207e-08,0.9996970891952515,-0.00015149459068197757,0.0,-14.986980438232422,170000
10.378108978271484,552.5589599609375,552.5592041015625,552.5587768554688,-556.9711303710938,-552.5518798828125,-8.721515655517578,4.302231311798096,0.054594896733760834,-0.01380932331085205,0.5174356698989868,1.8226912288810126e-05,0.9994111061096191,-0.0002945808810181916,-0.0002657321747392416,-14.7862548828125,171000
11.123030662536621,553.1117553710938,553.1119384765625,553.111572265625,-557.444580078125,-553.1506958007812,-8.816289901733398,4.522421360015869,0.05749286338686943,-0.18731875717639923,0.516863226890564,1.7865172594611067e-06,0.9984898567199707,-0.0007784001063555479,-0.0005082871648482978,-15.064713478088379,172000
9.921013832092285,554.2991943359375,554.2991943359375,554.2991333007812,-558.6177368164062,-554.3111572265625,-8.533143043518066,4.2265400886535645,0.05934887006878853,0.1796417087316513,0.5140615105628967,3.5500937656252063e-07,0.9993548393249512,-0.00032275542616844177,0.0,-14.617966651916504,173000
11.565723419189453,555.337158203125,555.337158203125,555.3370971679688,-559.761474609375,-555.358154296875,-8.490171432495117,4.086872577667236,0.05865076556801796,0.09334801882505417,0.5021072626113892,5.129042506268888e-07,0.9994724988937378,-0.00026398227782920003,0.0,-14.456019401550293,174000
9.717470169067383,556.158935546875,556.15966796875,556.158203125,-560.4050903320312,-556.2059326171875,-8.450228691101074,4.251121997833252,0.055292390286922455,0.29294800758361816,0.5141807198524475,1.8626340647642792e-07,0.999565839767456,-0.0002171804226236418,0.0,-14.287532806396484,175000
10.749067306518555,557.0384521484375,557.0386962890625,557.0382080078125,-561.421142578125,-557.0645751953125,-8.717662811279297,4.361067295074463,0.0546564944088459,-0.27734339237213135,0.5117835402488708,9.398415556916007e-08,0.9996639490127563,-0.0001680978457443416,0.0,-15.17519760131836,176000
11.41162395477295,558.0789794921875,558.0790405273438,558.0789184570312,-562.376708984375,-558.0531005859375,-9.13072681427002,4.807103157043457,0.051101963967084885,-0.5395209789276123,0.5139875411987305,1.6398263369410415e-07,0.9995989203453064,-0.00020062713883817196,0.0,-15.559377670288086,177000
9.339924812316895,558.833740234375,558.8338012695312,558.8336181640625,-563.0247802734375,-558.8296508789062,-8.639002799987793,4.443824291229248,0.054787859320640564,-0.12114941328763962,0.508514404296875,4.48085083917249e-05,0.9996329545974731,-0.00018357185763306916,-0.00041879090713337064,-14.80295467376709,178000
10.975971221923828,559.7350463867188,559.735107421875,559.7349853515625,-563.8899536132812,-559.6990356445312,-8.470922470092773,4.280011177062988,0.05730094015598297,0.051713790744543076,0.509983479976654,1.501279882631934e-07,0.9996110200881958,-0.00019457498274277896,0.0,-14.522998809814453,179000
13.586435317993164,561.1867065429688,561.186767578125,561.1866455078125,-565.529296875,-561.165283203125,-9.051862716674805,4.687842845916748,0.05377217382192612,-0.36900341510772705,0.5093426704406738,5.2956249163571556e-08,0.9997329115867615,-0.0001335748820565641,0.0,-15.657293319702148,180000
11.50904655456543,562.200439453125,562.20068359375,562.2002563476562,-566.5392456054688,-562.1885986328125,-8.493846893310547,4.143194198608398,0.05720070004463196,0.08410786837339401,0.5067721605300903,5.4805177285288664e-08,0.9997219443321228,-0.00013905826199334115,0.0,-14.761417388916016,181000
11.846271514892578,562.80078125,562.80078125,562.8007202148438,-567.189697265625,-562.83544921875,-8.321599006652832,3.967357635498047,0.060224033892154694,0.2575421929359436,0.5071921944618225,2.1423806174425408e-05,0.9992106556892395,-0.00040483614429831505,-5.218486694502644e-05,-14.579538345336914,182000
12.545841217041016,563.8587646484375,563.8593139648438,563.8582153320312,-568.1454467773438,-563.84912109375,-8.291070938110352,3.9947640895843506,0.058696333318948746,0.23622260987758636,0.5055762529373169,2.311283395783903e-07,0.9996811747550964,-0.0001595181820448488,0.0,-14.427387237548828,183000
9.460352897644043,564.6626586914062,564.6627807617188,564.6625366210938,-568.9502563476562,-564.6771240234375,-8.618887901306152,4.345778465270996,0.05504368990659714,-0.3315761685371399,0.5039762854576111,0.0001145204296335578,0.9985625147819519,-0.0007728605414740741,0.0,-15.072169303894043,184000
1238.4747314453125,566.462890625,566.4629516601562,566.4628295898438,-570.62744140625,-566.4267578125,-8.290509223937988,4.089871406555176,0.055606815963983536,0.11783285439014435,0.5030511617660522,0.00034192082239314914,0.9988610148429871,-0.0005790010909549892,-0.0017753690481185913,-14.484809875488281,185000
11.85655403137207,567.5610961914062,567.5611572265625,567.56103515625,-571.6650390625,-567.5709228515625,-8.393399238586426,4.299252510070801,0.05586852505803108,-0.021218758076429367,0.5010640621185303,0.0002686042571440339,0.9990857839584351,-0.0004669864138122648,-0.0014913545455783606,-14.673513412475586,186000
9.989921569824219,567.6026000976562,567.6026000976562,567.6026000976562,-571.6755981445312,-567.6212158203125,-8.282896041870117,4.228528022766113,0.05514950677752495,0.06169150769710541,0.5014317035675049,8.227662817716919e-08,0.9997060298919678,-0.0001470077841077,0.0,-14.835838317871094,187000
12.904314994812012,569.04541015625,569.0469360351562,569.0438232421875,-573.3494873046875,-569.1058349609375,-8.759811401367188,4.516153812408447,0.054287031292915344,-0.2914065718650818,0.49793314933776855,4.524348184986593e-08,0.9997423887252808,-0.0001288480416405946,0.0,-15.573653221130371,188000
1274.4696044921875,570.4647827148438,570.465576171875,570.4639892578125,-574.585205078125,-570.450927734375,-8.56161117553711,4.427281856536865,0.055648379027843475,-0.09565689414739609,0.4933107793331146,4.0905092646426056e-08,0.9997667670249939,-0.00011661970347631723,0.0,-15.071025848388672,189000
9.489727020263672,570.8729858398438,570.8772583007812,570.8687133789062,-575.0820922851562,-570.8392333984375,-8.520875930786133,4.278016567230225,0.0568169504404068,-0.0727897435426712,0.49460646510124207,5.681094705778378e-08,0.9997266530990601,-0.00013667671009898186,0.0,-14.96524429321289,190000
11.174514770507812,571.716796875,571.7198486328125,571.7137451171875,-575.79248046875,-571.6944580078125,-8.228282928466797,4.130222320556641,0.05941766873002052,0.20789258182048798,0.49840855598449707,3.6870147596346214e-05,0.9992085099220276,-0.00040587084367871284,-0.0006545128999277949,-14.419588088989258,191000
10.797412872314453,573.0009765625,573.0011596679688,573.0007934570312,-577.0740356445312,-573.0199584960938,-8.706568717956543,4.652468681335449,0.054439377039670944,-0.3969205319881439,0.4944777190685272,4.108767825528048e-06,0.9997080564498901,-0.00014602112059947103,-0.00013104992103762925,-15.36410903930664,192000
11.2633056640625,574.2000732421875,574.2001953125,574.1998901367188,-578.340576171875,-574.209716796875,-8.417275428771973,4.286417484283447,0.053520046174526215,-0.07009653002023697,0.49478965997695923,5.281003723212052e-08,0.9997061491012573,-0.00014695394202135503,0.0,-14.880521774291992,193000
13.588150978088379,574.0214233398438,574.0240478515625,574.018798828125,-578.3348388671875,-574.0308837890625,-8.556021690368652,4.252098083496094,0.058022551238536835,-0.304463654756546,0.4933187961578369,0.0001598943636054173,0.9977010488510132,-0.001213368377648294,-0.0004510344588197768,-15.426406860351562,194000
9.793115615844727,575.534912109375,575.5362548828125,575.5336303710938,-579.5194702148438,-575.532958984375,-8.196793556213379,4.210270881652832,0.05504971370100975,0.1140914186835289,0.4928671419620514,4.260203240846749e-06,0.9988925457000732,-0.0005558376433327794,0.0,-14.619239807128906,195000
10.041702270507812,576.680419921875,576.6807861328125,576.6801147460938,-580.7495727539062,-576.656005859375,-8.018196105957031,3.9246420860290527,0.05690290406346321,0.2723386883735657,0.49045929312705994,0.0001506875705672428,0.9962807297706604,-0.0020423773676156998,-0.0017671085661277175,-14.33704662322998,196000
1289.6025390625,577.706298828125,577.706787109375,577.705810546875,-581.6823120117188,-577.65673828125,-8.168257713317871,4.142716407775879,0.055575039237737656,-0.06546827405691147,0.48923423886299133,1.2298505680519156e-06,0.9978387355804443,-0.0011138757690787315,-0.0005272463895380497,-14.653223037719727,197000
10.464447021484375,578.1130981445312,578.1150512695312,578.1111450195312,-582.3058471679688,-578.029296875,-8.593862533569336,4.317321300506592,0.05775297433137894,-0.3251761794090271,0.4869539439678192,3.7306995182007086e-07,0.9993194341659546,-0.00034045884967781603,0.0,-15.43923568725586,198000
8.470041275024414,579.48388671875,579.4842529296875,579.4835205078125,-583.4691772460938,-579.4759521484375,-7.811795234680176,3.818539619445801,0.05647328495979309,0.3695961534976959,0.48728758096694946,0.00011846896086353809,0.9993720650672913,-0.00031417282298207283,-0.0006986106163822114,-14.221487045288086,199000
11.466687202453613,580.021484375,580.0220947265625,580.0209350585938,-584.0905151367188,-580.0484008789062,-8.326210021972656,4.2841105461120605,0.05432666838169098,-0.08301126956939697,0.4870105981826782,2.484009655745467e-07,0.9994982481002808,-0.00025101428036578,0.0,-14.942683219909668,200000
10.389848709106445,581.1370239257812,581.1470947265625,581.126953125,-585.1788940429688,-581.1173706054688,-8.422212600708008,4.360702991485596,0.05549232289195061,-0.11515136063098907,0.48481056094169617,5.152568292032811e-07,0.9993277788162231,-0.00033635913860052824,0.0,-15.28769302368164,201000
12.187664031982422,581.8341064453125,581.8356323242188,581.8325805664062,-585.8258056640625,-581.8252563476562,-7.9032883644104,3.9027254581451416,0.05788479000329971,0.09117598831653595,0.4853934943675995,2.9994174610692426e-07,0.9994602203369141,-0.00027002085698768497,0.0,-14.490921020507812,202000
10.759892463684082,583.2839965820312,583.2841796875,583.2838134765625,-587.2312622070312,-583.2837524414062,-7.7061333656311035,3.758586883544922,0.05845434591174126,0.45660772919654846,0.48311957716941833,4.313219506002497e-07,0.999452531337738,-0.0002739347983151674,0.0,-13.907670021057129,203000
9.524677276611328,583.7067260742188,583.7067260742188,583.7067260742188,-587.731689453125,-583.7320556640625,-7.632711887359619,3.633030414581299,0.06032511964440346,0.5068679451942444,0.48110243678092957,1.1126772960778908e-06,0.9995071887969971,-0.0002465083380229771,-6.170405686134472e-05,-13.812276840209961,204000
12.193326950073242,584.5097045898438,584.5127563476562,584.5066528320312,-588.63623046875,-584.4927978515625,-8.157770156860352,4.0143351554870605,0.05844160541892052,-0.17975111305713654,0.4810775816440582,2.561493488428823e-07,0.9995038509368896,-0.0002481969422660768,0.0,-14.980042457580566,205000
8.510417938232422,585.208740234375,585.2091064453125,585.2084350585938,-589.2155151367188,-585.2079467773438,-7.844371795654297,3.836812973022461,0.057163022458553314,0.2953760325908661,0.47916269302368164,1.459542033899197e-07,0.9995708465576172,-0.0002146475890185684,0.0,-14.457462310791016,206000
10.999187469482422,585.8602294921875,585.8603515625,585.8601684570312,-590.052734375,-585.9033813476562,-8.34201717376709,4.1927008628845215,0.055457744747400284,-0.22509318590164185,0.47851669788360596,1.0801316818742634e-07,0.9996405839920044,-0.0001797603617887944,0.0,-15.400424003601074,207000
11.687932968139648,586.8829956054688,586.8831176757812,586.8828735351562,-590.9329833984375,-586.938232421875,-7.927380561828613,3.932614326477051,0.058976735919713974,0.131741002202034,0.47785472869873047,6.24288389872163e-08,0.9997334480285645,-0.0001333255786448717,0.0,-14.652483940124512,208000
12.393356323242188,587.3663330078125,587.3673095703125,587.3652954101562,-591.5732421875,-587.388671875,-8.373833656311035,4.189245223999023,0.05570754036307335,-0.22020956873893738,0.47928500175476074,9.6986347841721e-08,0.9996253252029419,-0.0001873965811682865,0.0,-15.381553649902344,209000
10.44991683959961,588.2028198242188,588.2031860351562,588.2024536132812,-592.1156616210938,-588.20166015625,-8.15873908996582,4.24472713470459,0.05791886895895004,-0.13166791200637817,0.4789349138736725,2.6730472768576874e-07,0.9995327591896057,-0.00023375880846288055,0.0,-14.990545272827148,210000
9.690933227539062,589.1221923828125,589.124755859375,589.1196899414062,-593.04443359375,-589.1741333007812,-7.854465484619141,3.9841699600219727,0.05705539882183075,0.1210663840174675,0.4742136597633362,1.9882588730979478e-07,0.999539852142334,-0.00023016722116153687,0.0,-14.375950813293457,211000
1339.3751220703125,589.620361328125,589.6207275390625,589.6199951171875,-593.4939575195312,-589.5714721679688,-7.625027179718018,3.7024927139282227,0.06040201336145401,0.2650527358055115,0.4757719039916992,4.6471071982523426e-05,0.9995043873786926,-0.00024801064864732325,-0.0004245680756866932,-14.144378662109375,212000
9.982658386230469,590.8548583984375,590.85498046875,590.854736328125,-594.92822265625,-590.8355712890625,-7.907902240753174,3.815248966217041,0.0602482333779335,0.07160002738237381,0.4743371903896332,2.8197493406878493e-07,0.9994134902954102,-0.00029341113986447453,0.0,-14.678726196289062,213000
12.234046936035156,591.458740234375,591.4588012695312,591.4586181640625,-595.3692016601562,-591.4588012695312,-8.123226165771484,4.21284294128418,0.05504205450415611,-0.04619473218917847,0.47371646761894226,1.4135986248220433e-07,0.9995728135108948,-0.00021363803534768522,0.0,-15.032648086547852,214000
10.388545989990234,592.46875,592.4688110351562,592.4686279296875,-596.445068359375,-592.4757690429688,-8.299600601196289,4.330352306365967,0.054214317351579666,-0.30026188492774963,0.47026124596595764,0.00026056388742290437,0.9993975758552551,-0.00030142589821480215,-0.0010109251597896218,-15.643189430236816,215000
10.184423446655273,592.9973754882812,592.999267578125,592.9954833984375,-596.9609985351562,-592.9822998046875,-7.987242698669434,4.008528232574463,0.05614759027957916,-0.07020439952611923,0.4705415368080139,1.2947266725404916e-07,0.9995955228805542,-0.0002022972039412707,0.0,-14.921488761901855,216000
10.809106826782227,593.8450927734375,593.845947265625,593.8441772460938,-597.7838745117188,-593.8513793945312,-8.2113676071167,4.2788920402526855,0.05608918145298958,-0.2715555727481842,0.47177013754844666,1.8118338118711108e-07,0.9995903968811035,-0.00020489629241637886,0.0,-15.444051742553711,217000
11.315217971801758,595.1358642578125,595.1360473632812,595.1357421875,-599.156982421875,-595.132568359375,-7.771936893463135,3.747476100921631,0.05795459821820259,0.19212836027145386,0.4674589931964874,1.9233824843922775e-07,0.9995633959770203,-0.00021841372654307634,0.0,-14.632831573486328,218000
9.458226203918457,595.7637939453125,595.7637939453125,595.7637329101562,-599.8018188476562,-595.7619018554688,-8.329825401306152,4.289914608001709,0.054067716002464294,-0.4527713358402252,0.4680229425430298,2.8222211767570116e-07,0.9994463920593262,-0.00027694524032995105,0.0,-15.7006254196167,219000
9.603922843933105,596.7313232421875,596.7313232421875,596.7312622070312,-600.554931640625,-596.7579345703125,-7.263352394104004,3.46634840965271,0.05923212319612503,0.5465101599693298,0.4680694341659546,2.3170233021119202e-07,0.9994453191757202,-0.0002774478343781084,0.0,-14.020559310913086,220000
8.97032356262207,597.4095458984375,597.4095458984375,597.4094848632812,-601.2381591796875,-597.4003295898438,-7.6086649894714355,3.7708370685577393,0.058045413345098495,0.23841983079910278,0.46511754393577576,4.369647967905621e-07,0.9993261694908142,-0.00033712683944031596,0.0,-14.36188793182373,221000
10.866074562072754,597.934814453125,597.934814453125,597.934814453125,-601.9874267578125,-597.920166015625,-8.3445405960083,4.277255535125732,0.051077112555503845,-0.5198307037353516,0.46360036730766296,3.1872724548520637e-07,0.9994873404502869,-0.00025650925817899406,0.0,-15.899120330810547,222000
9.462169647216797,599.2923583984375,599.2933959960938,599.2913208007812,-603.250732421875,-599.2633666992188,-8.172224998474121,4.184875965118408,0.05479173734784126,-0.37292763590812683,0.4629468321800232,2.574442135028221e-07,0.9994646310806274,-0.0002678031160030514,0.0,-15.439488410949707,223000
10.675787925720215,599.9229125976562,599.9229125976562,599.9229125976562,-603.7228393554688,-599.9236450195312,-7.908557415008545,4.109371662139893,0.05360408499836922,-0.03014262393116951,0.4606953561306,3.069163199143077e-07,0.9995149970054626,-0.0002426694263704121,0.0,-15.047120094299316,224000
10.793010711669922,600.540771484375,600.54150390625,600.5401000976562,-604.4209594726562,-600.494384765625,-7.84915828704834,3.9225785732269287,0.057013414800167084,-0.13252027332782745,0.45856815576553345,2.493729596153571e-07,0.9994732141494751,-0.00026353896828368306,0.0,-15.0185546875,225000
8.801543235778809,601.2133178710938,601.21337890625,601.2132568359375,-605.0144653320312,-601.224609375,-7.561214447021484,3.771376609802246,0.05798980966210365,0.3464522659778595,0.46220842003822327,0.0001109072909457609,0.9990818500518799,-0.00046368376933969557,-0.000845950678922236,-14.482465744018555,226000
9.14045524597168,602.0638427734375,602.0645141601562,602.0631713867188,-605.8743896484375,-602.0879516601562,-7.636716365814209,3.8502702713012695,0.05802899971604347,0.047706928104162216,0.4527375400066376,1.7897542647915543e-07,0.9995183944702148,-0.00024089431099127978,0.0,-14.66586685180664,227000
10.420492172241211,602.8143310546875,602.8145751953125,602.8140869140625,-606.5581665039062,-602.8265380859375,-7.590353012084961,3.858724594116211,0.05710705742239952,0.1034662276506424,0.4596501886844635,3.054937565138971e-07,0.9994922280311584,-0.00025406095664948225,0.0,-14.572964668273926,228000
9.275508880615234,603.7977294921875,603.7999877929688,603.79541015625,-607.5130615234375,-603.8012084960938,-7.319015026092529,3.607179641723633,0.057275112718343735,0.2868103086948395,0.4599168300628662,1.7261402263102354e-07,0.9995810985565186,-0.00020952720660716295,0.0,-14.198168754577637,229000
8.402229309082031,604.079345703125,604.08251953125,604.0762329101562,-607.8331909179688,-604.1128540039062,-7.619930744171143,3.899604320526123,0.05457267910242081,0.1415049135684967,0.45828869938850403,2.1932230254151364e-07,0.9995765686035156,-0.0002118196862284094,0.0,-14.724418640136719,230000
8.431900024414062,605.7327880859375,605.7357788085938,605.7297973632812,-609.5905151367188,-605.745849609375,-7.5443525314331055,3.6997008323669434,0.054461970925331116,0.14983214437961578,0.4579799175262451,1.2374569280382275e-07,0.9996353387832642,-0.0001823782513383776,0.0,-14.578084945678711,231000
8.549997329711914,606.5645141601562,606.5657348632812,606.5632934570312,-610.4436645507812,-606.5747680664062,-7.381551742553711,3.5126328468322754,0.059815336018800735,0.1219063326716423,0.45302537083625793,2.0010300261219527e-07,0.9996033906936646,-0.00019840532331727445,0.0,-14.364957809448242,232000
9.414752960205078,607.1544189453125,607.1551513671875,607.1537475585938,-611.0912475585938,-607.2196044921875,-7.434710502624512,3.563072919845581,0.05918348580598831,0.11110982298851013,0.45415282249450684,2.532348162276321e-07,0.9994877576828003,-0.0002562516601756215,0.0,-14.538896560668945,233000
11.154850006103516,607.8228759765625,607.8228759765625,607.8228149414062,-611.5320434570312,-607.7892456054688,-7.799656867980957,4.056855201721191,0.05386578291654587,-0.19374389946460724,0.4534454941749573,5.657071596942842e-06,0.9992729425430298,-0.00036388373700901866,-0.00013918439799454063,-15.09022331237793,234000
9.620869636535645,608.7093505859375,608.7094116210938,608.7093505859375,-612.5877075195312,-608.6959838867188,-8.041747093200684,4.150030136108398,0.05635252594947815,-0.28738248348236084,0.4543027877807617,5.780362926088856e-07,0.9993005990982056,-0.0003499792655929923,0.0,-15.674895286560059,235000
9.890379905700684,609.294921875,609.2950439453125,609.2947387695312,-613.1646118164062,-609.3015747070312,-7.850855350494385,3.987783670425415,0.054871540516614914,-0.24639193713665009,0.4524447023868561,6.119349222899473e-07,0.9993063807487488,-0.0003471114905551076,0.0,-15.436477661132812,236000
9.733739852905273,609.6363525390625,609.638916015625,609.6337280273438,-613.413330078125,-609.6267700195312,-7.08429479598999,3.2977592945098877,0.060624878853559494,0.31865188479423523,0.45340633392333984,8.57049053593073e-06,0.9991984963417053,-0.00040222465759143233,-0.0003241199883632362,-13.791077613830566,237000
8.510300636291504,611.2368774414062,611.2391967773438,611.2345581054688,-615.014892578125,-611.26123046875,-7.056211471557617,3.3025686740875244,0.06090288981795311,0.39982613921165466,0.449522465467453,1.1341468962200452e-05,0.9992368221282959,-0.0003819342819042504,-0.00022083544172346592,-13.957269668579102,238000
11.22766399383545,611.6048583984375,611.6084594726562,611.601318359375,-615.2848510742188,-611.607666015625,-7.265311241149902,3.588118314743042,0.058260392397642136,0.22721721231937408,0.45051807165145874,2.465169927745592e-05,0.9994484186172485,-0.0002759578637778759,-0.0003111120022367686,-14.34262466430664,239000
10.787187576293945,612.4410400390625,612.44287109375,612.4391479492188,-616.06298828125,-612.4627685546875,-7.3522629737854,3.7520408630371094,0.05985157564282417,-0.00428936118260026,0.4512726664543152,1.9017097940832173e-07,0.9995527267456055,-0.0002237491135019809,0.0,-14.50798225402832,240000
8.728066444396973,613.6141967773438,613.6149291992188,613.6134643554688,-617.3511352539062,-613.5808715820312,-7.396391868591309,3.6261022090911865,0.057066675275564194,0.00804673321545124,0.44693729281425476,3.389713185697474e-07,0.9995772242546082,-0.0002115489187417552,0.0,-14.687859535217285,241000
10.90880012512207,614.2188110351562,614.21923828125,614.2183837890625,-617.9502563476562,-614.2421264648438,-7.497131824493408,3.788994312286377,0.055174633860588074,0.011921766214072704,0.44710201025009155,9.264149980481307e-08,0.9997133016586304,-0.0001433940778952092,0.0,-14.923791885375977,242000
10.136356353759766,615.3001708984375,615.3004150390625,615.2999877929688,-619.02734375,-615.3402709960938,-7.736539363861084,4.049427509307861,0.0544525608420372,-0.18936438858509064,0.44540879130363464,8.957149333355119e-08,0.999661922454834,-0.00016909099940676242,0.0,-15.268684387207031,243000
11.895041465759277,616.3983154296875,616.398681640625,616.3978881835938,-620.0501098632812,-616.3861694335938,-7.321815490722656,3.6579153537750244,0.058632008731365204,-0.010273032821714878,0.44530391693115234,0.00014133118384052068,0.9994566440582275,-0.0002732328721322119,-0.0009218797204084694,-14.642474174499512,244000
8.77692985534668,616.740478515625,616.7409057617188,616.7401123046875,-620.4072875976562,-616.7445068359375,-7.266694068908691,3.6039156913757324,0.05813424289226532,0.218145951628685,0.4443848133087158,4.205643477916965e-08,0.9997744560241699,-0.00011279091268079355,0.0,-14.475399017333984,245000
9.787954330444336,617.6448974609375,617.6452026367188,617.64453125,-621.3644409179688,-617.6860961914062,-7.5919694900512695,3.9136557579040527,0.05598897859454155,-0.1300302892923355,0.4414588510990143,3.4088234457385624e-08,0.999794602394104,-0.00010274401574861258,0.0,-15.130435943603516,246000
9.788938522338867,617.880126953125,617.8814086914062,617.8788452148438,-621.5574340820312,-617.9207153320312,-6.955193042755127,3.318490982055664,0.061749570071697235,0.3097332715988159,0.44404542446136475,5.333762587156343e-08,0.9997603893280029,-0.00011985062155872583,0.0,-14.047569274902344,247000
11.076318740844727,618.5443725585938,618.5445556640625,618.544189453125,-622.2691650390625,-618.5903930664062,-7.525650501251221,3.8468430042266846,0.056300293654203415,-0.20415064692497253,0.44016698002815247,3.4527118941696244e-08,0.9997937679290771,-0.00010312840458936989,0.0,-15.087441444396973,248000
10.172021865844727,619.723388671875,619.7235107421875,619.7232055664062,-623.42236328125,-619.7379760742188,-7.345237731933594,3.6608238220214844,0.056116510182619095,0.13967713713645935,0.43849775195121765,9.105023934807832e-08,0.9997472763061523,-0.000126410202938132,-1.0058039151772391e-05,-14.775266647338867,249000
9.249585151672363,620.645751953125,620.6458129882812,620.6456909179688,-624.3995971679688,-620.6542358398438,-7.520177364349365,3.7748162746429443,0.05755935236811638,-0.046113573014736176,0.43804314732551575,4.2963506530213635e-08,0.9997789263725281,-0.00011056783841922879,0.0,-15.10118293762207,250000
9.660604476928711,621.6031494140625,621.6031494140625,621.6031494140625,-625.3128662109375,-621.5890502929688,-7.287219524383545,3.563413381576538,0.05648667737841606,0.08942926675081253,0.43278247117996216,3.8104680299966276e-08,0.9997715950012207,-0.00011424552940297872,0.0,-14.695968627929688,251000
10.824983596801758,622.392822265625,622.3928833007812,622.3927612304688,-626.060302734375,-622.4053955078125,-7.387890338897705,3.732988119125366,0.0555008202791214,0.10216828435659409,0.43759047985076904,5.297084726407775e-08,0.9997645616531372,-0.00011776497558457777,0.0,-14.803339958190918,252000
8.608073234558105,623.0120849609375,623.0874633789062,622.9366455078125,-626.5260620117188,-623.001953125,-7.115631103515625,3.59150767326355,0.05876597389578819,0.21894381940364838,0.4373794496059418,7.444878491469353e-08,0.9997076392173767,-0.00014622877642977983,0.0,-14.338983535766602,253000
10.284229278564453,623.901611328125,623.9022216796875,623.9010620117188,-627.537353515625,-623.8451538085938,-7.26010274887085,3.567905902862549,0.05809768661856651,-0.07049871981143951,0.4305017292499542,6.624692616696848e-08,0.9996967911720276,-0.00015162659110501409,0.0,-14.750954627990723,254000
9.26593017578125,624.2440795898438,624.244140625,624.2440185546875,-627.8688354492188,-624.2692260742188,-7.47928524017334,3.879713773727417,0.05478394031524658,-0.039132919162511826,0.43358463048934937,4.317148238897062e-08,0.9997608661651611,-0.00011962086864514276,0.0,-15.120916366577148,255000
8.75777816772461,624.5512084960938,624.5513916015625,624.551025390625,-628.1820068359375,-624.5164184570312,-7.375477313995361,3.709897756576538,0.057757943868637085,-0.18096837401390076,0.431784451007843,9.275711931877595e-08,0.9996960163116455,-0.00015206287207547575,0.0,-15.050506591796875,256000
1509.3370361328125,625.9776000976562,625.9786987304688,625.9765014648438,-629.4788818359375,-625.9065551757812,-7.365052223205566,3.7927002906799316,0.057689543813467026,-0.21621066331863403,0.4305201768875122,5.505899736135689e-08,0.9997545480728149,-0.00012276001507416368,0.0,-15.067797660827637,257000
10.878470420837402,626.3493041992188,626.3499145507812,626.3486938476562,-629.9127197265625,-626.3892211914062,-7.360755443572998,3.8372673988342285,0.0544930063188076,-0.0457521416246891,0.4337256848812103,1.030118426115223e-07,0.9997227787971497,-0.00013865414075553417,0.0,-14.968640327453613,258000
8.732531547546387,626.907958984375,626.9090576171875,626.9067993164062,-630.5135498046875,-626.9046020507812,-7.274268627166748,3.6653661727905273,0.056088030338287354,-0.006602875888347626,0.434573233127594,3.188624475569668e-08,0.9997791051864624,-0.00011045682185795158,0.0,-14.881452560424805,259000
9.872041702270508,627.6571044921875,627.6572265625,627.6569213867188,-631.3720703125,-627.6917724609375,-7.587120532989502,3.9068071842193604,0.057178713381290436,-0.34010881185531616,0.4303072690963745,3.684207783294369e-08,0.9997905492782593,-0.00010473679139977321,0.0,-15.550885200500488,260000
9.10053539276123,628.6585693359375,628.6586303710938,628.6585083007812,-632.32080078125,-628.679443359375,-7.1887898445129395,3.5474438667297363,0.057086359709501266,-0.005894037429243326,0.4310026466846466,4.75246508813143e-08,0.9997422695159912,-0.0001289099600398913,0.0,-14.887811660766602,261000
8.969156265258789,629.263916015625,629.26416015625,629.263671875,-632.7963256835938,-629.2326049804688,-7.351592540740967,3.7878363132476807,0.0553271509706974,-0.21055230498313904,0.4310173988342285,2.892826778122526e-08,0.9997998476028442,-0.0001001090495265089,0.0,-15.203207015991211,262000
8.18249225616455,629.702392578125,629.7030029296875,629.7017822265625,-633.0269775390625,-629.6480712890625,-7.025238037109375,3.646362066268921,0.05735727772116661,-0.021043948829174042,0.4251960217952728,6.215606163095799e-08,0.9997239112854004,-0.00013807449431624264,0.0,-14.482192039489746,263000
1548.8846435546875,630.340087890625,630.3402709960938,630.3399047851562,-633.8792114257812,-630.252685546875,-7.35957145690918,3.73302960395813,0.0571608729660511,-0.07590167969465256,0.4276806712150574,5.214633347350173e-08,0.9997750520706177,-0.00011251073738094419,0.0,-15.238836288452148,264000
8.640165328979492,631.4300537109375,631.4300537109375,631.4299926757812,-634.9041137695312,-631.4539184570312,-7.094412326812744,3.64422607421875,0.05697602406144142,0.03849846497178078,0.425730437040329,5.1062755801467574e-08,0.9997477531433105,-0.00012614126899279654,0.0,-14.688558578491211,265000
9.502933502197266,631.8929443359375,631.8929443359375,631.8928833007812,-635.4024047851562,-631.9159545898438,-7.295730113983154,3.8092641830444336,0.05843847617506981,-0.04967527464032173,0.4279163181781769,1.5077679904607066e-07,0.9997161626815796,-0.00014202238526195288,0.0,-15.061604499816895,266000
9.19571590423584,632.8369140625,632.8369750976562,632.8369140625,-636.4896240234375,-632.8548583984375,-7.068512439727783,3.4337985515594482,0.05680807679891586,0.12711279094219208,0.425609827041626,6.270881272030238e-07,0.9996293783187866,-0.00018560580792836845,0.0,-14.663064956665039,267000
7.465701103210449,633.90771484375,633.9077758789062,633.90771484375,-637.3624267578125,-633.9241333007812,-7.052402973175049,3.6141183376312256,0.056501369923353195,0.01074432022869587,0.42554423213005066,6.485886672180641e-08,0.999686062335968,-0.00015700521180406213,0.0,-14.731128692626953,268000
9.139985084533691,634.04931640625,634.0501708984375,634.0485229492188,-637.5059814453125,-634.0374145507812,-7.342117786407471,3.873544931411743,0.05395472049713135,-0.07010448724031448,0.4249238967895508,1.9220882677473128e-05,0.9990928173065186,-0.00046297971857711673,0.0,-15.306973457336426,269000
8.37618637084961,634.656494140625,634.6566162109375,634.6563110351562,-638.2588500976562,-634.6414794921875,-7.500125885009766,3.8827738761901855,0.05331147089600563,-0.23249030113220215,0.4232979118824005,1.2043656738569553e-07,0.9996232390403748,-0.00018843694124370813,0.0,-15.75416374206543,270000
9.426369667053223,635.3636474609375,635.3652954101562,635.3619995117188,-638.869873046875,-635.3510131835938,-6.617863178253174,3.0989830493927,0.06194183975458145,0.44761136174201965,0.42098918557167053,4.0714716305956244e-05,0.9988603591918945,-0.0005895027425140142,0.0,-13.862960815429688,271000
9.238633155822754,636.1075439453125,636.1077880859375,636.1072387695312,-639.6407470703125,-636.0974731445312,-7.220581531524658,3.6773157119750977,0.057899028062820435,-0.3707609474658966,0.4194517731666565,2.8098639859308605e-07,0.9995517730712891,-0.00022427423391491175,0.0,-15.19633674621582,272000
9.429777145385742,636.607421875,636.6076049804688,636.6072998046875,-640.035888671875,-636.6316528320312,-6.518649101257324,3.114426374435425,0.062457259744405746,0.46045830845832825,0.421606183052063,1.1092801344148029e-07,0.9995876550674438,-0.00020623140153475106,0.0,-13.686517715454102,273000
9.838254928588867,636.8296508789062,636.8297119140625,636.82958984375,-640.3855590820312,-636.818115234375,-6.965996742248535,3.398545503616333,0.055844809859991074,0.08621451258659363,0.4216228425502777,8.643052638035442e-07,0.9995085000991821,-0.00024619564646854997,0.0,-14.805292129516602,274000
8.156964302062988,637.474853515625,637.4749145507812,637.474853515625,-640.8976440429688,-637.4630126953125,-6.958250045776367,3.52364444732666,0.05619251728057861,-0.034253161400556564,0.4197487533092499,1.2100468893549987e-07,0.9996016025543213,-0.00019925012020394206,0.0,-14.59123420715332,275000
10.072221755981445,637.572265625,637.5730590820312,637.571533203125,-641.1756591796875,-637.5477905273438,-7.796638011932373,4.168753623962402,0.05102287232875824,-0.6475513577461243,0.4185950756072998,9.607372675191073e-08,0.9996694326400757,-0.00016534404130652547,0.0,-16.513683319091797,276000
1579.978271484375,639.0107421875,639.01123046875,639.01025390625,-642.5946655273438,-638.9968872070312,-6.968483924865723,3.370743751525879,0.05693182721734047,-0.01648145355284214,0.41797173023223877,3.996409532192047e-07,0.9995422959327698,-0.00022906329832039773,0.0,-14.693775177001953,277000
8.97943115234375,639.124755859375,639.1248779296875,639.1245727539062,-642.5801391601562,-639.1133422851562,-7.2664408683776855,3.7996301651000977,0.05616239085793495,-0.24569523334503174,0.4157753586769104,1.0509043590900546e-07,0.9996191263198853,-0.000190491700777784,0.0,-15.400163650512695,278000
10.20493221282959,640.2999877929688,640.2999877929688,640.2999877929688,-643.7883911132812,-640.3007202148438,-6.8140459060668945,3.326371908187866,0.05791084095835686,0.16117164492607117,0.4144325852394104,8.60508535538429e-08,0.9996378421783447,-0.00018110795645043254,0.0,-14.420103073120117,279000
9.682480812072754,640.7625732421875,640.7626342773438,640.7625732421875,-644.3177490234375,-640.7664794921875,-6.967868328094482,3.4166274070739746,0.05500074848532677,0.0009433886152692139,0.41502904891967773,8.865659140155913e-08,0.999632716178894,-0.0001836766896303743,0.0,-14.905755043029785,280000
9.383832931518555,641.848876953125,641.85009765625,641.8475952148438,-645.2826538085938,-641.8488159179688,-7.0022292137146,3.5684404373168945,0.054990123957395554,-0.03357576206326485,0.4167380630970001,2.3027332929359545e-07,0.9994182586669922,-0.0002909647882916033,0.0,-14.960655212402344,281000
9.043163299560547,641.8042602539062,641.8049926757812,641.8035278320312,-645.1646728515625,-641.8218383789062,-7.0332746505737305,3.690448522567749,0.056448373943567276,-0.07217253744602203,0.41161492466926575,2.272088295285357e-06,0.9991948008537292,-0.00040374009404331446,0.0,-15.116095542907715,282000
8.714595794677734,642.9262084960938,642.9270629882812,642.9253540039062,-646.4644165039062,-642.9735717773438,-6.706589698791504,3.2157602310180664,0.061781659722328186,0.3629090487957001,0.41462624073028564,0.00010214487701887265,0.9993458986282349,-0.00032754955464042723,-0.0006874630344100296,-14.253023147583008,283000
8.5515775680542,643.4881591796875,643.4883422851562,643.4879760742188,-646.974609375,-643.4641723632812,-7.106788635253906,3.5963666439056396,0.056367773562669754,0.051269806921482086,0.4134651720523834,2.2234331709114485e-07,0.999483585357666,-0.0002583412569947541,0.0,-15.150896072387695,284000
7.911397457122803,644.059326171875,644.0608520507812,644.0578002929688,-647.5347900390625,-644.091796875,-6.90493631362915,3.461897373199463,0.056925129145383835,-0.04713388532400131,0.41210511326789856,6.655137440247927e-06,0.9991940259933472,-0.0004062894149683416,0.0,-14.907979965209961,285000
1617.0010986328125,644.32275390625,644.3228149414062,644.32275390625,-647.5860595703125,-644.31591796875,-6.877709865570068,3.6075241565704346,0.057228077203035355,0.006434918846935034,0.41009384393692017,4.4536162135955237e-07,0.999494731426239,-0.00025285425363108516,0.0,-14.828171730041504,286000
1605.796142578125,645.349853515625,645.35009765625,645.349609375,-648.8373413085938,-645.3629150390625,-6.597310543060303,3.122875452041626,0.058893948793411255,0.3413741886615753,0.4117177724838257,1.0830622443336324e-07,0.9996127486228943,-0.00019368145149201155,0.0,-14.235147476196289,287000
7.658692359924316,645.2416381835938,645.2424926757812,645.2407836914062,-648.68994140625,-645.2816162109375,-7.12006139755249,3.71170973777771,0.050802167505025864,-0.23056407272815704,0.4108518660068512,7.447481920053178e-08,0.999672532081604,-0.0001637763052713126,0.0,-15.411137580871582,288000
1624.1461181640625,645.7373046875,645.7389526367188,645.7357177734375,-648.9774169921875,-645.7138671875,-6.529109477996826,3.2655460834503174,0.06045033782720566,0.21771511435508728,0.40862932801246643,0.00013961056538391858,0.9995660781860352,-0.0002172292151954025,-0.001084870658814907,-14.12278938293457,289000
9.903543472290039,646.7967529296875,646.7979736328125,646.7954711914062,-650.168212890625,-646.8226928710938,-6.7650980949401855,3.4195687770843506,0.05838315561413765,0.027648212388157845,0.40896084904670715,6.893238690963699e-08,0.9996846318244934,-0.0001577239017933607,0.0,-14.775871276855469,290000
10.710477828979492,647.2032470703125,647.204833984375,647.2017211914062,-650.479736328125,-647.1668701171875,-6.903151512145996,3.590252637863159,0.05315558612346649,-0.1403575986623764,0.4069652259349823,5.949987169628912e-08,0.9997032284736633,-0.00014841154916211963,0.0,-14.993388175964355,291000
8.437262535095215,647.960693359375,647.960693359375,647.9606323242188,-651.3922119140625,-647.9987182617188,-6.79193639755249,3.398441791534424,0.0565292164683342,0.04625846818089485,0.4062511920928955,1.5359803740011557e-07,0.9996465444564819,-0.00017682266479823738,0.0,-14.829721450805664,292000
1619.345458984375,648.1669921875,648.1671142578125,648.1668701171875,-651.6446533203125,-648.1483764648438,-6.9682841300964355,3.4720053672790527,0.06017759442329407,-0.29216277599334717,0.406085729598999,1.4202552733877383e-07,0.9995766878128052,-0.00021171566913835704,0.0,-15.25336742401123,293000
9.432670593261719,649.30810546875,649.3081665039062,649.3080444335938,-652.6358642578125,-649.3095703125,-6.5465569496154785,3.2202963829040527,0.05520886555314064,0.15844158828258514,0.4065191149711609,1.5886161008893396e-07,0.9995349645614624,-0.0002326092217117548,0.0,-14.393482208251953,294000
9.533594131469727,649.9821166992188,649.982177734375,649.9820556640625,-653.2962036132812,-649.977294921875,-6.814822196960449,3.495924711227417,0.054097939282655716,-0.06944140046834946,0.4048212170600891,1.404110037128703e-07,0.9995529651641846,-0.00022357268608175218,0.0,-14.96908950805664,295000
9.93630599975586,650.3970947265625,650.3971557617188,650.3970947265625,-653.8029174804688,-650.4296875,-6.980566024780273,3.607362747192383,0.05632892623543739,-0.12286435812711716,0.4039415419101715,4.4889918626722647e-07,0.9995214343070984,-0.00023950535978656262,0.0,-15.238680839538574,296000
7.835330486297607,651.40576171875,651.4529418945312,651.358642578125,-654.520263671875,-651.2806396484375,-6.7522711753845215,3.512655258178711,0.05664084106683731,0.02876119688153267,0.4014717638492584,1.6888985783225507e-06,0.9994105100631714,-0.0002955848176497966,0.0,-14.774114608764648,297000
8.448984146118164,652.2471313476562,652.247802734375,652.2464599609375,-655.6312866210938,-652.2882690429688,-6.699521541595459,3.35648512840271,0.05504603683948517,0.10267041623592377,0.40360358357429504,1.0432512453917298e-07,0.9995975494384766,-0.00020125298760831356,0.0,-14.75466251373291,298000
8.673807144165039,653.187744140625,653.189208984375,653.1863403320312,-656.5429077148438,-653.2047729492188,-6.717733383178711,3.37960147857666,0.05736113339662552,-0.20370005071163177,0.4018460214138031,1.3217814398558403e-07,0.9995887279510498,-0.0002057114033959806,0.0,-14.79516887664795,299000
9.071127891540527,654.048828125,654.0494384765625,654.0481567382812,-657.2744750976562,-654.0432739257812,-6.7459716796875,3.5147862434387207,0.053926851600408554,-0.022924968972802162,0.39885213971138,2.6333071900808136e-07,0.9994034171104431,-0.0002984223247040063,0.0,-14.920585632324219,300000
8.750730514526367,654.5548095703125,654.5572509765625,654.5524291992188,-657.7569580078125,-654.5311279296875,-6.495875835418701,3.269993305206299,0.05664270371198654,0.2032734751701355,0.4009518325328827,3.515337709814048e-07,0.9993922114372253,-0.0003040678275283426,0.0,-14.462249755859375,301000
8.00015640258789,654.4264526367188,654.428955078125,654.4239501953125,-657.7542724609375,-654.4034423828125,-6.860781669616699,3.509958267211914,0.05524847283959389,-0.12471967190504074,0.400814026594162,9.285269015890663e-07,0.999339759349823,-0.000330986367771402,-0.00012861126742791384,-15.128314971923828,302000
7.5677971839904785,655.6036987304688,655.605712890625,655.6016845703125,-658.8258666992188,-655.6350708007812,-6.471264839172363,3.280466318130493,0.05560668930411339,0.23758086562156677,0.39513182640075684,9.951920674211578e-07,0.999394953250885,-0.00030303889070637524,0.0,-14.223268508911133,303000
9.665098190307617,656.2811279296875,656.2811889648438,656.2810668945312,-659.5806274414062,-656.2819213867188,-6.2308149337768555,2.9321041107177734,0.06389907002449036,0.33190396428108215,0.3998827636241913,0.00010747126361820847,0.9986085891723633,-0.0007095268229022622,-0.0013641228433698416,-13.872383117675781,304000
8.851397514343262,656.9048461914062,656.9064331054688,656.9032592773438,-660.1489868164062,-656.92822265625,-6.717695236206055,3.496971607208252,0.05447077751159668,-0.03596832975745201,0.3991471827030182,1.308224568674632e-07,0.9995720982551575,-0.00021400718833319843,0.0,-14.879684448242188,305000
9.129426002502441,657.3561401367188,657.35693359375,657.3553466796875,-660.6331787109375,-657.35302734375,-6.62140417098999,3.3412277698516846,0.056861329823732376,0.030710002407431602,0.3958669602870941,2.0156987545760785e-07,0.9994787573814392,-0.00026072715991176665,0.0,-14.813972473144531,306000
7.584080696105957,657.8888549804688,657.8897094726562,657.8880004882812,-661.0074462890625,-657.8721923828125,-6.6159467697143555,3.4807097911834717,0.05479726567864418,-0.03612852841615677,0.3952544629573822,1.0077570067323904e-07,0.9996222257614136,-0.00018893679953180254,0.0,-14.800617218017578,307000
9.448293685913086,658.6483764648438,658.6488647460938,658.6478881835938,-661.824951171875,-658.63623046875,-6.473124027252197,3.2844314575195312,0.056340962648391724,0.12469375878572464,0.39593571424484253,5.298564076383627e-08,0.9997437000274658,-0.0001281783333979547,0.0,-14.540421485900879,308000
7.751864433288574,659.3642578125,659.3653564453125,659.3630981445312,-662.6648559570312,-659.39990234375,-6.676006317138672,3.411052703857422,0.05820386856794357,0.0802571028470993,0.3956742584705353,7.244474886647367e-08,0.9997390508651733,-0.0001304898178204894,0.0,-14.972311019897461,309000
9.01555061340332,659.7723388671875,659.7723999023438,659.7723388671875,-662.9197387695312,-659.8336791992188,-5.789912700653076,2.703861951828003,0.06477183848619461,0.6959896087646484,0.3949090540409088,1.166443794886618e-07,0.9996120929718018,-0.0001940034271683544,0.0,-13.15487289428711,310000
7.084041118621826,660.8162841796875,660.81640625,660.8162231445312,-664.0960083007812,-660.8280639648438,-6.509464263916016,3.241518497467041,0.05837560445070267,0.035534825176000595,0.39447590708732605,2.218322151747998e-06,0.9993830323219299,-0.00030958850402384996,0.0,-14.702442169189453,311000
7.615693092346191,661.138916015625,661.1389770507812,661.138916015625,-664.3267822265625,-661.0825805664062,-6.562401294708252,3.3181939125061035,0.05586234852671623,0.19281387329101562,0.3937565088272095,3.605015024277236e-07,0.9994512796401978,-0.00027455261442810297,0.0,-14.735450744628906,312000
8.723923683166504,662.1068115234375,662.1068725585938,662.1067504882812,-665.3026123046875,-662.0916137695312,-6.146366119384766,2.935342788696289,0.06064131110906601,0.2827771306037903,0.39246225357055664,1.2624816918105353e-05,0.9995144605636597,-0.00024286705593112856,-0.0002206361386924982,-13.910633087158203,313000
8.377229690551758,662.456298828125,662.4567260742188,662.455810546875,-665.6168823242188,-662.4668579101562,-6.023289680480957,2.8733158111572266,0.06378526240587234,0.5026434659957886,0.3942864239215851,0.00022280935081653297,0.999284565448761,-0.00035799588658846915,-0.0014953352510929108,-13.679704666137695,314000
7.954052448272705,663.2955322265625,663.2979125976562,663.2930908203125,-666.6044921875,-663.321533203125,-6.497586250305176,3.2146220207214355,0.058463919907808304,0.030966773629188538,0.38699689507484436,4.180454311608628e-07,0.9992904663085938,-0.0003549885586835444,0.0,-14.769560813903809,315000
8.27169132232666,663.3673095703125,663.3685302734375,663.3660888671875,-666.5512084960938,-663.31396484375,-6.5605034828186035,3.3232414722442627,0.05758107453584671,-0.14272186160087585,0.39175716042518616,6.226771347428439e-07,0.999301016330719,-0.00034981302451342344,0.0,-15.004414558410645,316000
8.911487579345703,663.8003540039062,663.8004760742188,663.8002319335938,-667.065673828125,-663.7859497070312,-6.7575459480285645,3.4778313636779785,0.05700484290719032,-0.26371297240257263,0.388346791267395,1.1327255151627469e-06,0.9989975690841675,-0.000501778325997293,0.0,-15.414270401000977,317000
11.502954483032227,664.774658203125,664.7753295898438,664.7740478515625,-667.9364624023438,-664.7861938476562,-6.553204536437988,3.4029242992401123,0.05609265714883804,0.0015970396343618631,0.39049601554870605,5.698170753021259e-07,0.9991611242294312,-0.00041971722384914756,0.0,-14.9456787109375,318000
8.354238510131836,665.5463256835938,665.5466918945312,665.5459594726562,-668.7258911132812,-665.5545043945312,-6.852992534637451,3.681554079055786,0.05236539989709854,-0.25588831305503845,0.38986778259277344,7.982200145306706e-07,0.9991317987442017,-0.0004345281340647489,0.0,-15.727996826171875,319000
8.430309295654297,665.797119140625,665.797119140625,665.7970581054688,-669.0087280273438,-665.82177734375,-6.307888507843018,3.120905637741089,0.055593714118003845,0.06369835138320923,0.3877030611038208,4.0672322938917205e-05,0.9982390999794006,-0.0009001867729239166,0.0,-14.534788131713867,320000
1730.729736328125,666.1278076171875,666.1278076171875,666.1278076171875,-669.321044921875,-666.1215209960938,-6.121728897094727,2.9221673011779785,0.05913732945919037,0.23855742812156677,0.3883347511291504,2.6646995365808834e-07,0.9994440078735352,-0.0002781292423605919,0.0,-13.973823547363281,321000
8.81740951538086,667.0970458984375,667.0986938476562,667.0953369140625,-670.1903686523438,-667.1029663085938,-6.3104448318481445,3.223006010055542,0.05750090256333351,0.12441723793745041,0.3864445090293884,2.3789435488197341e-07,0.9995183348655701,-0.00024094725085888058,0.0,-14.491227149963379,322000
1714.1229248046875,666.90234375,666.9031372070312,666.9014892578125,-669.9686889648438,-666.8040161132812,-6.591999053955078,3.4272918701171875,0.055785298347473145,-0.2918497920036316,0.3855363428592682,2.779136423214368e-07,0.9995155334472656,-0.00024239657795988023,0.0,-15.305947303771973,323000
8.697973251342773,668.0340576171875,668.0347290039062,668.0333862304688,-671.17138671875,-668.0769653320312,-6.487584590911865,3.3931949138641357,0.05451762676239014,-0.06528723984956741,0.38296374678611755,3.3516681696710293e-07,0.9994243383407593,-0.0002879896783269942,0.0,-14.949520111083984,324000
8.962434768676758,668.562255859375,668.5630493164062,668.5614624023438,-671.7965087890625,-668.578857421875,-6.578365325927734,3.360713005065918,0.056008849292993546,-0.2369973212480545,0.38424474000930786,3.1468582051275007e-07,0.9995132684707642,-0.00024350131570827216,0.0,-15.136914253234863,325000
8.418596267700195,669.2535400390625,669.2559814453125,669.2510375976562,-672.424072265625,-669.28125,-6.655176639556885,3.5123190879821777,0.05521251633763313,-0.26184919476509094,0.3833388090133667,4.919440016237786e-06,0.9993175864219666,-0.00034362683072686195,0.0,-15.44365406036377,326000
9.191709518432617,669.547119140625,669.5480346679688,669.5462036132812,-672.6595458984375,-669.5031127929688,-6.619868278503418,3.463437557220459,0.05811027064919472,-0.2698497176170349,0.38174912333488464,8.758237299844041e-07,0.9995007514953613,-0.00025005333009175956,0.0,-15.31506633758545,327000
8.168378829956055,670.3604736328125,670.3633422851562,670.357666015625,-673.4588623046875,-670.3599853515625,-6.439725875854492,3.3408095836639404,0.05507933348417282,0.08161474019289017,0.38224732875823975,9.317919591467216e-08,0.9997178316116333,-0.00014111981727182865,0.0,-14.903573989868164,328000
7.363988876342773,670.744384765625,670.7457275390625,670.7431030273438,-673.840087890625,-670.7407836914062,-6.5177435874938965,3.418466091156006,0.05538797751069069,-0.10802944749593735,0.3788987100124359,4.56267599702187e-07,0.9995853900909424,-0.0002075548400171101,0.0,-15.1297025680542,329000
7.780843257904053,671.1534423828125,671.1544189453125,671.1525268554688,-674.4797973632812,-671.2030639648438,-6.60810661315918,3.3313610553741455,0.056534744799137115,-0.2562265396118164,0.3811970353126526,1.1857795101377633e-07,0.999685525894165,-0.00015729815640952438,0.0,-15.359832763671875,330000
8.483064651489258,671.80615234375,671.8065795898438,671.8057250976562,-674.9813842773438,-671.8180541992188,-6.212684631347656,3.0493481159210205,0.057164452970027924,0.15272097289562225,0.3818899095058441,3.371523007444921e-07,0.9996116161346436,-0.00019435578724369407,0.0,-14.383222579956055,331000
1749.305908203125,671.7769165039062,671.7772216796875,671.776611328125,-674.8684692382812,-671.7543334960938,-6.491934299468994,3.3777966499328613,0.05543867126107216,-0.12093959003686905,0.3791552186012268,2.8230707016518863e-07,0.9997056722640991,-0.00014731498959008604,0.0,-15.174029350280762,332000
1743.1185302734375,672.6043090820312,672.6049194335938,672.6036987304688,-675.6306762695312,-672.5731811523438,-6.202660083770752,3.14513897895813,0.056975897401571274,0.14990805089473724,0.3786410987377167,1.2987783293283428e-07,0.9996675252914429,-0.0001663127331994474,0.0,-14.524887084960938,333000
10.124231338500977,672.9650268554688,672.96630859375,672.9637451171875,-676.1600341796875,-672.94921875,-6.438189506530762,3.2273497581481934,0.0591546930372715,-0.09839475899934769,0.3777453601360321,0.0005418596556410193,0.999625563621521,-0.00018743803957477212,-0.0018689313437789679,-15.153390884399414,334000
7.215677261352539,673.4532470703125,673.4539794921875,673.4525146484375,-676.554931640625,-673.456298828125,-6.163103103637695,3.0644707679748535,0.05766899511218071,0.2378545105457306,0.378690242767334,2.312642664037412e-07,0.9995521306991577,-0.0002240553149022162,0.0,-14.459132194519043,335000
7.700376987457275,674.3601684570312,674.3601684570312,674.3601684570312,-677.4029541015625,-674.3270263671875,-6.166007995605469,3.0900754928588867,0.05457793176174164,0.032306455075740814,0.37701287865638733,3.24845757404546e-07,0.999549150466919,-0.00022556092881131917,0.0,-14.53557014465332,336000
1754.328857421875,674.6187133789062,674.6187133789062,674.6187133789062,-677.6636962890625,-674.5768432617188,-6.029132843017578,2.9422762393951416,0.058662135154008865,0.26333171129226685,0.3751643896102905,1.364157640182384e-07,0.9996231198310852,-0.00018849661864805967,0.0,-14.31071662902832,337000
7.453468322753906,675.5390014648438,675.5390625,675.5389404296875,-678.6832275390625,-675.54150390625,-6.325706481933594,3.183964490890503,0.05637231841683388,0.02907547727227211,0.3743777871131897,1.713025596927764e-07,0.9996442198753357,-0.00017796634347178042,0.0,-14.93239688873291,338000
7.206122875213623,676.0146484375,676.0169677734375,676.0123901367188,-679.061279296875,-676.0236206054688,-6.259324550628662,3.2216763496398926,0.05746624246239662,-0.09078884869813919,0.3776770830154419,1.2367517001621309e-06,0.9994988441467285,-0.00025117845507338643,0.0,-14.758241653442383,339000
8.879354476928711,676.87158203125,676.8732299804688,676.8699951171875,-680.098388671875,-676.8865966796875,-6.343448162078857,3.1316416263580322,0.057618148624897,-0.16719584167003632,0.37594014406204224,1.7336196833639406e-07,0.9996665716171265,-0.00016680940461810678,0.0,-15.140419006347656,340000
1769.6158447265625,676.3844604492188,676.3928833007812,676.3760375976562,-679.438232421875,-676.34375,-6.394318580627441,3.2998642921447754,0.055930670350790024,-0.20239149034023285,0.37464621663093567,8.755290537010296e-08,0.9997391700744629,-0.00013046684034634382,-5.753513050876791e-06,-15.235776901245117,341000
9.114019393920898,678.08984375,678.0946044921875,678.0851440429688,-681.0951538085938,-678.0713500976562,-6.33815860748291,3.314309597015381,0.05636201053857803,-0.03466429561376572,0.3726019859313965,6.212427905438744e-08,0.9997650384902954,-0.00011752228601835668,0.0,-14.948253631591797,342000
8.920495986938477,678.0396728515625,678.0452880859375,678.0339965820312,-681.217529296875,-678.1032104492188,-6.253669261932373,3.139371871948242,0.05779692158102989,-0.04980649799108505,0.37051641941070557,6.875664837480144e-08,0.9997497797012329,-0.0001251340436283499,0.0,-14.845827102661133,343000
8.558853149414062,678.4345092773438,678.4358520507812,678.4331665039062,-681.5309448242188,-678.4639282226562,-6.138167381286621,3.071171998977661,0.05801602452993393,0.15899594128131866,0.37455347180366516,2.791950919345254e-06,0.999484658241272,-0.0002590458607301116,0.0,-14.58056354522705,344000
8.31179428100586,679.406982421875,679.4119873046875,679.4019775390625,-682.434326171875,-679.4210205078125,-6.1880202293396,3.174748182296753,0.05971521511673927,0.10315745323896408,0.3728736639022827,5.013349664295674e-07,0.9996114373207092,-0.00019453141430858523,0.0,-14.831857681274414,345000
8.514139175415039,679.5157470703125,679.5173950195312,679.5140991210938,-682.7655639648438,-679.5675659179688,-6.261440753936768,3.063425302505493,0.05772557854652405,-0.011674164794385433,0.3723408281803131,1.1608362626702728e-07,0.9997045397758484,-0.00014777951582800597,0.0,-15.01814079284668,346000
8.869972229003906,680.2939453125,680.34130859375,680.2465209960938,-683.4647827148438,-680.2716674804688,-6.257912635803223,3.064847946166992,0.05735145881772041,-0.05187178775668144,0.37020713090896606,6.824690501616715e-08,0.9997603893280029,-0.00011984200682491064,0.0,-14.959627151489258,347000
8.002090454101562,680.850830078125,680.8525390625,680.84912109375,-683.9282836914062,-680.862548828125,-6.280470848083496,3.214721202850342,0.056657299399375916,-0.14577841758728027,0.36946842074394226,1.0724691890118265e-07,0.999697208404541,-0.00015144195640459657,0.0,-15.016847610473633,348000
9.034844398498535,680.5477294921875,680.549072265625,680.54638671875,-683.6742553710938,-680.5323486328125,-6.3723015785217285,3.23040509223938,0.055633459240198135,-0.20175275206565857,0.37039637565612793,7.955421210681379e-08,0.999758243560791,-0.00012091657845303416,0.0,-15.32198429107666,349000
8.1356201171875,681.823974609375,681.830810546875,681.8171997070312,-684.8294677734375,-681.7681274414062,-6.196565628051758,3.135246753692627,0.056771185249090195,0.027574488893151283,0.36923304200172424,7.800063883678376e-08,0.9997658729553223,-0.0001171155454358086,0.0,-14.866182327270508,350000
7.47864294052124,681.7738647460938,681.7765502929688,681.7711791992188,-684.8761596679688,-681.7575073242188,-6.040721416473389,2.9220502376556396,0.06170098856091499,0.16599583625793457,0.3684806227684021,5.4238839197751076e-08,0.9997602701187134,-0.00011991463543381542,0.0,-14.599985122680664,351000
7.473383903503418,682.6005249023438,682.602783203125,682.5982666015625,-685.6024780273438,-682.6106567382812,-5.805347442626953,2.8135080337524414,0.05991740897297859,0.37195542454719543,0.36743780970573425,8.485888258746854e-08,0.9997320175170898,-0.00013404132914729416,0.0,-13.954030990600586,352000
8.615519523620605,682.9317626953125,682.935302734375,682.9282836914062,-685.984619140625,-682.9569702148438,-6.332754611968994,3.3051319122314453,0.054289452731609344,-0.1749582141637802,0.363277792930603,6.064637148028851e-08,0.9997739791870117,-0.00011305072985123843,0.0,-15.350717544555664,353000
8.530008316040039,683.2984619140625,683.30029296875,683.2966918945312,-686.2923583984375,-683.265869140625,-6.248291969299316,3.221829414367676,0.05373534932732582,-0.09851863980293274,0.36702677607536316,9.773502540610934e-08,0.9997062087059021,-0.00014694216952193528,0.0,-15.003178596496582,354000
7.2712178230285645,684.04736328125,684.0496215820312,684.045166015625,-687.0176391601562,-684.0016479492188,-6.2081499099731445,3.192117929458618,0.056326501071453094,0.016853714361786842,0.36525020003318787,1.116997907502082e-07,0.9997156858444214,-0.00014219380682334304,0.0,-15.090465545654297,355000
7.691315650939941,684.6932373046875,684.6932983398438,684.6931762695312,-687.7332153320312,-684.6425170898438,-6.455848693847656,3.3651621341705322,0.05325470119714737,-0.2540218234062195,0.36374205350875854,0.0003637060581240803,0.9989538192749023,-0.0005458551459014416,-0.0016208287561312318,-15.690675735473633,356000
7.16510534286499,685.2628784179688,685.2630004882812,685.2627563476562,-688.2560424804688,-685.2994384765625,-5.822546005249023,2.8659770488739014,0.05743960663676262,0.17946793138980865,0.3651248812675476,5.591299441221054e-07,0.9994004964828491,-0.0003000185824930668,0.0,-14.238107681274414,357000
8.84951114654541,684.885009765625,684.8851928710938,684.8848266601562,-688.08984375,-684.9296875,-6.380545139312744,3.2204108238220215,0.055112630128860474,-0.22662383317947388,0.36502620577812195,2.605472218419891e-06,0.9993679523468018,-0.00031627854332327843,-9.323109406977892e-05,-15.615398406982422,358000
6.988007545471191,686.3216552734375,686.3257446289062,686.3175048828125,-689.4705200195312,-686.3614501953125,-5.936258316040039,2.8272125720977783,0.05611998960375786,0.0370163694024086,0.3621945381164551,2.571547952356923e-07,0.9994577169418335,-0.0002712676941882819,0.0,-14.690515518188477,359000
7.518084526062012,686.3289794921875,686.3309326171875,686.3270874023438,-689.2864990234375,-686.2744750976562,-6.0864176750183105,3.074392080307007,0.05697386711835861,-0.07065244019031525,0.3636367917060852,3.013554987774114e-07,0.9994629621505737,-0.00026865204563364387,0.0,-14.891754150390625,360000
7.37797212600708,687.11181640625,687.1141357421875,687.1095581054688,-689.9705810546875,-687.1368408203125,-5.933959484100342,3.100219249725342,0.055092841386795044,-0.034401893615722656,0.3635624051094055,1.3033230743531021e-06,0.9991703033447266,-0.00041547606815584004,0.0,-14.663278579711914,361000
8.317422866821289,688.1964111328125,688.2042846679688,688.1885986328125,-691.1243286132812,-688.1942138671875,-6.31119966506958,3.381101369857788,0.05584211274981499,-0.30589380860328674,0.3632546067237854,1.96893824977451e-06,0.9989118576049805,-0.000545045651961118,0.0,-15.583182334899902,362000
9.287940979003906,687.9514770507812,687.9520874023438,687.9508666992188,-690.9519653320312,-687.9583129882812,-6.175059795379639,3.18139386177063,0.05752406269311905,-0.07614579051733017,0.36028730869293213,7.496959142372361e-07,0.999202311038971,-0.00039923100848682225,0.0,-15.271773338317871,363000
8.945873260498047,688.8973388671875,688.89892578125,688.8956909179688,-691.8895263671875,-688.8873901367188,-5.982782363891602,2.980634927749634,0.05737025663256645,-0.0349380299448967,0.3606977164745331,7.495076488339691e-07,0.9988491535186768,-0.0005835278425365686,-0.00024993738043121994,-14.774378776550293,364000
7.5925612449646,688.6693115234375,688.67236328125,688.666259765625,-691.619873046875,-688.6554565429688,-6.0541253089904785,3.0896973609924316,0.055895254015922546,-0.0070813316851854324,0.3596019744873047,1.0904637974817888e-06,0.9993451833724976,-0.0003279397787991911,0.0,-14.927572250366211,365000
7.948947906494141,689.7548217773438,689.7552490234375,689.75439453125,-692.7262573242188,-689.7859497070312,-5.789613723754883,2.8492839336395264,0.05955572798848152,0.23910215497016907,0.3599940240383148,1.8246088018258888e-07,0.9995834827423096,-0.00020833234884776175,0.0,-14.377616882324219,366000
7.244093894958496,689.6316528320312,689.6318359375,689.6314697265625,-692.6244506835938,-689.6410522460938,-5.9568023681640625,2.9733669757843018,0.05674083158373833,0.08505149930715561,0.36065033078193665,4.772082462523031e-08,0.9997661709785461,-0.00011694721615640447,0.0,-14.849437713623047,367000
7.779614448547363,690.3017578125,690.3018798828125,690.3016967773438,-693.40625,-690.375732421875,-5.9455952644348145,2.9150798320770264,0.05700017511844635,0.1380690187215805,0.35687148571014404,6.743277936038794e-08,0.999737024307251,-0.00013150664744898677,0.0,-14.741218566894531,368000
5.885002613067627,691.4818115234375,691.4823608398438,691.481201171875,-694.4811401367188,-691.4922485351562,-6.004035949707031,3.0151522159576416,0.05659857764840126,-0.006288702599704266,0.3588851988315582,0.00023429201974067837,0.9996349811553955,-0.00018255834584124386,-0.0009645413956604898,-14.955147743225098,369000
7.6808013916015625,691.6207275390625,691.62109375,691.620361328125,-694.56591796875,-691.6383056640625,-5.904201030731201,2.976543426513672,0.057819023728370667,0.11683285981416702,0.3582352101802826,1.4113233248735924e-07,0.9996566772460938,-0.00017174285312648863,0.0,-14.772222518920898,370000
7.262538909912109,691.637451171875,691.6378173828125,691.6371459960938,-694.6309814453125,-691.7077026367188,-5.774136543273926,2.850813627243042,0.057844460010528564,0.1648828685283661,0.35771089792251587,1.8113605619873852e-06,0.9996241331100464,-0.00018806719162967056,-7.951400766614825e-05,-14.474153518676758,371000
7.502881050109863,691.6468505859375,691.6619873046875,691.6317138671875,-694.5797119140625,-691.6436157226562,-5.949947834014893,3.0138261318206787,0.056017085909843445,-0.012904276140034199,0.35726097226142883,1.0125864946530783e-07,0.999692440032959,-0.0001538315264042467,0.0,-14.794319152832031,372000
8.352813720703125,692.7601318359375,692.7620849609375,692.7581787109375,-695.7291870117188,-692.7607421875,-6.015385627746582,3.046912431716919,0.05388013273477554,0.0024088455829769373,0.35636451840400696,1.9108021831470978e-07,0.9996273517608643,-0.00018643146904651076,0.0,-15.013785362243652,373000
7.697419166564941,694.0421142578125,694.0468139648438,694.0374755859375,-696.9301147460938,-694.04736328125,-6.121196269989014,3.2384862899780273,0.05510345473885536,-0.27077749371528625,0.3542517423629761,0.00028173616738058627,0.9996072053909302,-0.00019649244495667517,-0.0010526649421080947,-15.304147720336914,374000
1858.880859375,694.4552001953125,694.455810546875,694.4545288085938,-697.2340698242188,-694.3602905273438,-5.803746700286865,2.929971694946289,0.05857415124773979,0.08965349197387695,0.35222622752189636,2.621573003125377e-07,0.9996189475059509,-0.00019065369269810617,0.0,-14.523849487304688,375000
7.984264373779297,694.166015625,694.1664428710938,694.1656494140625,-697.1396484375,-694.1904296875,-5.6274309158325195,2.678218364715576,0.060819387435913086,0.23548611998558044,0.3533717691898346,1.9027169173568836e-07,0.9996313452720642,-0.00018443638691678643,0.0,-14.204460144042969,376000
9.683517456054688,694.5291748046875,694.5321044921875,694.5261840820312,-697.355224609375,-694.4552001953125,-5.756539344787598,2.8565077781677246,0.057572491466999054,0.18542443215847015,0.3541053235530853,4.400264401738241e-07,0.999599814414978,-0.000200318856514059,0.0,-14.479785919189453,377000
8.771327018737793,695.7188720703125,695.7190551757812,695.7186889648438,-698.6082763671875,-695.7250366210938,-5.999269485473633,3.116008996963501,0.05533556267619133,-0.1710851490497589,0.3528546988964081,1.8191364858921588e-07,0.9996803402900696,-0.00015990350220818073,0.0,-15.222807884216309,378000
7.512456893920898,695.640869140625,695.640869140625,695.6408081054688,-698.6179809570312,-695.6854858398438,-5.737972736358643,2.8054797649383545,0.06049678474664688,0.1459757536649704,0.35340699553489685,0.00027483911253511906,0.9997067451477051,-0.0001467005640733987,-0.0014651508536189795,-14.601373672485352,379000
7.751696586608887,695.8209228515625,695.8209838867188,695.8209228515625,-698.774658203125,-695.874267578125,-6.086569309234619,3.186187267303467,0.053310807794332504,-0.209607794880867,0.3526933789253235,3.243904575356282e-05,0.9996885061264038,-0.00015582682681269944,-0.00036846360308118165,-15.344773292541504,380000
7.490184307098389,697.195068359375,697.195068359375,697.1950073242188,-700.1256713867188,-697.1817016601562,-6.063448905944824,3.1195216178894043,0.057965267449617386,-0.18751253187656403,0.351377934217453,3.0855062504997477e-06,0.9997101426124573,-0.0001450240088161081,-0.00012821052223443985,-15.414772033691406,381000
1877.31787109375,697.720947265625,697.7214965820312,697.7203979492188,-700.4378051757812,-697.63330078125,-5.671414375305176,2.8668863773345947,0.057332661002874374,0.10020743310451508,0.3488479256629944,1.7457310264035186e-07,0.9996951818466187,-0.00015249487478286028,0.0,-14.380334854125977,382000
1896.8480224609375,697.7427978515625,697.7468872070312,697.7387084960938,-700.5819702148438,-697.7122802734375,-5.770524501800537,2.9008095264434814,0.056120969355106354,0.06803932040929794,0.35135117173194885,1.6157571280928096e-07,0.9996618032455444,-0.00016914861043915153,0.0,-14.726271629333496,383000
6.836749076843262,697.75146484375,697.752685546875,697.750244140625,-700.6953735351562,-697.7295532226562,-5.915276050567627,2.9494454860687256,0.05707859247922897,-0.11337340623140335,0.3498489558696747,7.94209142895852e-08,0.9997442364692688,-0.00012794125359505415,0.0,-15.024317741394043,384000
8.901230812072754,698.107666015625,698.1083984375,698.1069946289062,-701.005126953125,-698.0687255859375,-5.94453239440918,3.0081188678741455,0.05849402770400047,-0.039794426411390305,0.3508017063140869,6.350431794999167e-05,0.9996941685676575,-0.00015298080688808113,-0.0005089947371743619,-15.117451667785645,385000
7.376333236694336,698.8048095703125,698.8049926757812,698.8046264648438,-701.6297607421875,-698.836181640625,-5.729939937591553,2.9363250732421875,0.05516878142952919,0.16688229143619537,0.3485100567340851,1.1355157170100938e-07,0.9997040033340454,-0.00014807836851105094,0.0,-14.728363037109375,386000
6.944591522216797,699.40185546875,699.4019775390625,699.4017333984375,-702.1553955078125,-699.3673706054688,-5.620543003082275,2.832545757293701,0.05756989121437073,0.1665002852678299,0.34706583619117737,1.4607044249714818e-05,0.9997483491897583,-0.00012582979979924858,-0.00024140304594766349,-14.332548141479492,387000
7.1594929695129395,700.4254150390625,700.4254760742188,700.4254150390625,-703.2979736328125,-700.4223022460938,-5.8597941398620605,2.9841458797454834,0.05493329465389252,0.0433206707239151,0.34327957034111023,1.380240917114861e-07,0.9997042417526245,-0.00014795111201237887,0.0,-14.857606887817383,388000
7.28460693359375,700.7070922851562,700.7071533203125,700.70703125,-703.534912109375,-700.6895751953125,-5.5718865394592285,2.7265613079071045,0.05978749692440033,0.18014772236347198,0.3467526435852051,2.4520244551240467e-05,0.9997379779815674,-0.00013108563143759966,-0.00031028632656671107,-14.263467788696289,389000
1893.528076171875,700.876220703125,700.876220703125,700.8761596679688,-703.5813598632812,-700.7918090820312,-5.342983722686768,2.5534021854400635,0.06276948004961014,0.29829198122024536,0.34693750739097595,1.1633053986770392e-07,0.9997104406356812,-0.00014485900464933366,0.0,-13.694543838500977,390000
8.427108764648438,701.682373046875,701.68359375,701.6810913085938,-704.5087280273438,-701.6143188476562,-5.859333038330078,2.9648876190185547,0.057734839618206024,-0.13349846005439758,0.34392958879470825,1.1282467937689944e-07,0.9997193813323975,-0.00014035313506610692,0.0,-15.022378921508789,391000
7.095457553863525,702.38427734375,702.3847045898438,702.3837890625,-705.28662109375,-702.4017333984375,-5.642261505126953,2.757398843765259,0.05928146839141846,0.1164347305893898,0.3446589708328247,1.2282833949939231e-07,0.9997173547744751,-0.00014139656559564173,0.0,-14.570582389831543,392000
6.169528007507324,702.8023681640625,702.8031616210938,702.8015747070312,-705.5807495117188,-702.8241577148438,-5.663106918334961,2.906505823135376,0.05827347934246063,0.08542714267969131,0.34534135460853577,6.634952853801224e-08,0.9997786283493042,-0.00011070338950958103,0.0,-14.590377807617188,393000
7.994077682495117,703.2879028320312,703.2880249023438,703.2877807617188,-706.232421875,-703.2830810546875,-6.084346294403076,3.1350386142730713,0.05803775042295456,-0.22389642894268036,0.3438931405544281,6.348055592297897e-08,0.9997575879096985,-0.00012123451597290114,0.0,-15.598064422607422,394000
7.267438888549805,703.4595947265625,703.460693359375,703.45849609375,-706.3634033203125,-703.4583740234375,-5.935255527496338,3.030200958251953,0.05353109538555145,-0.167405366897583,0.3442472815513611,9.866425898508169e-08,0.9997806549072266,-0.00010974511678796262,0.0,-15.360434532165527,395000
8.32624626159668,703.91943359375,703.91943359375,703.9193725585938,-706.6882934570312,-703.8961181640625,-5.959051132202148,3.1668460369110107,0.057538628578186035,-0.25412046909332275,0.3444734215736389,1.5582645573886111e-07,0.9996836185455322,-0.00015825298032723367,0.0,-15.49478816986084,396000
6.590488433837891,704.7896728515625,704.7897338867188,704.7896728515625,-707.6742553710938,-704.78271484375,-5.669826507568359,2.7782747745513916,0.05990830436348915,0.025097157806158066,0.3428662121295929,0.00033826055005192757,0.9996575117111206,-0.00017129154002759606,-0.0011532322969287634,-14.78636646270752,397000
8.2171049118042,704.3502197265625,704.3517456054688,704.3486328125,-707.1558837890625,-704.3809204101562,-5.504393577575684,2.729436159133911,0.05688372626900673,0.16045737266540527,0.34222325682640076,1.5238882156154432e-07,0.9996859431266785,-0.0001570952736074105,0.0,-14.30803108215332,398000
1916.8292236328125,705.0870361328125,705.0872802734375,705.0867919921875,-707.7091674804688,-705.0355224609375,-5.759819030761719,3.086164712905884,0.05849158391356468,-0.014945665374398232,0.3419676125049591,5.778564081992954e-05,0.9994429349899292,-0.00028093584114685655,-0.0006090902606956661,-14.854408264160156,399000
7.635298252105713,705.1519165039062,705.1536865234375,705.150146484375,-707.9540405273438,-705.1061401367188,-5.903262615203857,3.0553367137908936,0.05750921741127968,-0.1272374987602234,0.3416990637779236,9.655972377231592e-08,0.9997591972351074,-0.00012042937305523083,0.0,-15.433903694152832,400000
7.01583194732666,705.4075927734375,705.4076538085938,705.407470703125,-708.222900390625,-705.42626953125,-5.717374801635742,2.9207262992858887,0.05748828873038292,-0.03585243597626686,0.3391101062297821,1.997122490138281e-05,0.9992152452468872,-0.00039967434713616967,-0.0001407237577950582,-15.032087326049805,401000
1920.189208984375,705.7734375,705.773681640625,705.773193359375,-708.609619140625,-705.7322387695312,-5.838270664215088,2.96087646484375,0.05687149614095688,-0.11204889416694641,0.34141668677330017,1.322763694133755e-07,0.9997218251228333,-0.00013914468581788242,0.0,-15.222732543945312,402000
6.492710113525391,706.7388916015625,706.7390747070312,706.7387084960938,-709.539794921875,-706.7415771484375,-5.957794189453125,3.15954852104187,0.05461527407169342,-0.24645911157131195,0.34026899933815,5.597783570010506e-07,0.9995458126068115,-0.00022738307598046958,0.0,-15.64455795288086,403000
8.335700988769531,706.714599609375,706.718505859375,706.710693359375,-709.5,-706.7281494140625,-5.59795618057251,2.8261239528656006,0.058189645409584045,0.04141520336270332,0.3403979241847992,1.9901639802810678e-07,0.9995670318603516,-0.0002165502228308469,0.0,-14.689348220825195,404000
8.05613899230957,707.4940185546875,707.4951782226562,707.4928588867188,-710.2815551757812,-707.5220336914062,-5.603175163269043,2.843627452850342,0.056617919355630875,0.06995783746242523,0.3389747142791748,2.4034272883000085e-06,0.9992831349372864,-0.0003598995681386441,-3.7241065001580864e-05,-14.658491134643555,405000
6.89494514465332,708.088134765625,708.088134765625,708.088134765625,-710.8428344726562,-708.0994873046875,-5.722578525543213,2.979243278503418,0.053478263318538666,-0.016430456191301346,0.3379727005958557,3.4427000628056703e-07,0.9995227456092834,-0.00023879800573922694,0.0,-14.89448070526123,406000
7.845165252685547,708.484619140625,708.4854736328125,708.4837646484375,-711.3151245117188,-708.4759521484375,-5.667747974395752,2.828523874282837,0.05783859267830849,0.06458815932273865,0.33749234676361084,2.0715704067697516e-06,0.9994214773178101,-0.00029029339202679694,0.0,-14.979127883911133,407000
6.96236515045166,708.3919677734375,708.3941650390625,708.3897094726562,-711.2542724609375,-708.400390625,-5.816411018371582,2.962554931640625,0.05626136437058449,-0.13103210926055908,0.3351818323135376,4.521412222402432e-08,0.9997979998588562,-0.00010101941006723791,0.0,-15.390942573547363,408000
7.768607139587402,708.8358764648438,708.8363037109375,708.83544921875,-711.6211547851562,-708.851806640625,-5.733392238616943,2.9640212059020996,0.05546455457806587,-0.06535914540290833,0.3357127010822296,3.318912433769583e-08,0.9998302459716797,-8.489500032737851e-05,0.0,-15.106768608093262,409000
7.052989959716797,710.0084838867188,710.0088500976562,710.0081176757812,-712.7869262695312,-710.02197265625,-5.653724193572998,2.888784885406494,0.05911734700202942,0.033632177859544754,0.3375965654850006,2.3450395403301627e-08,0.9998570084571838,-7.150237070163712e-05,0.0,-15.014623641967773,410000
6.171921253204346,710.0841064453125,710.0843505859375,710.0839233398438,-712.911376953125,-710.1315307617188,-5.5015058517456055,2.7216598987579346,0.05519496276974678,0.1110113114118576,0.3325168490409851,9.929243242368102e-05,0.999072790145874,-0.0004836962907575071,-0.00047481246292591095,-14.575180053710938,411000
6.653560161590576,710.83251953125,710.83447265625,710.8305053710938,-713.5162353515625,-710.8843994140625,-5.424667835235596,2.792860746383667,0.056940142065286636,0.14125315845012665,0.33483341336250305,8.04553650368689e-08,0.999762773513794,-0.00011865321721415967,0.0,-14.491912841796875,412000
7.810067653656006,711.446533203125,711.4473266601562,711.44580078125,-714.3296508789062,-711.4876098632812,-5.661167621612549,2.819152355194092,0.056507404893636703,-0.09907262772321701,0.3368726372718811,2.738091552600963e-06,0.9994633197784424,-0.0002696901501622051,0.0,-15.203042984008789,413000
6.849329948425293,711.9764404296875,711.9796142578125,711.9733276367188,-714.787841796875,-712.0113525390625,-5.54295539855957,2.766455888748169,0.05777426064014435,0.019988883286714554,0.3325900137424469,6.999196102697169e-07,0.9993947744369507,-0.0003029809449799359,0.0,-14.851787567138672,414000
1958.918701171875,711.751953125,711.7555541992188,711.7483520507812,-714.402099609375,-711.7232666015625,-5.615393161773682,2.9365909099578857,0.056434426456689835,-0.08959135413169861,0.3345951437950134,4.0580110294285987e-07,0.9994590282440186,-0.000270670629106462,0.0,-15.11867904663086,415000
6.558238983154297,712.5598754882812,712.5607299804688,712.5590209960938,-715.3804931640625,-712.596923828125,-5.815664291381836,3.0321297645568848,0.05246239900588989,-0.15370473265647888,0.33202463388442993,2.1501486457964347e-07,0.9996263384819031,-0.00018692720914259553,0.0,-15.669092178344727,416000
7.886105060577393,712.1098022460938,712.110595703125,712.1090087890625,-714.7384033203125,-712.0531005859375,-5.528861999511719,2.843536615371704,0.05453105270862579,-0.028628787025809288,0.33212679624557495,1.7281416830883245e-07,0.999611496925354,-0.0001943430252140388,0.0,-14.843755722045898,417000
8.26496696472168,712.8985595703125,712.8987426757812,712.8983764648438,-715.5943603515625,-712.9549560546875,-5.285094261169434,2.6456611156463623,0.059693560004234314,0.338664174079895,0.3323943614959717,1.786048358098924e-07,0.9995894432067871,-0.000205363699933514,0.0,-14.050968170166016,418000
7.01717472076416,713.6129150390625,713.6129150390625,713.6128540039062,-716.256591796875,-713.6156616210938,-5.473693370819092,2.832785129547119,0.05498408526182175,0.14459362626075745,0.331428587436676,2.165815260468662e-07,0.9996426105499268,-0.00017880083760246634,0.0,-14.5918607711792,419000
6.564274787902832,714.2137451171875,714.217041015625,714.21044921875,-717.0341186523438,-714.2514038085938,-5.453429698944092,2.6707119941711426,0.057357389479875565,0.12072426825761795,0.3310452103614807,1.0713552711649754e-07,0.9997127652168274,-0.00014366743562277406,0.0,-14.688512802124023,420000
7.461472988128662,714.6441040039062,714.6441040039062,714.6441040039062,-717.4013061523438,-714.6114501953125,-5.530255317687988,2.7404000759124756,0.05850783362984657,0.005355161149054766,0.33064839243888855,9.837496861564432e-08,0.999734103679657,-0.00013299475540407002,0.0,-15.003616333007812,421000
7.2486138343811035,714.861572265625,714.864501953125,714.858642578125,-717.6212768554688,-714.9046020507812,-5.423068046569824,2.7064425945281982,0.05558578297495842,0.08562362194061279,0.32817474007606506,7.731455298198853e-08,0.99977707862854,-0.00011151585204061121,0.0,-14.656168937683105,422000
8.931964874267578,714.9757080078125,714.976318359375,714.9751586914062,-717.6868896484375,-714.9842529296875,-5.809352397918701,3.1067097187042236,0.05348830297589302,-0.28472721576690674,0.33022788166999817,3.5839828342432156e-05,0.9996588230133057,-0.0001707513292785734,-0.00040262422407977283,-15.797727584838867,423000
6.451023101806641,716.1555786132812,716.1560668945312,716.1550903320312,-718.8549194335938,-716.18212890625,-5.463688850402832,2.7909233570098877,0.057123150676488876,0.07316221296787262,0.33029165863990784,6.651016093428552e-08,0.9997437596321106,-0.00012814666843041778,0.0,-14.790990829467773,424000
9.021913528442383,716.34423828125,716.3455810546875,716.3428344726562,-719.0333862304688,-716.3614501953125,-5.637458801269531,2.965517520904541,0.0558071993291378,-0.17817336320877075,0.3286973536014557,5.7094851513284084e-08,0.9997857213020325,-0.00010716881661210209,0.0,-15.322404861450195,425000
6.8138580322265625,716.958984375,716.9594116210938,716.9586181640625,-719.6753540039062,-716.9415283203125,-5.3394927978515625,2.605648994445801,0.057980816811323166,0.2028520405292511,0.3291693329811096,7.024240039754659e-05,0.9997477531433105,-0.00012614569277502596,-0.0005287043750286102,-14.481851577758789,426000
9.056527137756348,717.5270385742188,717.5270385742188,717.5270385742188,-720.1766357421875,-717.4697875976562,-5.463110446929932,2.7562944889068604,0.055677592754364014,-0.09167003631591797,0.3296213448047638,5.424581831903197e-05,0.9997729659080505,-0.00011357906623743474,-0.000468274112790823,-14.90285873413086,427000
6.722136974334717,717.4010009765625,717.4019165039062,717.4000854492188,-720.1198120117188,-717.4361572265625,-5.154792785644531,2.4711215496063232,0.05802792310714722,0.23351754248142242,0.3289470374584198,1.9246618876422872e-07,0.9996320605278015,-0.00018405566515866667,0.0,-14.130073547363281,428000
6.976114273071289,718.0146484375,718.0165405273438,718.0126953125,-720.5928344726562,-718.0474243164062,-5.451367378234863,2.905917167663574,0.05649903789162636,0.14931797981262207,0.3272179961204529,1.112063046093681e-06,0.9995441436767578,-0.0002284809888806194,0.0,-14.786842346191406,429000
7.596048355102539,718.7464599609375,718.74658203125,718.746337890625,-721.3722534179688,-718.7156372070312,-5.530853748321533,2.874284267425537,0.053205542266368866,-0.04031740128993988,0.323849081993103,3.9180889643830596e-07,0.9993855953216553,-0.00030975445406511426,-0.0001294384856009856,-15.051034927368164,430000
9.069026947021484,718.693603515625,718.6936645507812,718.6935424804688,-721.393310546875,-718.7102661132812,-5.238872528076172,2.5558207035064697,0.05844300985336304,0.25517064332962036,0.32560598850250244,2.785445758490823e-07,0.9997483491897583,-0.00012594572035595775,0.0,-14.36418628692627,431000
2014.759033203125,719.433349609375,719.433349609375,719.4332885742188,-722.0377197265625,-719.4453125,-5.537867546081543,2.945462942123413,0.05521732196211815,-0.03804696351289749,0.32513442635536194,1.9224562208819407e-07,0.9996211528778076,-0.00018951544188894331,0.0,-15.211563110351562,432000
6.554222106933594,719.3788452148438,719.3848266601562,719.3728637695312,-722.0565795898438,-719.45849609375,-5.060121059417725,2.4620211124420166,0.05842234194278717,0.21188215911388397,0.32631686329841614,4.3001200538128614e-05,0.9994248747825623,-0.00028772465884685516,-0.00041057501221075654,-13.865130424499512,433000
8.242350578308105,720.2827758789062,720.2830200195312,720.2825317382812,-723.0068359375,-720.269775390625,-5.454012393951416,2.7170028686523438,0.05818811058998108,-0.0759878158569336,0.325912207365036,1.602305701453588e-07,0.9996131658554077,-0.00019351323135197163,0.0,-14.955084800720215,434000
8.32962417602539,720.4463500976562,720.4465942382812,720.4461059570312,-723.0895385742188,-720.455322265625,-5.2631025314331055,2.628901720046997,0.05667833983898163,0.09371209144592285,0.3251325190067291,3.2281570838677e-07,0.9994640350341797,-0.00026814144803211093,0.0,-14.512691497802734,435000
2020.2901611328125,721.005859375,721.0059204101562,721.005859375,-723.5521240234375,-720.9381103515625,-5.263327598571777,2.649261474609375,0.05525278300046921,0.1422414779663086,0.3234928846359253,1.6133685676322784e-07,0.9996041059494019,-0.0001980157830985263,0.0,-14.54399299621582,436000
6.870659351348877,721.2272338867188,721.2273559570312,721.2271118164062,-723.9838256835938,-721.2783203125,-5.612122535705566,2.906627893447876,0.05725075677037239,-0.24535363912582397,0.3232039511203766,3.278553413110785e-05,0.9996383786201477,-0.00018089656077791005,-0.00035919444053433836,-15.606613159179688,437000
6.215950965881348,721.7275390625,721.7276000976562,721.7274780273438,-724.3656616210938,-721.7245483398438,-5.204851150512695,2.5636911392211914,0.05701402947306633,0.1487393081188202,0.32282206416130066,2.98546012800216e-07,0.999564528465271,-0.00021789275342598557,0.0,-14.298163414001465,438000
7.24642276763916,722.0783081054688,722.0783081054688,722.0783081054688,-724.7835083007812,-722.0985717773438,-5.341892719268799,2.656989574432373,0.05715702474117279,-0.03606528416275978,0.323545902967453,1.9726570599232218e-07,0.9996087551116943,-0.00019573638564907014,0.0,-14.856437683105469,439000
6.668673992156982,721.9116821289062,721.9116821289062,721.9116821289062,-724.559814453125,-721.9417724609375,-5.430371284484863,2.812335968017578,0.05401015654206276,-0.023811103776097298,0.32266196608543396,2.2998688109510113e-07,0.9996546506881714,-0.00017279676103498787,0.0,-15.153507232666016,440000
7.1644816398620605,722.48388671875,722.4869384765625,722.4808959960938,-725.035888671875,-722.4716186523438,-5.465145111083984,2.900869846343994,0.05441325530409813,-0.12547428905963898,0.3219375014305115,0.00010686684981919825,0.9996170997619629,-0.00019165160483680665,-0.0006727803847752512,-15.169256210327148,441000
7.3288774490356445,722.5040283203125,722.50439453125,722.5037231445312,-725.0947875976562,-722.537353515625,-5.235104560852051,2.6776630878448486,0.05616969242691994,0.03714744374155998,0.32206544280052185,1.1074542527467202e-07,0.9997074007987976,-0.00014634586113970727,0.0,-14.584737777709961,442000
5.7487945556640625,722.9654541015625,722.9658813476562,722.9649658203125,-725.7257080078125,-722.9725341796875,-5.618558883666992,2.8653404712677,0.057036980986595154,-0.2618952989578247,0.3192541003227234,4.5628382849827176e-07,0.9996302723884583,-0.00018509189249016345,0.0,-15.591756820678711,443000
2018.5438232421875,723.4780883789062,723.4780883789062,723.4780883789062,-726.0787353515625,-723.4625244140625,-5.220150470733643,2.6039342880249023,0.05954239144921303,0.11687333136796951,0.3208984434604645,8.933924618759193e-06,0.99933922290802,-0.0003347918391227722,0.0,-14.6046142578125,444000
4035.25634765625,723.0016479492188,723.00634765625,722.9969482421875,-725.5281982421875,-722.922119140625,-5.365902423858643,2.7598354816436768,0.05918170511722565,0.015714116394519806,0.32162559032440186,5.7329632596747615e-08,0.9997749924659729,-0.00011253661068622023,0.0,-14.867966651916504,445000
2021.66064453125,724.290283203125,724.2921752929688,724.2884521484375,-726.8482666015625,-724.28955078125,-5.394122123718262,2.8353748321533203,0.053480491042137146,-0.10941432416439056,0.31938937306404114,1.6241010598605499e-06,0.9996523261070251,-0.00017464254051446915,0.0,-15.099187850952148,446000
6.0099196434021,724.00048828125,724.0008544921875,724.0001831054688,-726.6236572265625,-724.0358276367188,-5.4880595207214355,2.9002068042755127,0.053827546536922455,-0.18853899836540222,0.317920446395874,1.508898961333216e-08,0.9998799562454224,-6.003058297210373e-05,0.0,-15.34698486328125,447000
7.656437873840332,724.4498291015625,724.449951171875,724.4496459960938,-727.051513671875,-724.4722290039062,-5.347795009613037,2.768465995788574,0.05528038367629051,-0.044973574578762054,0.31854909658432007,0.00021130795357748866,0.9998883605003357,-5.5821357818786055e-05,-0.0009094442357309163,-14.956664085388184,448000
5.891805171966553,725.1102905273438,725.1102905273438,725.1102905273438,-727.8231811523438,-725.1509399414062,-5.2096428871154785,2.537397623062134,0.059518177062273026,-0.008513311855494976,0.31784889101982117,2.2517241404784727e-08,0.9998854994773865,-5.725755909224972e-05,0.0,-14.771346092224121,449000
2038.187255859375,725.851318359375,725.851318359375,725.8512573242188,-728.38330078125,-725.8029174804688,-5.254030704498291,2.673626184463501,0.05584660544991493,0.005585644394159317,0.31726890802383423,0.0003401425783522427,0.9995594620704651,-0.00022199077648110688,-0.0012512936955317855,-14.761432647705078,450000
2034.918212890625,726.0286254882812,726.0286254882812,726.0286254882812,-728.5560913085938,-725.9788208007812,-5.286933422088623,2.7096407413482666,0.055297818034887314,-0.010705532506108284,0.3163052499294281,4.793836296812515e-07,0.9998042583465576,-9.810851770453155e-05,0.0,-14.964754104614258,451000
6.56832218170166,726.0245971679688,726.0256958007812,726.0234985351562,-728.5717163085938,-726.000732421875,-5.471881866455078,2.9008514881134033,0.05242307111620903,-0.10851935297250748,0.3179633617401123,1.0272174222336616e-08,0.9998908638954163,-5.457295264932327e-05,0.0,-15.35509967803955,452000
6.54593563079834,726.317138671875,726.3175048828125,726.3167724609375,-728.9053344726562,-726.3087158203125,-5.373202800750732,2.7766339778900146,0.05549824610352516,0.0512884259223938,0.31657981872558594,4.221216087785251e-08,0.999864935874939,-6.755874346708879e-05,0.0,-15.014080047607422,453000
7.200283050537109,726.8125,726.81298828125,726.81201171875,-729.4567260742188,-726.81005859375,-5.536182880401611,2.8895280361175537,0.05307340994477272,-0.23440080881118774,0.3125514090061188,5.1496917876647785e-06,0.99962317943573,-0.00019098600023426116,0.0,-15.686145782470703,454000
6.578396797180176,727.8919677734375,727.89208984375,727.8919067382812,-730.4901123046875,-727.9205322265625,-5.229758262634277,2.6601266860961914,0.056881777942180634,-0.01173428725451231,0.3138364255428314,0.00010462268255650997,0.9993993639945984,-0.0003056779387407005,-0.0008406525594182312,-14.862690925598145,455000
6.721149444580078,727.5848388671875,727.5856323242188,727.5840454101562,-730.1385498046875,-727.593505859375,-5.116658687591553,2.5715715885162354,0.057179078459739685,0.13650043308734894,0.3159339427947998,1.2447326724895902e-08,0.9998606443405151,-6.970966933295131e-05,0.0,-14.490822792053223,456000
7.2902727127075195,727.9578857421875,727.9581909179688,727.95751953125,-730.5164184570312,-727.9564208984375,-5.150141716003418,2.590125799179077,0.05740698426961899,0.17266161739826202,0.313431978225708,4.9508322774727276e-08,0.9998128414154053,-9.362940909340978e-05,0.0,-14.644111633300781,457000
6.625727653503418,728.3482666015625,728.348388671875,728.3482055664062,-730.9586791992188,-728.3464965820312,-5.279646873474121,2.6675031185150146,0.05461491644382477,-0.03549576550722122,0.31505072116851807,3.3602667315335566e-08,0.9998361468315125,-8.194756810553372e-05,0.0,-14.887182235717773,458000
2044.4556884765625,729.03759765625,729.03759765625,729.0375366210938,-731.5219116210938,-728.9920043945312,-5.13677978515625,2.6068453788757324,0.05868009105324745,0.06711781024932861,0.31392452120780945,4.927190033754414e-08,0.9997934103012085,-0.00010332227247999981,0.0,-14.638931274414062,459000
2052.347900390625,729.499755859375,729.4998168945312,729.499755859375,-732.0020141601562,-729.4107055664062,-5.518281936645508,2.9270098209381104,0.05469180643558502,-0.2919708490371704,0.3129901885986328,8.904550554689195e-07,0.9997154474258423,-0.00014272824046202004,0.0,-15.620523452758789,460000
6.160907745361328,729.553466796875,729.5535278320312,729.553466796875,-732.1260375976562,-729.5800170898438,-5.043434143066406,2.49741530418396,0.05724968761205673,0.2542254626750946,0.3131018877029419,2.0294859126579468e-08,0.9998472332954407,-7.639652176294476e-05,0.0,-14.457406997680664,461000
8.022283554077148,730.46142578125,730.4614868164062,730.46142578125,-733.0755004882812,-730.4738159179688,-5.451295375823975,2.8495981693267822,0.054863810539245605,-0.23621633648872375,0.3108592629432678,0.00013327290071174502,0.9994330406188965,-0.00028642520192079246,-0.0007488219998776913,-15.618093490600586,462000
6.015349388122559,730.4069213867188,730.4069213867188,730.4069213867188,-732.8831787109375,-730.3934326171875,-5.021684169769287,2.5318922996520996,0.059593018144369125,0.10525994002819061,0.31195375323295593,1.4100763223723334e-07,0.9997513890266418,-0.00012436474207788706,0.0,-14.405350685119629,463000
2058.362548828125,730.7445068359375,730.7449340820312,730.7440795898438,-733.284912109375,-730.7000732421875,-5.364063739776611,2.7792463302612305,0.05663571506738663,-0.3404066264629364,0.3116376996040344,3.1551460324408254e-06,0.9994468688964844,-0.0002781245275400579,0.0,-15.455497741699219,464000
6.729561805725098,730.9161987304688,730.9161987304688,730.9161987304688,-733.4464721679688,-730.90380859375,-5.077177047729492,2.534505844116211,0.05981913581490517,0.05533858761191368,0.3103518784046173,2.390408404551181e-08,0.9998433589935303,-7.834316056687385e-05,0.0,-14.538532257080078,465000
5.692509174346924,731.7484130859375,731.7491455078125,731.7477416992188,-734.3613891601562,-731.7626953125,-5.21047306060791,2.611760139465332,0.055661726742982864,0.04576967656612396,0.30939555168151855,3.7474997327535675e-08,0.9998234510421753,-8.830415754346177e-05,0.0,-14.967816352844238,466000
6.491072654724121,732.0372314453125,732.0545043945312,732.02001953125,-734.4083862304688,-732.0407104492188,-5.263578414916992,2.895860433578491,0.05350327864289284,-0.05191924422979355,0.31104645133018494,0.00014623340393882245,0.999844491481781,-7.77674576966092e-05,-0.0007674937369301915,-15.12160873413086,467000
2068.649658203125,732.395751953125,732.3973388671875,732.3942260742188,-734.9151000976562,-732.361572265625,-5.12046480178833,2.5669775009155273,0.06006357818841934,0.0494060218334198,0.3085150122642517,6.643880112733314e-08,0.9998270273208618,-8.651743701193482e-05,0.0,-14.673297882080078,468000
5.818758964538574,733.1856079101562,733.1871948242188,733.1840209960938,-735.5521240234375,-733.208984375,-4.719719409942627,2.3765594959259033,0.0592946857213974,0.3332490921020508,0.310283362865448,7.626460865139961e-05,0.9998642206192017,-6.788657628931105e-05,-0.0005461927503347397,-13.537900924682617,469000
8.581138610839844,732.7235107421875,732.72412109375,732.7229614257812,-735.2427368164062,-732.7422485351562,-5.206494331359863,2.7059857845306396,0.05548519268631935,0.08062352985143661,0.3095929026603699,1.500809787557955e-08,0.9998719692230225,-6.404035957530141e-05,0.0,-15.075712203979492,470000
6.644263744354248,733.5816650390625,733.581787109375,733.5816040039062,-736.0348510742188,-733.6264038085938,-5.095787048339844,2.687340021133423,0.05649734288454056,0.0583927221596241,0.30786409974098206,3.148561063426314e-06,0.9993932247161865,-0.00030846591107547283,-0.00030659040203318,-14.718986511230469,471000
5.865110397338867,734.2813720703125,734.2814331054688,734.2813720703125,-736.7830810546875,-734.2490844726562,-5.265774726867676,2.7317748069763184,0.05430452525615692,-0.06770182400941849,0.3089539408683777,8.614991742206257e-08,0.9998577833175659,-7.117603672668338e-05,0.0,-15.382109642028809,472000
9.174880981445312,733.488037109375,733.4880981445312,733.4879760742188,-735.9414672851562,-733.4375610351562,-5.044131755828857,2.5402069091796875,0.055859003216028214,0.072132907807827,0.3070209324359894,5.640548579322058e-07,0.9997711181640625,-0.00011468253069324419,-1.5981158867361955e-05,-14.618637084960938,473000
6.058926582336426,734.8377685546875,734.8389282226562,734.8365478515625,-737.36474609375,-734.8255615234375,-5.257009029388428,2.7178189754486084,0.05458752438426018,-0.08288073539733887,0.3065005838871002,1.1345204598001146e-07,0.9997754096984863,-0.00011236440332140774,0.0,-15.177261352539062,474000
6.649175643920898,735.2589721679688,735.2601318359375,735.2578125,-737.9410400390625,-735.333740234375,-5.111830711364746,2.504488706588745,0.05605953559279442,0.04038223251700401,0.3076929450035095,6.615159264811155e-08,0.9997884035110474,-0.00010583596304059029,0.0,-14.982471466064453,475000
4187.33984375,735.415771484375,735.4159545898438,735.4156494140625,-737.8129272460938,-735.333984375,-5.303909778594971,2.8249294757843018,0.052865009754896164,-0.21850447356700897,0.30354470014572144,3.0051037924749835e-07,0.9997004270553589,-0.00014993021613918245,0.0,-15.398125648498535,476000
6.935799598693848,735.3607177734375,735.3607788085938,735.3606567382812,-737.9710693359375,-735.4014892578125,-5.372573375701904,2.802973747253418,0.05506555736064911,-0.23599570989608765,0.30649372935295105,6.506745648948709e-07,0.9997096657752991,-0.00014549009210895747,0.0,-15.631601333618164,477000
6.048897743225098,735.9539184570312,735.9541015625,735.9537353515625,-738.3317260742188,-735.9583129882812,-5.194031715393066,2.8206019401550293,0.05130034312605858,-0.06681082397699356,0.3058716356754303,7.775425103773159e-08,0.9998129606246948,-9.354410576634109e-05,0.0,-15.149368286132812,478000
7.513513565063477,735.3943481445312,735.4013671875,735.3873291015625,-737.916015625,-735.3247680664062,-5.07613468170166,2.4848687648773193,0.05693629011511803,0.04273230582475662,0.30643612146377563,2.6244575224154687e-07,0.9997566938400269,-0.00012177689495729282,0.0,-14.926877975463867,479000
6.0517425537109375,736.413330078125,736.4135131835938,736.4132080078125,-738.9061889648438,-736.387451171875,-5.158331394195557,2.6395702362060547,0.05552641674876213,-0.09016386419534683,0.30401143431663513,1.2193258669412899e-07,0.9998080134391785,-9.605790546629578e-05,0.0,-15.149081230163574,480000
7.582667350769043,736.6574096679688,736.657958984375,736.6568603515625,-739.2254638671875,-736.655029296875,-5.082932472229004,2.512502670288086,0.05760345235466957,-0.0017382637597620487,0.30402034521102905,2.1893568202813185e-07,0.9997647404670715,-0.00011771949357353151,0.0,-15.076842308044434,481000
6.809634208679199,736.7286376953125,736.7315063476562,736.7257080078125,-739.20947265625,-736.703369140625,-5.102180004119873,2.5960958003997803,0.05578283593058586,-0.05614795908331871,0.3042912185192108,5.770870714627563e-08,0.9998307228088379,-8.46483453642577e-05,0.0,-15.033407211303711,482000
5.875943183898926,737.2498779296875,737.2504272460938,737.2493286132812,-739.7351684570312,-737.2716674804688,-5.113434314727783,2.6499931812286377,0.057695381343364716,-0.13551005721092224,0.3050892651081085,9.522146910967422e-07,0.9997483491897583,-0.00012631338904611766,0.0,-15.039210319519043,483000
2098.0087890625,737.843994140625,737.8450927734375,737.8428955078125,-740.2259521484375,-737.8368530273438,-4.767271518707275,2.378155469894409,0.05934818461537361,0.23484578728675842,0.30501502752304077,1.1443182756920578e-07,0.9998152256011963,-9.24224586924538e-05,0.0,-14.088563919067383,484000
7.935929775238037,738.0758056640625,738.075927734375,738.0756225585938,-740.5289916992188,-738.0999145507812,-5.004563331604004,2.5755138397216797,0.056062642484903336,0.10756490379571915,0.30356475710868835,2.0184623750196806e-08,0.9998788833618164,-6.057818973204121e-05,0.0,-14.614151000976562,485000
6.6427764892578125,738.4881591796875,738.4882202148438,738.488037109375,-740.9977416992188,-738.4703369140625,-4.924932479858398,2.3975112438201904,0.058260228484869,0.09159047901630402,0.3021945655345917,2.0267290068431976e-08,0.9998836517333984,-5.817704732180573e-05,0.0,-14.527263641357422,486000
7.990616321563721,738.3157958984375,738.3164672851562,738.3150634765625,-740.8941650390625,-738.3659057617188,-5.035244464874268,2.506937026977539,0.058816514909267426,-0.07083737105131149,0.29828333854675293,3.3016069664881798e-06,0.9995191097259521,-0.0002420637320028618,0.0,-14.929905891418457,487000
6.905412673950195,739.0455322265625,739.0460815429688,739.0450439453125,-741.4888305664062,-739.0712280273438,-5.182573318481445,2.7649240493774414,0.05297272279858589,-0.15942464768886566,0.3020401895046234,1.0552932749874344e-08,0.9998994469642639,-5.0277601985726506e-05,0.0,-15.378948211669922,488000
7.549994468688965,739.6341552734375,739.6342163085938,739.6340942382812,-742.1212768554688,-739.634521484375,-4.804998874664307,2.3182551860809326,0.058233004063367844,0.23247632384300232,0.3007555603981018,2.863306178824132e-07,0.9998047351837158,-9.775986836757511e-05,0.0,-14.275848388671875,489000
7.34360408782959,739.3270263671875,739.32763671875,739.3263549804688,-741.766845703125,-739.353515625,-5.127196311950684,2.713838815689087,0.055749230086803436,-0.04304467514157295,0.3021757900714874,3.38148470291344e-06,0.9996335506439209,-0.00018490523507352918,0.0,-15.300890922546387,490000
5.995295524597168,740.25048828125,740.2511596679688,740.2498779296875,-742.8417358398438,-740.2823486328125,-5.025308132171631,2.4659647941589355,0.05953121930360794,-0.052555810660123825,0.29960647225379944,6.380611807799141e-07,0.9997422695159912,-0.00012919667642563581,0.0,-14.995288848876953,491000
6.402586936950684,740.117431640625,740.1174926757812,740.1173095703125,-742.5543212890625,-740.1458740234375,-4.954782962799072,2.5463216304779053,0.053427036851644516,0.03886517509818077,0.2994415760040283,1.597401499964235e-08,0.9998669624328613,-6.655284960288554e-05,0.0,-14.817896842956543,492000
5.803471565246582,740.188720703125,740.1891479492188,740.1882934570312,-742.554443359375,-740.155029296875,-4.959417819976807,2.560011386871338,0.05469207093119621,0.08243085443973541,0.2990358769893646,2.7418714125815313e-06,0.9995355606079102,-0.0002336012403247878,0.0,-14.763663291931152,493000
5.496532440185547,740.8966064453125,740.9439086914062,740.849365234375,-743.283203125,-740.8499755859375,-4.738498210906982,2.30527925491333,0.05772855132818222,0.1510874480009079,0.30063530802726746,3.041972718165198e-07,0.9996954202651978,-0.00015241766232065856,0.0,-14.214667320251465,494000
2117.9853515625,740.8421630859375,740.843505859375,740.8408203125,-743.2949829101562,-740.8187866210938,-5.030053615570068,2.553847551345825,0.056925512850284576,-0.1922772228717804,0.29917746782302856,3.759226456168108e-05,0.9996118545532227,-0.0001944639952853322,-0.0003801175334956497,-15.228330612182617,495000
7.62319803237915,741.2593994140625,741.2599487304688,741.2588500976562,-743.5391845703125,-741.2301025390625,-4.9571309089660645,2.648049831390381,0.05859587714076042,-0.020318828523159027,0.2988250255584717,1.4277188711275812e-06,0.999535083770752,-0.0002331587311346084,0.0,-14.931841850280762,496000
6.055380344390869,741.9002685546875,741.9003295898438,741.9002685546875,-744.2769165039062,-741.906494140625,-4.839537143707275,2.4691286087036133,0.056008074432611465,0.09298410266637802,0.29822757840156555,2.210965277527066e-07,0.9996864795684814,-0.00015688760322518647,0.0,-14.556543350219727,497000
7.627384662628174,741.7412109375,741.7501831054688,741.7322387695312,-744.2208251953125,-741.7696533203125,-5.1798882484436035,2.7287182807922363,0.05467507615685463,-0.2005401998758316,0.29917046427726746,4.7186276219690626e-08,0.9997758269309998,-0.00011211268429178745,0.0,-15.580442428588867,498000
2124.09814453125,742.3310546875,742.3312377929688,742.3309326171875,-744.6358642578125,-742.2794189453125,-4.750636100769043,2.3941566944122314,0.05804847925901413,0.1575697660446167,0.29315727949142456,1.1931708286283538e-05,0.999472975730896,-0.0002655507414601743,-0.0001768690417520702,-14.34743881225586,499000
5.442607879638672,742.8385009765625,742.8389892578125,742.8379516601562,-745.1749267578125,-742.8418579101562,-5.017840385437012,2.684734344482422,0.05243561416864395,-0.11115367710590363,0.2975313365459442,7.097187904037128e-08,0.9997220039367676,-0.00013902116916142404,0.0,-15.12289810180664,500000
