critic/q_loss,critic/q_mean,critic/q_max,critic/q_min,actor/total_loss,actor/q_loss,actor/bc_loss,actor/entropy_loss,actor/mse,beta/beta_loss,beta/beta,encoder/encoder_loss,encoder/dot_mean,encoder/kl_target_mean,encoder/nll_raw_mean,step
452.5390625,-0.01119971927255392,0.09357224404811859,-0.108396515250206,-1.5354366302490234,-0.16842180490493774,9.694526672363281,-11.061541557312012,0.37805336713790894,19.46450424194336,0.9997000694274902,400.9512939453125,19.59309959411621,-0.4201442003250122,8.958333015441895,0
23.441312789916992,60.0406494140625,60.04279327392578,60.03596496582031,-66.40653991699219,-60.05384063720703,-9.241378784179688,2.8886826038360596,0.08224150538444519,3.93660831451416,0.7984919548034668,6.345585823059082,2.922605514526367,0.40888530015945435,-8.928672790527344,1000
8.600982666015625,87.54379272460938,87.54570770263672,87.5417251586914,-94.92364501953125,-87.58126831054688,-11.756678581237793,4.414296627044678,0.06466397643089294,1.1145155429840088,0.6930214166641235,0.6642097234725952,1.3171122074127197,0.5150570869445801,-11.725518226623535,2000
10.539494514465332,109.6109619140625,109.61222839355469,109.60968780517578,-117.43429565429688,-109.61744689941406,-12.817560195922852,5.000707149505615,0.06308643519878387,0.31114718317985535,0.6415461301803589,0.08407618850469589,0.814266562461853,0.5568537712097168,-12.921371459960938,3000
10.962091445922852,128.57672119140625,128.5767364501953,128.57667541503906,-136.02914428710938,-128.60037231445312,-12.59750747680664,5.16872501373291,0.06459201127290726,0.478603720664978,0.627236545085907,0.031674668192863464,0.5988008975982666,0.5445079803466797,-12.672510147094727,4000
8.006625175476074,145.73419189453125,145.73495483398438,145.73341369628906,-153.49537658691406,-145.7838134765625,-13.711467742919922,5.999902248382568,0.0543878898024559,-0.12960737943649292,0.6415798664093018,0.02267666719853878,0.5441091060638428,0.5846493244171143,-13.861172676086426,5000
8.313140869140625,161.56137084960938,161.5618438720703,161.56092834472656,-169.61814880371094,-161.50611877441406,-13.94793701171875,5.835906982421875,0.056711308658123016,-0.17939631640911102,0.6530277729034424,0.020831190049648285,0.5736268758773804,0.5951778888702393,-14.21181869506836,6000
11.547002792358398,176.523681640625,176.5242156982422,176.52313232421875,-184.476318359375,-176.53118896484375,-13.08878231048584,5.143650531768799,0.06288935244083405,0.47455909848213196,0.6600345373153687,0.023245390504598618,0.5882285833358765,0.5694259405136108,-13.420866012573242,7000
8.046830177307129,189.92910766601562,189.98863220214844,189.86959838867188,-197.60308837890625,-189.83859252929688,-13.797420501708984,6.032932758331299,0.05550428107380867,-0.2518802583217621,0.6623228788375854,0.019946429878473282,0.5797079205513,0.5947271585464478,-14.160673141479492,8000
10.913820266723633,203.1409912109375,203.15298461914062,203.12899780273438,-210.93809509277344,-203.0824432373047,-13.453487396240234,5.597840785980225,0.06065529212355614,-0.051286209374666214,0.665917694568634,0.026508904993534088,0.5880376100540161,0.5752090215682983,-13.647058486938477,9000
12.2012939453125,215.27447509765625,215.27598571777344,215.27297973632812,-223.2517547607422,-215.30653381347656,-13.684563636779785,5.739346981048584,0.05899261683225632,-0.04204203560948372,0.6680865287780762,0.023204999044537544,0.5815231204032898,0.5861334800720215,-14.00706958770752,10000
11.088628768920898,227.41073608398438,227.4110107421875,227.4104461669922,-234.9815216064453,-227.3186492919922,-13.528724670410156,5.8658552169799805,0.05606699734926224,0.1586708128452301,0.6698565483093262,0.028139688074588776,0.590391993522644,0.5761717557907104,-13.715940475463867,11000
8.632186889648438,238.482421875,238.48318481445312,238.48167419433594,-246.67141723632812,-238.49545288085938,-13.394112586975098,5.218155384063721,0.0608355738222599,0.16389116644859314,0.6630488634109497,0.021312166005373,0.5907915830612183,0.5761216878890991,-13.637638092041016,12000
244.6356658935547,248.74099731445312,248.74119567871094,248.74078369140625,-256.58636474609375,-248.65127563476562,-13.943157196044922,6.0080461502075195,0.05677267163991928,-0.0875878557562828,0.6675347685813904,0.020021114498376846,0.5808876752853394,0.5988832712173462,-14.315044403076172,13000
11.073442459106445,259.0019836425781,259.0020446777344,259.0019226074219,-267.1517333984375,-258.9769592285156,-14.3268461227417,6.152077674865723,0.05362321436405182,-0.4962182939052582,0.6651908755302429,0.0206597950309515,0.5901466012001038,0.6111612319946289,-14.767796516418457,14000
280.5592346191406,268.2389831542969,268.239013671875,268.23895263671875,-276.07208251953125,-268.2288513183594,-13.565706253051758,5.722458362579346,0.060483504086732864,0.4063293933868408,0.6662127375602722,0.025862477719783783,0.5982545614242554,0.5801858305931091,-13.822420120239258,15000
12.848230361938477,277.6695556640625,277.6695556640625,277.6695556640625,-285.8251647949219,-277.645263671875,-13.953287124633789,5.77337646484375,0.059071414172649384,-0.20614437758922577,0.663382887840271,0.020535066723823547,0.6053612232208252,0.5946997404098511,-14.24959945678711,16000
12.141626358032227,286.8094482421875,286.8094787597656,286.8094482421875,-294.7419128417969,-286.8749084472656,-13.006037712097168,5.139033317565918,0.060180339962244034,0.5166420340538025,0.6592825651168823,0.025491423904895782,0.592406153678894,0.5672817230224609,-13.439090728759766,17000
12.451601028442383,294.9876708984375,294.9877014160156,294.9876708984375,-303.2260437011719,-295.070068359375,-12.960074424743652,4.804114818572998,0.06251925975084305,0.593906044960022,0.655240535736084,0.02304776757955551,0.5930198431015015,0.5693638324737549,-13.466761589050293,18000
356.53106689453125,303.64459228515625,303.6446228027344,303.64459228515625,-311.6932373046875,-303.6295166015625,-13.360883712768555,5.297140121459961,0.0628095269203186,0.5388550758361816,0.6610340476036072,0.02506253682076931,0.6017547845840454,0.5701241493225098,-13.516773223876953,19000
11.457122802734375,311.7305908203125,311.7306213378906,311.7305603027344,-320.1031799316406,-311.8166809082031,-13.566299438476562,5.279817581176758,0.057699792087078094,0.15297706425189972,0.6559239625930786,0.019941547885537148,0.5869401693344116,0.5949033498764038,-14.252161026000977,20000
11.82833480834961,319.31060791015625,319.31060791015625,319.3105773925781,-327.20819091796875,-319.32647705078125,-13.556107521057129,5.67439603805542,0.05769353732466698,0.08029428124427795,0.6563361883163452,0.017928969115018845,0.5978856682777405,0.5907843708992004,-14.046653747558594,21000
10.908117294311523,326.6319274902344,326.6319274902344,326.6319274902344,-334.95526123046875,-326.64532470703125,-13.567976951599121,5.258023262023926,0.06116373464465141,0.11281981319189072,0.6474218964576721,0.021796926856040955,0.594553530216217,0.5878041982650757,-14.030387878417969,22000
11.520975112915039,333.84051513671875,333.84051513671875,333.84051513671875,-342.0201721191406,-333.87554931640625,-13.5282564163208,5.383635520935059,0.056840334087610245,0.18020039796829224,0.6472778916358948,0.022038239985704422,0.5791161060333252,0.593494176864624,-14.223302841186523,23000
12.576140403747559,340.7571716308594,340.7571716308594,340.7571716308594,-349.21722412109375,-340.7785339355469,-14.014955520629883,5.57626485824585,0.05674460902810097,-0.22269763052463531,0.645801842212677,0.022306185215711594,0.6015581488609314,0.605716347694397,-14.699073791503906,24000
8.845375061035156,347.5807800292969,347.5807800292969,347.5807800292969,-355.7026672363281,-347.6086730957031,-13.159040451049805,5.0650315284729,0.06195588782429695,0.24352426826953888,0.6344115138053894,0.030155394226312637,0.5995146036148071,0.5700324773788452,-13.60938835144043,25000
12.46297836303711,353.6299743652344,353.6300048828125,353.62994384765625,-362.1097717285156,-353.6356201171875,-13.933418273925781,5.45927095413208,0.05631730705499649,-0.2170730084180832,0.6343598961830139,0.01776454970240593,0.582359790802002,0.5997669696807861,-14.439495086669922,26000
11.405683517456055,360.0144958496094,360.0144958496094,360.0144958496094,-368.31243896484375,-360.0431823730469,-13.727970123291016,5.45871639251709,0.05500271916389465,0.3249015510082245,0.6360157132148743,0.01561482809484005,0.6049699783325195,0.5940377712249756,-14.152408599853516,27000
9.38626480102539,366.0814514160156,366.0814514160156,366.0814514160156,-374.51666259765625,-366.0728454589844,-13.26535701751709,4.821528911590576,0.06091488152742386,0.4692143201828003,0.6328967213630676,0.02010316774249077,0.5963175296783447,0.5793091058731079,-13.725531578063965,28000
12.087991714477539,371.8786315917969,371.8786315917969,371.8786315917969,-380.4295959472656,-371.89794921875,-13.839851379394531,5.3082075119018555,0.057040754705667496,0.2077428698539734,0.6243870854377747,0.023003041744232178,0.6021998524665833,0.5910483598709106,-14.29050064086914,29000
8.563389778137207,377.8817443847656,377.8817443847656,377.8817443847656,-386.2892150878906,-377.89886474609375,-13.730057716369629,5.339731693267822,0.05626389756798744,-0.08359972387552261,0.6246998310089111,0.023036541417241096,0.5989760160446167,0.5982646942138672,-14.401314735412598,30000
12.473650932312012,383.0633544921875,383.0633544921875,383.0633544921875,-391.57867431640625,-383.05615234375,-13.852392196655273,5.329872131347656,0.05998025834560394,0.06466418504714966,0.6229923367500305,0.02292764186859131,0.5981202125549316,0.599837064743042,-14.540035247802734,31000
11.94775390625,388.78753662109375,388.78753662109375,388.7875061035156,-397.3683166503906,-388.8127136230469,-13.617066383361816,5.061464309692383,0.06075246259570122,0.13701432943344116,0.6128358244895935,0.02982044406235218,0.5979185700416565,0.5921313166618347,-14.29305648803711,32000
600.5231323242188,394.07843017578125,394.07843017578125,394.0783996582031,-402.5523986816406,-393.9834899902344,-13.176778793334961,4.607875347137451,0.060266803950071335,0.28220996260643005,0.61441570520401,0.025437690317630768,0.5831615924835205,0.5743938684463501,-13.736478805541992,33000
11.347997665405273,399.0076904296875,399.0076904296875,399.0076599121094,-407.67059326171875,-399.0430908203125,-14.036202430725098,5.408702373504639,0.055861059576272964,-0.2930006980895996,0.611113965511322,0.02107747457921505,0.6077238917350769,0.6109005212783813,-14.895354270935059,34000
9.308605194091797,404.2452087402344,404.2452087402344,404.2452087402344,-412.9539794921875,-404.23736572265625,-13.735288619995117,5.018669128417969,0.0591488853096962,0.009812417440116405,0.6067588329315186,0.01885165460407734,0.6081188917160034,0.5986034274101257,-14.400896072387695,35000
9.685174942016602,408.9571533203125,408.9571838378906,408.9571533203125,-417.4214782714844,-408.9786071777344,-13.334522247314453,4.891674995422363,0.06088589131832123,0.13552309572696686,0.6024690866470337,0.015377993695437908,0.5917128324508667,0.5941353440284729,-14.153238296508789,36000
11.652446746826172,413.978759765625,413.9787902832031,413.978759765625,-422.55841064453125,-413.9704284667969,-13.723894119262695,5.135934352874756,0.056141991168260574,-0.01898692548274994,0.598560631275177,0.021278170868754387,0.5931121706962585,0.5992786288261414,-14.474098205566406,37000
11.27901840209961,418.36322021484375,418.3632507324219,418.36322021484375,-427.36700439453125,-418.39080810546875,-13.783201217651367,4.807010650634766,0.05637456476688385,0.015051038935780525,0.596589982509613,0.020401258021593094,0.598708987236023,0.6060916781425476,-14.710090637207031,38000
14.38388729095459,423.2313232421875,423.2313537597656,423.2313232421875,-431.8988037109375,-423.2736511230469,-13.608551025390625,4.983396530151367,0.054931122809648514,0.22758397459983826,0.5972442626953125,0.024487856775522232,0.6109563112258911,0.5883876085281372,-14.07634162902832,39000
9.16843032836914,427.64251708984375,427.64251708984375,427.64251708984375,-436.2042236328125,-427.6871337890625,-13.42722225189209,4.910112380981445,0.056426096707582474,0.1380692571401596,0.5904248356819153,0.016740458086133003,0.5895727872848511,0.5916067361831665,-14.067359924316406,40000
8.563044548034668,432.16192626953125,432.16192626953125,432.16192626953125,-441.1358337402344,-432.1982421875,-13.547499656677246,4.609902381896973,0.058547839522361755,-0.1246069073677063,0.5853457450866699,0.015377547591924667,0.6082813739776611,0.6052235960960388,-14.486631393432617,41000
11.334907531738281,436.53485107421875,436.53485107421875,436.53485107421875,-445.3244323730469,-436.55194091796875,-14.081981658935547,5.309472560882568,0.0531269833445549,-0.1363774836063385,0.5843830704689026,0.018103234469890594,0.5920373797416687,0.6163950562477112,-15.04552936553955,42000
11.241270065307617,440.6677551269531,440.6677551269531,440.6677551269531,-449.4878845214844,-440.6907653808594,-13.944498062133789,5.147358417510986,0.054608676582574844,-0.0702977254986763,0.5812095403671265,0.017653344199061394,0.6060585975646973,0.6085240840911865,-14.750974655151367,43000
11.482325553894043,445.1419677734375,445.1419677734375,445.1419677734375,-453.985107421875,-445.1778869628906,-13.916450500488281,5.1092071533203125,0.0553111732006073,-0.20072633028030396,0.5768104195594788,0.023749344050884247,0.5908040404319763,0.6094126105308533,-14.937215805053711,44000
10.987041473388672,449.06829833984375,449.06829833984375,449.0682678222656,-457.8953857421875,-449.05731201171875,-13.91775131225586,5.0796895027160645,0.058116644620895386,-0.291897177696228,0.5767630934715271,0.02234354056417942,0.6030216217041016,0.6062719821929932,-14.780839920043945,45000
8.802964210510254,453.7648010253906,453.7648010253906,453.7648010253906,-462.5249938964844,-453.8199157714844,-13.451750755310059,4.746670246124268,0.06204056739807129,-0.1725074201822281,0.5671037435531616,0.023786330595612526,0.6073075532913208,0.5982811450958252,-14.557409286499023,46000
10.144187927246094,457.09124755859375,457.0912780761719,457.09124755859375,-465.79803466796875,-457.0165100097656,-13.487174034118652,4.705659866333008,0.06005427613854408,0.13640601933002472,0.5631184577941895,0.020230019465088844,0.5937533378601074,0.5946400165557861,-14.303621292114258,47000
10.5160551071167,461.1831970214844,461.1832275390625,461.18316650390625,-470.236083984375,-461.1341247558594,-14.327178955078125,5.225220680236816,0.05517605319619179,-0.5362831354141235,0.5642673373222351,0.018979031592607498,0.6093525886535645,0.6306084394454956,-15.523786544799805,48000
10.071669578552246,465.17376708984375,465.1737976074219,465.17376708984375,-474.16351318359375,-465.1539611816406,-13.644826889038086,4.635271072387695,0.05931966379284859,0.08081656694412231,0.5570154786109924,0.020121227949857712,0.6054834723472595,0.6001027226448059,-14.45721435546875,49000
12.781723976135254,468.50341796875,468.50341796875,468.5033874511719,-477.3271179199219,-468.50714111328125,-12.945817947387695,4.125862121582031,0.06327099353075027,0.515649676322937,0.5548923015594482,0.026279058307409286,0.5987669229507446,0.5705365538597107,-13.645400047302246,50000
11.844715118408203,472.52972412109375,472.52972412109375,472.52972412109375,-481.3051452636719,-472.53070068359375,-13.434621810913086,4.660192966461182,0.056704673916101456,0.38276252150535583,0.5540266633033752,0.022271892055869102,0.6016514897346497,0.5915653705596924,-14.283452033996582,51000
879.0841674804688,476.650390625,476.650390625,476.650390625,-485.700439453125,-476.64007568359375,-13.685627937316895,4.62526798248291,0.05758995935320854,-0.1372579038143158,0.5514398217201233,0.02118527702987194,0.604393482208252,0.6024341583251953,-14.651309967041016,52000
10.60824203491211,480.15478515625,480.1548156738281,480.15478515625,-489.1881103515625,-480.18609619140625,-13.393678665161133,4.391656398773193,0.05748676881194115,0.17923079431056976,0.5498991012573242,0.02143578976392746,0.5996927618980408,0.5905202627182007,-14.216239929199219,53000
10.572345733642578,483.82012939453125,483.8201599121094,483.82012939453125,-493.14697265625,-483.8494873046875,-13.65353775024414,4.3560614585876465,0.06058463826775551,0.22769959270954132,0.5468328595161438,0.02132934145629406,0.6139554977416992,0.5904845595359802,-14.225046157836914,54000
10.69904899597168,487.1252746582031,487.1252746582031,487.1252746582031,-496.1833190917969,-487.151123046875,-13.772747039794922,4.740551948547363,0.05371877923607826,-0.13016311824321747,0.5397071838378906,0.02034761942923069,0.5973754525184631,0.6113882064819336,-14.92336654663086,55000
9.302309036254883,490.47216796875,490.47216796875,490.4721374511719,-499.6563415527344,-490.48748779296875,-13.415666580200195,4.246836185455322,0.05878669396042824,0.07861489802598953,0.537741482257843,0.021646469831466675,0.6171000003814697,0.587364137172699,-14.132604598999023,56000
10.971024513244629,493.8741455078125,493.8741455078125,493.8741149902344,-503.1676330566406,-493.947509765625,-13.510810852050781,4.290683269500732,0.05863986164331436,0.30059829354286194,0.5356588363647461,0.023991191759705544,0.5993665456771851,0.5968108177185059,-14.44818115234375,57000
9.517852783203125,497.38232421875,497.38232421875,497.38232421875,-506.6372985839844,-497.4005126953125,-13.694753646850586,4.457969665527344,0.05870566889643669,-0.0713091567158699,0.5320823192596436,0.02236466482281685,0.5972490310668945,0.6078759431838989,-14.857473373413086,58000
10.411888122558594,499.9428405761719,499.94287109375,499.94281005859375,-509.0330810546875,-499.95001220703125,-13.865398406982422,4.782341003417969,0.05624327436089516,-0.2220039814710617,0.5299992561340332,0.023634497076272964,0.6118658781051636,0.606492280960083,-14.947525024414062,59000
9.072578430175781,503.3523864746094,503.3523864746094,503.3523864746094,-512.5169677734375,-503.33282470703125,-13.836333274841309,4.652177810668945,0.05545063689351082,-0.38874951004981995,0.5273590683937073,0.016883380711078644,0.5949879288673401,0.6193218231201172,-15.121227264404297,60000
8.966426849365234,506.8450927734375,506.8450927734375,506.8450927734375,-516.0828857421875,-506.83953857421875,-13.573715209960938,4.330361366271973,0.054280560463666916,0.14278334379196167,0.5214807987213135,0.02036307379603386,0.6118385791778564,0.5930526256561279,-14.284366607666016,61000
9.395102500915527,510.122314453125,510.122314453125,510.1222839355469,-519.1527099609375,-510.1049499511719,-13.23039436340332,4.182640075683594,0.05920105800032616,0.34578201174736023,0.5194210410118103,0.024172253906726837,0.5959697365760803,0.5848445892333984,-14.024505615234375,62000
11.824651718139648,513.25244140625,513.25244140625,513.25244140625,-522.4662475585938,-513.2177734375,-13.460941314697266,4.2124810218811035,0.05848636478185654,-0.05489206314086914,0.5183951258659363,0.01781976968050003,0.5910612940788269,0.6023911237716675,-14.527433395385742,63000
10.34599494934082,515.8712158203125,515.8712158203125,515.8712158203125,-525.197998046875,-515.9552612304688,-13.571407318115234,4.328686237335205,0.055488619953393936,0.0043822298757731915,0.5120157599449158,0.02150188386440277,0.6068240404129028,0.5989362001419067,-14.497062683105469,64000
9.692233085632324,519.54931640625,519.54931640625,519.5492553710938,-528.6697998046875,-519.5707397460938,-13.342535018920898,4.243476867675781,0.055808693170547485,0.13046525418758392,0.511271595954895,0.02011784538626671,0.5887928009033203,0.5993016958236694,-14.488429069519043,65000
10.430810928344727,522.4181518554688,522.4181518554688,522.4181518554688,-531.8359985351562,-522.4418334960938,-13.768991470336914,4.374831199645996,0.05697131156921387,-0.28378382325172424,0.510201632976532,0.01822103001177311,0.611606240272522,0.6154141426086426,-15.003133773803711,66000
8.523305892944336,525.0964965820312,525.0964965820312,525.0964965820312,-534.3590087890625,-525.1583862304688,-13.486320495605469,4.285686016082764,0.055899303406476974,-0.10697025805711746,0.5031194090843201,0.019561076536774635,0.5916932225227356,0.6080453395843506,-14.72559928894043,67000
9.544954299926758,528.2244873046875,528.2245483398438,528.2244873046875,-537.6205444335938,-528.2159423828125,-13.758365631103516,4.353729724884033,0.05623951554298401,-0.15617148578166962,0.5039600729942322,0.022701390087604523,0.6099778413772583,0.6103976368904114,-14.950439453125,68000
9.186447143554688,530.6544799804688,530.6544799804688,530.6544799804688,-540.044921875,-530.6348876953125,-13.575716018676758,4.165714263916016,0.058029983192682266,-0.1285545825958252,0.495927631855011,0.0207291841506958,0.5882641673088074,0.6142405271530151,-14.997892379760742,69000
1097.4539794921875,534.0040283203125,534.0040283203125,534.0040283203125,-543.3508911132812,-533.9828491210938,-13.711677551269531,4.343608379364014,0.05816571041941643,0.0597984679043293,0.4997323751449585,0.02196478098630905,0.6086925268173218,0.6003556251525879,-14.57957935333252,70000
7.621028423309326,536.947998046875,536.947998046875,536.947998046875,-546.1253662109375,-536.9434814453125,-13.479072570800781,4.297172546386719,0.05695505812764168,0.25517386198043823,0.49326714873313904,0.020753975957632065,0.6025587320327759,0.6017897129058838,-14.493033409118652,71000
9.919302940368652,539.4268188476562,539.4268188476562,539.4268188476562,-548.6203002929688,-539.4423828125,-13.151912689208984,3.973998546600342,0.06049220636487007,0.1090308353304863,0.4960050880908966,0.021807566285133362,0.5938758850097656,0.5951817631721497,-14.378079414367676,72000
8.389710426330566,542.2537231445312,542.2537231445312,542.2537231445312,-551.7334594726562,-542.2415161132812,-13.833697319030762,4.341763496398926,0.05428772419691086,-0.35480794310569763,0.489306777715683,0.016745682805776596,0.611235499382019,0.6184971332550049,-15.044088363647461,73000
7.918339729309082,545.0087890625,545.0087890625,545.0087890625,-554.4501342773438,-544.9871215820312,-13.733016967773438,4.269998073577881,0.054890796542167664,-0.06659408658742905,0.48507487773895264,0.018672164529561996,0.6019387245178223,0.6146341562271118,-14.98332691192627,74000
9.610210418701172,547.875732421875,547.875732421875,547.875732421875,-557.3384399414062,-547.9262084960938,-13.204081535339355,3.791879177093506,0.05934019759297371,0.2897745668888092,0.4877825677394867,0.01995360665023327,0.5898309946060181,0.5932819843292236,-14.377311706542969,75000
11.074800491333008,550.0241088867188,550.0241088867188,550.0241088867188,-559.3877563476562,-550.01806640625,-13.443222045898438,4.073568344116211,0.055814050137996674,-0.07058447599411011,0.48299822211265564,0.023227496072649956,0.591701090335846,0.6002064943313599,-14.647518157958984,76000
7.768701076507568,552.7863159179688,552.7863159179688,552.7863159179688,-562.2564086914062,-552.8552856445312,-13.60551643371582,4.204380512237549,0.05404706299304962,-0.0967659056186676,0.48000502586364746,0.016532056033611298,0.598548948764801,0.6174576282501221,-15.034327507019043,77000
10.506814002990723,555.18603515625,555.1860961914062,555.18603515625,-564.6266479492188,-555.2344970703125,-13.483745574951172,4.091632843017578,0.05440830439329147,-0.015329748392105103,0.4785989820957184,0.021670695394277573,0.600386381149292,0.6096510887145996,-14.906230926513672,78000
8.510830879211426,557.8502197265625,557.8502197265625,557.8501586914062,-567.1763305664062,-557.8748779296875,-13.118749618530273,3.8173234462738037,0.05806892365217209,0.3039804995059967,0.47790077328681946,0.02147558517754078,0.6087415218353271,0.5846714973449707,-13.975862503051758,79000
9.104969024658203,559.9686889648438,559.9686889648438,559.9686889648438,-569.3458862304688,-559.9421997070312,-13.126485824584961,3.7228057384490967,0.05729152262210846,0.18123237788677216,0.47455480694770813,0.021902579814195633,0.5951605439186096,0.5897266864776611,-14.206929206848145,80000
9.377166748046875,562.6688232421875,562.6688232421875,562.6688232421875,-572.1525268554688,-562.647216796875,-13.609541893005371,4.104273319244385,0.05462992563843727,-0.09545788168907166,0.4722161591053009,0.020425964146852493,0.6129342317581177,0.6060736775398254,-14.745353698730469,81000
10.385214805603027,565.35400390625,565.3540649414062,565.35400390625,-574.7384643554688,-565.3485717773438,-13.7399263381958,4.350017547607422,0.05399719253182411,-0.3864695131778717,0.46923401951789856,0.021650677546858788,0.5999221801757812,0.6202515363693237,-15.257043838500977,82000
9.571966171264648,567.31640625,567.31640625,567.3163452148438,-577.0396118164062,-567.3748168945312,-12.986425399780273,3.3216471672058105,0.061618622392416,0.47246524691581726,0.46516984701156616,0.024084534496068954,0.6192137002944946,0.579249382019043,-13.822265625,83000
9.26174545288086,569.9110107421875,569.9110107421875,569.9109497070312,-579.6492309570312,-569.9466552734375,-13.488523483276367,3.785954713821411,0.057537227869033813,0.10391701012849808,0.46447208523750305,0.018470751121640205,0.6131678223609924,0.609251856803894,-14.776410102844238,84000
9.073434829711914,572.662841796875,572.662841796875,572.662841796875,-582.1002807617188,-572.700927734375,-13.18323802947998,3.7838950157165527,0.05689890310168266,-0.04886437579989433,0.4621521830558777,0.02520868554711342,0.5998886227607727,0.5932239294052124,-14.442359924316406,85000
9.941902160644531,574.9932861328125,574.9932861328125,574.9932861328125,-584.4008178710938,-574.9813232421875,-13.446052551269531,4.026533603668213,0.056262485682964325,-0.06259407848119736,0.459153950214386,0.018620409071445465,0.6030454635620117,0.6055546998977661,-14.673171997070312,86000
8.891806602478027,576.8360595703125,576.8361206054688,576.8359985351562,-586.4376220703125,-576.9027709960938,-13.582402229309082,4.047571659088135,0.05358603596687317,-0.025784200057387352,0.4550321102142334,0.021112138405442238,0.6084022521972656,0.611983060836792,-15.006363868713379,87000
9.864494323730469,579.0385131835938,579.0385131835938,579.0385131835938,-588.3955078125,-578.9981689453125,-13.611957550048828,4.214603424072266,0.0512789823114872,-0.26831918954849243,0.4539732038974762,0.023012880235910416,0.592307448387146,0.6200478076934814,-15.330698013305664,88000
9.179849624633789,581.54248046875,581.5425415039062,581.54248046875,-591.2645263671875,-581.4931030273438,-13.527273178100586,3.7558505535125732,0.05777710676193237,0.06280417740345001,0.44953063130378723,0.02009337954223156,0.6058662533760071,0.6072502136230469,-14.877829551696777,89000
10.214263916015625,583.5820922851562,583.5820922851562,583.5820922851562,-593.2205200195312,-583.609130859375,-13.598522186279297,3.9871010780334473,0.056251160800457,-0.09452436119318008,0.4528121054172516,0.025226276367902756,0.6111652851104736,0.6043000817298889,-14.82859992980957,90000
9.515369415283203,585.703857421875,585.703857421875,585.7037963867188,-595.22607421875,-585.6884765625,-13.270286560058594,3.732640266418457,0.059373848140239716,0.06142636016011238,0.44947031140327454,0.026841312646865845,0.6014515161514282,0.5875808000564575,-14.34848690032959,91000
9.360629081726074,588.4678344726562,588.4678344726562,588.4678344726562,-598.091552734375,-588.5119018554688,-13.514720916748047,3.935049533843994,0.05387960001826286,-0.18593738973140717,0.44130101799964905,0.020430978387594223,0.5957887172698975,0.6087857484817505,-14.871365547180176,92000
8.384645462036133,590.9248046875,590.9248657226562,590.9247436523438,-600.4447631835938,-590.911865234375,-13.0952730178833,3.562389612197876,0.057978108525276184,0.11166583001613617,0.44373881816864014,0.017552759498357773,0.5866875648498535,0.6007391214370728,-14.465341567993164,93000
8.638731002807617,593.228515625,593.2285766601562,593.228515625,-603.1334228515625,-593.221923828125,-13.88448715209961,3.97298002243042,0.05462413653731346,-0.24394404888153076,0.44191285967826843,0.017971297726035118,0.6315815448760986,0.6142863035202026,-15.03028392791748,94000
9.128496170043945,594.9613037109375,594.9613647460938,594.9613037109375,-604.5862426757812,-594.9669189453125,-12.858848571777344,3.239476442337036,0.06037699431180954,0.5116551518440247,0.44001585245132446,0.020625313743948936,0.5962868928909302,0.5755894780158997,-13.685066223144531,95000
9.066171646118164,596.7806396484375,596.7806396484375,596.7805786132812,-606.4805297851562,-596.7908935546875,-13.237205505371094,3.547560453414917,0.059729352593421936,0.2584846019744873,0.43815943598747253,0.02225402370095253,0.6129279732704163,0.589724063873291,-14.294188499450684,96000
8.958934783935547,599.4280395507812,599.4280395507812,599.4280395507812,-608.9072265625,-599.4192504882812,-13.476397514343262,3.9883968830108643,0.054033249616622925,-0.16786499321460724,0.43684303760528564,0.023459449410438538,0.5960842967033386,0.6088396310806274,-15.021963119506836,97000
9.22439193725586,601.3753051757812,601.3753051757812,601.3753051757812,-611.0573120117188,-601.3760375976562,-13.557989120483398,3.876732110977173,0.054423414170742035,-0.12094593048095703,0.4324988126754761,0.021626200526952744,0.6044111251831055,0.6127749681472778,-15.060558319091797,98000
7.5444817543029785,603.4437255859375,603.4437866210938,603.4437255859375,-613.2184448242188,-603.4725341796875,-13.374037742614746,3.628129243850708,0.05447664111852646,0.09927637875080109,0.4284599721431732,0.025902869179844856,0.6179860830307007,0.5939838886260986,-14.50139331817627,99000
8.138956069946289,604.7545166015625,604.7545166015625,604.7545166015625,-614.5253295898438,-604.712890625,-13.19775390625,3.385305881500244,0.05890168994665146,0.19778884947299957,0.42996710538864136,0.020260578021407127,0.6069248914718628,0.5909699201583862,-14.357585906982422,100000
8.565263748168945,607.1107788085938,607.1107788085938,607.1107788085938,-616.7857055664062,-607.0427856445312,-13.424432754516602,3.6815185546875,0.057759854942560196,-0.1665111631155014,0.4265720844268799,0.02284035086631775,0.6011273860931396,0.6165450811386108,-15.238885879516602,101000
7.756190776824951,608.9942626953125,608.9942626953125,608.9942626953125,-618.6443481445312,-609.034912109375,-13.220104217529297,3.6106784343719482,0.05404152721166611,0.05035668611526489,0.42444926500320435,0.017719963565468788,0.5873618125915527,0.6108219623565674,-14.817659378051758,102000
8.365398406982422,610.677978515625,610.677978515625,610.677978515625,-620.5360717773438,-610.680908203125,-13.383450508117676,3.528271436691284,0.05793314799666405,0.08351661264896393,0.4226154088973999,0.024053042754530907,0.608115553855896,0.6021970510482788,-14.711000442504883,103000
8.008692741394043,613.06396484375,613.0640258789062,613.06396484375,-622.7859497070312,-613.0617065429688,-13.372299194335938,3.6480629444122314,0.05747349187731743,0.0928589403629303,0.421520859003067,0.020812228322029114,0.608597993850708,0.6000324487686157,-14.594303131103516,104000
7.106772422790527,615.0314331054688,615.0314331054688,615.0314331054688,-624.7999267578125,-615.0574951171875,-13.393610000610352,3.651153802871704,0.055036045610904694,-0.07945699989795685,0.41999104619026184,0.019589800387620926,0.5996689200401306,0.610014796257019,-14.866301536560059,105000
7.838808059692383,617.22314453125,617.22314453125,617.2230834960938,-627.0924072265625,-617.2310791015625,-13.111722946166992,3.2503554821014404,0.059396300464868546,0.11700673401355743,0.41350477933883667,0.02476482465863228,0.60945725440979,0.5867205858230591,-14.151603698730469,106000
8.605558395385742,619.383056640625,619.3831176757812,619.383056640625,-629.2931518554688,-619.3717651367188,-13.435335159301758,3.51397442817688,0.056906748563051224,0.09311637282371521,0.4137236475944519,0.022043855860829353,0.6138433218002319,0.5972414016723633,-14.60975456237793,107000
1503.4140625,620.6796875,620.6796875,620.6796264648438,-630.2001342773438,-620.6380615234375,-12.937467575073242,3.3753437995910645,0.05841565877199173,0.3272198736667633,0.4116755425930023,0.03210952877998352,0.5944370627403259,0.5817556381225586,-14.133882522583008,108000
7.956640243530273,622.9910278320312,622.9910278320312,622.9910278320312,-632.8091430664062,-623.0089721679688,-13.320158004760742,3.5199642181396484,0.05677294731140137,0.06037205085158348,0.41145285964012146,0.02083587273955345,0.6206076145172119,0.5945111513137817,-14.489781379699707,109000
8.11721134185791,624.6239013671875,624.6239013671875,624.6239013671875,-634.345458984375,-624.6598510742188,-13.372001647949219,3.6864025592803955,0.05474969372153282,-0.043411821126937866,0.4103720486164093,0.022673606872558594,0.5962495803833008,0.6029939651489258,-14.80038833618164,110000
7.857532978057861,626.4715576171875,626.4715576171875,626.4714965820312,-636.3070068359375,-626.4314575195312,-13.58438777923584,3.7088704109191895,0.05608336254954338,-0.06714601069688797,0.4079119861125946,0.01985050179064274,0.6114345192909241,0.6134200096130371,-15.00903034210205,111000
7.521152496337891,628.5621337890625,628.5621337890625,628.5620727539062,-638.8839721679688,-628.5661010742188,-13.93440055847168,3.6165316104888916,0.055657871067523956,-0.3152265250682831,0.40398624539375305,0.022901974618434906,0.6277960538864136,0.6275573968887329,-15.607843399047852,112000
6.387928009033203,630.3959350585938,630.3959350585938,630.3959350585938,-640.1411743164062,-630.4156494140625,-13.038979530334473,3.3134918212890625,0.06036124378442764,0.051348134875297546,0.404200941324234,0.022851338610053062,0.5827662944793701,0.6020641326904297,-14.644468307495117,113000
9.779823303222656,631.4942626953125,631.4942626953125,631.4942016601562,-641.6759643554688,-631.5423583984375,-13.623793601989746,3.490161895751953,0.055903688073158264,-0.15910714864730835,0.4032706320285797,0.02196429669857025,0.6226308345794678,0.611207127571106,-15.055120468139648,114000
8.168354034423828,633.1978149414062,633.1978149414062,633.1978149414062,-643.1024780273438,-633.2210693359375,-13.137617111206055,3.256218671798706,0.05360342562198639,0.17397373914718628,0.4007771909236908,0.02017984725534916,0.607306957244873,0.5966541767120361,-14.444700241088867,115000
6.819007396697998,635.26171875,635.2617797851562,635.26171875,-645.0477294921875,-635.29150390625,-13.144584655761719,3.3883466720581055,0.05409443378448486,0.1155942976474762,0.39870211482048035,0.020896511152386665,0.5949523448944092,0.599582314491272,-14.608911514282227,116000
7.908263206481934,636.6171875,636.6172485351562,636.6171875,-646.6994018554688,-636.6073608398438,-13.61073112487793,3.518660068511963,0.05288688465952873,0.049732889980077744,0.39961642026901245,0.02107289992272854,0.6204198002815247,0.6083481311798096,-14.969118118286133,117000
8.392057418823242,638.16748046875,638.16748046875,638.1674194335938,-647.7503662109375,-638.1790771484375,-12.866260528564453,3.294973134994507,0.05848768725991249,0.2367987185716629,0.3944362699985504,0.021001208573579788,0.5817310810089111,0.5896645784378052,-14.240093231201172,118000
7.394886016845703,639.663818359375,639.663818359375,639.663818359375,-649.4118041992188,-639.7015380859375,-12.911149978637695,3.2008755207061768,0.05499827116727829,0.23530632257461548,0.3951230049133301,0.023732982575893402,0.607144832611084,0.5797991752624512,-13.997106552124023,119000
7.338476181030273,641.332275390625,641.332275390625,641.332275390625,-651.584228515625,-641.3800659179688,-13.54252815246582,3.338381052017212,0.05837278068065643,0.06338917464017868,0.3923257887363434,0.0244340430945158,0.6318209171295166,0.600717306137085,-14.690224647521973,120000
8.16609001159668,643.2379150390625,643.2379150390625,643.2378540039062,-653.2645263671875,-643.2492065429688,-13.426843643188477,3.411487579345703,0.05701220780611038,-0.11282406002283096,0.39056843519210815,0.021170947700738907,0.6051172018051147,0.6169606447219849,-15.186131477355957,121000
7.503451824188232,644.8369750976562,644.8369750976562,644.8369750976562,-654.8056640625,-644.891357421875,-12.856462478637695,2.9421210289001465,0.05874462053179741,0.2922380566596985,0.38866370916366577,0.018449220806360245,0.6091262102127075,0.5845350623130798,-13.909893989562988,122000
8.306448936462402,646.3602905273438,646.3602905273438,646.3602905273438,-656.1574096679688,-646.3219604492188,-12.959579467773438,3.1241424083709717,0.05898376181721687,0.2557614743709564,0.3885706663131714,0.01895800232887268,0.6076463460922241,0.587744951248169,-14.108511924743652,123000
1622.893798828125,648.6087036132812,648.6087036132812,648.6087036132812,-658.394287109375,-648.5838623046875,-13.00108528137207,3.190690040588379,0.055017661303281784,0.06003221124410629,0.38409775495529175,0.020028315484523773,0.598325252532959,0.5981920957565308,-14.48639965057373,124000
8.2698335647583,649.652099609375,649.652099609375,649.6520385742188,-659.6275024414062,-649.6038818359375,-13.272380828857422,3.248767852783203,0.05661451071500778,0.040145374834537506,0.3829902410507202,0.022699877619743347,0.611035943031311,0.6090704202651978,-14.928587913513184,125000
6.4237565994262695,651.4100952148438,651.4100952148438,651.4100952148438,-661.3783569335938,-651.3845825195312,-13.096172332763672,3.10243821144104,0.05904248356819153,0.030112510547041893,0.38115066289901733,0.01618846505880356,0.604485809803009,0.6044766902923584,-14.66294002532959,126000
7.346797943115234,653.189697265625,653.189697265625,653.189697265625,-663.1019287109375,-653.2186889648438,-13.582687377929688,3.699477434158325,0.05147314816713333,-0.41744303703308105,0.37976616621017456,0.025937996804714203,0.6019686460494995,0.6269686222076416,-15.681697845458984,127000
7.594399452209473,655.049072265625,655.049072265625,655.049072265625,-664.9476928710938,-655.0682373046875,-13.325973510742188,3.44655442237854,0.052566323429346085,-0.21016472578048706,0.37884971499443054,0.021883945912122726,0.5862636566162109,0.6217353343963623,-15.42695426940918,128000
8.343206405639648,655.94921875,655.94921875,655.94921875,-665.739013671875,-655.9661254882812,-13.155044555664062,3.3821473121643066,0.056772131472826004,-0.006336602848023176,0.3762870728969574,0.028259435668587685,0.5874497294425964,0.602243185043335,-14.957560539245605,129000
7.759882926940918,657.4859619140625,657.4860229492188,657.4859619140625,-667.6991577148438,-657.509033203125,-13.262279510498047,3.072169303894043,0.059783753007650375,0.23013712465763092,0.37802496552467346,0.022154973819851875,0.6296485662460327,0.5861558318138123,-14.1510591506958,130000
6.920664310455322,659.4536743164062,659.4536743164062,659.4536743164062,-669.3411254882812,-659.5103759765625,-12.844947814941406,3.0142464637756348,0.05655035749077797,0.14105618000030518,0.3713221549987793,0.022041773423552513,0.5911622047424316,0.5913688540458679,-14.393150329589844,131000
6.962332725524902,660.8929443359375,660.8930053710938,660.8929443359375,-670.8139038085938,-660.8579711914062,-13.013729095458984,3.0577921867370605,0.05807182192802429,0.005833514034748077,0.37327247858047485,0.023256197571754456,0.5971015095710754,0.6000440716743469,-14.645822525024414,132000
7.382994651794434,662.3379516601562,662.3379516601562,662.3379516601562,-672.4990844726562,-662.38671875,-13.319770812988281,3.2073771953582764,0.054486289620399475,-0.055054400116205215,0.3709713816642761,0.02069103717803955,0.6166215538978577,0.6070430278778076,-14.953301429748535,133000
7.481910228729248,663.3096313476562,663.3096313476562,663.3096313476562,-673.331787109375,-663.3483276367188,-12.771830558776855,2.7883870601654053,0.06068405136466026,0.30191460251808167,0.3697732388973236,0.024503737688064575,0.5946193933486938,0.5773972272872925,-13.849023818969727,134000
7.5037078857421875,665.1497802734375,665.1497802734375,665.1497802734375,-675.3513793945312,-665.1378784179688,-13.353836059570312,3.1403274536132812,0.05528496578335762,-0.10001179575920105,0.36663153767585754,0.024048782885074615,0.6084518432617188,0.609356164932251,-15.057525634765625,135000
6.11386251449585,666.099853515625,666.099853515625,666.0997924804688,-676.1787109375,-666.1359252929688,-13.09872817993164,3.0559747219085693,0.05606174096465111,0.2314547896385193,0.3681493401527405,0.01884155161678791,0.6108590364456177,0.5984929203987122,-14.474790573120117,136000
6.828376770019531,668.0267333984375,668.0267333984375,668.0267333984375,-678.2357177734375,-668.0321655273438,-13.591076850891113,3.387519121170044,0.05301539599895477,-0.22195076942443848,0.365676611661911,0.020815344527363777,0.6098986268043518,0.6251028180122375,-15.559914588928223,137000
7.978908538818359,669.4029541015625,669.4030151367188,669.4029541015625,-679.55126953125,-669.4124145507812,-13.35954475402832,3.22072434425354,0.056546662002801895,-0.10646215826272964,0.3650952875614166,0.02434641122817993,0.6078201532363892,0.6095156073570251,-15.03634262084961,138000
6.638172626495361,670.60302734375,670.6030883789062,670.60302734375,-680.7501831054688,-670.5899047851562,-13.512920379638672,3.3526651859283447,0.053655289113521576,-0.34629911184310913,0.36311525106430054,0.022432442754507065,0.603102445602417,0.6233984231948853,-15.517995834350586,139000
7.569493293762207,671.7478637695312,671.7478637695312,671.7478637695312,-681.5390014648438,-671.7520751953125,-13.239457130432129,3.4525063037872314,0.054608188569545746,-0.2238871157169342,0.362740159034729,0.028338007628917694,0.5893606543540955,0.6141960024833679,-15.406005859375,140000
8.19435977935791,673.2716064453125,673.2716674804688,673.2716064453125,-683.23046875,-673.298095703125,-12.957908630371094,3.0255281925201416,0.05543821305036545,0.11379846930503845,0.36111879348754883,0.020565956830978394,0.5933897495269775,0.5955372452735901,-14.490220069885254,141000
1758.9931640625,674.8751831054688,674.8751831054688,674.8751831054688,-684.9669799804688,-674.85107421875,-13.207986831665039,3.0920722484588623,0.05506990849971771,0.00463470071554184,0.35902196168899536,0.026367930695414543,0.6060069799423218,0.6021297574043274,-14.913553237915039,142000
6.605523109436035,675.9656982421875,675.9656982421875,675.9656982421875,-686.3272705078125,-675.9446411132812,-13.394474983215332,3.011867046356201,0.05656011030077934,0.1585872918367386,0.35730940103530884,0.019766341894865036,0.6308943033218384,0.5977195501327515,-14.434600830078125,143000
6.9739813804626465,677.6456909179688,677.6456909179688,677.6456909179688,-687.8875732421875,-677.639404296875,-13.23388671875,2.9856927394866943,0.05439554154872894,-0.08324827998876572,0.3544662594795227,0.019374214112758636,0.6030635833740234,0.610612690448761,-14.91907024383545,144000
6.745269298553467,679.0910034179688,679.0910034179688,679.0910034179688,-689.0682373046875,-679.12109375,-12.686413764953613,2.739260673522949,0.06063636764883995,0.25135350227355957,0.3543470799922943,0.026513781398534775,0.5966440439224243,0.5778107643127441,-13.887168884277344,145000
7.274246692657471,680.4843139648438,680.4843139648438,680.4843139648438,-690.5234375,-680.490234375,-13.054420471191406,3.0212512016296387,0.05749257281422615,0.061903078109025955,0.3532406687736511,0.021325934678316116,0.5989066958427429,0.6005785465240479,-14.681824684143066,146000
3570.927001953125,681.3985595703125,681.3985595703125,681.3985595703125,-691.41357421875,-681.3601684570312,-12.811556816101074,2.758160352706909,0.05921231955289841,0.2283848524093628,0.353130042552948,0.023764098063111305,0.5987259149551392,0.5845732092857361,-14.116963386535645,147000
7.618251800537109,682.5507202148438,682.5507202148438,682.5507202148438,-692.7947998046875,-682.5719604492188,-13.069744110107422,2.8469343185424805,0.058983318507671356,0.17835752665996552,0.3513829708099365,0.02549147605895996,0.6075910329818726,0.5898188352584839,-14.385431289672852,148000
7.720803260803223,683.6572265625,683.6572265625,683.6572265625,-693.6443481445312,-683.6887817382812,-12.862847328186035,2.907313823699951,0.0599004365503788,0.171173557639122,0.34801509976387024,0.018353408202528954,0.5985453128814697,0.5969176888465881,-14.426691055297852,149000
6.995891571044922,685.26220703125,685.26220703125,685.26220703125,-695.1982421875,-685.263671875,-12.623191833496094,2.6885976791381836,0.058560874313116074,0.3282511830329895,0.3459448516368866,0.02003684639930725,0.5892081260681152,0.577235221862793,-13.776150703430176,150000
8.325507164001465,686.2070922851562,686.2071533203125,686.20703125,-696.5906372070312,-686.2203369140625,-13.478053092956543,3.1077210903167725,0.05611925944685936,-0.20899087190628052,0.3457021713256836,0.018867917358875275,0.6152506470680237,0.6239097118377686,-15.432369232177734,151000
8.251371383666992,687.7788696289062,687.7789306640625,687.77880859375,-698.0077514648438,-687.76025390625,-12.99869441986084,2.751197338104248,0.05816909298300743,0.07823480665683746,0.3451864719390869,0.023246213793754578,0.6092809438705444,0.5907379388809204,-14.4413423538208,152000
6.380185127258301,689.4287719726562,689.4287719726562,689.4287719726562,-699.6751098632812,-689.4381713867188,-12.862178802490234,2.625271797180176,0.059790533035993576,0.31462228298187256,0.34375032782554626,0.024352703243494034,0.6038686037063599,0.5849389433860779,-14.19342041015625,153000
6.661125183105469,690.9498291015625,690.9498291015625,690.9498291015625,-701.3126831054688,-690.9407958984375,-13.147806167602539,2.775963544845581,0.05749480798840523,0.26956143975257874,0.3413839340209961,0.024397671222686768,0.6270637512207031,0.5887924432754517,-14.271340370178223,154000
6.158853054046631,691.8554077148438,691.8554077148438,691.8554077148438,-702.0770263671875,-691.8640747070312,-12.946512222290039,2.733600616455078,0.05903223156929016,0.1887156218290329,0.3410153090953827,0.020034508779644966,0.6066702008247375,0.5864874720573425,-14.049223899841309,155000
6.180488586425781,693.030029296875,693.030029296875,693.0299682617188,-703.15185546875,-693.0258178710938,-12.840169906616211,2.714080810546875,0.060472194105386734,0.0785244032740593,0.3400982618331909,0.0194599200040102,0.6044836044311523,0.5896618962287903,-14.250377655029297,156000
6.8954997062683105,694.49853515625,694.4985961914062,694.49853515625,-704.5855102539062,-694.4633178710938,-12.698375701904297,2.576153039932251,0.06245601922273636,0.12752842903137207,0.33665433526039124,0.023978371173143387,0.5963417887687683,0.5893229246139526,-14.279264450073242,157000
5.934504508972168,695.8175048828125,695.8175659179688,695.8175048828125,-706.1469116210938,-695.83837890625,-12.987468719482422,2.678964614868164,0.05907337740063667,0.34377342462539673,0.3383319079875946,0.02391497977077961,0.6053292155265808,0.5841783285140991,-14.150376319885254,158000
5.831298828125,696.7938232421875,696.7938232421875,696.7937622070312,-707.0946044921875,-696.7377319335938,-13.082792282104492,2.7258920669555664,0.061063431203365326,0.04978065937757492,0.3352721631526947,0.02289769798517227,0.6171594858169556,0.5915807485580444,-14.34130859375,159000
5.743570327758789,697.8163452148438,697.8163452148438,697.8163452148438,-708.047119140625,-697.8389282226562,-13.249564170837402,3.041393995285034,0.05428418889641762,-0.059190940111875534,0.33384302258491516,0.019716236740350723,0.6061035394668579,0.6164466142654419,-15.214786529541016,160000
8.011039733886719,698.44189453125,698.44189453125,698.4418334960938,-708.3299560546875,-698.465576171875,-12.602949142456055,2.7385687828063965,0.05663502216339111,0.2688271105289459,0.3345426619052887,0.01973613351583481,0.5800007581710815,0.5898553133010864,-14.226726531982422,161000
1888.06787109375,699.856689453125,699.8567504882812,699.8566284179688,-710.0596923828125,-699.8545532226562,-12.858675956726074,2.6535751819610596,0.05798649415373802,0.18323226273059845,0.3329613506793976,0.023712262511253357,0.6031562089920044,0.5824607014656067,-14.143845558166504,162000
6.787478446960449,701.2408447265625,701.2408447265625,701.2407836914062,-711.509033203125,-701.2745971679688,-13.017683029174805,2.7832629680633545,0.055687062442302704,-0.029030172154307365,0.32975295186042786,0.02194516360759735,0.6039313077926636,0.6014400720596313,-14.776506423950195,163000
6.452193260192871,702.2313232421875,702.2313232421875,702.2312622070312,-712.5025024414062,-702.2466430664062,-12.746156692504883,2.490302801132202,0.06017644330859184,0.3488573133945465,0.3298703730106354,0.01994517259299755,0.5987273454666138,0.5824090242385864,-13.972257614135742,164000
7.308169841766357,703.6219482421875,703.6219482421875,703.6219482421875,-714.2619018554688,-703.6484985351562,-13.493034362792969,2.87961483001709,0.05603629723191261,-0.0809987410902977,0.3281345069408417,0.02257978916168213,0.6291780471801758,0.6090830564498901,-14.961922645568848,165000
6.957433700561523,704.289306640625,704.2893676757812,704.289306640625,-714.506591796875,-704.31396484375,-12.907791137695312,2.715121030807495,0.058674972504377365,0.14543664455413818,0.32745248079299927,0.02208814024925232,0.6007575988769531,0.5914402008056641,-14.344012260437012,166000
6.240630149841309,706.0316162109375,706.0316162109375,706.0315551757812,-715.9586791992188,-706.0160522460938,-12.516386032104492,2.5737087726593018,0.05815170705318451,0.13412123918533325,0.32708460092544556,0.021581530570983887,0.5778674483299255,0.5878391861915588,-14.104676246643066,167000
8.664631843566895,707.1141357421875,707.1141357421875,707.1141357421875,-717.1453247070312,-707.135498046875,-12.59026050567627,2.580415725708008,0.060321126133203506,0.17187239229679108,0.32562455534935,0.023357927799224854,0.5756468772888184,0.5881006717681885,-14.315299987792969,168000
6.575984001159668,707.8475341796875,707.8475341796875,707.8475341796875,-718.3826904296875,-707.8634033203125,-13.344034194946289,2.82476544380188,0.05696557089686394,0.07093700021505356,0.32456380128860474,0.02157510071992874,0.6169082522392273,0.6056957244873047,-14.901365280151367,169000
6.94862699508667,708.9097290039062,708.9097290039062,708.9097290039062,-719.1853637695312,-708.9227294921875,-13.020103454589844,2.75742769241333,0.06049352511763573,-0.10920960456132889,0.32162514328956604,0.02208584174513817,0.6029611825942993,0.605644941329956,-14.842720985412598,170000
6.631355285644531,710.32568359375,710.32568359375,710.32568359375,-720.5275268554688,-710.3031616210938,-13.023000717163086,2.7986748218536377,0.05765301361680031,-0.018594199791550636,0.3207186162471771,0.02071499079465866,0.5923077464103699,0.6068742275238037,-14.865920066833496,171000
6.09773063659668,710.95703125,710.95703125,710.9569702148438,-721.1863403320312,-710.9909057617188,-13.11614990234375,2.9206888675689697,0.058674078434705734,-0.24227683246135712,0.31982186436653137,0.025570951402187347,0.6006498336791992,0.6095116138458252,-15.195521354675293,172000
5.9734697341918945,712.4388427734375,712.4388427734375,712.4387817382812,-722.8223266601562,-712.4462890625,-13.162254333496094,2.7862162590026855,0.055199675261974335,-0.1692015528678894,0.31827840209007263,0.016686158254742622,0.6059117913246155,0.6213200092315674,-15.202568054199219,173000
7.138509750366211,713.4892578125,713.4893188476562,713.4892578125,-723.8734741210938,-713.5072631835938,-13.0172119140625,2.650993824005127,0.0574825145304203,0.11913046985864639,0.3165881037712097,0.023092472925782204,0.6074848175048828,0.5980312824249268,-14.60763168334961,174000
6.201532363891602,714.0901489257812,714.0901489257812,714.0901489257812,-724.8263549804688,-714.1376342773438,-13.202913284301758,2.5142290592193604,0.058214329183101654,0.1562114655971527,0.3163970112800598,0.020406454801559448,0.6299084424972534,0.5945284366607666,-14.338395118713379,175000
6.711533546447754,715.1058349609375,715.1058349609375,715.1058349609375,-725.7069091796875,-715.1323852539062,-13.335552215576172,2.7610456943511963,0.056311700493097305,-0.096311055123806,0.31528013944625854,0.018911443650722504,0.6124265789985657,0.6204909086227417,-15.32158374786377,176000
6.731836318969727,716.38134765625,716.38134765625,716.38134765625,-726.4011840820312,-716.3673706054688,-13.040844917297363,3.0070176124572754,0.054395802319049835,-0.20997875928878784,0.3135312497615814,0.02259690687060356,0.5833644866943359,0.6203702092170715,-15.47506046295166,177000
5.491474151611328,717.2326049804688,717.2326049804688,717.2326049804688,-727.0143432617188,-717.2402954101562,-12.389691352844238,2.615638494491577,0.058833010494709015,-0.022707335650920868,0.31074804067611694,0.02586287446320057,0.5556076765060425,0.6020376682281494,-14.764106750488281,178000
6.961935997009277,718.0904541015625,718.0905151367188,718.0904541015625,-728.1837158203125,-718.0564575195312,-12.650689125061035,2.523468017578125,0.06006181985139847,0.09727334976196289,0.3123135268688202,0.021005507558584213,0.5850129127502441,0.5919420719146729,-14.370176315307617,179000
6.623394012451172,719.8563842773438,719.8563842773438,719.8563842773438,-730.6282348632812,-719.8551635742188,-13.660017013549805,2.8869755268096924,0.054874394088983536,-0.21251969039440155,0.3111272156238556,0.018087688833475113,0.641009509563446,0.6249546408653259,-15.501415252685547,180000
7.025580883026123,720.9263305664062,720.9263305664062,720.9263305664062,-731.4511108398438,-720.9121704101562,-13.172728538513184,2.633775234222412,0.058195147663354874,-0.026462867856025696,0.30856963992118835,0.017047956585884094,0.6178064346313477,0.6112077832221985,-14.891733169555664,181000
7.724507808685303,721.524169921875,721.5242309570312,721.524169921875,-731.5860595703125,-721.5458374023438,-12.429909706115723,2.3897056579589844,0.06524354964494705,0.11943778395652771,0.3094274401664734,0.027243196964263916,0.5681493282318115,0.5878401398658752,-14.35771369934082,182000
7.704848766326904,722.5731201171875,722.5731201171875,722.5731201171875,-732.7998657226562,-722.576171875,-12.665452003479004,2.441789150238037,0.06068548187613487,0.16352595388889313,0.30792587995529175,0.022617533802986145,0.5941718816757202,0.5897431373596191,-14.373868942260742,183000
5.738478183746338,723.5772705078125,723.5773315429688,723.5772705078125,-734.085205078125,-723.5950317382812,-13.197790145874023,2.7076408863067627,0.058603499084711075,-0.1512811928987503,0.3059062659740448,0.021144939586520195,0.6099221706390381,0.614743709564209,-15.154436111450195,184000
2028.6031494140625,725.3375244140625,725.3375854492188,725.3375244140625,-735.7833251953125,-725.29443359375,-12.976052284240723,2.487192153930664,0.06157832220196724,0.2609458565711975,0.305481493473053,0.027790766209363937,0.6152154803276062,0.5778390169143677,-14.077489852905273,185000
6.68927001953125,726.4842529296875,726.4843139648438,726.4842529296875,-737.1314697265625,-726.4915771484375,-13.167648315429688,2.527743101119995,0.06084425374865532,0.0783693715929985,0.30438071489334106,0.02713748812675476,0.6167316436767578,0.5948536992073059,-14.656390190124512,186000
5.982561111450195,726.4881591796875,726.4881591796875,726.4880981445312,-736.8425903320312,-726.4925537109375,-12.839920043945312,2.4898881912231445,0.05730025842785835,0.0408596433699131,0.3048635423183441,0.018911700695753098,0.5978071689605713,0.5992283821105957,-14.564469337463379,187000
6.4603729248046875,728.0225830078125,728.0226440429688,728.0225830078125,-738.8724975585938,-728.0802001953125,-13.408191680908203,2.6158792972564697,0.05945909023284912,-0.1413794904947281,0.30176594853401184,0.02095663547515869,0.6276276111602783,0.6189270615577698,-15.345568656921387,188000
2076.15576171875,729.3156127929688,729.3156127929688,729.3156127929688,-739.4556274414062,-729.3139038085938,-12.81235122680664,2.6706483364105225,0.05249086767435074,0.011673449538648129,0.30164554715156555,0.01998952403664589,0.5906811952590942,0.6032252311706543,-14.734786987304688,189000
6.062887668609619,729.8173828125,729.8173828125,729.8173828125,-739.6889038085938,-729.797119140625,-12.567678451538086,2.675898313522339,0.0565214529633522,-0.07547862082719803,0.30073490738868713,0.02073099836707115,0.5692552924156189,0.6060352921485901,-14.902809143066406,190000
6.462281703948975,730.8252563476562,730.8252563476562,730.8252563476562,-740.7288818359375,-730.80078125,-12.410823822021484,2.482739210128784,0.05756596475839615,0.04155258461833,0.2988031804561615,0.027116719633340836,0.5620294213294983,0.592303991317749,-14.541999816894531,191000
5.52163028717041,731.8302612304688,731.8302612304688,731.8302612304688,-741.8662109375,-731.8447875976562,-12.884424209594727,2.8629837036132812,0.055559348315000534,-0.19886748492717743,0.29750242829322815,0.024157689884305,0.5766690373420715,0.6165226697921753,-15.301718711853027,192000
5.8470330238342285,733.0020751953125,733.0020751953125,733.0020141601562,-743.5018920898438,-733.016357421875,-12.948461532592773,2.4629769325256348,0.0594005361199379,-0.0037550004199147224,0.2971133589744568,0.022195875644683838,0.6061495542526245,0.5981605052947998,-14.642377853393555,193000
7.781940937042236,732.96240234375,732.96240234375,732.96240234375,-743.6026000976562,-732.9620971679688,-13.076387405395508,2.4359002113342285,0.05880245566368103,-0.078668013215065,0.2955128848552704,0.02377607300877571,0.6129522323608398,0.6044405698776245,-15.024816513061523,194000
5.4752960205078125,734.4869384765625,734.4869384765625,734.4868774414062,-745.0520629882812,-734.4954833984375,-12.896743774414062,2.3401598930358887,0.0600040927529335,0.12491965293884277,0.29568108916282654,0.018443547189235687,0.6097087264060974,0.5890393257141113,-14.201303482055664,195000
6.531920909881592,735.5027465820312,735.5027465820312,735.5027465820312,-745.8076171875,-735.4920043945312,-12.666271209716797,2.3506417274475098,0.06172913685441017,0.12312110513448715,0.29536986351013184,0.024404581636190414,0.5925561189651489,0.5865193605422974,-14.301559448242188,196000
2094.555908203125,736.7608642578125,736.7608642578125,736.7608032226562,-746.8043212890625,-736.7074584960938,-12.647296905517578,2.5504071712493896,0.056517377495765686,0.04115678742527962,0.2926947772502899,0.025081727653741837,0.5825799703598022,0.5938018560409546,-14.579941749572754,197000
6.552655220031738,737.070068359375,737.070068359375,737.070068359375,-747.8314819335938,-736.9898071289062,-13.458747863769531,2.617089033126831,0.0562894344329834,-0.0996122807264328,0.29128706455230713,0.022677216678857803,0.6359623670578003,0.6115962266921997,-15.180037498474121,198000
5.343251705169678,738.5650634765625,738.5650634765625,738.5650634765625,-749.7702026367188,-738.5494995117188,-13.489731788635254,2.2690255641937256,0.06294410675764084,-0.0029812222346663475,0.2900044918060303,0.024979427456855774,0.6543271541595459,0.5890045166015625,-14.315000534057617,199000
6.039191246032715,739.206298828125,739.206298828125,739.206298828125,-750.0690307617188,-739.2267456054688,-13.421463012695312,2.5791659355163574,0.057262860238552094,-0.012783229351043701,0.2881206274032593,0.021730966866016388,0.6323179602622986,0.6014161109924316,-14.732954025268555,200000
6.183692932128906,740.1984252929688,740.1984252929688,740.1984252929688,-750.88427734375,-740.2020874023438,-13.171947479248047,2.4897446632385254,0.05720987170934677,-0.019824165850877762,0.28809991478919983,0.022463960573077202,0.6136994957923889,0.6081902384757996,-15.090564727783203,201000
5.915517807006836,741.059814453125,741.059814453125,741.0597534179688,-751.4229125976562,-741.0313110351562,-13.027400970458984,2.6357905864715576,0.0539155937731266,-0.09896597266197205,0.2888241112232208,0.021149249747395515,0.6050511598587036,0.6083607077598572,-15.047164916992188,202000
6.183437347412109,742.509765625,742.509765625,742.5097045898438,-753.1627197265625,-742.5074462890625,-13.015632629394531,2.360344648361206,0.05764617398381233,0.17950454354286194,0.2839685380458832,0.02438916638493538,0.6184133291244507,0.5817809104919434,-14.137144088745117,203000
6.264393329620361,742.7493286132812,742.7493286132812,742.7493286132812,-753.2448120117188,-742.7630615234375,-12.606751441955566,2.124971628189087,0.06434108316898346,0.2428438812494278,0.28625205159187317,0.022491831332445145,0.5968480110168457,0.5807724595069885,-13.96969223022461,204000
6.550823211669922,743.80029296875,743.80029296875,743.80029296875,-754.5150756835938,-743.7904663085938,-13.0524320602417,2.3278329372406006,0.06282735615968704,0.06479677557945251,0.2832331955432892,0.017789971083402634,0.618137001991272,0.6029969453811646,-14.676718711853027,205000
5.9727067947387695,744.2552490234375,744.2552490234375,744.2551879882812,-754.8319702148438,-744.251953125,-12.844602584838867,2.264603853225708,0.06166620925068855,0.08384142071008682,0.28216904401779175,0.021069712936878204,0.608404278755188,0.5956292152404785,-14.533238410949707,206000
6.372766971588135,744.968994140625,744.968994140625,744.968994140625,-755.4351806640625,-745.01708984375,-13.025152206420898,2.607052803039551,0.05474137142300606,-0.2301868200302124,0.28222033381462097,0.020826874300837517,0.6011989712715149,0.617662787437439,-15.387277603149414,207000
5.738682746887207,746.0911865234375,746.0912475585938,746.0911865234375,-756.5586547851562,-746.1422119140625,-12.734148025512695,2.3176989555358887,0.06440234184265137,0.11573866754770279,0.2811669111251831,0.027788545936346054,0.5941286087036133,0.590104877948761,-14.592811584472656,208000
6.371420860290527,746.5838012695312,746.5838012695312,746.5838012695312,-757.2083129882812,-746.6312866210938,-13.09191608428955,2.5148990154266357,0.05888519436120987,-0.18444859981536865,0.28081899881362915,0.023670043796300888,0.6026256680488586,0.6124196648597717,-15.361446380615234,209000
5.338549613952637,747.4127807617188,747.4127807617188,747.4127807617188,-757.9834594726562,-747.4119262695312,-13.249979019165039,2.6784884929656982,0.05790373310446739,-0.17431096732616425,0.27889734506607056,0.020484182983636856,0.6129788756370544,0.6155340075492859,-15.279972076416016,210000
5.6787848472595215,748.4346923828125,748.4346923828125,748.4346923828125,-758.7183227539062,-748.49658203125,-12.427722930908203,2.205976724624634,0.06207401677966118,0.23471279442310333,0.2796398997306824,0.019641956314444542,0.58824622631073,0.5799145698547363,-13.980293273925781,211000
2161.39599609375,749.0381469726562,749.0381469726562,749.0381469726562,-759.7138671875,-748.9674072265625,-12.872796058654785,2.1263701915740967,0.06351928412914276,0.09708502888679504,0.2769240140914917,0.025140244513750076,0.6140401363372803,0.5798997282981873,-14.249027252197266,212000
5.546950340270996,750.1563720703125,750.1563720703125,750.1563110351562,-760.8555297851562,-750.1353759765625,-13.041604995727539,2.3214492797851562,0.06269540637731552,0.05068013444542885,0.2768222689628601,0.023219795897603035,0.616896390914917,0.590719997882843,-14.497823715209961,213000
6.814685821533203,750.847900390625,750.847900390625,750.847900390625,-761.6530151367188,-750.8495483398438,-13.067331314086914,2.2638356685638428,0.06223421171307564,-0.04023713991045952,0.27437150478363037,0.02270388789474964,0.6183887720108032,0.5959468483924866,-14.753604888916016,214000
6.175224304199219,752.0567016601562,752.0567626953125,752.056640625,-762.5736083984375,-752.0699462890625,-12.961515426635742,2.457818031311035,0.061927326023578644,-0.21436047554016113,0.27252623438835144,0.028848936781287193,0.6016933917999268,0.6126962304115295,-15.300800323486328,215000
5.215015411376953,752.547119140625,752.547119140625,752.5470581054688,-762.9442138671875,-752.5371704101562,-12.773326873779297,2.3662970066070557,0.05901467800140381,-0.19510746002197266,0.2677431106567383,0.02179659716784954,0.5928319692611694,0.6062875986099243,-14.914325714111328,216000
6.4288105964660645,753.4655151367188,753.4655151367188,753.4655151367188,-763.7955322265625,-753.4833374023438,-12.882539749145508,2.5703673362731934,0.056127697229385376,-0.218271404504776,0.27178603410720825,0.024477418512105942,0.5873292088508606,0.6191719770431519,-15.466625213623047,217000
6.3269124031066895,754.9478149414062,754.9478149414062,754.9478149414062,-765.5413208007812,-754.939453125,-12.88237190246582,2.280517339706421,0.06257466971874237,0.06974949687719345,0.26884785294532776,0.026187948882579803,0.6077288389205933,0.5873542428016663,-14.456429481506348,218000
5.587062835693359,755.5203857421875,755.5203857421875,755.5203857421875,-766.2240600585938,-755.5376586914062,-13.135835647583008,2.4494519233703613,0.061577774584293365,-0.23921407759189606,0.26860904693603516,0.02259168215095997,0.5999835729598999,0.6204370260238647,-15.402430534362793,219000
6.44362735748291,756.6253662109375,756.6253662109375,756.6253051757812,-767.0947875976562,-756.6453857421875,-12.427167892456055,1.9777568578720093,0.06581851840019226,0.19434455037117004,0.26973602175712585,0.019938357174396515,0.5974260568618774,0.5749961137771606,-13.791854858398438,220000
5.171746253967285,757.470458984375,757.4705200195312,757.470458984375,-767.8474731445312,-757.4564819335938,-12.659157752990723,2.268198013305664,0.0626586452126503,-0.05788556486368179,0.2669672966003418,0.0254061259329319,0.5979398488998413,0.5848260521888733,-14.386136054992676,221000
6.495947360992432,757.8172607421875,757.8173217773438,757.8172607421875,-768.6976318359375,-757.8041381835938,-13.248159408569336,2.3547003269195557,0.06306826323270798,-0.21477417647838593,0.2664639353752136,0.024272393435239792,0.621518611907959,0.61072838306427,-15.273809432983398,222000
5.686525821685791,759.5704345703125,759.5704345703125,759.5704345703125,-770.1642456054688,-759.5527954101562,-12.97257137298584,2.3611502647399902,0.06254858523607254,-0.1605556458234787,0.2641075849533081,0.02045712247490883,0.6044080257415771,0.6048538684844971,-14.970462799072266,223000
6.594573020935059,760.1820068359375,760.1820068359375,760.1820068359375,-770.7435913085938,-760.1890258789062,-12.903404235839844,2.348785638809204,0.06449944525957108,-0.1838570237159729,0.2613809108734131,0.02666250616312027,0.6006848812103271,0.6014456152915955,-14.941812515258789,224000
7.003401756286621,760.7054443359375,760.7054443359375,760.7054443359375,-770.8112182617188,-760.6559448242188,-12.486143112182617,2.3308727741241455,0.0658431351184845,-0.16051001846790314,0.2619389593601227,0.025324352085590363,0.5637258887290955,0.6057457327842712,-15.185632705688477,225000
5.700324058532715,761.5289306640625,761.5289916992188,761.5289306640625,-771.9043579101562,-761.5245361328125,-12.49544906616211,2.1155893802642822,0.07111973315477371,0.029455216601490974,0.2623162567615509,0.0287577323615551,0.5922369360923767,0.5752407908439636,-14.0157470703125,226000
6.077984809875488,762.2916259765625,762.2916870117188,762.2916259765625,-772.4522705078125,-762.3171997070312,-12.516496658325195,2.3814077377319336,0.06584598869085312,-0.10718434303998947,0.26009660959243774,0.023195262998342514,0.5757665634155273,0.5997424125671387,-14.86566162109375,227000
6.568039894104004,763.4381103515625,763.4381103515625,763.4381103515625,-773.42041015625,-763.4373168945312,-12.137301445007324,2.1542303562164307,0.07117152214050293,-0.04657728597521782,0.2572280168533325,0.026871662586927414,0.5576382279396057,0.5918365716934204,-14.51121711730957,228000
4.738560199737549,764.5571899414062,764.5571899414062,764.5571899414062,-774.984375,-764.5625610351562,-12.317591667175293,1.8957380056381226,0.07707518339157104,0.22268055379390717,0.25761422514915466,0.021811097860336304,0.6010065078735352,0.5575014352798462,-13.296197891235352,229000
5.547018051147461,764.9691162109375,764.9691162109375,764.9690551757812,-775.356689453125,-764.990234375,-12.520139694213867,2.153710126876831,0.07628735899925232,-0.004243042320013046,0.2553693354129791,0.01766866259276867,0.5817898511886597,0.5908619165420532,-14.3066987991333,230000
5.65791654586792,766.83154296875,766.83154296875,766.83154296875,-776.42578125,-766.8688354492188,-11.689751625061035,2.1328184604644775,0.07224925607442856,0.07218580693006516,0.25744086503982544,0.023665044456720352,0.5353571176528931,0.5817583799362183,-14.077177047729492,231000
5.004386901855469,767.6203002929688,767.6203002929688,767.6203002929688,-778.0830688476562,-767.646728515625,-12.48847770690918,2.0521483421325684,0.07940934598445892,0.08696424216032028,0.2541863024234772,0.02149888314306736,0.5964387655258179,0.5741417407989502,-13.778846740722656,232000
5.48415470123291,768.4511108398438,768.4511108398438,768.4511108398438,-778.8076171875,-768.5122680664062,-12.372678756713867,2.0773508548736572,0.0816156417131424,0.0651494711637497,0.2507588565349579,0.025497721508145332,0.5916651487350464,0.5606945753097534,-13.481878280639648,233000
6.044402122497559,769.331298828125,769.331298828125,769.331298828125,-779.4827270507812,-769.30078125,-12.442469596862793,2.260488271713257,0.07985211908817291,-0.09852982312440872,0.2495034635066986,0.028232350945472717,0.5918835401535034,0.5690109729766846,-14.113958358764648,234000
5.001569747924805,770.486572265625,770.4866333007812,770.486572265625,-780.1373901367188,-770.4720458984375,-11.8561429977417,2.1908082962036133,0.08227822184562683,-0.17191524803638458,0.24822118878364563,0.023750508204102516,0.5424137711524963,0.5818939208984375,-14.317930221557617,235000
5.335140228271484,771.3031005859375,771.3031005859375,771.3031005859375,-780.8921508789062,-771.3180541992188,-11.766599655151367,2.192493200302124,0.08730711787939072,-0.20111966133117676,0.24742011725902557,0.024252999573946,0.5347866415977478,0.5792121887207031,-14.158348083496094,236000
4.890901565551758,771.7516479492188,771.7516479492188,771.7516479492188,-780.6439208984375,-771.7268676757812,-10.858894348144531,1.9418213367462158,0.09017498791217804,0.2126132994890213,0.2486112117767334,0.031429097056388855,0.5021554827690125,0.5366675853729248,-12.749992370605469,237000
5.2611188888549805,773.30517578125,773.30517578125,773.30517578125,-782.3838500976562,-773.326171875,-11.160661697387695,2.1029927730560303,0.08362555503845215,0.0575849711894989,0.24666504561901093,0.026028338819742203,0.5079196095466614,0.5573075413703918,-13.427001953125,238000
5.321976661682129,773.935546875,773.9356079101562,773.935546875,-784.2142333984375,-773.9310302734375,-12.241393089294434,1.9582120180130005,0.0963643491268158,0.10033106803894043,0.2471277415752411,0.024526257067918777,0.6059931516647339,0.5328412055969238,-12.595102310180664,239000
5.607813358306885,774.845947265625,774.845947265625,774.845947265625,-784.752197265625,-774.8634033203125,-11.847943305969238,1.9591957330703735,0.09693896025419235,0.1988927721977234,0.24511046707630157,0.023894716054201126,0.5772778987884521,0.5257508158683777,-12.415079116821289,240000
5.41832160949707,776.1766357421875,776.1766967773438,776.1766357421875,-785.5811767578125,-776.1456909179688,-11.49301528930664,2.0575616359710693,0.0921127200126648,0.017047984525561333,0.23997417092323303,0.015646010637283325,0.5560135841369629,0.545933187007904,-12.952025413513184,241000
5.169991970062256,776.9521484375,776.9521484375,776.9521484375,-786.2109375,-776.9866943359375,-11.309028625488281,2.084749698638916,0.09501510858535767,-0.03031725436449051,0.24178709089756012,0.01976144313812256,0.5303950309753418,0.5581309795379639,-13.426814079284668,242000
5.836216926574707,778.013671875,778.0137329101562,778.013671875,-786.7196044921875,-778.0621948242188,-10.871274948120117,2.2138915061950684,0.0867624282836914,-0.19297964870929718,0.2454679310321808,0.028286665678024292,0.4839473366737366,0.5749154090881348,-14.0166597366333,243000
6.394799709320068,779.1453857421875,779.1453857421875,779.1453247070312,-789.049072265625,-779.14794921875,-11.896766662597656,1.9956669807434082,0.08690794557332993,0.10708893835544586,0.24720175564289093,0.021573245525360107,0.5736958980560303,0.5489830374717712,-13.08659553527832,244000
4.766373634338379,779.503662109375,779.503662109375,779.503662109375,-789.7041015625,-779.49560546875,-12.375936508178711,2.167433738708496,0.09103590250015259,-0.15022842586040497,0.24594880640506744,0.01848193258047104,0.586837649345398,0.5695444345474243,-13.739294052124023,245000
5.569319725036621,780.1455078125,780.1455688476562,780.1455078125,-789.8250122070312,-780.186767578125,-11.584492683410645,1.946219563484192,0.09596068412065506,0.12583835422992706,0.2409941405057907,0.02062537893652916,0.5698828101158142,0.5313372611999512,-12.438318252563477,246000
5.861023426055908,780.413818359375,780.4139404296875,780.4137573242188,-790.9376220703125,-780.4427490234375,-12.33375072479248,1.8388768434524536,0.10026700049638748,0.19748935103416443,0.24223169684410095,0.03295060619711876,0.6255553960800171,0.5114489793777466,-12.03561782836914,247000
7.170389652252197,780.6209106445312,780.6209106445312,780.6209106445312,-790.6823120117188,-780.657958984375,-12.109551429748535,2.0852348804473877,0.09126643091440201,0.05454948917031288,0.25036782026290894,0.020503899082541466,0.5949904918670654,0.5588043928146362,-13.33425521850586,248000
6.221703052520752,781.5887451171875,781.5887451171875,781.5887451171875,-790.9205322265625,-781.6045532226562,-11.419520378112793,2.1034996509552,0.08456049114465714,-0.11045102030038834,0.24843883514404297,0.020523149520158768,0.5374236106872559,0.5569838881492615,-13.382047653198242,249000
4.992667198181152,782.3728637695312,782.3728637695312,782.3728637695312,-792.0643310546875,-782.3779907226562,-11.885408401489258,2.1990928649902344,0.08243712782859802,0.008255925960838795,0.2454320341348648,0.013257905840873718,0.5761262774467468,0.562226414680481,-13.469350814819336,250000
5.490199565887451,783.1182861328125,783.1182861328125,783.1182250976562,-792.8340454101562,-783.0833129882812,-11.988662719726562,2.2379181385040283,0.08542472869157791,-0.13357017934322357,0.2445744127035141,0.016888877376914024,0.5729307532310486,0.5684530735015869,-13.636709213256836,251000
5.539791584014893,783.65673828125,783.65673828125,783.6566772460938,-793.6620483398438,-783.6592407226562,-12.053584098815918,2.05077862739563,0.09626216441392899,0.038887832313776016,0.24338293075561523,0.015081021934747696,0.5864683389663696,0.5476663112640381,-13.02401351928711,252000
4.617771625518799,783.83447265625,783.8345336914062,783.83447265625,-793.4672241210938,-783.8523559570312,-11.553150177001953,1.9383025169372559,0.09084688872098923,0.09357821941375732,0.24531769752502441,0.014372291043400764,0.5663169622421265,0.5527657270431519,-13.10230541229248,253000
5.6903533935546875,784.0950927734375,784.0950927734375,784.0950317382812,-793.83349609375,-784.0393676757812,-11.876764297485352,2.0826704502105713,0.0913374274969101,-0.039321575313806534,0.24674876034259796,0.015815120190382004,0.5647135972976685,0.5529276132583618,-13.23314094543457,254000
4.984938621520996,784.3477172851562,784.3477172851562,784.3477172851562,-794.3843383789062,-784.3617553710938,-12.199896812438965,2.177295684814453,0.08992701768875122,-0.018857575953006744,0.24283576011657715,0.01613587886095047,0.5815175175666809,0.5550774335861206,-13.199472427368164,255000
5.734457969665527,784.18505859375,784.18505859375,784.18505859375,-794.1062622070312,-784.1539306640625,-12.004769325256348,2.052433967590332,0.08645159006118774,0.04748827964067459,0.24869665503501892,0.016120877116918564,0.563721239566803,0.5612344145774841,-13.35830307006836,256000
2374.89111328125,785.1927490234375,785.1928100585938,785.1927490234375,-794.4939575195312,-785.1332397460938,-11.57696533203125,2.216240167617798,0.08300670236349106,-0.059731870889663696,0.24953284859657288,0.013769038021564484,0.5334440469741821,0.5746121406555176,-13.718609809875488,257000
5.616546630859375,784.99609375,784.99609375,784.9960327148438,-794.7125244140625,-785.032470703125,-11.852670669555664,2.172595500946045,0.08339613676071167,-0.0659412145614624,0.24699120223522186,0.015300355851650238,0.5631029009819031,0.5716156363487244,-13.802154541015625,258000
4.271784782409668,785.48486328125,785.4849243164062,785.4848022460938,-795.0648803710938,-785.4783325195312,-11.697888374328613,2.1113176345825195,0.08973760902881622,-0.12416646629571915,0.24526770412921906,0.013717173598706722,0.5518819093704224,0.5618530511856079,-13.38584041595459,259000
5.565399169921875,785.493896484375,785.493896484375,785.4938354492188,-794.8921508789062,-785.536376953125,-11.592705726623535,2.2369210720062256,0.07985149323940277,-0.10957887768745422,0.2465400993824005,0.013055131770670414,0.53998863697052,0.5820251703262329,-14.029516220092773,260000
4.760026454925537,786.2386474609375,786.2386474609375,786.2386474609375,-795.9547729492188,-786.2406616210938,-12.014294624328613,2.300185441970825,0.08344591408967972,-0.07458480447530746,0.24995848536491394,0.014137445017695427,0.563640832901001,0.5755258202552795,-13.79819393157959,261000
5.183030128479004,786.4746704101562,786.4746704101562,786.4746704101562,-796.329345703125,-786.4453735351562,-12.019225120544434,2.13525128364563,0.08508390933275223,-0.05710376426577568,0.24881611764431,0.01677790656685829,0.5671828985214233,0.5749173164367676,-13.84504508972168,262000
5.11044979095459,786.0328369140625,786.0328979492188,786.0327758789062,-795.5552368164062,-785.9725341796875,-11.771204948425293,2.1884765625,0.08291051536798477,-0.013251974247395992,0.24975378811359406,0.012497185729444027,0.556172251701355,0.5602703094482422,-13.40700626373291,263000
2406.1953125,786.3670043945312,786.3670043945312,786.3670043945312,-796.4766235351562,-786.2787475585938,-12.29940128326416,2.101513624191284,0.0851794108748436,-0.11726785451173782,0.2462373971939087,0.014802059158682823,0.5980364680290222,0.5665076971054077,-13.51622200012207,264000
4.827033042907715,786.7246704101562,786.7246704101562,786.7246704101562,-796.6884765625,-786.7384643554688,-12.009797096252441,2.0598018169403076,0.08122554421424866,0.03478945791721344,0.2497870773077011,0.013519683852791786,0.5749469995498657,0.5611251592636108,-13.324691772460938,265000
5.5106048583984375,786.4889526367188,786.4889526367188,786.4889526367188,-796.4755859375,-786.5125732421875,-12.165756225585938,2.202728748321533,0.08407052606344223,0.04398500919342041,0.2526963949203491,0.015435496345162392,0.5806115865707397,0.557910680770874,-13.380574226379395,266000
4.769627094268799,786.777099609375,786.7771606445312,786.7770385742188,-796.3213500976562,-786.802490234375,-11.628374099731445,2.109483480453491,0.08310475200414658,-0.010403268039226532,0.25276458263397217,0.014762540347874165,0.555819034576416,0.5556944012641907,-13.269879341125488,267000
4.613890647888184,787.1808471679688,787.1808471679688,787.1808471679688,-796.544189453125,-787.2012939453125,-11.387429237365723,2.044550657272339,0.08016646653413773,0.135893315076828,0.25110095739364624,0.011298703029751778,0.5318701863288879,0.5585359930992126,-13.163209915161133,268000
6.006155490875244,786.70751953125,786.7075805664062,786.70751953125,-796.2301635742188,-786.7151489257812,-11.643080711364746,2.1280806064605713,0.08495750278234482,0.08460496366024017,0.2530348002910614,0.014237558469176292,0.5552000999450684,0.5567290782928467,-13.30657958984375,269000
4.2521772384643555,786.52099609375,786.5210571289062,786.52099609375,-796.0404663085938,-786.513671875,-11.799474716186523,2.2727136611938477,0.07810450345277786,-0.21343983709812164,0.25164252519607544,0.013795851729810238,0.5501019954681396,0.5929708480834961,-14.376190185546875,270000
5.800497055053711,786.54931640625,786.54931640625,786.54931640625,-796.1181030273438,-786.5215454101562,-11.658327102661133,2.0617663860321045,0.07333201915025711,0.09619452804327011,0.2560081481933594,0.015071697533130646,0.5648216605186462,0.5525895357131958,-12.988420486450195,271000
4.215854167938232,786.3829345703125,786.3829345703125,786.3829345703125,-795.78173828125,-786.3798217773438,-11.571859359741211,2.1699249744415283,0.08543484658002853,0.017969107255339622,0.25406578183174133,0.019622385501861572,0.5421146154403687,0.5603023767471313,-13.488845825195312,272000
5.838010311126709,786.1527099609375,786.1527099609375,786.1527099609375,-795.907958984375,-786.1654663085938,-11.881885528564453,2.13938045501709,0.08083929121494293,0.0018214534502476454,0.25216609239578247,0.015624137595295906,0.5747573375701904,0.5424383878707886,-12.806476593017578,273000
5.635847091674805,785.50732421875,785.5073852539062,785.5072631835938,-795.3748779296875,-785.4887084960938,-12.175861358642578,2.289651393890381,0.07592260092496872,-0.020616313442587852,0.258792906999588,0.011671444401144981,0.5818369388580322,0.5633404850959778,-13.365839004516602,274000
5.471732139587402,785.414306640625,785.414306640625,785.414306640625,-795.0480346679688,-785.3975830078125,-11.816001892089844,2.165525197982788,0.08033721148967743,0.11958164721727371,0.2541089951992035,0.009446503594517708,0.5577552318572998,0.5610769987106323,-13.289020538330078,275000
5.832647800445557,784.8512573242188,784.8512573242188,784.8512573242188,-794.5628051757812,-784.8353881835938,-12.156550407409668,2.4291129112243652,0.07958430796861649,-0.2498399317264557,0.2500263750553131,0.013888586312532425,0.5675181746482849,0.5941267013549805,-14.557674407958984,276000
2387.67431640625,785.7405395507812,785.7405395507812,785.7405395507812,-795.7415771484375,-785.728759765625,-12.321037292480469,2.308213233947754,0.08050349354743958,-0.2357439249753952,0.25330886244773865,0.015638841316103935,0.5905227661132812,0.5648477673530579,-13.482962608337402,277000
5.356753826141357,784.7317504882812,784.7317504882812,784.7317504882812,-794.6616821289062,-784.72509765625,-12.12927532196045,2.192706823348999,0.0723363384604454,-0.00018360285321250558,0.25752705335617065,0.01217049453407526,0.5752857327461243,0.5657646059989929,-13.496316909790039,278000
6.859508514404297,785.2218017578125,785.2218627929688,785.2218017578125,-794.9412231445312,-785.2256469726562,-11.78254222869873,2.0669360160827637,0.0775628387928009,0.059715140610933304,0.2543189525604248,0.011511988006532192,0.5582851767539978,0.5628445148468018,-13.400215148925781,279000
5.463257789611816,784.8883056640625,784.8883056640625,784.8883056640625,-795.0792846679688,-784.8923950195312,-12.300224304199219,2.1133453845977783,0.07561656087636948,0.00107413565274328,0.25750526785850525,0.013585066422820091,0.602139413356781,0.5686745643615723,-13.619857788085938,280000
5.150701999664307,785.379638671875,785.379638671875,785.379638671875,-794.9401245117188,-785.380615234375,-11.82381534576416,2.2642886638641357,0.07347378879785538,0.002081205602735281,0.257251501083374,0.012059608474373817,0.5543884634971619,0.5786358714103699,-13.849176406860352,281000
5.204493522644043,784.71533203125,784.71533203125,784.71533203125,-794.6340942382812,-784.728271484375,-12.113688468933105,2.2078709602355957,0.07478067278862,-0.08061736822128296,0.2500232756137848,0.01039532944560051,0.5784138441085815,0.5819171071052551,-14.004741668701172,282000
5.989417552947998,785.320068359375,785.320068359375,785.320068359375,-795.2684936523438,-785.3731079101562,-11.877525329589844,1.9821034669876099,0.07684898376464844,0.06633082777261734,0.2518858313560486,0.013614688999950886,0.5756006836891174,0.5551536083221436,-13.13808822631836,283000
5.435748100280762,785.2962646484375,785.2963256835938,785.2962646484375,-795.3720092773438,-785.269775390625,-12.351929664611816,2.249682664871216,0.07546482235193253,-0.12113741785287857,0.25395187735557556,0.022137131541967392,0.60176682472229,0.5619745254516602,-13.471925735473633,284000
4.608957290649414,785.1676025390625,785.1676635742188,785.1676025390625,-795.7626342773438,-785.2041015625,-12.681512832641602,2.122971296310425,0.07787129282951355,0.08788236975669861,0.25804609060287476,0.016710732132196426,0.6253899335861206,0.5604936480522156,-13.182287216186523,285000
2393.929443359375,784.622314453125,784.622314453125,784.622314453125,-794.9847412109375,-784.606689453125,-12.486991882324219,2.1089258193969727,0.07129055261611938,0.043093133717775345,0.256835401058197,0.023506835103034973,0.6069910526275635,0.5570806264877319,-13.282774925231934,286000
2375.728271484375,785.011962890625,785.0120849609375,785.0119018554688,-794.8624267578125,-785.0211181640625,-11.855096817016602,2.0138206481933594,0.07752057909965515,0.11392102390527725,0.2555398643016815,0.014333674684166908,0.5713078379631042,0.5496405363082886,-13.038198471069336,287000
5.9850592613220215,784.1503295898438,784.1503295898438,784.1503295898438,-793.9116821289062,-784.182861328125,-11.9915189743042,2.2627251148223877,0.07222098857164383,-0.06220615282654762,0.2566905617713928,0.009109125472605228,0.564049482345581,0.5838884115219116,-13.852272033691406,288000
2389.52783203125,784.0848388671875,784.0848999023438,784.0848388671875,-793.645751953125,-784.0457763671875,-11.5693998336792,1.9694329500198364,0.07450781762599945,0.14166773855686188,0.25446707010269165,0.019733602181077003,0.5656805634498596,0.5371148586273193,-12.656900405883789,289000
6.0013885498046875,784.5985107421875,784.5985717773438,784.5985107421875,-794.3223876953125,-784.628173828125,-11.741927146911621,2.047746181488037,0.08172192424535751,0.05329083278775215,0.2515958845615387,0.015334663912653923,0.573162317276001,0.5472675561904907,-12.919815063476562,290000
6.288841247558594,784.6082153320312,784.6082153320312,784.6082153320312,-793.8546142578125,-784.580078125,-11.41808032989502,2.1435468196868896,0.06896935403347015,-0.0029208925552666187,0.24893832206726074,0.01332315243780613,0.5293487310409546,0.5753859281539917,-13.701187133789062,291000
5.272853374481201,784.6162109375,784.6162109375,784.6161499023438,-794.3182983398438,-784.6375732421875,-11.833305358886719,2.1526036262512207,0.0714702159166336,0.04231961444020271,0.2499760538339615,0.010921766981482506,0.5607004165649414,0.5749687552452087,-13.783075332641602,292000
2368.893310546875,784.1289672851562,784.1290283203125,784.12890625,-793.8642578125,-784.1177978515625,-11.965791702270508,2.2193527221679688,0.07416243851184845,-0.051892850548028946,0.2515866756439209,0.01318652369081974,0.5607341527938843,0.5720865726470947,-13.735782623291016,293000
5.947366237640381,784.5750732421875,784.5751342773438,784.5750732421875,-794.373046875,-784.57958984375,-11.838196754455566,2.0447514057159424,0.07274636626243591,0.13141147792339325,0.25476589798927307,0.014786290004849434,0.5810840129852295,0.5479204654693604,-12.910755157470703,294000
5.320879936218262,784.733154296875,784.7332153320312,784.733154296875,-794.4952392578125,-784.7210083007812,-12.006330490112305,2.232145071029663,0.07433615624904633,-0.04474887251853943,0.2573884427547455,0.013313768431544304,0.5723798274993896,0.5693502426147461,-13.617984771728516,295000
5.496864318847656,784.3206787109375,784.3206787109375,784.3206176757812,-794.6395874023438,-784.3455200195312,-12.561634063720703,2.267598867416382,0.06972182542085648,-0.07230092585086823,0.2528296113014221,0.012489639222621918,0.6066992282867432,0.5791820287704468,-14.035775184631348,296000
4.748652458190918,785.1580810546875,785.1580810546875,785.1580200195312,-794.9395141601562,-785.1777954101562,-11.805704116821289,2.044004440307617,0.08199329674243927,0.042071420699357986,0.25087714195251465,0.020159821957349777,0.5926665663719177,0.542130172252655,-12.846883773803711,297000
5.760822296142578,785.4110107421875,785.4110717773438,785.4110107421875,-795.5125732421875,-785.442626953125,-12.280362129211426,2.2103869915008545,0.07532168924808502,0.026994623243808746,0.25479769706726074,0.011325129307806492,0.5967129468917847,0.5681589245796204,-13.546001434326172,298000
5.469913959503174,785.8958740234375,785.8958740234375,785.8958740234375,-795.7027587890625,-785.9189453125,-11.932534217834473,2.148714303970337,0.07554806768894196,0.0052773416973650455,0.24934303760528564,0.015674442052841187,0.5687302947044373,0.5600556135177612,-13.408270835876465,299000
5.860787391662598,785.7962646484375,785.7963256835938,785.7962646484375,-795.361572265625,-785.794189453125,-11.77320671081543,2.2058145999908447,0.0739547535777092,-0.05530460923910141,0.2542145252227783,0.01033300906419754,0.566429853439331,0.568665623664856,-13.461065292358398,300000
5.80450963973999,785.9068603515625,785.9069213867188,785.9068603515625,-795.5718994140625,-785.8744506835938,-11.819587707519531,2.1221213340759277,0.07092833518981934,-0.025546245276927948,0.25137174129486084,0.013932701200246811,0.5646358728408813,0.5625801086425781,-13.427450180053711,301000
5.590482711791992,785.417236328125,785.417236328125,785.417236328125,-795.6441040039062,-785.3970947265625,-12.52866268157959,2.2816691398620605,0.07685588300228119,-0.10138764977455139,0.25506094098091125,0.01657363586127758,0.6049475073814392,0.5742000937461853,-13.754749298095703,302000
4.571125030517578,785.97119140625,785.97119140625,785.9711303710938,-795.7005004882812,-786.0060424804688,-11.730509757995605,2.036098003387451,0.07557797431945801,0.07367587089538574,0.2535001039505005,0.012444954365491867,0.5700850486755371,0.5550053119659424,-13.078987121582031,303000
6.035342216491699,786.1956787109375,786.1956787109375,786.1956787109375,-795.4052734375,-786.195068359375,-11.335382461547852,2.1251604557037354,0.07518871873617172,0.0941634401679039,0.25014805793762207,0.017292266711592674,0.5381525754928589,0.5512518882751465,-13.061492919921875,304000
5.624993324279785,786.12158203125,786.12158203125,786.1215209960938,-796.1348266601562,-786.1572875976562,-12.200393676757812,2.2228686809539795,0.07051429897546768,0.014812313951551914,0.2560769021511078,0.013289958238601685,0.5934749245643616,0.5685368180274963,-13.492530822753906,305000
5.897426605224609,785.9010009765625,785.9010620117188,785.90087890625,-795.9761352539062,-785.9067993164062,-12.240476608276367,2.171130657196045,0.07470248639583588,0.06423166394233704,0.2578285336494446,0.012084389105439186,0.5928799510002136,0.5626487731933594,-13.385509490966797,306000
5.348134517669678,785.9326171875,785.9326782226562,785.9326171875,-795.9908447265625,-785.91015625,-12.172582626342773,2.091904401779175,0.07308655977249146,0.035122305154800415,0.24902991950511932,0.01101289689540863,0.587328314781189,0.5662884712219238,-13.549566268920898,307000
6.054561614990234,786.30908203125,786.30908203125,786.30908203125,-795.697509765625,-786.2871704101562,-11.427803039550781,2.0174691677093506,0.07571010291576385,0.02093365043401718,0.2472304105758667,0.011998172849416733,0.5360061526298523,0.5635523796081543,-13.412820816040039,308000
5.099414825439453,786.7006225585938,786.7006225585938,786.7006225585938,-796.5133056640625,-786.7472534179688,-11.77186393737793,2.005824089050293,0.07711240649223328,0.03327810391783714,0.24345116317272186,0.013074339367449284,0.5623366832733154,0.558387279510498,-13.31313705444336,309000
5.783283710479736,786.695556640625,786.695556640625,786.6954956054688,-795.666015625,-786.7271728515625,-11.145020484924316,2.206186294555664,0.07309189438819885,0.02945009060204029,0.25061050057411194,0.015113318338990211,0.5134905576705933,0.5591594576835632,-13.40134048461914,310000
4.61523962020874,786.9492797851562,786.9492797851562,786.9492797851562,-795.9302978515625,-786.9625244140625,-11.053252220153809,2.0854485034942627,0.07059380412101746,0.036600492894649506,0.25290441513061523,0.01843341812491417,0.5187777876853943,0.5590564012527466,-13.26404857635498,311000
5.539971828460693,786.8077392578125,786.8077392578125,786.8077392578125,-795.8444213867188,-786.7396240234375,-11.171119689941406,2.0663208961486816,0.07273729145526886,0.03150475025177002,0.24895040690898895,0.01383912842720747,0.5297746658325195,0.563628077507019,-13.40121078491211,312000
5.107064247131348,787.13330078125,787.13330078125,787.1332397460938,-796.3828735351562,-787.1152954101562,-11.324609756469727,2.0570013523101807,0.07006378471851349,0.10997756570577621,0.2514985501766205,0.013980485498905182,0.5355573892593384,0.5584414601325989,-13.252128601074219,313000
5.152568340301514,786.898681640625,786.8987426757812,786.898681640625,-796.1211547851562,-786.9041137695312,-11.212159156799316,1.995111107826233,0.07656677812337875,0.23730075359344482,0.25388526916503906,0.019058967009186745,0.5343945622444153,0.5396060943603516,-12.664499282836914,314000
4.880824565887451,786.8173828125,786.8173828125,786.8173217773438,-796.3054809570312,-786.8410034179688,-11.597350120544434,2.132891893386841,0.07209725677967072,0.10357248783111572,0.24940891563892365,0.009877341799438,0.5579149723052979,0.5594937801361084,-13.246716499328613,315000
4.574455261230469,786.5465087890625,786.5465698242188,786.5465087890625,-796.6618041992188,-786.4927368164062,-12.29266357421875,2.1235947608947754,0.07055934518575668,-0.09059393405914307,0.2503614127635956,0.009511146694421768,0.5946938395500183,0.5768104791641235,-13.740365982055664,316000
5.336865425109863,786.4009399414062,786.4009399414062,786.4009399414062,-796.8731689453125,-786.3801879882812,-12.758728981018066,2.2657229900360107,0.06599610298871994,-0.036426324397325516,0.2496156394481659,0.012530550360679626,0.6221415996551514,0.5844690203666687,-14.13691234588623,317000
6.031200885772705,787.01904296875,787.01904296875,787.0189819335938,-796.56005859375,-787.0455932617188,-11.665919303894043,2.151418924331665,0.07349174469709396,-0.1598552167415619,0.2494804412126541,0.012132642790675163,0.5544432401657104,0.5667665004730225,-13.625715255737305,318000
6.096848487854004,787.2657470703125,787.2657470703125,787.2657470703125,-796.8858032226562,-787.2797241210938,-11.841514587402344,2.235419273376465,0.06884199380874634,-0.10566321760416031,0.25177812576293945,0.015871375799179077,0.5612664818763733,0.5837193131446838,-14.084288597106934,319000
5.404499530792236,787.168212890625,787.168212890625,787.1681518554688,-796.91259765625,-787.1971435546875,-11.770988464355469,2.0555431842803955,0.07344908267259598,0.07109145820140839,0.2452603280544281,0.013280968181788921,0.5597836971282959,0.5608294010162354,-13.435831069946289,320000
2412.838623046875,787.0671997070312,787.0672607421875,787.067138671875,-796.4415283203125,-787.0551147460938,-11.435935020446777,2.0494883060455322,0.07050315290689468,-0.026943093165755272,0.2510085105895996,0.011776263825595379,0.5508305430412292,0.5583648085594177,-13.150216102600098,321000
4.683198928833008,787.4371337890625,787.4371337890625,787.4371337890625,-797.3604125976562,-787.4576416015625,-12.150856971740723,2.2481274604797363,0.07060858607292175,-0.13472799956798553,0.2531505525112152,0.012975389137864113,0.5722807049751282,0.5799386501312256,-13.859711647033691,322000
2383.326904296875,786.2646484375,786.2647094726562,786.2646484375,-796.4010620117188,-786.1563110351562,-12.57185173034668,2.3270606994628906,0.07012691348791122,-0.019323697313666344,0.26049354672431946,0.010845040902495384,0.6020897626876831,0.5819349884986877,-14.011877059936523,323000
5.539551258087158,786.64794921875,786.64794921875,786.6478881835938,-796.4444580078125,-786.6888427734375,-11.910049438476562,2.154412031173706,0.0659729465842247,-0.02653728798031807,0.25220635533332825,0.011458106338977814,0.5598402619361877,0.5735611915588379,-13.699685096740723,324000
5.42151403427124,786.8435668945312,786.8435668945312,786.8435668945312,-797.416015625,-786.873291015625,-12.642851829528809,2.1001038551330566,0.07275855541229248,0.016933687031269073,0.25303977727890015,0.01583361253142357,0.6178500056266785,0.5691109895706177,-13.552383422851562,325000
5.384576797485352,786.99267578125,786.99267578125,786.9926147460938,-797.2462768554688,-787.0341186523438,-12.426124572753906,2.2140138149261475,0.06791193783283234,-0.15269386768341064,0.2507995367050171,0.014054772444069386,0.6111453771591187,0.577655553817749,-13.868700981140137,326000
6.119472503662109,786.6279296875,786.6279296875,786.6279296875,-796.3779296875,-786.5852661132812,-12.05807876586914,2.2654433250427246,0.06710930168628693,-0.037391528487205505,0.2501223385334015,0.013315657153725624,0.5684974193572998,0.5799130201339722,-13.97043228149414,327000
4.9632134437561035,786.927734375,786.9277954101562,786.927734375,-796.3328857421875,-786.9253540039062,-11.6014986038208,2.19399356842041,0.07293356955051422,-0.03640838712453842,0.25227805972099304,0.011943508870899677,0.5494799613952637,0.572455108165741,-13.685153007507324,328000
4.375516891479492,786.947998046875,786.9480590820312,786.947998046875,-796.4697875976562,-786.95947265625,-11.536209106445312,2.02587890625,0.07223835587501526,0.009387204423546791,0.24552148580551147,0.011068026535212994,0.543545126914978,0.5671955347061157,-13.524032592773438,329000
5.633737087249756,786.750244140625,786.7503051757812,786.750244140625,-796.597900390625,-786.8106079101562,-11.926015853881836,2.13873028755188,0.07079459726810455,-0.07141095399856567,0.2535015046596527,0.008977323770523071,0.5660834312438965,0.5797916650772095,-13.858355522155762,330000
5.020387649536133,787.0772094726562,787.0772705078125,787.0771484375,-796.9006958007812,-787.0940551757812,-11.74177360534668,1.9351320266723633,0.0769258588552475,0.20526650547981262,0.24890831112861633,0.015590072609484196,0.5691842436790466,0.5463953614234924,-12.97620677947998,331000
2395.979736328125,786.504638671875,786.5046997070312,786.504638671875,-795.9568481445312,-786.4850463867188,-11.7101469039917,2.238335132598877,0.07196025550365448,-0.1211526021361351,0.2512422800064087,0.011328652501106262,0.5586676001548767,0.5740566253662109,-13.753202438354492,332000
2384.760498046875,786.697509765625,786.6975708007812,786.697509765625,-796.3598022460938,-786.6685791015625,-11.713531494140625,2.0222907066345215,0.07516974955797195,0.08035417646169662,0.2531856894493103,0.009867201559245586,0.5675989985466003,0.5602201223373413,-13.280778884887695,333000
6.027104377746582,786.710693359375,786.710693359375,786.710693359375,-796.8982543945312,-786.689453125,-12.463520050048828,2.2547197341918945,0.07196620851755142,-0.09652424603700638,0.2508431673049927,0.015914499759674072,0.6009433269500732,0.5845811367034912,-14.025247573852539,334000
4.832597732543945,786.5956420898438,786.5956420898438,786.5956420898438,-796.8632202148438,-786.6038208007812,-12.20566463470459,1.9463127851486206,0.07457771897315979,0.09414485096931458,0.251766562461853,0.011559301987290382,0.6004148721694946,0.5528719425201416,-13.008102416992188,335000
5.403609275817871,787.1761474609375,787.1761474609375,787.1760864257812,-797.69873046875,-787.1492919921875,-12.642733573913574,2.093315362930298,0.07129174470901489,-0.04573580250144005,0.2512567341327667,0.014079060405492783,0.6218931078910828,0.5728585124015808,-13.55826473236084,336000
2387.204345703125,786.8118896484375,786.8119506835938,786.8118896484375,-797.2706298828125,-786.7659301757812,-12.583844184875488,2.0791468620300293,0.07015492767095566,0.03277827799320221,0.252878338098526,0.01109568402171135,0.6199607849121094,0.5684995651245117,-13.387704849243164,337000
5.139488697052002,787.1881103515625,787.1881103515625,787.1880493164062,-797.1751708984375,-787.1943359375,-12.027229309082031,2.046393632888794,0.07340721040964127,0.12036285549402237,0.25315138697624207,0.009222131222486496,0.5785189270973206,0.5641382336616516,-13.35059928894043,338000
5.171236038208008,786.86962890625,786.86962890625,786.8695678710938,-797.1639404296875,-786.8694458007812,-12.54422664642334,2.2497448921203613,0.07125332206487656,0.016418209299445152,0.26086974143981934,0.013733990490436554,0.6134792566299438,0.5676310062408447,-13.588325500488281,339000
5.635822296142578,786.93603515625,786.93603515625,786.93603515625,-797.1038208007812,-786.9473266601562,-12.363903045654297,2.2074193954467773,0.0713362917304039,0.021669592708349228,0.258308082818985,0.014612984843552113,0.6130384802818298,0.5665190815925598,-13.528782844543457,340000
2391.003173828125,786.5881958007812,786.5881958007812,786.5881958007812,-796.8798828125,-786.54541015625,-12.624107360839844,2.2896032333374023,0.06659991294145584,-0.1865149736404419,0.252678781747818,0.011724483221769333,0.6067020893096924,0.5901932716369629,-14.231613159179688,341000
5.985351085662842,787.123046875,787.1231079101562,787.123046875,-796.631103515625,-787.1206665039062,-11.707343101501465,2.196925163269043,0.06894572079181671,-0.08052704483270645,0.2564410865306854,0.010174589231610298,0.5635131597518921,0.5723850727081299,-13.715423583984375,342000
5.720633506774902,786.2049560546875,786.2050170898438,786.2049560546875,-796.0429077148438,-786.2696533203125,-11.9380464553833,2.16477108001709,0.07026006281375885,0.06690997630357742,0.25740155577659607,0.012183764949440956,0.5701003074645996,0.5686770677566528,-13.524206161499023,343000
5.832070350646973,786.1287841796875,786.1288452148438,786.1287841796875,-796.0947265625,-786.1732177734375,-12.047468185424805,2.1259477138519287,0.07010366022586823,0.12758378684520721,0.25056374073028564,0.014070246368646622,0.5810208320617676,0.5669597387313843,-13.516857147216797,344000
5.467381477355957,786.6184692382812,786.6184692382812,786.6184692382812,-796.3063354492188,-786.6411743164062,-11.830556869506836,2.165411949157715,0.07106378674507141,0.04610339552164078,0.25410476326942444,0.012853439897298813,0.5619289875030518,0.5614947080612183,-13.477067947387695,345000
5.111935615539551,786.0247802734375,786.0248413085938,786.0247192382812,-796.0660400390625,-786.0696411132812,-12.340391159057617,2.344001531600952,0.06726570427417755,-0.12262530624866486,0.2612781822681427,0.008112965151667595,0.5931840538978577,0.5845947265625,-13.928048133850098,346000
5.992854595184326,786.1213989257812,786.1213989257812,786.1213989257812,-795.6649169921875,-786.1525268554688,-11.698898315429688,2.186514139175415,0.06500573456287384,0.0019708266481757164,0.2529772222042084,0.009230894967913628,0.5558006763458252,0.5851673483848572,-14.027920722961426,347000
5.283262252807617,786.1444702148438,786.1444702148438,786.1444702148438,-795.4675903320312,-786.1688842773438,-11.507387161254883,2.2087080478668213,0.06617603451013565,-0.07162417471408844,0.24912062287330627,0.011542757973074913,0.5367062091827393,0.5860614776611328,-14.163990020751953,348000
5.636786937713623,785.2515869140625,785.2515869140625,785.2515258789062,-795.0955200195312,-785.2301025390625,-12.043901443481445,2.178469657897949,0.06603667140007019,-0.12970218062400818,0.25697556138038635,0.010034404695034027,0.5669441223144531,0.590197741985321,-14.205549240112305,349000
5.146780967712402,786.1201171875,786.1201171875,786.1200561523438,-795.7296752929688,-786.0625610351562,-11.892558097839355,2.2254552841186523,0.06993312388658524,-0.10621470212936401,0.24953767657279968,0.00972989946603775,0.5688258409500122,0.5815549492835999,-13.9769287109375,350000
5.947945594787598,785.5269775390625,785.5269775390625,785.5269165039062,-795.1725463867188,-785.5169677734375,-11.822381019592285,2.166835069656372,0.07379963248968124,0.04079505801200867,0.25617527961730957,0.012466092593967915,0.5625643730163574,0.5576199293136597,-13.336130142211914,351000
4.953773498535156,786.0677490234375,786.0677490234375,786.0676879882812,-795.736572265625,-786.0890502929688,-11.52920913696289,1.8817012310028076,0.07557123154401779,0.16805106401443481,0.24579299986362457,0.010193990543484688,0.5599106550216675,0.5472150444984436,-12.882726669311523,352000
5.732069492340088,785.6522216796875,785.6522216796875,785.6522216796875,-795.14990234375,-785.67138671875,-11.752924919128418,2.274386405944824,0.060056932270526886,-0.04200670123100281,0.25568878650665283,0.012054543010890484,0.5543770790100098,0.5927287340164185,-14.440674781799316,353000
5.0300140380859375,785.70361328125,785.70361328125,785.70361328125,-795.121826171875,-785.6790161132812,-11.516471862792969,2.0736958980560303,0.07007508724927902,-0.029227500781416893,0.24843595921993256,0.012618234381079674,0.5496000051498413,0.571897029876709,-13.76437759399414,354000
4.905335903167725,785.69873046875,785.6987915039062,785.69873046875,-795.01611328125,-785.6608276367188,-11.442813873291016,2.0875284671783447,0.06857503950595856,0.081734798848629,0.2538939416408539,0.012319615110754967,0.5425065159797668,0.5754847526550293,-13.786664009094238,355000
5.112942695617676,785.6005859375,785.6005859375,785.6005249023438,-794.6575317382812,-785.5636596679688,-11.277729988098145,2.1838560104370117,0.07046034187078476,-0.006653269287198782,0.25609666109085083,0.018201518803834915,0.5240648984909058,0.5857782363891602,-14.075946807861328,356000
5.7933807373046875,785.53369140625,785.5337524414062,785.53369140625,-794.8292236328125,-785.558349609375,-11.368736267089844,2.097856283187866,0.07139034569263458,-0.05627989023923874,0.25316694378852844,0.011216135695576668,0.5406982898712158,0.5628491640090942,-13.332223892211914,357000
6.680129528045654,784.6243896484375,784.6243896484375,784.6243896484375,-794.3995361328125,-784.6666870117188,-12.110787391662598,2.377917766571045,0.06581749022006989,-0.1522902399301529,0.25205957889556885,0.010826990008354187,0.5751458406448364,0.5931323170661926,-14.33793830871582,358000
5.35892391204834,785.2421264648438,785.2421875,785.2420654296875,-794.9578857421875,-785.2583618164062,-11.962467193603516,2.262967348098755,0.06463994830846786,-0.11396326869726181,0.25109100341796875,0.01135309413075447,0.5650370717048645,0.5858619213104248,-14.07143497467041,359000
5.333383560180664,785.1434326171875,785.1434326171875,785.1434326171875,-795.0542602539062,-785.0899658203125,-12.085013389587402,2.120708703994751,0.0658319965004921,0.01635023206472397,0.24951142072677612,0.009882587939500809,0.5872484445571899,0.5727849006652832,-13.65015697479248,360000
4.744131088256836,785.588623046875,785.588623046875,785.5885620117188,-794.9744873046875,-785.6180419921875,-11.406542778015137,2.0501017570495605,0.0701989158987999,0.02914242073893547,0.25254225730895996,0.011875324882566929,0.5416910648345947,0.5751184225082397,-13.725217819213867,361000
4.701761245727539,786.0346069335938,786.0346069335938,786.0346069335938,-795.4385375976562,-786.0430297851562,-11.787442207336426,2.39192533493042,0.06115778163075447,-0.16009584069252014,0.2567402720451355,0.010594778694212437,0.5456518530845642,0.5942896008491516,-14.382196426391602,362000
5.643620014190674,785.2963256835938,785.2963256835938,785.2963256835938,-794.6161499023438,-785.308837890625,-11.598516464233398,2.2911925315856934,0.06421446055173874,-0.15283051133155823,0.2528884708881378,0.01195793878287077,0.5416182279586792,0.5945459008216858,-14.348657608032227,363000
6.042738914489746,785.884033203125,785.8840942382812,785.884033203125,-794.3453979492188,-785.8701782226562,-10.54732894897461,2.072110176086426,0.06674744188785553,0.032120779156684875,0.2453674077987671,0.017265448346734047,0.48644840717315674,0.571795642375946,-13.694778442382812,364000
5.78475284576416,785.335205078125,785.335205078125,785.3351440429688,-794.7322998046875,-785.3115844726562,-11.650727272033691,2.2300302982330322,0.06389031559228897,-0.0329543873667717,0.24677233397960663,0.012646148912608624,0.550753116607666,0.5801122784614563,-13.959592819213867,365000
5.922760486602783,785.7235107421875,785.7235717773438,785.7235107421875,-795.2244262695312,-785.7554321289062,-11.60013198852539,2.1311471462249756,0.0664358139038086,-0.013641475699841976,0.256291925907135,0.009381052106618881,0.5637819766998291,0.5672203898429871,-13.508875846862793,366000
5.104172706604004,784.81494140625,784.8150024414062,784.81494140625,-794.3973388671875,-784.8081665039062,-11.793374061584473,2.204240083694458,0.0682215541601181,0.0017313288990408182,0.26547864079475403,0.011755920946598053,0.5699957609176636,0.566498875617981,-13.44444751739502,367000
5.683671474456787,784.5567626953125,784.5567626953125,784.5567626953125,-794.6593017578125,-784.6234741210938,-12.277626991271973,2.241834878921509,0.06719783693552017,-0.008710356429219246,0.26293760538101196,0.011410171166062355,0.5960516929626465,0.5781246423721313,-13.8494873046875,368000
4.788671493530273,784.7736206054688,784.7736206054688,784.7736206054688,-795.470703125,-784.7807006835938,-13.074005126953125,2.384063720703125,0.06060856208205223,-0.2716112732887268,0.2704406678676605,0.013309831731021404,0.644214391708374,0.5967068076133728,-14.467193603515625,369000
5.408187389373779,784.4794921875,784.4794921875,784.4794921875,-794.484375,-784.5031127929688,-12.145309448242188,2.1640498638153076,0.0668884739279747,-0.061412252485752106,0.25429844856262207,0.009212777018547058,0.5793620347976685,0.5815115571022034,-13.936508178710938,370000
5.618346214294434,783.90625,783.9063110351562,783.90625,-794.0560913085938,-783.9821166992188,-12.110542297363281,2.0365688800811768,0.07040733844041824,0.08326597511768341,0.2575894296169281,0.015109664760529995,0.5987127423286438,0.5562820434570312,-13.137534141540527,371000
5.435128688812256,783.0529174804688,783.0529174804688,783.0529174804688,-792.8634643554688,-783.0585327148438,-12.06590461730957,2.2609596252441406,0.06441286206245422,0.019930245354771614,0.27293309569358826,0.01016349345445633,0.5839261412620544,0.5782637000083923,-13.77422046661377,372000
5.26718282699585,783.3990478515625,783.3991088867188,783.3990478515625,-793.2588500976562,-783.3998413085938,-12.036049842834473,2.177034854888916,0.06640420109033585,0.018243037164211273,0.2577655017375946,0.012779366225004196,0.5818485021591187,0.569804310798645,-13.681760787963867,373000
5.194286346435547,784.118896484375,784.118896484375,784.1188354492188,-794.3986206054688,-784.1339721679688,-12.5494384765625,2.2847657203674316,0.06476607173681259,-0.11061150580644608,0.2560974657535553,0.015076586045324802,0.6072196960449219,0.5759912729263306,-13.886197090148926,374000
2368.979248046875,783.7348022460938,783.7348022460938,783.7348022460938,-793.5069580078125,-783.6505737304688,-12.060503005981445,2.204073190689087,0.06571434438228607,-0.09448663145303726,0.26299452781677246,0.014084703288972378,0.5846460461616516,0.5682320594787598,-13.533330917358398,375000
5.943487167358398,783.1336059570312,783.1336059570312,783.1336059570312,-792.872802734375,-783.144287109375,-11.812615394592285,2.0841064453125,0.06673602014780045,0.04746873676776886,0.25383713841438293,0.007253751624375582,0.5663148164749146,0.5715875029563904,-13.582627296447754,376000
6.196999549865723,783.0569458007812,783.0569458007812,783.0569458007812,-792.9942626953125,-782.9819946289062,-12.133586883544922,2.121317148208618,0.06811317056417465,0.15196985006332397,0.26010531187057495,0.010886697098612785,0.5861377120018005,0.557990312576294,-13.219385147094727,377000
6.098405361175537,783.4857177734375,783.4857177734375,783.4857177734375,-793.45849609375,-783.4830932617188,-12.273797035217285,2.2984251976013184,0.06545621901750565,0.010605466552078724,0.26226744055747986,0.013611957430839539,0.5930885076522827,0.5822024345397949,-14.076338768005371,378000
7.199745178222656,782.7840576171875,782.7841186523438,782.7840576171875,-792.4463500976562,-782.842041015625,-11.478440284729004,1.8741307258605957,0.07043201476335526,0.16588912904262543,0.25821131467819214,0.0141998790204525,0.559029757976532,0.5505644083023071,-13.05828857421875,379000
5.873756408691406,782.8128662109375,782.8128662109375,782.8128662109375,-792.2734375,-782.87060546875,-11.700201034545898,2.297373056411743,0.06004897132515907,-0.16119974851608276,0.24877963960170746,0.015383638441562653,0.5535033345222473,0.5959950685501099,-14.453815460205078,380000
4.75266170501709,783.7842407226562,783.7842407226562,783.7842407226562,-793.9136352539062,-783.7799072265625,-12.311704635620117,2.1779861450195312,0.06712007522583008,0.05939488112926483,0.2586873471736908,0.013549241237342358,0.5931336879730225,0.568668007850647,-13.593249320983887,381000
2367.1533203125,783.4098510742188,783.4098510742188,783.4098510742188,-792.7780151367188,-783.3295288085938,-11.875179290771484,2.426694869995117,0.05806930735707283,-0.10464118421077728,0.26520398259162903,0.020006347447633743,0.5736966133117676,0.5653051137924194,-13.511966705322266,382000
2384.482177734375,782.7813720703125,782.7813720703125,782.7813720703125,-792.5632934570312,-782.754150390625,-11.921287536621094,2.112149953842163,0.06370984762907028,0.23609080910682678,0.2615744173526764,0.010138647630810738,0.5771893858909607,0.5618116855621338,-13.398408889770508,383000
5.130367755889893,782.4651489257812,782.4651489257812,782.4651489257812,-792.2345581054688,-782.4464111328125,-12.01629638671875,2.2281453609466553,0.0647016242146492,-0.06860856711864471,0.253395140171051,0.012661133892834187,0.5798952579498291,0.577612042427063,-13.874879837036133,384000
5.612865447998047,782.2510986328125,782.2511596679688,782.2510986328125,-792.3663940429688,-782.2111206054688,-12.622634887695312,2.4673707485198975,0.05989773944020271,-0.16674348711967468,0.26016196608543396,0.016381552442908287,0.6138355731964111,0.581812858581543,-14.147546768188477,385000
5.3863983154296875,782.291015625,782.291015625,782.291015625,-792.562744140625,-782.3106689453125,-12.50876235961914,2.2567431926727295,0.06360147893428802,-0.008841317147016525,0.26236626505851746,0.01159808412194252,0.6080412864685059,0.5707861185073853,-13.602643966674805,386000
4.564506530761719,782.5540161132812,782.5540161132812,782.5540161132812,-792.8665771484375,-782.5134887695312,-12.528867721557617,2.1757588386535645,0.06414052844047546,0.09128550440073013,0.25604352355003357,0.010735765099525452,0.6132423877716064,0.5733055472373962,-13.628471374511719,387000
5.848559379577637,783.1929931640625,783.1929931640625,783.1929321289062,-794.0670776367188,-783.2047729492188,-13.05435562133789,2.192084550857544,0.06659920513629913,-0.012936332263052464,0.25434479117393494,0.014220643788576126,0.6383025646209717,0.5735293030738831,-13.652239799499512,388000
5.040724277496338,783.65966796875,783.6597290039062,783.65966796875,-794.0087890625,-783.6240234375,-12.534319877624512,2.1495490074157715,0.06391144543886185,-0.0657104030251503,0.2430981993675232,0.013194099068641663,0.6076720356941223,0.5699998140335083,-13.68942642211914,389000
2367.15869140625,783.476318359375,783.4763793945312,783.476318359375,-793.1085205078125,-783.3886108398438,-11.771663665771484,2.051745653152466,0.06709200888872147,0.019478365778923035,0.2520681321620941,0.012334915809333324,0.5697228908538818,0.5544694662094116,-13.118522644042969,390000
5.449868202209473,783.8878784179688,783.8878784179688,783.8878784179688,-794.1083984375,-783.8134765625,-12.51183795928955,2.2169365882873535,0.06509020924568176,-0.05872023478150368,0.2510920763015747,0.006864817813038826,0.6008299589157104,0.5833966732025146,-13.94775390625,391000
5.353542327880859,784.4085083007812,784.4085083007812,784.4085083007812,-794.8911743164062,-784.4197387695312,-12.57642936706543,2.1049649715423584,0.06944527477025986,-0.007769301533699036,0.25096452236175537,0.011877418495714664,0.6158009767532349,0.5645034909248352,-13.467615127563477,392000
4.322774410247803,784.8760986328125,784.8760986328125,784.8760375976562,-794.982666015625,-784.9013061523438,-12.176742553710938,2.0953681468963623,0.06400889903306961,-0.0946066677570343,0.24545365571975708,0.0068833897821605206,0.5893416404724121,0.5878726243972778,-13.959653854370117,393000
5.5626726150512695,785.3746337890625,785.3746948242188,785.3746337890625,-795.1539916992188,-785.3859252929688,-11.946451187133789,2.1783790588378906,0.06432784348726273,-0.10267235338687897,0.2444389909505844,0.01603429578244686,0.5748593211174011,0.5802430510520935,-14.056276321411133,394000
4.11138916015625,785.434814453125,785.434814453125,785.4347534179688,-795.3153686523438,-785.4241333007812,-12.299885749816895,2.408649206161499,0.05787133052945137,-0.22404204308986664,0.2461814433336258,0.006475004367530346,0.5879634618759155,0.6091075539588928,-14.721827507019043,395000
5.492715835571289,785.4449462890625,785.4449462890625,785.4449462890625,-795.1292114257812,-785.4241333007812,-11.868340492248535,2.163271188735962,0.06420781463384628,-0.046098701655864716,0.2520323097705841,0.010252372361719608,0.5676326751708984,0.5680379867553711,-13.632015228271484,396000
5.300359725952148,785.6575927734375,785.6575927734375,785.6575317382812,-795.2841796875,-785.66015625,-11.879148483276367,2.255101203918457,0.06587833911180496,0.021567927673459053,0.2543318271636963,0.01432757917791605,0.5755473375320435,0.5702123641967773,-13.573836326599121,397000
5.877791404724121,784.9468383789062,784.9468383789062,784.9468383789062,-794.6649169921875,-784.9691162109375,-11.728021621704102,2.0322084426879883,0.06823579221963882,0.10653369873762131,0.24680863320827484,0.011271036230027676,0.5640914440155029,0.5624861717224121,-13.339042663574219,398000
2378.429931640625,785.5780029296875,785.5780029296875,785.5779418945312,-795.0722045898438,-785.5269775390625,-11.720600128173828,2.1753358840942383,0.06187835708260536,-0.05150144174695015,0.2499125748872757,0.01594727486371994,0.5657254457473755,0.5718013644218445,-13.60387134552002,399000
4.790189743041992,784.802978515625,784.8030395507812,784.802978515625,-794.5146484375,-784.7684936523438,-11.935196876525879,2.1890385150909424,0.06150946393609047,-0.005376972258090973,0.2620977461338043,0.008655850775539875,0.5739395618438721,0.5792822241783142,-13.763700485229492,400000
4.953458309173584,784.945068359375,784.945068359375,784.945068359375,-795.0751342773438,-784.9641723632812,-12.078176498413086,1.96720290184021,0.06306169182062149,0.03464093804359436,0.23911575973033905,0.01203189603984356,0.5937049388885498,0.5658243894577026,-13.474555969238281,401000
2379.791748046875,785.8819580078125,785.8820190429688,785.8819580078125,-795.9624633789062,-785.8449096679688,-12.11828899383545,2.000703811645508,0.06526101380586624,-0.04111486300826073,0.2348107099533081,0.00859908852726221,0.5958703756332397,0.5754148364067078,-13.79455852508545,402000
4.484722137451172,786.801513671875,786.801513671875,786.8014526367188,-797.0658569335938,-786.807373046875,-12.478564262390137,2.2200794219970703,0.0639645978808403,-0.21112483739852905,0.24446170032024384,0.009100611321628094,0.6027382612228394,0.5961556434631348,-14.331039428710938,403000
5.614688873291016,786.4462280273438,786.4462280273438,786.4462280273438,-796.3378295898438,-786.4537353515625,-11.970893859863281,2.0868046283721924,0.06453021615743637,0.0017460575327277184,0.25188374519348145,0.009423390030860901,0.5840055346488953,0.5704964399337769,-13.555046081542969,404000
5.7617316246032715,787.1103515625,787.1103515625,787.1102905273438,-796.998779296875,-787.136474609375,-12.006674766540527,2.144334077835083,0.06428909301757812,-0.0011354025918990374,0.24607355892658234,0.010228573344647884,0.5751153826713562,0.5840182900428772,-13.980494499206543,405000
4.770984172821045,787.3027954101562,787.3027954101562,787.3027954101562,-797.1189575195312,-787.3067016601562,-11.954843521118164,2.1425857543945312,0.0636201873421669,-0.02603691816329956,0.2504138648509979,0.010199222713708878,0.570214569568634,0.5773428082466125,-13.81976318359375,406000
5.617848873138428,787.3917846679688,787.3917846679688,787.3917846679688,-797.2164306640625,-787.377197265625,-11.904275894165039,2.0650572776794434,0.06339877843856812,-0.059446804225444794,0.2508770227432251,0.009662535041570663,0.5692795515060425,0.5828987956047058,-13.88194465637207,407000
4.920106410980225,786.9725341796875,786.9725341796875,786.9725341796875,-797.4802856445312,-786.977294921875,-12.767138481140137,2.2641777992248535,0.059184297919273376,-0.2075842022895813,0.24715475738048553,0.009496847167611122,0.6221596002578735,0.5936315655708313,-14.28403091430664,408000
4.3863091468811035,787.4910278320312,787.4910278320312,787.4910278320312,-797.6350708007812,-787.5148315429688,-12.16866683959961,2.0484280586242676,0.06094691902399063,-0.05380823463201523,0.23789331316947937,0.007669690530747175,0.5895707011222839,0.5864472389221191,-13.906871795654297,409000
4.999934196472168,788.81640625,788.81640625,788.81640625,-798.8525390625,-788.82763671875,-12.068145751953125,2.04321026802063,0.0643460601568222,-0.014690645039081573,0.23746968805789948,0.009082421660423279,0.5854971408843994,0.5734752416610718,-13.596662521362305,410000
5.348753929138184,788.716796875,788.716796875,788.7167358398438,-799.1251831054688,-788.7647705078125,-12.452445030212402,2.092059850692749,0.06371833384037018,0.01763957552611828,0.2401152402162552,0.014533323235809803,0.6120699048042297,0.5694943070411682,-13.54980754852295,411000
4.877947807312012,789.0509643554688,789.0509643554688,789.0509643554688,-799.708251953125,-789.097900390625,-12.69340991973877,2.0830905437469482,0.06559175252914429,0.08624346554279327,0.254575252532959,0.013441024348139763,0.6221424341201782,0.5611720085144043,-13.232709884643555,412000
5.1603193283081055,789.519287109375,789.519287109375,789.519287109375,-799.9819946289062,-789.5491943359375,-12.592439651489258,2.1596527099609375,0.05834085866808891,-0.0163111612200737,0.24338304996490479,0.008142023347318172,0.6123063564300537,0.5867438316345215,-14.103259086608887,413000
5.09123420715332,790.2339477539062,790.2339477539062,790.2339477539062,-800.2645263671875,-790.2657470703125,-12.065812110900879,2.0670459270477295,0.063650943338871,-0.08984644711017609,0.23659826815128326,0.0078010642901062965,0.5872175693511963,0.5767069458961487,-13.713532447814941,414000
2413.455078125,790.1585693359375,790.1585693359375,790.1585083007812,-799.9151000976562,-790.1214599609375,-11.713678359985352,1.9200329780578613,0.0664680153131485,-0.03428257256746292,0.2338620126247406,0.008022722788155079,0.5671799182891846,0.5772864818572998,-13.731436729431152,415000
4.294053077697754,790.59765625,790.5977172851562,790.59765625,-799.7067260742188,-790.6334228515625,-11.1417236328125,2.068436622619629,0.06582269817590714,-0.059184473007917404,0.23940451443195343,0.013491814956068993,0.5290720462799072,0.5799708366394043,-13.875178337097168,416000
5.586390972137451,789.7681884765625,789.7682495117188,789.7681884765625,-798.7623901367188,-789.7032470703125,-11.104573249816895,2.0453853607177734,0.0632844939827919,-0.061722829937934875,0.24153925478458405,0.011854028329253197,0.5186448097229004,0.5885245203971863,-14.067525863647461,417000
5.808228492736816,790.0743408203125,790.0743408203125,790.0743408203125,-799.5938720703125,-790.1283569335938,-11.601313591003418,2.135774850845337,0.06072613224387169,0.11857766658067703,0.24718144536018372,0.011214790865778923,0.5567423701286316,0.5695469379425049,-13.473716735839844,418000
4.907620906829834,790.7455444335938,790.7455444335938,790.7455444335938,-800.4060668945312,-790.7498779296875,-11.683740615844727,2.027526617050171,0.06460759043693542,0.024487793445587158,0.23423750698566437,0.010943000204861164,0.5597347021102905,0.5782757997512817,-13.732007026672363,419000
4.175393104553223,791.1885986328125,791.1886596679688,791.1885986328125,-800.6619873046875,-791.2308959960938,-11.406673431396484,1.9756028652191162,0.0638669952750206,0.04485217481851578,0.2392287701368332,0.008702384307980537,0.5427572131156921,0.5710631608963013,-13.569610595703125,420000
5.521422386169434,791.402099609375,791.402099609375,791.402099609375,-800.8031005859375,-791.3703002929688,-11.381964683532715,1.9491394758224487,0.06744403392076492,0.08580660074949265,0.24301967024803162,0.008671307004988194,0.5448789596557617,0.5634801387786865,-13.27556324005127,421000
5.358687400817871,790.9580078125,790.9580078125,790.9579467773438,-800.7188110351562,-791.0059204101562,-11.798547744750977,2.085606098175049,0.061404213309288025,0.06471294909715652,0.25432971119880676,0.0073228636756539345,0.5668759942054749,0.575592041015625,-13.596270561218262,422000
4.944811820983887,791.0698852539062,791.0698852539062,791.0698852539062,-801.580810546875,-791.0689086914062,-12.571081161499023,2.059215784072876,0.05821055918931961,-0.11064901202917099,0.2312207818031311,0.01494890172034502,0.6097869277000427,0.5872466564178467,-14.078533172607422,423000
4.1638641357421875,792.819091796875,792.819091796875,792.819091796875,-803.1820068359375,-792.8492431640625,-12.213607788085938,1.880834698677063,0.06781251728534698,-0.04936947673559189,0.2264723926782608,0.009082077071070671,0.5925979614257812,0.5765402913093567,-13.703902244567871,424000
5.2870612144470215,792.9775390625,792.9775390625,792.9774780273438,-803.1900634765625,-792.9964599609375,-12.247264862060547,2.0536279678344727,0.06077484413981438,-0.11216674745082855,0.24160468578338623,0.008410781621932983,0.5928428173065186,0.5787769556045532,-13.881568908691406,425000
4.723972320556641,793.3771362304688,793.3771362304688,793.3771362304688,-803.8652954101562,-793.3522338867188,-12.660327911376953,2.1472737789154053,0.06396771222352982,-0.046760182827711105,0.24033617973327637,0.010291882790625095,0.6206010580062866,0.5804848670959473,-13.792203903198242,426000
6.544033050537109,793.524658203125,793.5247192382812,793.524658203125,-803.811279296875,-793.4801635742188,-12.459822654724121,2.1287319660186768,0.0618002749979496,-0.0191578958183527,0.2447427362203598,0.009343880228698254,0.6081656217575073,0.5825470685958862,-13.887304306030273,427000
4.816411018371582,793.4915161132812,793.4915161132812,793.4915161132812,-803.4684448242188,-793.5237426757812,-11.901311874389648,1.9565913677215576,0.06304950267076492,0.0505111888051033,0.2350161373615265,0.010346348397433758,0.585136353969574,0.5637117624282837,-13.304670333862305,428000
4.58614444732666,793.5567016601562,793.5567016601562,793.5567016601562,-803.0282592773438,-793.5961303710938,-11.496764183044434,2.0646119117736816,0.06740198284387589,-0.00866702850908041,0.2475127875804901,0.009618636220693588,0.5563949346542358,0.5636517405509949,-13.368429183959961,429000
4.948517799377441,794.080078125,794.080078125,794.080078125,-803.68603515625,-794.0333251953125,-11.688358306884766,2.0356247425079346,0.06408359855413437,0.02508675307035446,0.2359054833650589,0.011172863654792309,0.5629265308380127,0.5772604942321777,-13.73452091217041,430000
5.676177024841309,793.6918334960938,793.6918334960938,793.6918334960938,-802.9443969726562,-793.7026977539062,-11.325088500976562,2.083392858505249,0.06020837649703026,0.01212838850915432,0.2403416484594345,0.014459805563092232,0.5397202372550964,0.5749916434288025,-13.704757690429688,431000
2452.435791015625,794.2861328125,794.2861938476562,794.2861328125,-803.1918334960938,-794.2968139648438,-11.068624496459961,2.173602819442749,0.06056759133934975,-0.006548546254634857,0.23791788518428802,0.014794664457440376,0.5213432312011719,0.5847913026809692,-14.08029556274414,432000
4.686070442199707,794.4698486328125,794.469970703125,794.4697875976562,-803.9345092773438,-794.551025390625,-11.055878639221191,1.6724097728729248,0.064723439514637,0.1057329848408699,0.2185358703136444,0.009731777012348175,0.5373681783676147,0.5453401207923889,-12.662023544311523,433000
5.679512023925781,796.3846435546875,796.3847045898438,796.3846435546875,-805.733642578125,-796.370849609375,-11.252891540527344,1.890053391456604,0.061830028891563416,-0.06574398279190063,0.21318891644477844,0.009355055168271065,0.5378932952880859,0.575641393661499,-13.722028732299805,434000
5.307373046875,796.2235717773438,796.2235717773438,796.2235717773438,-805.6203002929688,-796.2313842773438,-11.382115364074707,1.9932161569595337,0.06390763819217682,0.11198031157255173,0.23706138134002686,0.008968296460807323,0.5543776154518127,0.559583306312561,-13.11874771118164,435000
2462.060546875,796.25244140625,796.2525024414062,796.25244140625,-805.8565673828125,-796.1787719726562,-11.80040168762207,2.1225945949554443,0.06411843001842499,-0.033506665378808975,0.2388652116060257,0.009167505428195,0.562477707862854,0.5808446407318115,-13.881917953491211,436000
4.59536075592041,796.3910522460938,796.3910522460938,796.3910522460938,-806.1929931640625,-796.4346923828125,-11.885322570800781,2.127002716064453,0.062254343181848526,-0.16504736244678497,0.23127470910549164,0.010716976597905159,0.5679410696029663,0.5932630300521851,-14.32451057434082,437000
4.537521839141846,796.39013671875,796.39013671875,796.3900756835938,-805.490478515625,-796.3728637695312,-11.106069564819336,1.98849356174469,0.06578619033098221,-0.0024175916332751513,0.24209333956241608,0.011055421084165573,0.5347522497177124,0.5679812431335449,-13.47382926940918,438000
4.709023952484131,796.927490234375,796.9275512695312,796.927490234375,-806.3197631835938,-796.9446411132812,-11.31926155090332,1.9441641569137573,0.06306921690702438,-0.0510951429605484,0.2291281819343567,0.011412311345338821,0.5345467329025269,0.5755786895751953,-13.715564727783203,439000
4.586032390594482,796.5408935546875,796.5408935546875,796.5408325195312,-805.85693359375,-796.5701293945312,-11.218483924865723,1.9316825866699219,0.06569331139326096,-0.01708071306347847,0.23347188532352448,0.011064430698752403,0.525920569896698,0.5783529281616211,-13.837573051452637,440000
4.723906517028809,796.6441650390625,796.6441650390625,796.6441040039062,-805.9376831054688,-796.6528930664062,-11.210262298583984,1.9254651069641113,0.07068108022212982,0.05758674815297127,0.2374400496482849,0.011755550280213356,0.5356618762016296,0.5595932006835938,-13.282201766967773,441000
5.427268981933594,796.5189819335938,796.5189819335938,796.5189819335938,-806.2752685546875,-796.54931640625,-11.718510627746582,1.9925568103790283,0.06432729959487915,-0.019442617893218994,0.23290933668613434,0.010043763555586338,0.5717085599899292,0.5629664063453674,-13.346614837646484,442000
3.704340696334839,796.6365356445312,796.6365356445312,796.6365356445312,-806.0881958007812,-796.6544189453125,-11.527973175048828,2.0941479206085205,0.06084049493074417,0.01876096986234188,0.23738615214824677,0.009700627997517586,0.5471584796905518,0.5796431303024292,-13.769655227661133,443000
2449.546630859375,796.95458984375,796.95458984375,796.9545288085938,-807.1051635742188,-796.9366455078125,-11.994537353515625,1.8260014057159424,0.06361957639455795,0.055550023913383484,0.23040544986724854,0.008559120818972588,0.5842953324317932,0.5688163042068481,-13.474611282348633,444000
4905.5283203125,796.95166015625,796.95166015625,796.9515991210938,-806.94482421875,-796.87109375,-12.024340629577637,1.9506428241729736,0.0671783909201622,-0.02879207395017147,0.22682981193065643,0.008896292187273502,0.5865843892097473,0.5800410509109497,-13.818095207214355,445000
2450.46435546875,797.528076171875,797.5281372070312,797.528076171875,-807.6673583984375,-797.541015625,-12.194445610046387,2.0681278705596924,0.06395471841096878,0.01780102215707302,0.23939764499664307,0.010221991688013077,0.5897765159606934,0.5826082229614258,-13.867730140686035,446000
4.545339584350586,797.2951049804688,797.2951049804688,797.2951049804688,-807.107421875,-797.3270263671875,-11.770904541015625,1.9904639720916748,0.06297814100980759,-0.13612109422683716,0.22511343657970428,0.007977422326803207,0.566041111946106,0.591100811958313,-14.204087257385254,447000
5.540980339050293,797.7850341796875,797.7850341796875,797.7849731445312,-807.5734252929688,-797.8121337890625,-11.790519714355469,2.0292351245880127,0.06261854618787766,-0.06620762497186661,0.2287544310092926,0.011822591535747051,0.5630578398704529,0.5792274475097656,-13.755090713500977,448000
3.8810949325561523,798.2388916015625,798.2388916015625,798.2388916015625,-807.6187133789062,-798.266357421875,-11.175426483154297,1.823060393333435,0.06258432567119598,-0.011719663627445698,0.22624795138835907,0.009332321584224701,0.5342055559158325,0.5683078765869141,-13.440911293029785,449000
2471.07568359375,799.3445434570312,799.3445434570312,799.3445434570312,-808.9009399414062,-799.306884765625,-11.363687515258789,1.7696702480316162,0.06498362869024277,0.10518854856491089,0.21840131282806396,0.01123683899641037,0.5510913729667664,0.5603610277175903,-13.159653663635254,450000
2465.50341796875,799.2372436523438,799.2372436523438,799.2372436523438,-808.2007446289062,-799.1852416992188,-10.966931343078613,1.9514120817184448,0.05799632519483566,0.07229766994714737,0.23351722955703735,0.012813031673431396,0.5216406583786011,0.5718203783035278,-13.49636459350586,451000
4.126596450805664,799.1219482421875,799.1219482421875,799.1218872070312,-808.429931640625,-799.10107421875,-11.310760498046875,1.9819457530975342,0.06047128140926361,0.024903548881411552,0.22662514448165894,0.015834882855415344,0.5314528346061707,0.5803064107894897,-13.789209365844727,452000
4.507256984710693,799.4368896484375,799.4369506835938,799.4368896484375,-809.0432739257812,-799.4287109375,-11.490557670593262,1.87598717212677,0.06388316303491592,-0.05684918165206909,0.22265516221523285,0.009145408868789673,0.5478564500808716,0.5856611132621765,-13.900566101074219,453000
5.000208854675293,799.99169921875,799.99169921875,799.9916381835938,-809.5414428710938,-799.9915161132812,-11.389352798461914,1.8394155502319336,0.06704732775688171,0.011257518082857132,0.2193172723054886,0.010622534900903702,0.5469080209732056,0.5736675262451172,-13.617066383361816,454000
5.053739070892334,800.9263916015625,800.9263916015625,800.9263916015625,-809.83837890625,-800.9569702148438,-10.72044563293457,1.8390345573425293,0.06562509387731552,0.00404362240806222,0.22321106493473053,0.014429571107029915,0.5099799633026123,0.5667524337768555,-13.427644729614258,455000
5.4392876625061035,800.1890869140625,800.1891479492188,800.1890869140625,-809.0932006835938,-800.1992797851562,-10.845726013183594,1.9517780542373657,0.06078619137406349,0.11826250702142715,0.23700739443302155,0.012812744826078415,0.516231894493103,0.5678524971008301,-13.445476531982422,456000
5.413521766662598,800.444580078125,800.444580078125,800.444580078125,-809.3077392578125,-800.4409790039062,-10.737380981445312,1.8706166744232178,0.06273360550403595,0.0750170350074768,0.22672127187252045,0.0139926727861166,0.5166462659835815,0.5672320127487183,-13.415013313293457,457000
4.032192230224609,800.959716796875,800.959716796875,800.959716796875,-810.7360229492188,-800.9616088867188,-11.609404563903809,1.8349665403366089,0.0656978115439415,0.026323355734348297,0.222384512424469,0.010516313835978508,0.5669773817062378,0.5698766708374023,-13.461320877075195,458000
2472.6845703125,801.5591430664062,801.5591430664062,801.5591430664062,-811.62255859375,-801.5123901367188,-11.956831932067871,1.8467087745666504,0.06795782595872879,0.06024495139718056,0.23061507940292358,0.009872007183730602,0.5856330394744873,0.560174822807312,-13.138607025146484,459000
2478.718994140625,801.8055419921875,801.8056030273438,801.8054809570312,-812.2566528320312,-801.7350463867188,-12.504678726196289,1.983080506324768,0.062107887119054794,-0.07267729938030243,0.225834459066391,0.014485785737633705,0.6120890974998474,0.5743419528007507,-13.760780334472656,460000
4.405797004699707,801.8067626953125,801.8067626953125,801.8067016601562,-812.5382690429688,-801.8250732421875,-12.753690719604492,2.040459632873535,0.06507118791341782,-0.060801196843385696,0.22885912656784058,0.010618944652378559,0.6250049471855164,0.5763282775878906,-13.682833671569824,461000
5.150039196014404,802.7177734375,802.7177734375,802.7177124023438,-813.7648315429688,-802.7362670898438,-12.90521240234375,1.8766214847564697,0.06323599815368652,-0.07599027454853058,0.22310979664325714,0.016139384359121323,0.6360055208206177,0.5762221217155457,-13.808477401733398,462000
4.13360595703125,802.8624267578125,802.8624267578125,802.8624267578125,-813.0880737304688,-802.8516235351562,-12.062095642089844,1.8256006240844727,0.06410601735115051,0.025078127160668373,0.21883495151996613,0.009495970793068409,0.5910893678665161,0.5629925727844238,-13.285406112670898,463000
2485.134521484375,802.89794921875,802.8980102539062,802.8978881835938,-812.841796875,-802.8544921875,-11.977156639099121,1.9898380041122437,0.05997225269675255,0.02127261273562908,0.22896483540534973,0.008366992697119713,0.5785777568817139,0.5899264216423035,-14.014495849609375,464000
4.593052864074707,802.84912109375,802.84912109375,802.84912109375,-812.1871337890625,-802.8358154296875,-11.281578063964844,1.9302390813827515,0.06394560635089874,0.008887791074812412,0.22732271254062653,0.007742897607386112,0.5428187847137451,0.5636433362960815,-13.277666091918945,465000
4.049124717712402,803.7545166015625,803.7545166015625,803.7544555664062,-813.6497192382812,-803.7626342773438,-11.911121368408203,2.0240509510040283,0.06288063526153564,-0.11727139353752136,0.22266437113285065,0.007848849520087242,0.5753936171531677,0.5791717767715454,-13.682168960571289,466000
4.059678077697754,803.7392578125,803.7392578125,803.7392578125,-813.9672241210938,-803.7664794921875,-12.210274696350098,2.009505271911621,0.06063861772418022,-0.015690481290221214,0.22777771949768066,0.010553836822509766,0.5914868712425232,0.5792655348777771,-13.815607070922852,467000
2491.29541015625,803.8011474609375,803.8011474609375,803.8011474609375,-813.6873168945312,-803.7811279296875,-11.959260940551758,2.053079843521118,0.06131458282470703,-0.0766276866197586,0.22850030660629272,0.010589187033474445,0.5785738229751587,0.5770541429519653,-13.726614952087402,468000
4.513030052185059,804.2216796875,804.2216796875,804.2216796875,-814.2224731445312,-804.247802734375,-11.879404067993164,1.9047101736068726,0.061473581939935684,0.027556223794817924,0.22906270623207092,0.009171634912490845,0.5797724723815918,0.5559332370758057,-12.986457824707031,469000
5.812344551086426,804.2621459960938,804.2621459960938,804.2621459960938,-814.5109252929688,-804.2759399414062,-12.05587100982666,1.820849895477295,0.06001142039895058,-0.04242866113781929,0.20874516665935516,0.008114657364785671,0.5819358825683594,0.5756916999816895,-13.605205535888672,470000
4.277246475219727,805.5589599609375,805.5589599609375,805.5589599609375,-815.2758178710938,-805.6099853515625,-11.451482772827148,1.7856390476226807,0.06595472246408463,0.005990067031234503,0.21299351751804352,0.009429197758436203,0.5522116422653198,0.5582650303840637,-13.216438293457031,471000
3.8261451721191406,806.0321044921875,806.0321655273438,806.0321044921875,-815.6837158203125,-805.9995727539062,-11.557304382324219,1.873150110244751,0.0656932070851326,-0.04565274342894554,0.2246485948562622,0.008367381989955902,0.5530070662498474,0.5815439820289612,-13.783267974853516,472000
6.533143043518066,804.830810546875,804.830810546875,804.8307495117188,-815.17578125,-804.7769775390625,-12.329506874084473,1.9307161569595337,0.06632062792778015,0.07814303785562515,0.23117195069789886,0.011230753734707832,0.604576826095581,0.5660108923912048,-13.305534362792969,473000
4.025371074676514,805.983154296875,805.9832153320312,805.983154296875,-816.5433959960938,-805.9763793945312,-12.544145584106445,1.9771133661270142,0.06110456958413124,0.027462633326649666,0.22264364361763,0.008319277316331863,0.6164747476577759,0.5818966031074524,-13.695396423339844,474000
4.880999565124512,806.65283203125,806.6528930664062,806.6527099609375,-817.122314453125,-806.693115234375,-12.333911895751953,1.9047468900680542,0.06348401308059692,0.06085900962352753,0.2251514345407486,0.009215904399752617,0.603796124458313,0.5700843334197998,-13.459000587463379,475000
5032.203125,806.136962890625,806.136962890625,806.1369018554688,-816.4581909179688,-806.0679321289062,-12.392518997192383,2.002274513244629,0.06221035122871399,-0.11620154231786728,0.23101776838302612,0.008640349842607975,0.6165136098861694,0.5779550075531006,-13.706133842468262,476000
4.315018177032471,806.1002807617188,806.1002807617188,806.1002807617188,-817.1709594726562,-806.1401977539062,-13.057716369628906,2.0269508361816406,0.0660630539059639,-0.10878971964120865,0.22370699048042297,0.01210646703839302,0.6414748430252075,0.5890385508537292,-14.082693099975586,477000
3.788804054260254,806.538330078125,806.5383911132812,806.538330078125,-817.1514892578125,-806.5367431640625,-12.592094421386719,1.9773614406585693,0.05796045437455177,-0.0158317182213068,0.2214777022600174,0.009346582926809788,0.612952470779419,0.5879477858543396,-13.985809326171875,478000
4.923581600189209,806.8875732421875,806.8876342773438,806.8875732421875,-815.984130859375,-806.8917236328125,-10.676145553588867,1.5837695598602295,0.0637442022562027,-0.018228139728307724,0.19828014075756073,0.011345400474965572,0.507789134979248,0.5776787996292114,-13.602882385253906,479000
3.8385210037231445,807.9608764648438,807.9608764648438,807.9608764648438,-817.8427124023438,-807.936279296875,-11.771933555603027,1.8654597997665405,0.06412091106176376,-0.0014762908685952425,0.21539466083049774,0.00953642837703228,0.5687788724899292,0.5735855102539062,-13.510010719299316,480000
4.571110725402832,808.508056640625,808.508056640625,808.5079956054688,-819.0136108398438,-808.5023193359375,-12.260082244873047,1.7487672567367554,0.06704280525445938,0.06344043463468552,0.20989498496055603,0.007722934707999229,0.6027595400810242,0.5820714235305786,-13.73566722869873,481000
4.4948554039001465,808.373779296875,808.373779296875,808.373779296875,-818.4925537109375,-808.3652954101562,-12.088136672973633,1.960876226425171,0.06372098624706268,-0.07570287585258484,0.22611413896083832,0.01075842697173357,0.5871052742004395,0.576261043548584,-13.697437286376953,482000
4.046648025512695,808.6895751953125,808.6895751953125,808.6895751953125,-818.5464477539062,-808.710205078125,-11.697317123413086,1.8610800504684448,0.06279445439577103,0.03777766227722168,0.22165484726428986,0.009115276858210564,0.5690639615058899,0.5723637342453003,-13.507018089294434,483000
2525.43212890625,809.5953369140625,809.5953369140625,809.5952758789062,-818.91796875,-809.5892944335938,-10.87360668182373,1.544946551322937,0.06802339106798172,0.21977612376213074,0.2069549858570099,0.016262324526906013,0.5161197781562805,0.5394645929336548,-12.564963340759277,484000
5.1927289962768555,809.7214965820312,809.7214965820312,809.7214965820312,-819.4825439453125,-809.748291015625,-11.623422622680664,1.889151692390442,0.06444983929395676,0.028201263397932053,0.22053174674510956,0.01228376105427742,0.5592942237854004,0.5680245161056519,-13.442585945129395,485000
4.880918025970459,810.1556396484375,810.1557006835938,810.1556396484375,-820.4968872070312,-810.14208984375,-12.132875442504883,1.7780959606170654,0.06530338525772095,0.011007362976670265,0.21144431829452515,0.01026957482099533,0.5946493148803711,0.5601881742477417,-13.118963241577148,486000
5.250676155090332,810.2691650390625,810.2692260742188,810.2691650390625,-819.8125610351562,-810.322265625,-11.113972663879395,1.6236469745635986,0.0659240260720253,0.027848273515701294,0.20442932844161987,0.008624449372291565,0.5439810156822205,0.5511953830718994,-12.876405715942383,487000
4.536424160003662,811.2022705078125,811.2023315429688,811.2022705078125,-820.75830078125,-811.2324829101562,-11.410271644592285,1.8844701051712036,0.06428220868110657,-0.0857575461268425,0.21395649015903473,0.012761281803250313,0.5464698076248169,0.5872089862823486,-13.995795249938965,488000
5.617500305175781,811.5706787109375,811.5706787109375,811.5706176757812,-820.8991088867188,-811.5721435546875,-11.075114250183105,1.7481441497802734,0.06469569355249405,0.13233846426010132,0.21335752308368683,0.011543318629264832,0.523956298828125,0.5699368715286255,-13.368749618530273,489000
4.507707595825195,811.1472778320312,811.1472778320312,811.1472778320312,-820.0029296875,-811.1752319335938,-10.608819961547852,1.7811241149902344,0.06505073606967926,0.0814785286784172,0.21417789161205292,0.010554985143244267,0.5112999677658081,0.571310818195343,-13.455558776855469,490000
3.8288135528564453,811.7788696289062,811.7788696289062,811.7788696289062,-820.8731689453125,-811.8130493164062,-10.887350082397461,1.8272172212600708,0.06175105646252632,-0.024639863520860672,0.2144388109445572,0.015196619555354118,0.509992241859436,0.5821500420570374,-13.812030792236328,491000
4.219143867492676,811.7933349609375,811.7933349609375,811.7932739257812,-820.497314453125,-811.8223876953125,-10.373513221740723,1.6985821723937988,0.06587450951337814,0.06529967486858368,0.20792733132839203,0.014164522290229797,0.48662126064300537,0.5681197643280029,-13.342559814453125,492000
4.075369834899902,811.66162109375,811.6616821289062,811.66162109375,-821.3146362304688,-811.62744140625,-11.535163879394531,1.8479441404342651,0.06435145437717438,0.05797521024942398,0.22219832241535187,0.009343846701085567,0.5597477555274963,0.5683335065841675,-13.320530891418457,493000
4.400211334228516,812.0824584960938,812.0824584960938,812.0824584960938,-821.9774169921875,-812.08642578125,-11.559199333190918,1.6682229042053223,0.06668685376644135,0.1298164427280426,0.21193018555641174,0.006866721902042627,0.5657554864883423,0.5639774799346924,-13.192705154418945,494000
2545.228759765625,812.2864990234375,812.2864990234375,812.2864379882812,-822.4326171875,-812.25927734375,-11.981647491455078,1.8083158731460571,0.06673374027013779,0.03906455636024475,0.21233755350112915,0.010670894756913185,0.5864995121955872,0.5627089738845825,-13.287642478942871,495000
5.283034801483154,812.2825927734375,812.2825927734375,812.2825317382812,-822.7160034179688,-812.2461547851562,-12.450560569763184,1.980695366859436,0.0667073205113411,-0.03696860000491142,0.22197552025318146,0.012026002630591393,0.6169887185096741,0.5659364461898804,-13.382983207702637,496000
4.314263343811035,812.4234619140625,812.4235229492188,812.4234619140625,-822.509765625,-812.4136352539062,-11.967118263244629,1.8709913492202759,0.06289613246917725,0.014461620710790157,0.21983054280281067,0.012635817751288414,0.5927219390869141,0.5624764561653137,-13.21779727935791,497000
5.093779563903809,811.579833984375,811.579833984375,811.5797729492188,-822.3153686523438,-811.62109375,-12.711943626403809,2.0176546573638916,0.060813698917627335,-0.03001665696501732,0.23588716983795166,0.012807292863726616,0.631845235824585,0.5685839056968689,-13.534473419189453,498000
2542.6162109375,812.002197265625,812.002197265625,812.0021362304688,-823.0064697265625,-811.9494018554688,-12.76207447052002,1.7050237655639648,0.06873858720064163,0.1058560386300087,0.21028994023799896,0.018955690786242485,0.6382089853286743,0.5450304746627808,-12.749637603759766,499000
3.481125831604004,812.0946655273438,812.0946655273438,812.0946655273438,-822.7471923828125,-812.103759765625,-12.568126678466797,1.9246822595596313,0.06215207651257515,-0.04213368892669678,0.22362340986728668,0.009963814169168472,0.6258721947669983,0.5755540728569031,-13.48409366607666,500000
