critic/q_loss,critic/q_mean,critic/q_max,critic/q_min,actor/total_loss,actor/q_loss,actor/bc_loss,actor/entropy_loss,actor/mse,beta/beta_loss,beta/beta,encoder/encoder_loss,encoder/dot_mean,encoder/kl_target_mean,encoder/nll_raw_mean,step
452.5390625,-0.01119971927255392,0.09357224404811859,-0.108396515250206,-1.5354366302490234,-0.16842180490493774,9.694526672363281,-11.061541557312012,0.37805336713790894,19.46450424194336,0.9997000694274902,16.991546630859375,3.694337844848633,-0.4201442003250122,8.958333015441895,0
24.70687484741211,59.79766845703125,59.79887008666992,59.79274368286133,-65.76473236083984,-59.82212448120117,-8.941431999206543,2.998821973800659,0.08275564014911652,3.9146957397460938,0.7985671758651733,0.19415348768234253,0.8195242881774902,0.4090369939804077,-8.97406005859375,1000
9.465875625610352,87.47935485839844,87.48057556152344,87.47806549072266,-94.55229949951172,-87.54261779785156,-11.348653793334961,4.3389763832092285,0.06593157351016998,1.1850374937057495,0.6930598020553589,0.036096226423978806,0.3933703303337097,0.5114427208900452,-11.636910438537598,2000
10.298022270202637,109.5841064453125,109.58415222167969,109.58402252197266,-117.3670425415039,-109.5914306640625,-12.669529914855957,4.893919467926025,0.06379774957895279,0.46460846066474915,0.6413264274597168,0.023803342133760452,0.5011230707168579,0.5552151799201965,-12.879487991333008,3000
240.51199340820312,128.65792846679688,128.6580047607422,128.65780639648438,-136.04258728027344,-128.64089965820312,-12.571636199951172,5.16995096206665,0.06416483968496323,0.4902980327606201,0.6277512311935425,0.034145720303058624,0.5894631743431091,0.545097827911377,-12.653646469116211,4000
8.221899032592773,145.72865295410156,145.7303466796875,145.72694396972656,-153.5015106201172,-145.7818603515625,-13.650432586669922,5.930793285369873,0.05549256131052971,-0.01736343279480934,0.6412785053253174,0.027031250298023224,0.604387640953064,0.5793730020523071,-13.716249465942383,5000
8.429664611816406,161.5439453125,161.54443359375,161.54345703125,-169.61141967773438,-161.50735473632812,-13.918329238891602,5.814262390136719,0.056162577122449875,-0.1436476707458496,0.654567301273346,0.019704274833202362,0.5828134417533875,0.5949556827545166,-14.20215892791748,6000
12.204626083374023,176.21656799316406,176.2173309326172,176.21591186523438,-184.18707275390625,-176.24624633789062,-13.320560455322266,5.379725456237793,0.06199266016483307,0.2116570919752121,0.6644206643104553,0.023937780410051346,0.565329909324646,0.5802739262580872,-13.796684265136719,7000
8.529569625854492,190.02484130859375,190.95477294921875,188.58265686035156,-197.2868194580078,-189.45794677734375,-13.933051109313965,6.1041717529296875,0.05519029125571251,-0.38421955704689026,0.6558749675750732,0.019075967371463776,0.5814833045005798,0.59935462474823,-14.323375701904297,8000
11.819814682006836,202.49005126953125,202.49659729003906,202.4835662841797,-210.2548370361328,-202.43008422851562,-13.567272186279297,5.742524147033691,0.060012467205524445,-0.1829356700181961,0.667863667011261,0.030240848660469055,0.5602751970291138,0.5800527930259705,-13.81959342956543,9000
11.407439231872559,214.65972900390625,214.6636962890625,214.65585327148438,-222.5923309326172,-214.65185546875,-13.943992614746094,6.0035319328308105,0.05844337120652199,-0.25081801414489746,0.6685439348220825,0.025204729288816452,0.5868176221847534,0.5939980745315552,-14.270514488220215,10000
12.05918025970459,226.83236694335938,226.83279418945312,226.83200073242188,-234.43936157226562,-226.75439453125,-13.500432968139648,5.815455436706543,0.056523118168115616,0.1923365443944931,0.6711840629577637,0.02847381681203842,0.5977619290351868,0.5734056234359741,-13.652694702148438,11000
8.868309020996094,238.01889038085938,238.02035522460938,238.01744079589844,-246.2803497314453,-238.0173797607422,-13.537135124206543,5.274169921875,0.05928822234272957,0.15288959443569183,0.6620081067085266,0.02111194096505642,0.5983984470367432,0.5775125026702881,-13.688634872436523,12000
243.24102783203125,248.03897094726562,248.0553741455078,248.0224609375,-255.93124389648438,-247.96237182617188,-13.854443550109863,5.885556221008301,0.05766106769442558,0.04032942280173302,0.6664162278175354,0.0203888937830925,0.6037339568138123,0.5940133333206177,-14.15324592590332,13000
10.998495101928711,258.38580322265625,258.3878173828125,258.3837890625,-266.42156982421875,-258.343017578125,-14.234638214111328,6.156093597412109,0.05457053333520889,-0.45328786969184875,0.6679449081420898,0.02208494395017624,0.5632238984107971,0.608539342880249,-14.720406532287598,14000
279.2105407714844,267.67144775390625,267.671630859375,267.6712341308594,-275.5337219238281,-267.6458435058594,-14.074655532836914,6.186756134033203,0.05710669234395027,-0.033867888152599335,0.6672049164772034,0.02783934585750103,0.5901321172714233,0.594907283782959,-14.404047012329102,15000
15.141180038452148,275.078857421875,277.9060974121094,268.5500183105469,-282.0999450683594,-273.9937744140625,-13.785269737243652,5.6791181564331055,0.05902158468961716,-0.06737884134054184,0.6619846224784851,0.019350364804267883,0.5746359825134277,0.5894244909286499,-14.05337142944336,16000
12.456847190856934,280.6672668457031,282.6898193359375,270.14959716796875,-287.68792724609375,-279.82861328125,-13.151309967041016,5.292001724243164,0.05898269638419151,0.2819814682006836,0.649575412273407,0.024409417062997818,0.5717935562133789,0.5745425224304199,-13.672861099243164,17000
14.792807579040527,284.173095703125,286.65008544921875,271.8986511230469,-291.2293701171875,-283.1278076171875,-13.034096717834473,4.932529449462891,0.06180426850914955,0.5052323937416077,0.6576910018920898,0.022368762642145157,0.5703840255737305,0.574004054069519,-13.61468505859375,18000
311.0443115234375,288.94891357421875,291.26055908203125,273.92974853515625,-295.6732482910156,-287.6231994628906,-13.547508239746094,5.49746561050415,0.061325643211603165,0.32679077982902527,0.6598787903785706,0.023103665560483932,0.5816844701766968,0.5811168551445007,-13.836825370788574,19000
13.661759376525879,293.76251220703125,295.9188232421875,276.3379211425781,-301.0804748535156,-292.78521728515625,-13.568105697631836,5.272860527038574,0.057586003094911575,0.23685917258262634,0.651917040348053,0.018477855250239372,0.594390332698822,0.5916938781738281,-14.11338996887207,20000
15.98930835723877,297.5616455078125,299.8260192871094,277.470703125,-304.22552490234375,-296.4668273925781,-13.246381759643555,5.487669467926025,0.05885288491845131,0.2818674147129059,0.650783360004425,0.02308228611946106,0.6159218549728394,0.5762796998023987,-13.62547779083252,21000
10.1883544921875,303.9879150390625,305.76568603515625,291.6278076171875,-311.6647033691406,-303.29803466796875,-13.61445426940918,5.247786521911621,0.062194809317588806,0.14313147962093353,0.6467471718788147,0.019756179302930832,0.6037915945053101,0.5871979594230652,-13.99338150024414,22000
82.85572052001953,311.4169921875,313.3950500488281,99.7440414428711,-318.0633850097656,-309.92529296875,-13.458807945251465,5.320714950561523,0.05771626532077789,0.2727101147174835,0.6477316617965698,0.021345656365156174,0.5902732014656067,0.587356686592102,-14.045567512512207,23000
13.416629791259766,317.3729248046875,318.4521484375,306.3845520019531,-324.99505615234375,-316.4921569824219,-14.078861236572266,5.575967788696289,0.05720268189907074,-0.1876755803823471,0.6435397863388062,0.02118486724793911,0.6021395921707153,0.6054718494415283,-14.686803817749023,24000
102.8664779663086,323.67718505859375,324.9602355957031,92.59352111816406,-331.2236022949219,-322.97967529296875,-13.388198852539062,5.1442646980285645,0.06240193918347359,0.21000365912914276,0.6392671465873718,0.025810549035668373,0.6186079978942871,0.576582670211792,-13.737736701965332,25000
11.903277397155762,330.6558837890625,330.7452697753906,330.5635986328125,-339.2172546386719,-330.59368896484375,-13.974601745605469,5.351034164428711,0.05779072642326355,-0.14073726534843445,0.6329829692840576,0.01697417162358761,0.6284617781639099,0.5959017872810364,-14.277885437011719,26000
10.333841323852539,336.3267822265625,337.67193603515625,330.84405517578125,-343.783203125,-335.42193603515625,-13.952813148498535,5.591566562652588,0.05441446974873543,0.21191450953483582,0.6342598795890808,0.014915738254785538,0.6125301122665405,0.5999338626861572,-14.341447830200195,27000
25.602516174316406,341.894775390625,344.5438232421875,265.87298583984375,-349.4090881347656,-340.909423828125,-13.425711631774902,4.926048278808594,0.060537297278642654,0.31666889786720276,0.628697395324707,0.020538507029414177,0.598534345626831,0.5856927633285522,-13.934049606323242,28000
11.155350685119629,346.8502197265625,347.0631103515625,346.6503601074219,-355.0456848144531,-346.68145751953125,-13.693268775939941,5.329031467437744,0.05708280950784683,0.14319190382957458,0.6199979782104492,0.02104535885155201,0.5673624277114868,0.5946734547615051,-14.354995727539062,29000
9.431838989257812,352.25006103515625,352.5721435546875,351.9355163574219,-360.3371276855469,-351.954345703125,-13.818634986877441,5.435857772827148,0.05510479956865311,-0.21543025970458984,0.6216261386871338,0.022163979709148407,0.5818885564804077,0.6042494177818298,-14.621769905090332,30000
44.338600158691406,356.3685302734375,359.132568359375,185.13909912109375,-364.02056884765625,-355.5182800292969,-13.827940940856934,5.325660228729248,0.05923166126012802,-0.08393864333629608,0.6200525760650635,0.024038907140493393,0.58527672290802,0.6046229004859924,-14.722887992858887,31000
13.39875602722168,362.03912353515625,363.3663635253906,360.8034973144531,-369.2692565917969,-360.86566162109375,-13.371770858764648,4.96816873550415,0.06132287159562111,0.19984354078769684,0.6109738945960999,0.029781445860862732,0.5739455223083496,0.5880003571510315,-14.15709114074707,32000
459.6063232421875,364.1624755859375,367.2196044921875,158.67787170410156,-370.43896484375,-361.98828125,-13.19875717163086,4.748079776763916,0.06156398355960846,0.09096125513315201,0.6044779419898987,0.033265940845012665,0.5750362277030945,0.5755226016044617,-13.823919296264648,33000
16.150596618652344,370.9737243652344,373.7392272949219,354.5272216796875,-378.4462585449219,-369.9066467285156,-13.601163864135742,5.061563968658447,0.05844579637050629,-0.014689646661281586,0.6089267730712891,0.020504876971244812,0.5954800844192505,0.5997064113616943,-14.475486755371094,34000
10.317117691040039,380.1114501953125,382.1705627441406,139.90235900878906,-388.4107360839844,-379.8942565917969,-13.341167449951172,4.824686050415039,0.061021868139505386,0.12185075879096985,0.5984853506088257,0.01893104985356331,0.576542317867279,0.5914465188980103,-14.123958587646484,35000
95.16071319580078,387.2651062011719,390.3129577636719,118.03904724121094,-394.6302795410156,-386.2772216796875,-13.357124328613281,5.00406551361084,0.05984305590391159,0.10441968590021133,0.5998104214668274,0.01803874596953392,0.5806648135185242,0.5936373472213745,-14.174125671386719,36000
83.8219223022461,395.3082275390625,396.4655456542969,220.82566833496094,-403.18109130859375,-394.75439453125,-13.587139129638672,5.160417556762695,0.057282283902168274,-0.066318079829216,0.593534529209137,0.025808820500969887,0.5629532933235168,0.5981980562210083,-14.49470329284668,37000
40.51919174194336,403.08056640625,405.41070556640625,137.4046630859375,-411.04962158203125,-402.1822509765625,-13.497501373291016,4.630123615264893,0.05740157142281532,0.1635669320821762,0.5943604111671448,0.02482244186103344,0.5839336514472961,0.5989890694618225,-14.493815422058105,38000
12.352946281433105,407.3863525390625,411.0380554199219,115.53421020507812,-415.20574951171875,-406.73907470703125,-13.320413589477539,4.853719711303711,0.055788349360227585,0.30112189054489136,0.5935333371162415,0.025720877572894096,0.5869827270507812,0.5821300745010376,-13.881736755371094,39000
317.9306640625,411.37738037109375,415.1637878417969,131.90086364746094,-418.9776306152344,-410.43609619140625,-13.47972297668457,4.938211917877197,0.05646854266524315,-0.0006108529632911086,0.5807530283927917,0.01824740134179592,0.5839477777481079,0.595011830329895,-14.200578689575195,40000
13.891432762145996,418.3426513671875,420.73980712890625,123.6955337524414,-426.2810363769531,-417.50775146484375,-13.329883575439453,4.556597709655762,0.058970894664525986,-0.1568526178598404,0.5779915452003479,0.01699651964008808,0.5903631448745728,0.6028363704681396,-14.397937774658203,41000
11.212885856628418,424.7203369140625,424.759765625,421.4417419433594,-433.66583251953125,-424.70233154296875,-14.271869659423828,5.308382987976074,0.05199941620230675,-0.2742635905742645,0.5809544324874878,0.017988057807087898,0.6084159016609192,0.6223613023757935,-15.228828430175781,42000
9.05742073059082,430.74200439453125,432.4330749511719,420.4752197265625,-438.9733581542969,-430.0445556640625,-13.89752197265625,4.9687299728393555,0.05433260649442673,0.08221881091594696,0.5784463286399841,0.018209168687462807,0.631581723690033,0.6006335020065308,-14.426582336425781,43000
13.479425430297852,436.4198913574219,438.9417724609375,179.58023071289062,-444.6969299316406,-435.61334228515625,-14.213838577270508,5.1302385330200195,0.055604562163352966,-0.22619470953941345,0.572806179523468,0.026256680488586426,0.6390160322189331,0.6104108095169067,-14.91537857055664,44000
188.85548400878906,444.5552978515625,448.1106872558594,252.92518615722656,-451.2864074707031,-442.3436279296875,-14.012252807617188,5.069489479064941,0.05851710960268974,-0.3192743957042694,0.5699940323829651,0.027383793145418167,0.6302809715270996,0.6030184030532837,-14.650857925415039,45000
14.73147964477539,448.1098937988281,454.69586181640625,186.95518493652344,-455.7864074707031,-446.8909912109375,-13.703234672546387,4.80784273147583,0.05964728072285652,0.015888238325715065,0.5625056624412537,0.027221545577049255,0.6155927181243896,0.5924274325370789,-14.41649055480957,46000
36.581336975097656,458.0013427734375,462.5481262207031,127.67886352539062,-466.0728454589844,-457.33599853515625,-13.295377731323242,4.558527946472168,0.06190237030386925,0.1660117506980896,0.5613114833831787,0.017562054097652435,0.5974238514900208,0.5932976007461548,-14.163871765136719,47000
16.46965980529785,463.42535400390625,469.8846435546875,432.6058044433594,-473.4651794433594,-464.45867919921875,-14.03816032409668,5.031650543212891,0.05680878832936287,-0.34250181913375854,0.558527410030365,0.018826743587851524,0.5979649424552917,0.6209602355957031,-15.181110382080078,48000
15.400110244750977,470.13983154296875,477.9470520019531,430.1995544433594,-478.7613830566406,-469.8701171875,-13.559389114379883,4.668107986450195,0.06057841703295708,-0.012024695985019207,0.5514438152313232,0.023482995107769966,0.58866286277771,0.6000863313674927,-14.474037170410156,49000
18.124622344970703,474.94158935546875,484.13128662109375,139.76583862304688,-482.01739501953125,-473.15301513671875,-13.83169937133789,4.967316627502441,0.0584862157702446,-0.3093760907649994,0.5490347743034363,0.02481585368514061,0.5956861972808838,0.6118894219398499,-14.940764427185059,50000
20.143632888793945,478.60986328125,489.4814453125,427.9432373046875,-486.6248474121094,-477.6082458496094,-13.692342758178711,4.67575740814209,0.060127146542072296,0.28017187118530273,0.5444034934043884,0.02169489674270153,0.6409438848495483,0.5947504043579102,-14.266236305236816,51000
167.15626525878906,484.3448181152344,496.5788269042969,131.47698974609375,-491.40960693359375,-482.5690002441406,-13.188674926757812,4.348089694976807,0.06614503264427185,-0.02368634007871151,0.535781979560852,0.034222766757011414,0.614791214466095,0.57957524061203,-13.862367630004883,52000
14.601888656616211,491.50885009765625,502.53271484375,430.4765319824219,-499.6131591796875,-490.48333740234375,-13.476834297180176,4.347029685974121,0.05978721007704735,0.084193654358387,0.5312979221343994,0.01826103776693344,0.6132121086120605,0.5915557742118835,-14.14364242553711,53000
67.8466796875,495.0735778808594,507.608642578125,151.40628051757812,-503.7474670410156,-494.84478759765625,-13.151735305786133,4.249043941497803,0.06883403658866882,0.15556587278842926,0.5287021994590759,0.03387037664651871,0.5820416212081909,0.5802716016769409,-13.887126922607422,54000
101.47563171386719,501.693115234375,513.5533447265625,170.14537048339844,-510.3444519042969,-501.8134765625,-13.145753860473633,4.614787578582764,0.061601001769304276,-0.1208583414554596,0.5242665410041809,0.030475730076432228,0.546575665473938,0.5989338159561157,-14.492940902709961,55000
23.96994972229004,507.64862060546875,518.0892333984375,409.0289001464844,-516.3904418945312,-507.79150390625,-12.932520866394043,4.333530426025391,0.06256527453660965,-0.09344116598367691,0.5197770595550537,0.022811803966760635,0.5512470602989197,0.5872783660888672,-14.064343452453613,56000
31.95769500732422,513.8716430664062,524.7606811523438,118.34183502197266,-522.8514404296875,-513.9541625976562,-13.15067195892334,4.253412246704102,0.06488480418920517,0.09209559857845306,0.5173911452293396,0.03703309968113899,0.5765249133110046,0.5904207229614258,-14.268877983093262,57000
14.877374649047852,520.0462646484375,529.9495849609375,450.0810241699219,-528.6666259765625,-520.0888061523438,-12.38327693939209,3.80547833442688,0.07055018842220306,0.4477108120918274,0.5105670094490051,0.0241389237344265,0.5520950555801392,0.5635339021682739,-13.285783767700195,58000
1210.1600341796875,521.3453979492188,534.026611328125,-304.072509765625,-528.54833984375,-520.308837890625,-12.322610855102539,4.083102703094482,0.07827498018741608,0.19595061242580414,0.5044082403182983,0.059322014451026917,0.5556970834732056,0.5509943962097168,-13.189674377441406,59000
29.963485717773438,531.6629638671875,540.2353515625,454.948974609375,-538.8570556640625,-529.63818359375,-13.757355690002441,4.538532733917236,0.05945930257439613,-0.3992916941642761,0.5135312676429749,0.017136693000793457,0.603115439414978,0.6149752736091614,-14.923544883728027,60000
76.70347595214844,538.653564453125,547.8587646484375,75.11322021484375,-547.2344360351562,-538.2302856445312,-13.435221672058105,4.431074142456055,0.061858050525188446,-0.0807107463479042,0.5098342299461365,0.03841555118560791,0.6137619018554688,0.5886739492416382,-14.140522956848145,61000
212.75772094726562,548.779052734375,553.0849609375,116.8406753540039,-557.52685546875,-548.401123046875,-13.255234718322754,4.129488468170166,0.0650438591837883,0.35142430663108826,0.508671224117279,0.03299061208963394,0.6163632273674011,0.577130913734436,-13.771354675292969,62000
11.700878143310547,556.8001098632812,560.9268798828125,511.3646240234375,-565.7094116210938,-556.5376586914062,-13.3365478515625,4.16477632522583,0.06245693191885948,-0.15044108033180237,0.5044692158699036,0.026480037719011307,0.6000570058822632,0.5989036560058594,-14.36050033569336,63000
55.52383804321289,563.3135986328125,567.6611328125,527.624267578125,-571.2213745117188,-562.0381469726562,-13.434484481811523,4.251262664794922,0.05892854556441307,-0.017242398113012314,0.5060526132583618,0.025537822395563126,0.6030731201171875,0.5987825989723206,-14.42180061340332,64000
61.95392608642578,573.2291259765625,574.6688232421875,296.3205871582031,-582.3231201171875,-573.33837890625,-13.359334945678711,4.374603271484375,0.05645616725087166,-0.0061419932171702385,0.5082768201828003,0.025858957320451736,0.5902225971221924,0.5996668934822083,-14.468931198120117,65000
7.1781206130981445,580.1185302734375,582.1680908203125,575.7935180664062,-588.5785522460938,-579.2542724609375,-13.621005058288574,4.296782970428467,0.05696062743663788,-0.23132817447185516,0.5028046369552612,0.01745482347905636,0.5930548906326294,0.6132140159606934,-14.865638732910156,66000
9.726826667785645,586.798583984375,588.0830078125,585.751708984375,-594.9088745117188,-585.7848510742188,-13.127148628234863,4.003097057342529,0.05686986446380615,0.11950964480638504,0.49965065717697144,0.01883825473487377,0.5860690474510193,0.5953064560890198,-14.287700653076172,67000
243.49154663085938,589.611083984375,593.9619750976562,84.47162628173828,-598.1405029296875,-588.849365234375,-13.651052474975586,4.359904766082764,0.056709375232458115,-0.20799581706523895,0.49777156114578247,0.029490163549780846,0.5993067026138306,0.6097248196601868,-14.926580429077148,68000
6.35849666595459,597.4210815429688,599.7247314453125,590.825439453125,-606.1482543945312,-596.8316650390625,-13.529430389404297,4.212853908538818,0.058139413595199585,-0.1293598860502243,0.4918448030948639,0.022957492619752884,0.5872471928596497,0.6108007431030273,-14.88370132446289,69000
184.1349639892578,598.3267822265625,607.0107421875,152.35105895996094,-607.35546875,-598.4495849609375,-12.87092399597168,3.9650094509124756,0.07576018571853638,0.2501216232776642,0.49081742763519287,0.055178821086883545,0.6098366975784302,0.5654231905937195,-13.374794006347656,70000
8.540485382080078,607.7815551757812,612.7659912109375,588.8568115234375,-616.91064453125,-607.8235473632812,-13.203254699707031,4.116175651550293,0.06039554998278618,0.2722489535808563,0.48680922389030457,0.020432256162166595,0.5899027585983276,0.5972252488136292,-14.329916000366211,71000
182.69671630859375,609.8108520507812,614.0374755859375,130.89553833007812,-617.9539794921875,-609.0918579101562,-12.922189712524414,4.060051441192627,0.06359345465898514,-0.18703338503837585,0.46688759326934814,0.04384523630142212,0.5636920928955078,0.5962724685668945,-14.360780715942383,72000
12.746849060058594,614.066650390625,618.0157470703125,98.36630249023438,-622.1405639648438,-613.2982177734375,-13.037922859191895,4.195552349090576,0.060614194720983505,-0.3172604441642761,0.48486730456352234,0.030398614704608917,0.541965663433075,0.6103523969650269,-14.80707836151123,73000
35.35206604003906,620.3234252929688,623.9666137695312,267.81805419921875,-628.874267578125,-619.9654541015625,-12.971488952636719,4.0626749992370605,0.05932706221938133,0.012074267491698265,0.4807559549808502,0.02899494208395481,0.5466275811195374,0.6065592169761658,-14.646013259887695,74000
5.980480670928955,626.54541015625,627.8545532226562,620.947021484375,-635.4036254882812,-625.9871826171875,-13.233047485351562,3.816612482070923,0.059262942522764206,0.14285540580749512,0.47085487842559814,0.022062033414840698,0.5997978448867798,0.5945000648498535,-14.358505249023438,75000
7.39582633972168,631.776611328125,634.2266235351562,626.5604858398438,-640.552001953125,-631.23046875,-13.285131454467773,3.9636001586914062,0.05656132474541664,-0.06190551072359085,0.47558972239494324,0.022269973531365395,0.5890442728996277,0.5980849266052246,-14.470767974853516,76000
5.772969722747803,637.6676635742188,641.6148071289062,626.8244018554688,-645.5673217773438,-636.320068359375,-13.136377334594727,3.889072895050049,0.05513518676161766,0.16106614470481873,0.4710606336593628,0.014719932340085506,0.592585027217865,0.5997623801231384,-14.326804161071777,77000
58.33707046508789,642.2350463867188,645.779052734375,329.69757080078125,-652.1315307617188,-642.539306640625,-13.444925308227539,3.8527426719665527,0.059598952531814575,0.11177484691143036,0.4693005383014679,0.02913830056786537,0.628864049911499,0.5961719751358032,-14.39864730834961,78000
5.0235700607299805,650.4741821289062,654.33447265625,642.3684692382812,-659.497802734375,-650.0899047851562,-13.220589637756348,3.812669038772583,0.057148829102516174,0.06754987686872482,0.46384695172309875,0.018392201513051987,0.6118466854095459,0.5962072014808655,-14.255956649780273,79000
6.000185966491699,654.146728515625,659.8831787109375,106.34699249267578,-663.4998168945312,-653.9558715820312,-13.354348182678223,3.81040620803833,0.05738941207528114,0.015000535175204277,0.46229442954063416,0.023992355912923813,0.6049219965934753,0.5958346128463745,-14.38321304321289,80000
6.904890060424805,659.9913940429688,666.0818481445312,132.3782501220703,-669.0877075195312,-659.8222045898438,-13.376870155334473,4.111370086669922,0.05726102367043495,-0.16136451065540314,0.4610999524593353,0.03139188140630722,0.5901235342025757,0.6032235622406006,-14.604856491088867,81000
87.7508316040039,666.3287963867188,672.8353881835938,139.03314208984375,-675.9403076171875,-667.0159301757812,-12.981980323791504,4.05761194229126,0.0622934028506279,-0.20285072922706604,0.458793044090271,0.03243361413478851,0.5669561624526978,0.6008033752441406,-14.495973587036133,82000
7.603686809539795,672.1064453125,676.4769287109375,658.2966918945312,-682.1034545898438,-672.3807373046875,-13.212699890136719,3.489988327026367,0.061017218977212906,0.29421669244766235,0.4493842124938965,0.021441321820020676,0.614967942237854,0.5851215124130249,-13.973670959472656,83000
213.6831817626953,674.4476318359375,680.9375,348.70794677734375,-683.4727172851562,-673.84326171875,-13.356952667236328,3.727461099624634,0.06217951700091362,0.11653949320316315,0.4518221318721771,0.027080077677965164,0.610356330871582,0.597008466720581,-14.348800659179688,84000
106.13170623779297,677.4119873046875,685.3427734375,310.5404052734375,-686.2293701171875,-677.0421142578125,-12.963520050048828,3.776216745376587,0.06665274500846863,-0.1161208525300026,0.44974493980407715,0.04220743477344513,0.6010055541992188,0.5820754766464233,-13.990083694458008,85000
7.400267124176025,681.4107666015625,688.3478393554688,656.0572509765625,-690.3572998046875,-681.0905151367188,-13.220874786376953,3.9541163444519043,0.05986398831009865,-0.07886490970849991,0.4423734247684479,0.019478723406791687,0.5940359830856323,0.6002126932144165,-14.379892349243164,86000
8.128379821777344,684.8284912109375,691.3447875976562,664.7125244140625,-693.3193969726562,-683.9197998046875,-13.447802543640137,4.048214435577393,0.057139165699481964,-0.10341067612171173,0.44343531131744385,0.017767274752259254,0.592029333114624,0.6180225014686584,-15.046652793884277,87000
6.13040828704834,690.1629638671875,694.0266723632812,677.685302734375,-698.7378540039062,-689.422119140625,-13.263959884643555,3.948254108428955,0.054172713309526443,-0.17401635646820068,0.44024458527565,0.02404189109802246,0.5760859251022339,0.6130039095878601,-14.9938383102417,88000
5.888388156890869,695.0570068359375,698.7261352539062,683.0401000976562,-704.6687622070312,-695.2811889648438,-12.895713806152344,3.5081300735473633,0.06151750683784485,0.23325155675411224,0.4406062066555023,0.0216121394187212,0.5730394124984741,0.5933839082717896,-14.293676376342773,89000
14.083412170410156,698.6547241210938,704.9900512695312,201.27426147460938,-707.6100463867188,-698.39892578125,-13.099081039428711,3.8879172801971436,0.06017749384045601,-0.2261190116405487,0.4391932189464569,0.031440068036317825,0.5721648335456848,0.6062417030334473,-14.685665130615234,90000
60.4017219543457,705.6077270507812,709.8885498046875,87.83767700195312,-713.9653930664062,-704.8468627929688,-12.83193588256836,3.71337628364563,0.062499143183231354,0.017417773604393005,0.44177690148353577,0.03454497829079628,0.5711663961410522,0.5806150436401367,-14.006021499633789,91000
165.22479248046875,711.2958984375,714.6371459960938,156.29388427734375,-720.2560424804688,-710.8607788085938,-13.381711959838867,3.986464023590088,0.056529369205236435,-0.30304765701293945,0.4344780147075653,0.028930462896823883,0.5915258526802063,0.6084302663803101,-14.758462905883789,92000
55.492191314697266,711.2547607421875,718.7633056640625,118.8707046508789,-721.1526489257812,-711.7233276367188,-12.88809585571289,3.458798408508301,0.0679982379078865,0.16364531219005585,0.43413588404655457,0.03830331936478615,0.60330730676651,0.5771326422691345,-13.67507266998291,93000
7.60233736038208,716.70458984375,722.79736328125,697.553466796875,-726.7236328125,-716.779296875,-13.614973068237305,3.670675277709961,0.06019109860062599,-0.15587949752807617,0.42321521043777466,0.01905614137649536,0.6364957690238953,0.603718638420105,-14.549442291259766,94000
5.637279033660889,711.259033203125,718.1820068359375,693.3971557617188,-720.7289428710938,-710.9617309570312,-12.953141212463379,3.185896873474121,0.06645715981721878,0.44595885276794434,0.42482098937034607,0.020607873797416687,0.6218982934951782,0.5723860263824463,-13.466791152954102,95000
9.070905685424805,713.4727783203125,721.66748046875,687.3516235351562,-722.5484008789062,-712.7054443359375,-13.235187530517578,3.3922197818756104,0.06822855025529861,0.24310067296028137,0.42041659355163574,0.024190008640289307,0.6325914859771729,0.5826632976531982,-13.905914306640625,96000
361.5522155761719,715.382568359375,723.1149291992188,378.55908203125,-722.0977172851562,-712.667724609375,-13.19188404083252,3.761932134628296,0.061171721667051315,-0.09744738787412643,0.4199807643890381,0.02938602678477764,0.602259635925293,0.5946588516235352,-14.344684600830078,97000
39.01940155029297,717.763671875,725.45751953125,68.94320678710938,-726.2058715820312,-716.7154541015625,-13.32664680480957,3.8362624645233154,0.06416124850511551,-0.15020297467708588,0.41894716024398804,0.02790188230574131,0.6050136089324951,0.6032434701919556,-14.570465087890625,98000
13.654680252075195,719.423095703125,724.4618530273438,628.4489135742188,-729.0355224609375,-719.2802734375,-13.259208679199219,3.5039889812469482,0.06168115884065628,0.11019530892372131,0.4153430163860321,0.032461222261190414,0.6265367269515991,0.581876814365387,-13.953766822814941,99000
5.795483589172363,724.7199096679688,728.7769165039062,704.5945434570312,-733.7222290039062,-723.6761474609375,-13.481953620910645,3.435865640640259,0.06034588813781738,0.040432874113321304,0.41788268089294434,0.022310400381684303,0.6295102834701538,0.5964316725730896,-14.434381484985352,100000
87.61572265625,726.480712890625,732.396484375,389.32073974609375,-739.0240478515625,-729.2061767578125,-13.423004150390625,3.605117082595825,0.060874827206134796,-0.15437094867229462,0.4137885570526123,0.029553068801760674,0.6110155582427979,0.6077172756195068,-14.853982925415039,101000
4.81398868560791,734.3217163085938,736.7652587890625,723.7282104492188,-743.5507202148438,-733.989013671875,-12.913106918334961,3.3513731956481934,0.05691830441355705,0.3216388523578644,0.414689838886261,0.016686946153640747,0.5862510800361633,0.5921226739883423,-14.10177230834961,102000
72.31095123291016,739.7767944335938,743.6812133789062,400.52398681640625,-750.1495971679688,-740.6513061523438,-13.055173873901367,3.556900978088379,0.06148037686944008,0.004873995203524828,0.4100469946861267,0.03345165401697159,0.5892678499221802,0.5990219116210938,-14.344514846801758,103000
8.645967483520508,743.5465087890625,747.4490356445312,722.3933715820312,-754.4965209960938,-744.968017578125,-12.902695655822754,3.374213695526123,0.06166272982954979,0.22321759164333344,0.41412168741226196,0.02596212364733219,0.5933348536491394,0.5847640633583069,-14.045215606689453,104000
113.69298553466797,743.4749145507812,746.5255126953125,276.47344970703125,-753.2388305664062,-743.6047973632812,-13.292501449584961,3.658468008041382,0.058778200298547745,-0.15907253324985504,0.4102644920349121,0.028243303298950195,0.6033786535263062,0.6069779992103577,-14.633979797363281,105000
153.5101318359375,748.342529296875,751.9024658203125,621.9512939453125,-755.9898071289062,-746.0956420898438,-13.121894836425781,3.2277486324310303,0.05942048877477646,0.01830310933291912,0.40164366364479065,0.024520475417375565,0.6121644973754883,0.5895777940750122,-14.173540115356445,106000
8.745941162109375,750.5001831054688,754.7462158203125,144.57772827148438,-759.4546508789062,-749.5471801757812,-13.314722061157227,3.4072353839874268,0.06020105630159378,0.07395607978105545,0.40614745020866394,0.028491053730249405,0.6191891431808472,0.5959895849227905,-14.435206413269043,107000
275.8538818359375,752.03369140625,760.2561645507812,149.26075744628906,-761.94189453125,-752.5231323242188,-12.85097885131836,3.4321930408477783,0.06583299487829208,0.1947251856327057,0.40256941318511963,0.047126274555921555,0.6037283539772034,0.5752342343330383,-13.726205825805664,108000
5.13222599029541,759.0364990234375,763.4295043945312,741.3086547851562,-768.5809326171875,-758.8958129882812,-13.001413345336914,3.3162782192230225,0.06080276891589165,0.15178440511226654,0.4026835560798645,0.021130817010998726,0.6049853563308716,0.5867841243743896,-14.099876403808594,109000
10.587526321411133,757.8591918945312,764.9343872070312,731.5868530273438,-766.7041015625,-757.2149658203125,-13.076780319213867,3.5876693725585938,0.06177857518196106,-0.11458048224449158,0.3934352993965149,0.024785473942756653,0.5835712552070618,0.5969762802124023,-14.548025131225586,110000
152.65554809570312,757.069091796875,766.208984375,117.02046203613281,-765.6102294921875,-756.0900268554688,-12.990537643432617,3.470323085784912,0.06582829356193542,-0.05274978652596474,0.39119234681129456,0.026147399097681046,0.5926668643951416,0.596058189868927,-14.246789932250977,111000
7.7230024337768555,760.0894165039062,767.5275268554688,707.5149536132812,-770.7512817382812,-760.7220458984375,-13.323797225952148,3.294539451599121,0.06679707765579224,-0.19720949232578278,0.3861163556575775,0.02650473266839981,0.604049026966095,0.6078914403915405,-14.842272758483887,112000
9.853864669799805,760.6761474609375,768.1031494140625,719.59814453125,-770.7665405273438,-760.9805908203125,-13.023140907287598,3.2371556758880615,0.06839090585708618,-0.054803069680929184,0.38583043217658997,0.027875566855072975,0.594283938407898,0.5954018831253052,-14.421928405761719,113000
64.60124206542969,761.0740356445312,769.485107421875,230.3883819580078,-771.5594482421875,-761.9550170898438,-13.070608139038086,3.4661614894866943,0.06879322230815887,-0.31459105014801025,0.38760635256767273,0.04086765646934509,0.5949565172195435,0.6035805940628052,-14.654439926147461,114000
127.97196960449219,759.67529296875,770.4254150390625,548.570556640625,-771.0325317382812,-761.6680908203125,-12.628265380859375,3.263852596282959,0.0663093775510788,0.03994492441415787,0.3864297866821289,0.03935514762997627,0.5865591764450073,0.5820643901824951,-13.783863067626953,115000
173.9675750732422,765.0606689453125,770.655029296875,120.74678802490234,-773.8408203125,-764.576904296875,-12.468910217285156,3.205043077468872,0.07001925259828568,0.15928645431995392,0.38189029693603516,0.03393249586224556,0.5706437230110168,0.5770366191864014,-13.732210159301758,116000
66.988037109375,764.932373046875,769.8048706054688,589.4043579101562,-774.8094482421875,-764.9970703125,-13.108026504516602,3.295666217803955,0.06619472801685333,0.11318035423755646,0.3836207687854767,0.036369141191244125,0.6253616809844971,0.5860934257507324,-14.147600173950195,117000
5.869927883148193,767.0380859375,770.5689086914062,747.5341186523438,-776.4410400390625,-766.4116821289062,-13.347312927246094,3.31793212890625,0.062282536178827286,0.021594125777482986,0.3780748248100281,0.026732543483376503,0.6278305053710938,0.5957854390144348,-14.36270523071289,118000
5.479506492614746,767.0003662109375,771.0397338867188,742.3613891601562,-776.1337890625,-766.410400390625,-12.880297660827637,3.156949520111084,0.057557739317417145,0.13981428742408752,0.37832480669021606,0.02319193072617054,0.6071547269821167,0.579361081123352,-13.856693267822266,119000
6.217889308929443,768.5120849609375,772.3012084960938,750.2747192382812,-778.07958984375,-768.1835327148438,-12.808656692504883,2.912623882293701,0.06582022458314896,0.3287144601345062,0.38111916184425354,0.020894354209303856,0.605085015296936,0.5819970369338989,-13.892763137817383,120000
20.5596923828125,771.3746948242188,775.5138549804688,473.28350830078125,-781.2368774414062,-771.3521728515625,-13.163331985473633,3.278654098510742,0.06216064468026161,-0.061644598841667175,0.37692925333976746,0.033889785408973694,0.6006686091423035,0.5993590354919434,-14.54214859008789,121000
107.41299438476562,774.88525390625,777.39404296875,752.9534912109375,-783.6536254882812,-773.8043212890625,-12.842412948608398,2.9931139945983887,0.06072404980659485,0.2107219696044922,0.37783777713775635,0.022193817421793938,0.6026594042778015,0.5801960229873657,-13.805709838867188,122000
4.591020584106445,779.099365234375,780.3807983398438,769.413818359375,-788.4567260742188,-778.6358642578125,-12.96455192565918,3.143669605255127,0.058416638523340225,0.17467720806598663,0.37807732820510864,0.01722715236246586,0.5995818972587585,0.5905276536941528,-14.095907211303711,123000
301.67840576171875,778.3558349609375,785.115966796875,109.17031860351562,-787.6762084960938,-777.98095703125,-12.896353721618652,3.20109224319458,0.060004401952028275,-0.03926042467355728,0.37619930505752563,0.036762382835149765,0.5987733602523804,0.5914985537528992,-14.148833274841309,124000
4.0689263343811035,786.4661865234375,788.8905029296875,780.6380615234375,-795.9409790039062,-786.067626953125,-13.164834976196289,3.2915220260620117,0.0571650005877018,-0.050841931253671646,0.37468889355659485,0.02142028883099556,0.5952738523483276,0.6124222278594971,-14.93081283569336,125000
6.0265092849731445,790.62451171875,792.7933349609375,784.6698608398438,-799.248291015625,-789.4054565429688,-12.842140197753906,2.9993436336517334,0.06126093864440918,0.05291501432657242,0.3719039559364319,0.01621672324836254,0.5892654061317444,0.599551260471344,-14.396718978881836,126000
31.318771362304688,788.6397705078125,793.1862182617188,196.68983459472656,-797.5877075195312,-787.9900512695312,-12.955739974975586,3.3580727577209473,0.05861055850982666,-0.08960878849029541,0.37127000093460083,0.031167585402727127,0.5836515426635742,0.5995998382568359,-14.554984092712402,127000
5.934578895568848,792.492919921875,794.9771118164062,774.0380859375,-802.4300537109375,-792.5935668945312,-12.975118637084961,3.1386260986328125,0.05628974363207817,0.005640922114253044,0.3677937984466553,0.021098971366882324,0.5851414203643799,0.6031367182731628,-14.629209518432617,128000
111.27640533447266,791.3983154296875,797.651611328125,132.04092407226562,-799.9685668945312,-790.7234497070312,-12.525005340576172,3.2799229621887207,0.06310378760099411,0.0005535536911338568,0.3639940619468689,0.0399584025144577,0.5511205196380615,0.5915845036506653,-14.444198608398438,129000
4.189868450164795,796.0770263671875,798.0820922851562,789.0198364257812,-805.1378784179688,-795.489013671875,-12.637765884399414,2.988903284072876,0.05939251556992531,0.16902807354927063,0.3651482164859772,0.017407085746526718,0.583354115486145,0.5886849761009216,-14.081052780151367,130000
77.6824951171875,793.103271484375,800.3884887695312,107.98246765136719,-802.7545776367188,-792.86376953125,-12.992072105407715,3.1012489795684814,0.0655902549624443,0.017845869064331055,0.3581777811050415,0.04155009239912033,0.6177289485931396,0.5801442265510559,-13.87171745300293,131000
124.32181549072266,795.2109985351562,799.1454467773438,409.80340576171875,-805.654296875,-795.879150390625,-12.721269607543945,2.9460878372192383,0.06651236116886139,0.08582979440689087,0.3617934584617615,0.041464269161224365,0.5941411256790161,0.5788282752037048,-13.83829402923584,132000
38.126346588134766,800.0470581054688,803.9400024414062,765.8652954101562,-809.2250366210938,-799.1577758789062,-13.217267990112305,3.150028944015503,0.059020575135946274,-0.0056760734878480434,0.3609418570995331,0.020283453166484833,0.6096602082252502,0.6023994088172913,-14.617765426635742,133000
4.5604705810546875,804.1181640625,805.93896484375,796.1049194335938,-813.9637451171875,-803.8139038085938,-13.01034927368164,2.860513687133789,0.061032574623823166,0.1529838591814041,0.3599165976047516,0.02405502460896969,0.6097168922424316,0.5854595899581909,-14.038135528564453,134000
209.48764038085938,801.2710571289062,807.841064453125,125.3016357421875,-812.289794921875,-802.4586791992188,-12.701619148254395,2.870465040206909,0.06772971898317337,0.063382089138031,0.35398778319358826,0.03900629281997681,0.6057898998260498,0.5806707143783569,-13.626021385192871,135000
6.7999725341796875,807.4983520507812,808.565185546875,803.3238525390625,-816.9624633789062,-806.892578125,-13.031606674194336,2.9617159366607666,0.056417953222990036,0.18540868163108826,0.3566170930862427,0.01952626369893551,0.6052370071411133,0.5991030931472778,-14.409724235534668,136000
7.2566819190979,811.5472412109375,813.1090087890625,771.6668090820312,-821.26171875,-810.9010009765625,-13.523805618286133,3.1631076335906982,0.0553944893181324,-0.10675018280744553,0.35591980814933777,0.02489462122321129,0.6267554759979248,0.6135955452919006,-14.998880386352539,137000
29.575164794921875,811.0123291015625,814.6433715820312,626.6495971679688,-819.748779296875,-809.7266845703125,-13.210451126098633,3.188354253768921,0.06175410747528076,-0.1516118049621582,0.356402724981308,0.03208666294813156,0.6071035265922546,0.6063324809074402,-14.70957088470459,138000
10.536571502685547,813.2483520507812,815.0404663085938,754.7955932617188,-821.8953247070312,-812.2579345703125,-12.859321594238281,3.2218968868255615,0.056692712008953094,-0.31856420636177063,0.35294219851493835,0.03308726102113724,0.5643036961555481,0.6172038912773132,-15.207027435302734,139000
7.560710430145264,813.78515625,815.7206420898438,805.7879638671875,-822.331298828125,-812.6895141601562,-12.864581108093262,3.2227799892425537,0.05652357637882233,-0.10284154862165451,0.3525320291519165,0.027769336476922035,0.5790789127349854,0.6060521006584167,-14.925088882446289,140000
6.806008338928223,816.208251953125,816.3383178710938,815.1527099609375,-825.90869140625,-816.162841796875,-12.660041809082031,2.914186716079712,0.05521918088197708,0.14947302639484406,0.3538967967033386,0.019228121265769005,0.5731960535049438,0.5935311913490295,-14.307119369506836,141000
835.0418090820312,815.134033203125,818.7037963867188,401.1640319824219,-824.5859985351562,-814.8055419921875,-12.900871276855469,3.120394468307495,0.057313624769449234,-0.028657298535108566,0.35006651282310486,0.03357282280921936,0.5881108641624451,0.598365306854248,-14.482548713684082,142000
77.05016326904297,815.0106811523438,816.9549560546875,521.3229370117188,-825.1861572265625,-815.286376953125,-12.581918716430664,2.682152509689331,0.06389162689447403,0.3177650272846222,0.3474547863006592,0.028975186869502068,0.604070246219635,0.5726823210716248,-13.429277420043945,143000
151.21237182617188,817.0426025390625,819.3684692382812,432.0673828125,-827.5512084960938,-817.4951171875,-12.897665977478027,2.8415400981903076,0.05825356766581535,0.036004118621349335,0.34835976362228394,0.028177564963698387,0.6027619242668152,0.5889707207679749,-14.013405799865723,144000
150.01104736328125,816.040771484375,820.6622924804688,226.5137176513672,-825.64013671875,-815.9287719726562,-12.662607192993164,2.951241970062256,0.06429620087146759,0.023474469780921936,0.34890609979629517,0.038560859858989716,0.595726490020752,0.5826009511947632,-13.903961181640625,145000
5.383854389190674,822.2723388671875,823.6953735351562,811.4631958007812,-831.3716430664062,-821.6143798828125,-12.817794799804688,3.060528516769409,0.0550338439643383,0.0007284113089554012,0.3497159779071808,0.023043908178806305,0.5821179151535034,0.6023334860801697,-14.627117156982422,146000
1161.4727783203125,814.0986328125,823.8648071289062,76.86166381835938,-823.83642578125,-814.4600830078125,-12.34831428527832,2.9719622135162354,0.06484248489141464,0.011022604070603848,0.35081976652145386,0.03658248484134674,0.5784262418746948,0.5743809938430786,-13.370197296142578,147000
36.91752624511719,826.1130981445312,828.6155395507812,695.8743896484375,-834.83154296875,-825.3536987304688,-12.158690452575684,2.6808574199676514,0.05742413178086281,0.1179172471165657,0.33297425508499146,0.021604716777801514,0.5496702194213867,0.5925882458686829,-14.133249282836914,148000
5.754256725311279,824.4638061523438,826.0758056640625,817.75439453125,-833.786865234375,-823.6865234375,-12.940070152282715,2.839715003967285,0.0567118301987648,0.3064882457256317,0.35180872678756714,0.020691752433776855,0.6194099187850952,0.5824825763702393,-13.84235954284668,149000
6.1226115226745605,819.968505859375,821.9983520507812,814.1021728515625,-829.0424194335938,-818.8428955078125,-12.815523147583008,2.6160264015197754,0.05640534684062004,0.353142648935318,0.33911845088005066,0.016773533076047897,0.612674355506897,0.5719202756881714,-13.410731315612793,150000
4.1983489990234375,822.4136352539062,824.6058959960938,816.7295532226562,-832.5210571289062,-821.9783325195312,-13.473495483398438,2.930802822113037,0.0562032051384449,-0.09278670698404312,0.33649659156799316,0.017924722284078598,0.6257690191268921,0.6163815259933472,-15.028372764587402,151000
5.042478084564209,825.6619873046875,827.4369506835938,810.9818115234375,-833.820556640625,-824.80908203125,-11.7040376663208,2.692535400390625,0.05606447532773018,0.0025612374301999807,0.3231582045555115,0.030381789430975914,0.4994322657585144,0.5930768251419067,-14.323301315307617,152000
3.4521398544311523,829.9267578125,831.9984741210938,819.9713134765625,-839.1917724609375,-829.7225341796875,-12.101598739624023,2.632401466369629,0.05868400260806084,0.30373555421829224,0.33756962418556213,0.02416214719414711,0.5506256818771362,0.578770637512207,-13.833186149597168,153000
57.834434509277344,827.9559326171875,832.9171752929688,618.166015625,-838.12353515625,-828.4431762695312,-12.477599143981934,2.7972655296325684,0.06004820019006729,0.19197967648506165,0.33419856429100037,0.028079591691493988,0.5833051800727844,0.5795605182647705,-13.83810806274414,154000
6.680006980895996,830.6043701171875,832.481689453125,785.7158203125,-839.6466674804688,-829.8350830078125,-12.617176055908203,2.805626630783081,0.0597107969224453,0.009956742636859417,0.33093708753585815,0.024091238155961037,0.5838824510574341,0.5898209810256958,-14.042876243591309,155000
8.055896759033203,834.093505859375,836.4422607421875,826.2916870117188,-842.681640625,-833.125732421875,-12.522409439086914,2.966522216796875,0.054165955632925034,0.041981860995292664,0.3542236089706421,0.01869145780801773,0.5769648551940918,0.5862329602241516,-13.879154205322266,156000
15.786870956420898,833.6835327148438,839.668212890625,218.08872985839844,-843.629638671875,-833.8837890625,-12.44603157043457,2.7002182006835938,0.06374712288379669,-0.01001938246190548,0.33140894770622253,0.021106410771608353,0.5741899609565735,0.5940743684768677,-14.125995635986328,157000
7.46513032913208,834.054931640625,839.47607421875,808.6953735351562,-844.4283447265625,-834.479248046875,-12.675658226013184,2.7265541553497314,0.058341436088085175,0.1395464390516281,0.32759279012680054,0.01977573335170746,0.5862468481063843,0.5915051102638245,-14.162546157836914,158000
4.719805717468262,837.6560668945312,841.9680786132812,815.2296142578125,-847.6474609375,-837.5629272460938,-12.746359825134277,2.6618030071258545,0.06338561326265335,0.10431250929832458,0.3263096511363983,0.01991564780473709,0.6117757558822632,0.5785589814186096,-13.689576148986816,159000
5.843252182006836,836.3848266601562,842.0875854492188,798.7293090820312,-845.8399047851562,-835.79296875,-12.774527549743652,2.7276158332824707,0.05792263522744179,0.10954666882753372,0.32595986127853394,0.016688477247953415,0.6060529947280884,0.592360258102417,-14.122383117675781,160000
6.3900041580200195,838.9539794921875,843.0223388671875,811.6007080078125,-847.8330688476562,-837.733154296875,-12.741691589355469,2.641798257827759,0.05715963616967201,0.19601625204086304,0.3203957974910736,0.017715781927108765,0.5972138047218323,0.5891282558441162,-14.014875411987305,161000
25.318246841430664,837.0213012695312,843.0506591796875,63.74671173095703,-847.1749877929688,-837.268798828125,-12.443172454833984,2.5369858741760254,0.06293641775846481,0.10029291361570358,0.31931036710739136,0.021923882886767387,0.5902892351150513,0.577765941619873,-13.656352043151855,162000
52.26530075073242,838.0972900390625,843.9654541015625,392.85003662109375,-847.7744750976562,-837.8849487304688,-12.580621719360352,2.691108226776123,0.06079484522342682,0.004956708289682865,0.3223001956939697,0.023491526022553444,0.5887281894683838,0.5872119069099426,-14.004236221313477,163000
3.9120147228240967,840.6795654296875,845.723876953125,811.2705688476562,-850.2700805664062,-840.3731689453125,-12.458812713623047,2.561889410018921,0.05870451405644417,0.24521896243095398,0.32277360558509827,0.019481658935546875,0.5819768905639648,0.5826221704483032,-13.822202682495117,164000
65.85432434082031,837.16015625,845.0880126953125,83.58329010009766,-846.8798217773438,-837.2545166015625,-12.339553833007812,2.714233875274658,0.06356235593557358,0.04846290498971939,0.3283284902572632,0.021278049796819687,0.5835798978805542,0.580426812171936,-13.613426208496094,165000
57.010162353515625,843.3515625,849.2635498046875,292.63519287109375,-852.84619140625,-843.0858154296875,-12.461261749267578,2.7008628845214844,0.06101524829864502,0.07595646381378174,0.32403382658958435,0.023886999115347862,0.5897189378738403,0.5824331045150757,-13.77058219909668,166000
9.408994674682617,844.9554443359375,850.9755859375,812.86083984375,-855.2245483398438,-845.44384765625,-12.348018646240234,2.5673115253448486,0.061052702367305756,0.08929633349180222,0.31629320979118347,0.020924435928463936,0.5769155621528625,0.5804556012153625,-13.737058639526367,167000
96.84140014648438,840.0018920898438,851.331298828125,106.90763854980469,-849.634765625,-839.95654296875,-12.275888442993164,2.597639799118042,0.06765493005514145,-0.0005567242624238133,0.31111615896224976,0.02519417181611061,0.5729902386665344,0.5778980255126953,-13.62330436706543,168000
6.299531936645508,843.310302734375,849.5717163085938,794.4916381835938,-853.1740112304688,-843.314697265625,-12.500310897827148,2.640961170196533,0.06122724339365959,0.225084587931633,0.3232385516166687,0.024742931127548218,0.5869050621986389,0.5744080543518066,-13.628854751586914,169000
137.92037963867188,843.782470703125,850.0850830078125,257.3616943359375,-854.016845703125,-844.1729125976562,-12.318729400634766,2.474790573120117,0.06873571127653122,0.04353881999850273,0.3068852126598358,0.023918146267533302,0.5782957077026367,0.5760730504989624,-13.695433616638184,170000
5.076972961425781,844.7462158203125,850.2626342773438,804.6005859375,-854.8890380859375,-844.8025512695312,-12.74189567565918,2.655365467071533,0.06303809583187103,-0.018881559371948242,0.3106001615524292,0.026883240789175034,0.5869574546813965,0.590988039970398,-14.287453651428223,171000
3.9126672744750977,847.1390991210938,851.4639282226562,813.51953125,-856.22705078125,-846.2517700195312,-12.664844512939453,2.689549446105957,0.05972648411989212,-0.11867287755012512,0.30985787510871887,0.021943267434835434,0.5853283405303955,0.5965234637260437,-14.393220901489258,172000
246.4251708984375,844.668212890625,850.6669311523438,331.5923767089844,-854.675048828125,-844.4554443359375,-12.918407440185547,2.698805809020996,0.062268614768981934,-0.19886191189289093,0.3042336702346802,0.018090754747390747,0.5950020551681519,0.6062964200973511,-14.641119003295898,173000
52.65441131591797,844.6140747070312,853.3167724609375,196.22982788085938,-854.8839111328125,-845.2493896484375,-12.48945140838623,2.8549387454986572,0.06686064600944519,-0.058030057698488235,0.3175993859767914,0.02740764059126377,0.5811892747879028,0.5860652327537537,-14.005783081054688,174000
3.8188130855560303,849.160400390625,852.500732421875,821.0371704101562,-859.2720336914062,-848.964599609375,-12.906156539916992,2.5986764430999756,0.05599624291062355,0.09816280007362366,0.3229285478591919,0.01597774773836136,0.6164528131484985,0.589237630367279,-13.945772171020508,175000
30.578744888305664,846.6564331054688,853.5399169921875,104.71446228027344,-857.0025024414062,-846.6024169921875,-13.157546043395996,2.757425546646118,0.05765307694673538,-0.1335763782262802,0.31107133626937866,0.018748773261904716,0.6165847778320312,0.6144376993179321,-14.838153839111328,176000
96.47537231445312,847.5987548828125,852.5186767578125,446.73095703125,-857.7682495117188,-847.7363891601562,-12.964776039123535,2.93290376663208,0.060216400772333145,-0.17865929007530212,0.3118429183959961,0.029153838753700256,0.605208158493042,0.6012308597564697,-14.583487510681152,177000
59.171539306640625,847.380615234375,852.6442260742188,649.4315185546875,-856.9594116210938,-847.047607421875,-12.447660446166992,2.535820960998535,0.06766728311777115,0.010828675702214241,0.30209994316101074,0.021579783409833908,0.5889726877212524,0.5812426805496216,-13.73426342010498,178000
10.967729568481445,844.222900390625,851.7308349609375,194.5682373046875,-854.205078125,-844.1976318359375,-12.437881469726562,2.4304041862487793,0.06792514771223068,0.14677216112613678,0.3027067184448242,0.022055989131331444,0.5947853922843933,0.5708575248718262,-13.413285255432129,179000
8.469670295715332,846.744384765625,852.334228515625,810.8840942382812,-855.8673095703125,-845.7196044921875,-12.747699737548828,2.600006103515625,0.06205837056040764,0.008935103192925453,0.29410111904144287,0.019688839092850685,0.5971164703369141,0.5899621248245239,-14.101717948913574,180000
10.917827606201172,845.5558471679688,852.9452514648438,781.1847534179688,-853.2267456054688,-843.3561401367188,-12.390628814697266,2.520045757293701,0.06068453937768936,0.03299097344279289,0.30694180727005005,0.017170708626508713,0.5760819315910339,0.5928319692611694,-14.099777221679688,181000
47.43262481689453,845.6121826171875,853.8817138671875,79.3904037475586,-854.4594116210938,-844.9313354492188,-11.9703369140625,2.4422574043273926,0.06952513009309769,-0.013658987358212471,0.2969999313354492,0.031972579658031464,0.5523552894592285,0.5707060694694519,-13.638439178466797,182000
5.812487602233887,848.260009765625,854.0858154296875,795.7371215820312,-857.3283081054688,-847.63037109375,-11.993890762329102,2.295943260192871,0.0664052963256836,0.22460642457008362,0.29240912199020386,0.02428441494703293,0.5586633682250977,0.5693600177764893,-13.515207290649414,183000
13.907567024230957,844.7255249023438,853.536865234375,23.03717803955078,-853.8204345703125,-843.9625244140625,-12.203067779541016,2.34513521194458,0.06787212193012238,0.06166374683380127,0.2881934344768524,0.03611394762992859,0.5708293914794922,0.5735263228416443,-13.782584190368652,184000
19.70624351501465,842.5572509765625,852.781982421875,35.05023956298828,-850.5579223632812,-840.9095458984375,-12.132024765014648,2.483649730682373,0.066195547580719,0.03964689373970032,0.29418426752090454,0.03082834556698799,0.5756070613861084,0.5682815909385681,-13.448196411132812,185000
348.16571044921875,841.7606201171875,851.9057006835938,441.7836608886719,-851.5254516601562,-841.6458740234375,-12.238006591796875,2.3584656715393066,0.07043802738189697,0.06638345867395401,0.2866045832633972,0.033842504024505615,0.5771496891975403,0.5690947771072388,-13.49835205078125,186000
9.96220588684082,845.3558349609375,850.662109375,745.4502563476562,-855.242919921875,-845.288330078125,-12.442787170410156,2.48822283744812,0.06043066829442978,-0.033899400383234024,0.2935352027416229,0.01748513989150524,0.5801647305488586,0.5903951525688171,-14.015326499938965,187000
16.182167053222656,841.241455078125,849.9981689453125,731.1273193359375,-852.1820678710938,-841.8494873046875,-12.817131042480469,2.484586000442505,0.06768421828746796,0.008546165190637112,0.28988057374954224,0.026107482612133026,0.608378529548645,0.5811325907707214,-13.873577117919922,188000
1157.65234375,841.2529296875,849.7476806640625,165.826416015625,-850.3999633789062,-840.7112426757812,-12.3441801071167,2.6554653644561768,0.06090336665511131,-0.1755298376083374,0.2837642431259155,0.02650439366698265,0.566482663154602,0.5986319780349731,-14.441986083984375,189000
5.2135467529296875,841.7537231445312,848.4697265625,756.5885009765625,-851.9580688476562,-841.9364013671875,-12.546845436096191,2.52520751953125,0.06534241884946823,-0.09763730317354202,0.2844526171684265,0.02456291764974594,0.5877745151519775,0.5867166519165039,-14.043408393859863,190000
9.97765064239502,839.3950805664062,847.1409301757812,773.6246948242188,-849.1675415039062,-839.0686645507812,-12.417867660522461,2.3189494609832764,0.06402844935655594,0.071345254778862,0.2902122437953949,0.02994835004210472,0.5943478941917419,0.5665842294692993,-13.499221801757812,191000
5.8999176025390625,840.25048828125,846.4443359375,782.2661743164062,-850.1264038085938,-839.9488525390625,-12.798938751220703,2.6214096546173096,0.05731259658932686,-0.06953375786542892,0.29528769850730896,0.021906957030296326,0.6087813973426819,0.5959591269493103,-14.300485610961914,192000
8.423337936401367,839.4061279296875,846.4570922851562,771.0784301757812,-849.1692504882812,-839.0804443359375,-12.485179901123047,2.396336317062378,0.05931869149208069,-0.00421008188277483,0.28628504276275635,0.01907264068722725,0.5809088349342346,0.5891710519790649,-14.106264114379883,193000
42.51310348510742,838.3971557617188,846.019287109375,299.4230651855469,-849.3233642578125,-839.5595092773438,-12.26817512512207,2.5043630599975586,0.06457477062940598,-0.17577318847179413,0.2853909134864807,0.023240555077791214,0.5681930780410767,0.5901197791099548,-14.090471267700195,194000
21.55685043334961,837.5054931640625,844.5873413085938,737.870361328125,-849.04443359375,-838.4886474609375,-12.973209381103516,2.417438507080078,0.05635799467563629,-0.015880268067121506,0.2920437753200531,0.016922084614634514,0.6289094686508179,0.5880526304244995,-13.93458366394043,195000
4.27340841293335,841.4574584960938,847.0951538085938,805.106689453125,-851.8982543945312,-841.4974365234375,-12.699333190917969,2.2985270023345947,0.062224190682172775,0.12184913456439972,0.2883480191230774,0.030699916183948517,0.6172821521759033,0.5678216814994812,-13.428537368774414,196000
349.962646484375,840.94970703125,849.1380004882812,281.2108154296875,-851.971923828125,-842.5778198242188,-11.96933650970459,2.5752651691436768,0.05825648084282875,0.04774345085024834,0.2981562912464142,0.0170510932803154,0.5647709369659424,0.5739407539367676,-13.40406608581543,197000
6.712985038757324,841.5433349609375,848.8720703125,782.1875610351562,-851.75537109375,-841.5103759765625,-12.738780975341797,2.493784189224243,0.05836612358689308,-0.02091526985168457,0.2855355739593506,0.01985292322933674,0.6038306951522827,0.5915665626525879,-14.183595657348633,198000
6.007078647613525,840.4712524414062,848.9823608398438,778.496826171875,-850.9741821289062,-840.6249389648438,-12.46579360961914,2.1165475845336914,0.06262211501598358,0.12705732882022858,0.2896939516067505,0.022919444367289543,0.6098381280899048,0.5625773668289185,-13.180394172668457,199000
59.71995544433594,842.1182250976562,847.8375854492188,713.953857421875,-851.7283935546875,-841.7476806640625,-12.401552200317383,2.4208366870880127,0.061010170727968216,-0.037460219115018845,0.2729068696498871,0.027466192841529846,0.5812387466430664,0.5850614309310913,-14.03573989868164,200000
8.313602447509766,839.1929931640625,847.3648681640625,775.3921508789062,-848.4672241210938,-838.3401489257812,-12.704704284667969,2.577622890472412,0.0521482415497303,0.004171083681285381,0.2974933981895447,0.01672818511724472,0.5955206751823425,0.5946668982505798,-14.180349349975586,201000
7.571447849273682,841.0777587890625,847.3898315429688,763.3837280273438,-850.3574829101562,-840.2438354492188,-12.564875602722168,2.4512317180633545,0.05455216392874718,0.01597611792385578,0.27800077199935913,0.02087033912539482,0.5926167964935303,0.586071252822876,-13.997159957885742,202000
17.25489044189453,839.330078125,847.2279052734375,740.7259521484375,-849.1381225585938,-838.9871215820312,-12.614175796508789,2.463169813156128,0.05567286163568497,-0.007369225844740868,0.28440865874290466,0.018319960683584213,0.593091607093811,0.5885981321334839,-14.021978378295898,203000
41.71392822265625,839.1640014648438,847.3466796875,695.657470703125,-848.6766967773438,-838.871337890625,-12.007672309875488,2.202343225479126,0.06119222566485405,0.1773863434791565,0.2889441251754761,0.02244214341044426,0.5694468021392822,0.5663906335830688,-13.296927452087402,204000
36.80158233642578,834.935791015625,846.4940795898438,256.66357421875,-844.378173828125,-834.6435546875,-12.332286834716797,2.597648859024048,0.056204333901405334,-0.1367240995168686,0.2892763316631317,0.016722247004508972,0.5757784843444824,0.6015291213989258,-14.26109504699707,205000
268.1405029296875,836.2286376953125,845.0241088867188,590.1770629882812,-845.3707275390625,-835.616455078125,-12.097057342529297,2.342787027359009,0.057401545345783234,0.0675068125128746,0.28445082902908325,0.01813896745443344,0.562159538269043,0.580525279045105,-13.748772621154785,206000
156.85687255859375,833.486572265625,845.507568359375,487.2275390625,-844.4114379882812,-834.6922607421875,-12.31976318359375,2.600569009780884,0.05713236331939697,-0.2912408411502838,0.275776207447052,0.01745779812335968,0.5711902379989624,0.6018328070640564,-14.40454387664795,207000
194.1827850341797,831.4234008789062,843.7827758789062,502.2743835449219,-841.250732421875,-831.607177734375,-12.01235294342041,2.3687686920166016,0.06362055987119675,0.1135077103972435,0.2828883230686188,0.020671412348747253,0.5658512115478516,0.5669524669647217,-13.456842422485352,208000
11.97396469116211,833.3609008789062,842.4803466796875,743.5071411132812,-842.9163818359375,-833.0484619140625,-12.29037094116211,2.422428607940674,0.055561363697052,-0.06392858177423477,0.28582170605659485,0.020811671391129494,0.5768365859985352,0.5896943807601929,-14.092283248901367,209000
17.24616050720215,831.8427734375,839.4808349609375,730.3583984375,-841.5369873046875,-831.34765625,-12.669268608093262,2.479900360107422,0.05730501934885979,-0.07951146364212036,0.2755735218524933,0.02460670843720436,0.6025327444076538,0.5888403058052063,-14.120567321777344,210000
12.14019775390625,829.4446411132812,839.0130004882812,135.5113525390625,-838.9149169921875,-828.9974365234375,-12.363554954528809,2.446063280105591,0.058384280651807785,0.035525042563676834,0.2780725657939911,0.017611252143979073,0.5846699476242065,0.5764369368553162,-13.500744819641113,211000
408.1375427246094,825.2476196289062,840.2290649414062,299.7648620605469,-836.1741333007812,-826.2951049804688,-12.109228134155273,2.2301993370056152,0.05860016122460365,0.07481487840414047,0.2837984263896942,0.018805289641022682,0.5822489857673645,0.5661128759384155,-13.278719902038574,212000
6.354924201965332,829.19580078125,838.248291015625,751.0887451171875,-839.1686401367188,-828.7535400390625,-12.685064315795898,2.2699594497680664,0.05868414789438248,0.041612014174461365,0.27222779393196106,0.022106580436229706,0.6033800840377808,0.5840921401977539,-13.918115615844727,213000
7.040812969207764,828.2877807617188,838.093994140625,735.4700927734375,-838.0801391601562,-827.761474609375,-12.703612327575684,2.384965181350708,0.05437479168176651,-0.05843416228890419,0.2858169376850128,0.019878337159752846,0.6002800464630127,0.5928537845611572,-14.196474075317383,214000
64.17662811279297,825.5799560546875,836.5803833007812,141.93284606933594,-834.6054077148438,-824.537841796875,-12.49993896484375,2.432370185852051,0.054884687066078186,-0.13044975697994232,0.27313828468322754,0.023263506591320038,0.5876206159591675,0.5908876061439514,-14.243229866027832,215000
89.94392395019531,826.4010009765625,836.4229125976562,514.0509643554688,-835.6040649414062,-825.4052734375,-12.597711563110352,2.3989417552948,0.05590207502245903,-0.17830970883369446,0.27466559410095215,0.02074120193719864,0.5912165641784668,0.5921574831008911,-14.196610450744629,216000
27.96993637084961,823.827392578125,836.0955200195312,667.9581909179688,-834.203369140625,-824.180419921875,-12.473121643066406,2.450216054916382,0.060134146362543106,-0.05449278652667999,0.27357935905456543,0.02917502447962761,0.5983010530471802,0.5646629929542542,-13.434858322143555,217000
13.56877613067627,822.9849853515625,835.456298828125,566.6441040039062,-832.005615234375,-821.717041015625,-12.54423713684082,2.255645990371704,0.05971930921077728,0.10372107475996017,0.26752257347106934,0.02735321968793869,0.6124305725097656,0.5632086992263794,-13.259946823120117,218000
8.81683349609375,826.1422729492188,834.8668212890625,701.0112915039062,-835.5413208007812,-825.3339233398438,-12.67289924621582,2.465540647506714,0.052993327379226685,-0.2766447067260742,0.27719607949256897,0.018804918974637985,0.592603325843811,0.6132315397262573,-14.808699607849121,219000
13.126921653747559,823.507080078125,834.1477661132812,710.3171997070312,-832.3610229492188,-822.3130493164062,-12.286041259765625,2.238086462020874,0.05379673093557358,0.16317012906074524,0.2873676121234894,0.017952192574739456,0.5911919474601746,0.5637613534927368,-13.19791030883789,220000
12.014305114746094,822.2783813476562,833.0568237304688,701.3094482421875,-831.9271240234375,-821.886962890625,-12.475820541381836,2.43566632270813,0.05185753107070923,-0.10104461759328842,0.281019002199173,0.01965274289250374,0.5923435688018799,0.5840612649917603,-13.86482048034668,221000
14.05350112915039,819.8761596679688,832.1468505859375,686.2369995117188,-829.0780029296875,-819.2740478515625,-12.147270202636719,2.343336582183838,0.05478387698531151,-0.1353663206100464,0.2754210829734802,0.020348533987998962,0.566023051738739,0.5930721163749695,-14.154237747192383,222000
8.500561714172363,822.8623046875,832.232177734375,699.3095092773438,-832.7003173828125,-822.3642578125,-12.764291763305664,2.4282028675079346,0.05163935199379921,-0.11281021684408188,0.28151556849479675,0.01749478653073311,0.6134190559387207,0.5929386019706726,-14.096664428710938,223000
12.732277870178223,820.4093017578125,831.9895629882812,689.0149536132812,-830.0383911132812,-820.0628662109375,-12.336583137512207,2.361100673675537,0.05166966840624809,-0.1097790077328682,0.265221506357193,0.025135204195976257,0.5759621858596802,0.586835503578186,-14.085248947143555,224000
13.513070106506348,817.680419921875,830.2135620117188,686.3724365234375,-827.0836791992188,-817.3206787109375,-12.169641494750977,2.4066221714019775,0.053284402936697006,-0.032604414969682693,0.28672680258750916,0.02052849717438221,0.5740498304367065,0.5821682214736938,-13.84967041015625,225000
173.78077697753906,819.02880859375,831.0570068359375,606.8656005859375,-828.4990234375,-818.710693359375,-11.96023941040039,2.171943187713623,0.057786114513874054,0.043841440230607986,0.2677780091762543,0.02478378266096115,0.5717567801475525,0.5629077553749084,-13.259593963623047,226000
8.060060501098633,821.0596923828125,831.54638671875,704.8519897460938,-829.522216796875,-820.1432495117188,-11.755716323852539,2.376763343811035,0.05300242081284523,0.050059981644153595,0.280995637178421,0.017889494076371193,0.5493028163909912,0.5796375274658203,-13.69140625,227000
10.312146186828613,821.4384765625,831.3351440429688,695.77001953125,-830.7155151367188,-820.9248046875,-12.094268798828125,2.303497552871704,0.05592571198940277,-0.09554769098758698,0.26600033044815063,0.019376393407583237,0.5605729222297668,0.593330442905426,-14.188823699951172,228000
7.860548973083496,821.1410522460938,831.1728515625,708.1607666015625,-830.7481079101562,-820.9664916992188,-11.970048904418945,2.1884353160858154,0.061848513782024384,0.02152288518846035,0.2673124074935913,0.02296692691743374,0.5694481134414673,0.5703040361404419,-13.489272117614746,229000
6.143734455108643,825.3357543945312,832.4563598632812,719.968017578125,-835.2493896484375,-825.0982666015625,-12.262099266052246,2.1109392642974854,0.06383635103702545,0.017274431884288788,0.25236833095550537,0.023639384657144547,0.5757352113723755,0.5864855647087097,-14.014188766479492,230000
7.910999774932861,821.672607421875,832.1563720703125,706.425048828125,-831.0723876953125,-821.2140502929688,-12.213115692138672,2.354769706726074,0.05387072637677193,0.13055507838726044,0.2832483649253845,0.01850341260433197,0.5842373371124268,0.5680425763130188,-13.34229564666748,231000
10.823373794555664,821.660888671875,832.4956665039062,690.109619140625,-830.1807861328125,-820.0028076171875,-12.302698135375977,2.1247005462646484,0.05838380008935928,0.06770173460245132,0.2587735652923584,0.023599591106176376,0.5889568328857422,0.5798230171203613,-13.791801452636719,232000
10.790031433105469,822.2445678710938,832.5093994140625,696.9104614257812,-831.86181640625,-822.0013427734375,-12.237656593322754,2.377199411392212,0.05549180880188942,-0.05317056179046631,0.27277281880378723,0.02180643379688263,0.5753716230392456,0.5773963332176208,-13.682427406311035,233000
19.27593994140625,818.100830078125,829.5494384765625,695.9664306640625,-827.284423828125,-817.150634765625,-12.312117576599121,2.1783175468444824,0.05747564509510994,0.05214456468820572,0.2603263258934021,0.030909188091754913,0.5955075025558472,0.5655765533447266,-13.383737564086914,234000
42.96416473388672,819.48291015625,829.4902954101562,369.1098327636719,-829.3504638671875,-819.422607421875,-12.357830047607422,2.42999529838562,0.05511573329567909,-0.18371862173080444,0.27311232686042786,0.01641600951552391,0.5815755724906921,0.596064567565918,-14.15903377532959,235000
59.609642028808594,814.83251953125,830.0064697265625,162.03640747070312,-825.0031127929688,-815.5409545898438,-11.849811553955078,2.387613296508789,0.06135326251387596,-0.1174454465508461,0.28343111276626587,0.0263423603028059,0.5660435557365417,0.5617398619651794,-13.076704025268555,236000
485.392822265625,815.9212646484375,830.170166015625,90.36886596679688,-825.3058471679688,-815.817626953125,-11.707986831665039,2.219806671142578,0.06646227091550827,0.07394726574420929,0.26850658655166626,0.017871733754873276,0.5619361400604248,0.5559439659118652,-12.826622009277344,237000
148.7653045654297,816.0921630859375,829.458984375,309.6766662597656,-826.3717651367188,-816.81005859375,-11.998503684997559,2.4367716312408447,0.054566942155361176,0.023563895374536514,0.27862513065338135,0.0203693900257349,0.566328763961792,0.5705938339233398,-13.382905960083008,238000
10.167640686035156,816.9771728515625,828.7716064453125,640.7069091796875,-826.209716796875,-816.8111572265625,-11.525679588317871,2.1271495819091797,0.06387949734926224,0.03154249116778374,0.2678341269493103,0.02046852745115757,0.5547007918357849,0.551374077796936,-12.865132331848145,239000
12.764961242675781,817.2073974609375,829.0498657226562,711.1982421875,-827.1925659179688,-817.1517333984375,-12.339332580566406,2.298520088195801,0.05803289636969566,0.023729685693979263,0.2683003842830658,0.019004404544830322,0.5892003178596497,0.57024085521698,-13.435281753540039,240000
312.5078125,817.9329833984375,829.6846313476562,55.159358978271484,-826.7774047851562,-816.7213134765625,-12.225147247314453,2.1690855026245117,0.055290598422288895,0.12004195153713226,0.2616998255252838,0.025342434644699097,0.591773509979248,0.5581088066101074,-13.074705123901367,241000
10.339032173156738,819.3104248046875,829.4629516601562,716.70068359375,-829.6970825195312,-819.4949340820312,-12.319140434265137,2.1170287132263184,0.05500360578298569,0.16070353984832764,0.26791930198669434,0.018687933683395386,0.5918591022491455,0.5707361698150635,-13.426591873168945,242000
20.147756576538086,817.739013671875,830.2468872070312,213.94541931152344,-827.5824584960938,-818.0986328125,-11.778022766113281,2.294215202331543,0.05821910873055458,-0.1101701408624649,0.26078343391418457,0.016691584140062332,0.5556255578994751,0.5776064395904541,-13.391433715820312,243000
14.527907371520996,821.314697265625,831.1749267578125,658.496337890625,-830.96826171875,-821.0599365234375,-12.094473838806152,2.1861531734466553,0.05209920182824135,-0.016567712649703026,0.2549169659614563,0.02781072072684765,0.5685826539993286,0.5795068740844727,-13.779777526855469,244000
15.88072395324707,816.92919921875,831.0857543945312,449.8340148925781,-827.1807250976562,-817.08740234375,-12.352240562438965,2.2589054107666016,0.06180305406451225,-0.0608053095638752,0.26761090755462646,0.02354319766163826,0.6039935946464539,0.5625715255737305,-13.1497220993042,245000
10.845796585083008,818.2747802734375,828.708740234375,730.294921875,-827.662109375,-817.3546142578125,-12.39726448059082,2.089806079864502,0.056071169674396515,0.05736240744590759,0.2500849962234497,0.019778165966272354,0.597376823425293,0.5766488313674927,-13.615164756774902,246000
120.89280700683594,814.6121826171875,828.2842407226562,436.84130859375,-823.6216430664062,-813.5821533203125,-12.108315467834473,2.068842649459839,0.05547505244612694,0.13875672221183777,0.26008349657058716,0.027108006179332733,0.580873429775238,0.5562252998352051,-13.062995910644531,247000
55.88371276855469,811.3692016601562,829.4166259765625,453.8509521484375,-820.6506958007812,-811.4761962890625,-11.375273704528809,2.200732707977295,0.06656502932310104,0.05098685994744301,0.2684658169746399,0.030470427125692368,0.5501245856285095,0.5445283055305481,-12.671144485473633,248000
20.401039123535156,814.7412109375,829.5639038085938,680.9459838867188,-824.607177734375,-814.7384643554688,-12.077264785766602,2.208543539047241,0.05888211727142334,-0.09095781296491623,0.26425793766975403,0.022495437413454056,0.5824308395385742,0.5612204670906067,-13.160482406616211,249000
40.19519805908203,818.329345703125,830.2202758789062,408.510986328125,-828.1039428710938,-818.250732421875,-12.132514953613281,2.279282569885254,0.052233610302209854,-0.00521460734307766,0.25172778964042664,0.0248307716101408,0.5746833086013794,0.5835682153701782,-13.86240005493164,250000
13.33816146850586,817.3016967773438,830.6743774414062,679.372802734375,-827.5077514648438,-817.0020751953125,-12.729813575744629,2.2241358757019043,0.05233428254723549,0.011520748026669025,0.255275160074234,0.023061396554112434,0.6158303022384644,0.5767855644226074,-13.643411636352539,251000
13.792649269104004,817.9344482421875,829.8291625976562,565.82568359375,-827.390625,-817.5675048828125,-12.055569648742676,2.2324063777923584,0.05541714280843735,0.05058405175805092,0.26571840047836304,0.018130047246813774,0.5801984071731567,0.5727265477180481,-13.433465957641602,252000
14.551446914672852,818.222412109375,829.783935546875,694.8741455078125,-827.0213012695312,-817.324462890625,-11.777341842651367,2.0805044174194336,0.05421558395028114,0.10158896446228027,0.2608197331428528,0.020195093005895615,0.5610663294792175,0.5707435607910156,-13.455205917358398,253000
15.923311233520508,817.1805419921875,831.0999755859375,687.99267578125,-826.160400390625,-816.4998168945312,-11.837224006652832,2.1766605377197266,0.053011201322078705,-0.03212901949882507,0.25682076811790466,0.025404658168554306,0.5568743348121643,0.5684198141098022,-13.481868743896484,254000
160.0464630126953,814.2027587890625,830.2581176757812,436.1867370605469,-822.9778442382812,-813.2969970703125,-11.99646282196045,2.3156042098999023,0.05671536177396774,-0.027282295748591423,0.25852006673812866,0.019472438842058182,0.5695087909698486,0.5733816623687744,-13.47053337097168,255000
12.043792724609375,815.083984375,830.318115234375,684.6435546875,-824.5516967773438,-814.8130493164062,-12.078426361083984,2.339768409729004,0.052086204290390015,-0.0483115091919899,0.26837947964668274,0.01974085345864296,0.5788795948028564,0.5786042213439941,-13.664117813110352,256000
798.8624877929688,814.83740234375,830.8340454101562,343.0150146484375,-824.7359008789062,-814.972900390625,-11.848832130432129,2.0858051776885986,0.057502761483192444,-0.004356826655566692,0.24779684841632843,0.016033528372645378,0.5591566562652588,0.5797397494316101,-13.680718421936035,257000
184.13014221191406,816.699462890625,830.861328125,267.7019958496094,-827.7337036132812,-817.92529296875,-12.095077514648438,2.286689043045044,0.05773735046386719,-0.023850955069065094,0.26129642128944397,0.02464459463953972,0.5849752426147461,0.5621751546859741,-13.02138900756836,258000
14.915716171264648,820.1561279296875,831.954833984375,628.7069091796875,-829.953857421875,-819.7376708984375,-12.387718200683594,2.1715192794799805,0.053151942789554596,-0.12082865089178085,0.24982033669948578,0.020432841032743454,0.5954608917236328,0.5845270752906799,-13.851984024047852,259000
22.56361961364746,817.3615112304688,832.2557983398438,658.325927734375,-825.0570068359375,-816.176025390625,-11.463428497314453,2.582470178604126,0.05254005268216133,-0.06354599446058273,0.290073961019516,0.01974760740995407,0.5490977764129639,0.5676541328430176,-13.293554306030273,260000
15.442344665527344,817.161865234375,831.4612426757812,657.0396118164062,-826.7836303710938,-817.102783203125,-11.749430656433105,2.0685927867889404,0.056079965084791183,0.12070844322443008,0.2510488033294678,0.020092317834496498,0.5629744529724121,0.5659751892089844,-13.28549861907959,261000
12.225435256958008,816.09130859375,830.625,657.5181884765625,-824.8658447265625,-815.64892578125,-11.73416519165039,2.517267942428589,0.0570221021771431,-0.11405400931835175,0.2857140600681305,0.023759501054883003,0.5594019889831543,0.567710816860199,-13.276349067687988,262000
13.048187255859375,814.993408203125,831.2393798828125,655.2232666015625,-824.6978149414062,-814.921142578125,-11.975631713867188,2.1989545822143555,0.053895004093647,0.02324417419731617,0.25086161494255066,0.02398882433772087,0.5681482553482056,0.5720250010490417,-13.53620719909668,263000
398.6961975097656,816.4229736328125,832.5300903320312,139.03073120117188,-825.96337890625,-816.3057250976562,-11.807791709899902,2.1501636505126953,0.0580301471054554,-0.12648047506809235,0.24577277898788452,0.01788824237883091,0.5606168508529663,0.5757336616516113,-13.346056938171387,264000
73.83612060546875,815.2817993164062,832.267822265625,83.8090591430664,-824.3286743164062,-815.0782470703125,-11.369824409484863,2.1193575859069824,0.05984494462609291,0.016940888017416,0.251882940530777,0.017401184886693954,0.5410130023956299,0.5568356513977051,-12.838726997375488,265000
15.28311538696289,818.8633422851562,833.1856079101562,658.7967529296875,-828.5084838867188,-818.2025146484375,-12.35434627532959,2.0483815670013428,0.05637548863887787,0.08062230050563812,0.24526983499526978,0.02244335226714611,0.5999270081520081,0.5682128667831421,-13.380487442016602,266000
75.8647689819336,814.6597290039062,834.139404296875,124.34420776367188,-824.714599609375,-815.43212890625,-11.432336807250977,2.1498608589172363,0.06513805687427521,-0.07988271862268448,0.244551420211792,0.02014334127306938,0.550597608089447,0.5423808097839355,-12.478483200073242,267000
18.40129280090332,821.8853759765625,833.8873291015625,659.2959594726562,-830.8078002929688,-821.302978515625,-11.59811782836914,2.093294143676758,0.0548824705183506,0.05709341913461685,0.24826200306415558,0.01808527112007141,0.5468358993530273,0.5735077857971191,-13.504249572753906,268000
20.718204498291016,815.9189453125,833.9203491210938,662.338134765625,-825.783935546875,-816.01123046875,-11.973136901855469,2.2004218101501465,0.05469498410820961,0.04515335336327553,0.25705066323280334,0.023720283061265945,0.5696660876274109,0.5723576545715332,-13.489988327026367,269000
8.147218704223633,823.6385498046875,834.7423095703125,695.5709228515625,-833.3386840820312,-823.1494140625,-12.290584564208984,2.1013214588165283,0.05428352952003479,-0.10815087705850601,0.24266423285007477,0.020998237654566765,0.580500602722168,0.5900030732154846,-14.043377876281738,270000
14.538705825805664,819.9776611328125,835.5570068359375,651.9193725585938,-830.0485229492188,-819.7098999023438,-12.357132911682129,2.018522262573242,0.05290757119655609,0.073686882853508,0.244235098361969,0.02270730398595333,0.6043968796730042,0.5658916234970093,-13.290068626403809,271000
258.54644775390625,819.0380859375,835.2882690429688,42.09474563598633,-827.6519165039062,-818.3577880859375,-11.638211250305176,2.34405779838562,0.053147587925195694,-0.06595508754253387,0.26594823598861694,0.021371087059378624,0.5508431196212769,0.5701950788497925,-13.49184799194336,272000
50.841209411621094,818.2648315429688,834.9597778320312,585.404541015625,-828.460205078125,-818.4683837890625,-11.984109878540039,1.9923163652420044,0.05704723298549652,0.09972161054611206,0.24757325649261475,0.02603166364133358,0.5899264216423035,0.5396248698234558,-12.554370880126953,273000
34.654842376708984,822.5225830078125,835.5645141601562,661.5624389648438,-830.8674926757812,-821.4572143554688,-11.622461318969727,2.2121455669403076,0.05015474930405617,0.027578912675380707,0.26255136728286743,0.018420882523059845,0.5590552687644958,0.5609050989151001,-13.110231399536133,274000
16.24641227722168,821.5069580078125,835.9869384765625,652.029541015625,-830.5881958007812,-820.998291015625,-11.691933631896973,2.1020426750183105,0.05285746976733208,0.07656827569007874,0.24336133897304535,0.021930817514657974,0.5540364980697632,0.5689208507537842,-13.390830993652344,275000
18.775390625,818.042236328125,835.7129516601562,652.2506713867188,-826.8408813476562,-817.0152587890625,-12.332839012145996,2.5072176456451416,0.05429934710264206,-0.23123595118522644,0.26088738441467285,0.017868466675281525,0.583682119846344,0.5921823978424072,-14.094369888305664,276000
108.05375671386719,818.6788330078125,835.4703979492188,111.39057159423828,-829.7271728515625,-819.230224609375,-12.55294418334961,2.055939197540283,0.05745324864983559,-0.08589644730091095,0.2422974556684494,0.02209116891026497,0.6164041757583618,0.5655116438865662,-13.20138168334961,277000
12.031344413757324,821.7770385742188,834.923095703125,661.4586181640625,-830.61572265625,-821.2132568359375,-11.659342765808105,2.256875991821289,0.04976675286889076,-0.04354754090309143,0.2572583258152008,0.02037525177001953,0.5432521104812622,0.5784289240837097,-13.644351959228516,278000
21.616451263427734,815.7743530273438,835.8453979492188,645.46337890625,-823.4866333007812,-814.5166015625,-11.020099639892578,2.0500590801239014,0.05625917762517929,0.029321838170289993,0.25047773122787476,0.022787615656852722,0.5223467946052551,0.5504233837127686,-12.837506294250488,279000
14.000984191894531,818.0706787109375,835.69140625,640.22021484375,-826.6952514648438,-816.8174438476562,-11.85987663269043,1.9820817708969116,0.055299077183008194,0.0378323458135128,0.24668656289577484,0.023975390940904617,0.5674746036529541,0.5575363039970398,-13.167716979980469,280000
11.964972496032715,826.5220336914062,836.6267700195312,675.5950927734375,-835.4361572265625,-825.4953002929688,-12.105668067932129,2.164781093597412,0.05390366539359093,0.05686691403388977,0.24650508165359497,0.01637568697333336,0.5817340612411499,0.5752243399620056,-13.490564346313477,281000
9.454004287719727,825.01708984375,836.6465454101562,644.9390258789062,-834.7196044921875,-824.6065673828125,-12.211854934692383,2.0988078117370605,0.05494246259331703,0.04218113049864769,0.25154489278793335,0.021735655143857002,0.5964917540550232,0.5660287141799927,-13.290961265563965,282000
17.200786590576172,823.0899658203125,837.617919921875,642.9575805664062,-832.8521728515625,-822.8939208984375,-11.84052848815918,1.8822792768478394,0.05506005883216858,-0.018399136140942574,0.2302301675081253,0.02580568753182888,0.562239408493042,0.5642404556274414,-13.32914924621582,283000
12.431955337524414,818.3984375,838.2846069335938,639.4713745117188,-826.8677978515625,-817.6759033203125,-11.347590446472168,2.1556711196899414,0.05293099954724312,-0.07923751324415207,0.2518058121204376,0.019042905420064926,0.5349458456039429,0.5664621591567993,-13.308399200439453,284000
13.876115798950195,822.068115234375,838.614501953125,632.4985961914062,-831.7830200195312,-821.7256469726562,-12.130125045776367,2.0727615356445312,0.06090877950191498,-0.007025184575468302,0.24095170199871063,0.01847895048558712,0.5938992500305176,0.5620660185813904,-13.072362899780273,285000
68.99629974365234,817.407958984375,838.7254638671875,40.57733917236328,-826.611083984375,-817.3353881835938,-11.358838081359863,2.0831143856048584,0.059449825435876846,0.0839608758687973,0.25487247109413147,0.021078074350953102,0.5474371314048767,0.5390917658805847,-12.395553588867188,286000
1595.9693603515625,822.8023071289062,838.6046142578125,637.83203125,-831.0309448242188,-821.8865966796875,-11.150154113769531,2.0058014392852783,0.06269297003746033,0.017223302274942398,0.24295899271965027,0.023635562509298325,0.5293872952461243,0.5414367318153381,-12.587821006774902,287000
13.180299758911133,827.1058349609375,839.6340942382812,627.1668701171875,-836.912353515625,-826.541015625,-12.486907958984375,2.1156187057495117,0.0521017462015152,-0.05306274816393852,0.24410536885261536,0.015525388531386852,0.603987991809845,0.588358998298645,-13.933501243591309,288000
420.20379638671875,815.0599365234375,835.7905883789062,-1.3862513303756714,-823.1614379882812,-813.2636108398438,-11.758088111877441,1.8603179454803467,0.05860144644975662,0.14204737544059753,0.24348492920398712,0.04033859819173813,0.5872791409492493,0.5223366022109985,-12.073041915893555,289000
28.107093811035156,819.629150390625,836.1311645507812,544.5416259765625,-828.5755615234375,-819.6294555664062,-11.000181198120117,2.054072141647339,0.05867498740553856,-0.05117177590727806,0.2414921075105667,0.018379079177975655,0.5170801877975464,0.5695736408233643,-13.248261451721191,290000
20.60685920715332,821.8642578125,836.8704223632812,655.8639526367188,-831.7774658203125,-821.6312866210938,-12.32008171081543,2.173903703689575,0.052735526114702225,-0.09998486936092377,0.24166911840438843,0.02476416528224945,0.5941246747970581,0.5717924237251282,-13.453082084655762,291000
15.14992618560791,822.7662963867188,836.3745727539062,642.2778930664062,-831.7415161132812,-821.9647216796875,-11.832372665405273,2.0556259155273438,0.05442996323108673,0.023623928427696228,0.23833544552326202,0.02012462168931961,0.5565443634986877,0.5677377581596375,-13.379880905151367,292000
18.363567352294922,816.9705810546875,837.528564453125,33.13591384887695,-826.636962890625,-817.030517578125,-11.695381164550781,2.088947057723999,0.06234075129032135,-0.04000020772218704,0.23826904594898224,0.029587460681796074,0.5638844966888428,0.5491213798522949,-12.833917617797852,293000
15.297392845153809,821.203125,836.4230346679688,611.3629760742188,-829.9751586914062,-820.5721435546875,-11.493168830871582,2.090151071548462,0.055118534713983536,0.01161132100969553,0.24738745391368866,0.016812874004244804,0.5491823554039001,0.5654330253601074,-13.192411422729492,294000
353.4949645996094,819.1497802734375,836.7714233398438,281.7906494140625,-828.0924682617188,-818.60791015625,-11.326664924621582,1.8420957326889038,0.06316105276346207,0.08480782806873322,0.22310034930706024,0.03449680656194687,0.5446650981903076,0.5399042367935181,-12.53776741027832,295000
26.1829833984375,823.42822265625,838.4603271484375,626.2408447265625,-832.692626953125,-823.2931518554688,-11.649818420410156,2.2503609657287598,0.05798349156975746,-0.07076810300350189,0.24417224526405334,0.01992228627204895,0.5505325198173523,0.565631091594696,-13.302618026733398,296000
28.709617614746094,818.9521484375,837.2821044921875,413.66070556640625,-828.70654296875,-819.7647705078125,-10.957076072692871,2.015348434448242,0.06677281111478806,-0.038675457239151,0.24149829149246216,0.02523278445005417,0.5304653644561768,0.5339584946632385,-12.233390808105469,297000
16.14219093322754,820.7215576171875,839.1219482421875,647.7152099609375,-829.0081787109375,-820.1216430664062,-10.788991928100586,1.9024507999420166,0.06013251841068268,0.028499864041805267,0.22012513875961304,0.030110668390989304,0.5028320550918579,0.5485529899597168,-12.981341361999512,298000
15.3313570022583,823.0164794921875,840.5721435546875,652.2564086914062,-831.929931640625,-822.5162963867188,-11.233318328857422,1.8197002410888672,0.06272467970848083,0.07367974519729614,0.2157938927412033,0.03158283606171608,0.5299642086029053,0.5380983352661133,-12.675634384155273,299000
25.8259220123291,823.2974243164062,841.3133544921875,642.7298583984375,-832.1973266601562,-822.726806640625,-11.625276565551758,2.154756546020508,0.05930446833372116,-0.021129639819264412,0.2551495134830475,0.021124230697751045,0.5602995157241821,0.5419776439666748,-12.587295532226562,300000
15.038558959960938,824.5697631835938,842.1541748046875,650.35546875,-833.7329711914062,-824.3875732421875,-11.164464950561523,1.8191205263137817,0.06559491157531738,0.035353176295757294,0.21706485748291016,0.021472331136465073,0.5397749543190002,0.5363688468933105,-12.380603790283203,301000
113.63546752929688,826.5731811523438,842.2916870117188,338.5016174316406,-835.5491943359375,-826.5069580078125,-11.151139259338379,2.108860731124878,0.06786424666643143,-0.09898372739553452,0.24146676063537598,0.024040374904870987,0.5299419164657593,0.5411903858184814,-12.621942520141602,302000
132.69615173339844,825.54052734375,843.8717041015625,345.4994201660156,-835.2227172851562,-826.1723022460938,-10.884798049926758,1.834409236907959,0.06589139252901077,-0.03539315611124039,0.21601222455501556,0.02435724064707756,0.5227586030960083,0.5406118035316467,-12.513081550598145,303000
22.540925979614258,827.6531372070312,844.8154907226562,624.5999755859375,-836.7913818359375,-827.871337890625,-10.920872688293457,2.000844955444336,0.07081543654203415,0.13027584552764893,0.23966234922409058,0.04502344876527786,0.5420955419540405,0.4937734007835388,-11.348971366882324,304000
15.428380966186523,825.427978515625,846.3756713867188,631.6988525390625,-834.6417846679688,-824.8521118164062,-11.639432907104492,1.8497122526168823,0.06184764578938484,0.08294059336185455,0.22228015959262848,0.02105548605322838,0.5641915798187256,0.5384033918380737,-12.531829833984375,305000
19.120882034301758,831.1417236328125,848.3365478515625,657.28173828125,-839.7217407226562,-831.0960083007812,-10.401341438293457,1.7756339311599731,0.06376390159130096,0.09932941198348999,0.21890272200107574,0.022121354937553406,0.4901251196861267,0.5279837250709534,-12.338315963745117,306000
10.669986724853516,829.2324829101562,847.827880859375,666.0227661132812,-837.7826538085938,-828.579833984375,-11.206693649291992,2.0038387775421143,0.05959683284163475,0.06942497193813324,0.23833081126213074,0.022582806646823883,0.5314688682556152,0.5405186414718628,-12.643575668334961,307000
13.711116790771484,831.041748046875,847.886962890625,652.4425048828125,-840.4899291992188,-830.794677734375,-11.549139022827148,1.8538655042648315,0.06012658402323723,-0.045349255204200745,0.2214064747095108,0.021115804091095924,0.5587002038955688,0.5455857515335083,-12.789207458496094,308000
103.04840087890625,829.371337890625,849.2249145507812,518.4781494140625,-838.6502685546875,-830.4443359375,-9.91107177734375,1.7051215171813965,0.06836794316768646,0.018000978976488113,0.20847806334495544,0.02465648204088211,0.4698587954044342,0.5312177538871765,-12.220691680908203,309000
12.7384614944458,832.4415283203125,851.0446166992188,639.9530029296875,-841.068359375,-832.2128295898438,-10.635643005371094,1.7800860404968262,0.06522390991449356,0.07107535749673843,0.20661692321300507,0.029096683487296104,0.5083950757980347,0.504525899887085,-11.816791534423828,310000
106.98948669433594,836.3269653320312,851.8140258789062,601.44580078125,-845.2899169921875,-835.71142578125,-11.56574535369873,1.9872715473175049,0.060782965272665024,0.02889818511903286,0.2373303920030594,0.01933801919221878,0.5574965476989746,0.5450026988983154,-12.684925079345703,311000
16.364835739135742,839.5595703125,853.7243041992188,654.4635009765625,-847.8603515625,-839.1422729492188,-10.455955505371094,1.7378737926483154,0.06245299056172371,0.04511276260018349,0.21113713085651398,0.025907259434461594,0.48722994327545166,0.5311563014984131,-12.423299789428711,312000
22.87619972229004,836.0697021484375,855.1036376953125,640.9708251953125,-844.083251953125,-835.4779052734375,-10.448559761047363,1.8432304859161377,0.06330954283475876,0.05221368744969368,0.21830204129219055,0.030169187113642693,0.5007674694061279,0.5234472751617432,-12.162811279296875,313000
86.576416015625,834.9168701171875,854.746337890625,447.6319885253906,-843.8248901367188,-835.1243896484375,-10.530040740966797,1.8295297622680664,0.06934144347906113,0.08995101600885391,0.22024448215961456,0.029522724449634552,0.5085792541503906,0.5139920711517334,-11.892234802246094,314000
10.790523529052734,842.7845458984375,856.8132934570312,671.3118286132812,-851.9417114257812,-842.3074340820312,-11.572178840637207,1.9379206895828247,0.0581267811357975,0.022918930277228355,0.2167048156261444,0.01862107403576374,0.5591407418251038,0.5433014631271362,-12.681692123413086,315000
22.63218879699707,839.6881713867188,858.3432006835938,537.9386596679688,-849.3270263671875,-840.2096557617188,-10.953071594238281,1.8357027769088745,0.0729067400097847,0.044567350298166275,0.23282748460769653,0.018502207472920418,0.5327647924423218,0.5073373317718506,-11.41947078704834,316000
42.51103591918945,843.9119873046875,860.0150756835938,111.18171691894531,-854.6942138671875,-845.0252685546875,-11.550663948059082,1.8817235231399536,0.060740988701581955,0.011584006249904633,0.21145415306091309,0.01744794100522995,0.5565673112869263,0.5442241430282593,-12.676750183105469,317000
10.62352466583252,845.7000732421875,861.0877075195312,656.4929809570312,-853.672607421875,-844.9865112304688,-10.625486373901367,1.9394073486328125,0.0575486496090889,-0.12263965606689453,0.2274244725704193,0.025820638984441757,0.50089031457901,0.5363150238990784,-12.562394142150879,318000
470.62939453125,840.671875,861.22216796875,652.71142578125,-849.0054321289062,-840.3846435546875,-10.51024055480957,1.8894705772399902,0.05994054302573204,-0.026635752990841866,0.21990153193473816,0.019145622849464417,0.4947110414505005,0.5289349555969238,-12.265715599060059,319000
15.71464729309082,843.5013427734375,863.472900390625,400.6571960449219,-853.223388671875,-843.875,-11.12016773223877,1.7717914581298828,0.06670980155467987,0.014634178020060062,0.2072530835866928,0.01949121244251728,0.5417636632919312,0.5271235704421997,-12.089031219482422,320000
19.98414421081543,845.7107543945312,862.5250854492188,36.23863983154297,-855.3424072265625,-847.0377197265625,-10.439258575439453,2.1346077919006348,0.06002520024776459,-0.1306803673505783,0.24243538081645966,0.017696548253297806,0.49485066533088684,0.5309547781944275,-12.168512344360352,321000
15.245721817016602,845.2330322265625,863.6839599609375,662.8773803710938,-853.7062377929688,-844.9793090820312,-10.324394226074219,1.5974723100662231,0.06669224798679352,0.06318999826908112,0.200673446059227,0.021965334191918373,0.4851771593093872,0.5230811834335327,-12.001932144165039,322000
140.65289306640625,845.392333984375,864.5838012695312,55.25583267211914,-853.8887939453125,-844.9251708984375,-10.85408878326416,1.8904544115066528,0.06362598389387131,-0.027794204652309418,0.21300584077835083,0.025260429829359055,0.5144729614257812,0.5451192259788513,-12.688739776611328,323000
14.549333572387695,851.6458740234375,864.794189453125,629.2958984375,-860.3445434570312,-851.5164794921875,-10.718500137329102,1.8904591798782349,0.058067645877599716,0.018506456166505814,0.22524632513523102,0.021188754588365555,0.5159940123558044,0.5402209162712097,-12.595001220703125,324000
144.832763671875,844.630126953125,866.0206298828125,453.13226318359375,-854.4008178710938,-845.02197265625,-11.063325881958008,1.6845011711120605,0.06691229343414307,0.15581366419792175,0.21828946471214294,0.02080324850976467,0.540309727191925,0.5236768126487732,-12.000446319580078,325000
14.884082794189453,850.406982421875,867.0313720703125,660.5916137695312,-858.4935302734375,-849.72705078125,-10.536166191101074,1.7696995735168457,0.05943770334124565,-0.10373800992965698,0.20439179241657257,0.02683921717107296,0.4944877028465271,0.5477666854858398,-12.9415283203125,326000
186.00933837890625,846.2691040039062,867.98486328125,247.86729431152344,-855.41357421875,-847.1765747070312,-10.099160194396973,1.8621857166290283,0.06746898591518402,0.09664574265480042,0.22291500866413116,0.020370779559016228,0.4807399809360504,0.5311058759689331,-12.130356788635254,327000
12.343826293945312,851.0887451171875,867.5867919921875,647.4466552734375,-859.942138671875,-850.9351196289062,-10.943022727966309,1.9359474182128906,0.06224212795495987,-0.003678629407659173,0.22945460677146912,0.014316807501018047,0.5252440571784973,0.537864089012146,-12.435201644897461,328000
117.8035888671875,849.9547119140625,868.3867797851562,313.54376220703125,-859.7534790039062,-850.4275512695312,-10.950613021850586,1.624722957611084,0.0637141689658165,0.024647707119584084,0.19892965257167816,0.020799869671463966,0.5429525375366211,0.5260528326034546,-12.02433967590332,329000
88.39214324951172,854.2197265625,869.6050415039062,445.5184631347656,-864.6693115234375,-854.1368408203125,-12.382769584655762,1.850311040878296,0.05892476066946983,-0.15286150574684143,0.21169643104076385,0.016533344984054565,0.6078454256057739,0.5670419931411743,-13.281759262084961,330000
17.62618637084961,849.5851440429688,869.30029296875,567.7279052734375,-857.7791748046875,-849.1069946289062,-10.463247299194336,1.7910877466201782,0.06672286987304688,0.0948781743645668,0.22187431156635284,0.021923139691352844,0.5056302547454834,0.5212337970733643,-12.019585609436035,331000
33.16036605834961,850.6927490234375,870.912353515625,43.23112487792969,-859.1582641601562,-850.6531982421875,-10.4481201171875,1.9430410861968994,0.0680285096168518,-0.07259587198495865,0.22141887247562408,0.018793491646647453,0.49718421697616577,0.5446046590805054,-12.35279369354248,332000
18.003864288330078,852.52587890625,871.7791748046875,41.19521713256836,-862.5833129882812,-852.4216918945312,-11.776825904846191,1.6152198314666748,0.0676400437951088,0.04367174580693245,0.20199395716190338,0.017553113400936127,0.5760685205459595,0.5382969379425049,-12.456523895263672,333000
35.27629852294922,856.2559814453125,873.37646484375,633.4093627929688,-864.3544311523438,-855.4336547851562,-10.868003845214844,1.947184443473816,0.061711087822914124,-0.11281939595937729,0.21760427951812744,0.027037285268306732,0.5236026048660278,0.5401777029037476,-12.673331260681152,334000
21.448978424072266,856.182373046875,873.7697143554688,714.849609375,-862.6663208007812,-854.0045166015625,-10.291972160339355,1.6301788091659546,0.06310348212718964,0.05991814658045769,0.2101331204175949,0.01966962218284607,0.4944923520088196,0.5225146412849426,-12.11425495147705,335000
14.206510543823242,855.2440795898438,874.126220703125,675.2868041992188,-864.0911865234375,-854.4061279296875,-11.385661125183105,1.7006183862686157,0.0597204826772213,0.010756679810583591,0.21012112498283386,0.020927954465150833,0.5496445298194885,0.5376827120780945,-12.572898864746094,336000
786.2722778320312,854.7462768554688,874.8894653320312,186.509521484375,-866.285888671875,-856.8258056640625,-11.148579597473145,1.6884605884552002,0.07230336219072342,0.003120728302747011,0.20307298004627228,0.01732228510081768,0.5455688238143921,0.5330718159675598,-12.103876113891602,337000
18.490665435791016,861.3770751953125,875.6676025390625,655.8884887695312,-870.8199462890625,-860.9874267578125,-11.74721622467041,1.914694905281067,0.05810391530394554,-0.019822414964437485,0.22064806520938873,0.012266340665519238,0.570854902267456,0.5610782504081726,-13.124706268310547,338000
45.54091262817383,859.317626953125,875.8690795898438,163.9979705810547,-868.8953247070312,-859.386474609375,-11.273929595947266,1.7650654315948486,0.06664355099201202,0.03368351235985756,0.2076389044523239,0.021196212619543076,0.5540311336517334,0.5317209959030151,-12.308539390563965,339000
142.47117614746094,852.8731689453125,876.9097900390625,102.9481430053711,-863.5606689453125,-854.1756591796875,-11.29589557647705,1.910887360572815,0.06603144109249115,-0.05475011467933655,0.21311312913894653,0.01274913176894188,0.5445718169212341,0.540082573890686,-12.448456764221191,340000
608.7332763671875,858.9698486328125,876.8616943359375,345.8813781738281,-868.9898071289062,-859.4926147460938,-11.380438804626465,1.8832379579544067,0.06682046502828598,-0.059144873172044754,0.21741065382957458,0.014187905937433243,0.5492920875549316,0.5440282225608826,-12.446635246276855,341000
11.069315910339355,856.5552978515625,877.3192138671875,687.8272094726562,-865.2047119140625,-856.3404541015625,-10.690028190612793,1.825732707977295,0.06737037748098373,0.009565601125359535,0.2211405485868454,0.022661076858639717,0.5213740468025208,0.5129366517066956,-11.834138870239258,342000
15.633522033691406,858.9658813476562,877.8381958007812,685.0238037109375,-867.625,-858.3391723632812,-11.072219848632812,1.7863870859146118,0.061775993555784225,0.0009246947010979056,0.2068384736776352,0.018001817166805267,0.5364762544631958,0.5384595394134521,-12.470340728759766,343000
236.76356506347656,857.66796875,877.571044921875,425.1950378417969,-867.6929931640625,-858.89990234375,-10.535104751586914,1.7419899702072144,0.07780801504850388,0.05301756411790848,0.19886425137519836,0.021324757486581802,0.5069000124931335,0.5040140748023987,-11.29800033569336,344000
21.573463439941406,860.024658203125,878.2046508789062,675.4888305664062,-869.1168212890625,-859.9855346679688,-10.913299560546875,1.7819854021072388,0.0654875710606575,0.037069663405418396,0.2095797061920166,0.02339715138077736,0.530674159526825,0.5223569869995117,-12.154265403747559,345000
9.395198822021484,866.5736083984375,880.3740234375,702.71484375,-875.583251953125,-865.960693359375,-11.548392295837402,1.9258646965026855,0.05622616410255432,-0.07128281891345978,0.2175971418619156,0.01597103476524353,0.5598680377006531,0.5487310886383057,-12.786301612854004,346000
10.474288940429688,861.18603515625,879.6939086914062,687.2294921875,-869.7944946289062,-860.8637084960938,-10.772197723388672,1.8414020538330078,0.058661822229623795,0.014491898939013481,0.2160147726535797,0.018321581184864044,0.5154786109924316,0.5369305610656738,-12.505172729492188,347000
18.337799072265625,863.8785400390625,880.2905883789062,682.3942260742188,-872.2857666015625,-863.4033203125,-10.647878646850586,1.7654670476913452,0.061316631734371185,-0.017916591838002205,0.2055460810661316,0.020474160090088844,0.5006399154663086,0.5543893575668335,-13.099102973937988,348000
11.673697471618652,865.7645263671875,880.4657592773438,676.07373046875,-874.2393798828125,-865.43212890625,-10.48069953918457,1.6734347343444824,0.05979732796549797,-0.09013434499502182,0.19953025877475739,0.019421005621552467,0.49322509765625,0.5597657561302185,-13.150833129882812,349000
16.19959259033203,863.4681396484375,882.2037353515625,707.637451171875,-873.3782958984375,-863.4298706054688,-11.536587715148926,1.5881452560424805,0.0667652115225792,0.06975854188203812,0.19663415849208832,0.021015683189034462,0.5697544813156128,0.5256887674331665,-12.2509765625,350000
29.856096267700195,862.9310913085938,882.1075439453125,687.352294921875,-872.39306640625,-862.477783203125,-11.707991600036621,1.7927008867263794,0.06690194457769394,0.054225657135248184,0.2158714234828949,0.02931542694568634,0.5868120193481445,0.5072522163391113,-11.725040435791016,351000
9.69406509399414,869.21240234375,883.1679077148438,703.1180419921875,-877.4891357421875,-868.399169921875,-10.70655632019043,1.6165473461151123,0.06465687602758408,0.09800717234611511,0.20672661066055298,0.018372995778918266,0.5225547552108765,0.5283209681510925,-12.26540756225586,352000
14.609621047973633,866.567626953125,883.1203002929688,712.3045043945312,-875.4461059570312,-866.5046997070312,-10.690519332885742,1.7490819692611694,0.05579499155282974,0.03568887338042259,0.20490893721580505,0.01846671849489212,0.5066263675689697,0.5495316982269287,-12.87343978881836,353000
48.71721649169922,862.2363891601562,883.7639770507812,65.13040924072266,-872.915771484375,-863.5634765625,-11.010785102844238,1.6585248708724976,0.06848408281803131,-0.02296832948923111,0.20130807161331177,0.028792837634682655,0.5501670837402344,0.5172088146209717,-11.95438003540039,354000
12.207651138305664,871.2335205078125,883.7008666992188,687.1693725585938,-880.8709716796875,-870.8463134765625,-11.713911056518555,1.689246654510498,0.06051485612988472,0.018230611458420753,0.20053692162036896,0.016143202781677246,0.5691821575164795,0.5500500202178955,-12.880378723144531,355000
11.082752227783203,866.8563232421875,884.394287109375,677.29638671875,-875.9467163085938,-866.7199096679688,-10.950345993041992,1.723496437072754,0.06049003452062607,0.0009115089778788388,0.20456397533416748,0.025750046595931053,0.5267843008041382,0.5449836850166321,-12.731513977050781,356000
11.192928314208984,871.1815185546875,884.925537109375,722.433837890625,-880.1851806640625,-871.166015625,-10.77692985534668,1.7577582597732544,0.06181144714355469,-0.1399630755186081,0.20160210132598877,0.016261916607618332,0.5103708505630493,0.5385070443153381,-12.587078094482422,357000
10.450689315795898,868.208984375,886.1218872070312,669.9778442382812,-876.9437255859375,-868.1632080078125,-10.714251518249512,1.9337365627288818,0.05743710696697235,-0.08067097514867783,0.21231558918952942,0.02223089337348938,0.5025236010551453,0.5526087284088135,-13.025978088378906,358000
9.481191635131836,872.364501953125,885.8408813476562,663.8447265625,-881.0291748046875,-872.1814575195312,-10.618736267089844,1.7709996700286865,0.058595411479473114,-0.04292811453342438,0.2015736997127533,0.01633390225470066,0.5049900412559509,0.5429284572601318,-12.682018280029297,359000
76.7254409790039,867.7857666015625,886.988525390625,4.003774166107178,-876.76904296875,-868.01416015625,-10.65399169921875,1.8991142511367798,0.06360767781734467,0.038457006216049194,0.22351707518100739,0.016541320830583572,0.5210126638412476,0.5261669754981995,-11.981608390808105,360000
766.013427734375,863.5011596679688,887.11474609375,40.44392776489258,-872.4384765625,-863.7916870117188,-10.354594230651855,1.707837700843811,0.0711982250213623,0.015002881176769733,0.21036656200885773,0.019510656595230103,0.5024185180664062,0.5039491653442383,-11.437141418457031,361000
7.004574298858643,877.867919921875,888.3800048828125,689.3656616210938,-888.157958984375,-878.0198364257812,-11.893123626708984,1.7550278902053833,0.05567598715424538,-0.013392956927418709,0.20118212699890137,0.011736090295016766,0.5746591687202454,0.5623322129249573,-13.14844036102295,362000
8.934947967529297,877.4212646484375,889.7044067382812,723.1317749023438,-887.2928466796875,-877.6325073242188,-11.416471481323242,1.7560882568359375,0.06094096601009369,-0.0749136209487915,0.1972929984331131,0.016426607966423035,0.5519177913665771,0.5425013303756714,-12.692511558532715,363000
11.67747688293457,875.3031005859375,890.2901000976562,674.7230834960938,-884.7728881835938,-875.025146484375,-11.454193115234375,1.7064573764801025,0.06283412873744965,0.03562295436859131,0.20347973704338074,0.016233235597610474,0.5544195175170898,0.5288457274436951,-12.27725887298584,364000
13.446416854858398,876.2637329101562,890.6277465820312,691.3045043945312,-884.798095703125,-875.8116455078125,-10.697623252868652,1.7111791372299194,0.062392570078372955,0.09855896234512329,0.20574718713760376,0.0148505549877882,0.5140520334243774,0.5342907905578613,-12.480192184448242,365000
8.095261573791504,875.1458129882812,890.7135009765625,719.0912475585938,-884.4818115234375,-874.8776245117188,-11.193534851074219,1.5893704891204834,0.05998709052801132,-0.04636608809232712,0.1865493804216385,0.014649149030447006,0.5371100306510925,0.5487161874771118,-12.803605079650879,366000
31.26528549194336,872.7883911132812,891.1748657226562,509.4792175292969,-881.6336669921875,-872.714111328125,-10.753700256347656,1.8341732025146484,0.06639916449785233,-0.0613722950220108,0.21334221959114075,0.016465604305267334,0.5204046964645386,0.5238494277000427,-12.00821304321289,367000
12.874002456665039,871.7847900390625,892.164794921875,24.945053100585938,-880.3079833984375,-871.25244140625,-10.871112823486328,1.8155516386032104,0.06450899690389633,-0.019410887733101845,0.21191343665122986,0.013650204055011272,0.5166464447975159,0.5413044095039368,-12.500164031982422,368000
12.215553283691406,873.5330810546875,891.3595581054688,695.6268310546875,-882.8472900390625,-873.2576904296875,-11.227461814880371,1.6378731727600098,0.06004102900624275,-0.07215096056461334,0.1993161290884018,0.01739942841231823,0.544680655002594,0.5385128259658813,-12.594545364379883,369000
14.858540534973145,873.6845703125,891.250244140625,687.1703491210938,-881.6723022460938,-872.9988403320312,-10.367914199829102,1.6944588422775269,0.06695803254842758,0.07885671406984329,0.21163415908813477,0.017672259360551834,0.4968585968017578,0.5256443023681641,-12.19881534576416,370000
22.30535316467285,874.94140625,890.6863403320312,668.1790771484375,-883.5630493164062,-874.4617919921875,-10.813484191894531,1.7122342586517334,0.06054597720503807,-0.00621545547619462,0.20790302753448486,0.018832366913557053,0.5237171649932861,0.5275888442993164,-12.211929321289062,371000
12.640377044677734,874.484619140625,891.0567016601562,668.5324096679688,-882.4999389648438,-873.5093383789062,-10.69015884399414,1.6996142864227295,0.05979207158088684,0.03907182812690735,0.20600175857543945,0.01425696350634098,0.5126299858093262,0.5320663452148438,-12.346855163574219,372000
24.103084564208984,875.2803955078125,891.6860961914062,734.6078491210938,-884.4369506835938,-875.0133056640625,-11.29658317565918,1.8729312419891357,0.06024413928389549,-0.0033122107852250338,0.21873874962329865,0.02281869202852249,0.5612825155258179,0.5174436569213867,-11.935949325561523,373000
24.089481353759766,872.2640380859375,892.5891723632812,686.32470703125,-881.4639892578125,-871.484619140625,-11.563207626342773,1.5838721990585327,0.06814470142126083,0.003324338933452964,0.18868161737918854,0.030025459825992584,0.5732886791229248,0.5113313794136047,-11.887789726257324,374000
17.376792907714844,873.1885986328125,893.2071533203125,33.4278678894043,-882.5303344726562,-873.46728515625,-10.64140510559082,1.578395128250122,0.07370726019144058,-0.0019594181794673204,0.19749343395233154,0.021052176132798195,0.5209672451019287,0.501887321472168,-11.239092826843262,375000
9.377603530883789,877.1680908203125,893.1539306640625,691.2283325195312,-885.34326171875,-876.5252075195312,-10.623493194580078,1.8053936958312988,0.06428147852420807,0.023123139515519142,0.21834659576416016,0.015255345031619072,0.5158110857009888,0.5232927203178406,-12.107362747192383,376000
110.44623565673828,873.762939453125,893.5128784179688,671.505615234375,-882.4043579101562,-873.4339599609375,-10.59664535522461,1.626193881034851,0.07154609262943268,0.07216139137744904,0.1910584270954132,0.01591026969254017,0.5228161811828613,0.5069595575332642,-11.374934196472168,377000
17.413776397705078,873.5753173828125,894.46923828125,505.6224365234375,-882.6903076171875,-873.4073486328125,-10.909639358520508,1.62671959400177,0.06626030802726746,0.04180814325809479,0.18938875198364258,0.020497288554906845,0.5287789702415466,0.5393006205558777,-12.476370811462402,378000
36.31922912597656,873.9249267578125,894.1390991210938,685.9124145507812,-881.9660034179688,-873.3824462890625,-10.39640998840332,1.8128705024719238,0.07030724734067917,-0.004712036345154047,0.2216271013021469,0.03069981560111046,0.5077606439590454,0.4951779246330261,-11.24618148803711,379000
264.1206970214844,877.4225463867188,893.7818603515625,464.22833251953125,-886.3244018554688,-877.2801513671875,-10.828084945678711,1.783831000328064,0.061189379543066025,-0.13778556883335114,0.1896577626466751,0.018773794174194336,0.5143527984619141,0.5499533414840698,-12.767234802246094,380000
31.67461395263672,878.4114990234375,894.5734252929688,707.5145874023438,-886.6434936523438,-878.10205078125,-10.333990097045898,1.7925409078598022,0.06198576092720032,0.01247792225331068,0.2089957445859909,0.02415752410888672,0.48547741770744324,0.5288864374160767,-12.297094345092773,381000
19.44945526123047,871.5589599609375,893.8262939453125,39.224334716796875,-879.6610107421875,-871.3489990234375,-10.125236511230469,1.8132274150848389,0.0623696967959404,-0.05940033867955208,0.19851621985435486,0.018315203487873077,0.4764407277107239,0.5227634906768799,-12.022984504699707,382000
43.887935638427734,873.7587890625,895.0025634765625,49.91776657104492,-882.4962158203125,-874.1426391601562,-9.943936347961426,1.5903379917144775,0.06463980674743652,-0.013993463478982449,0.17743532359600067,0.019287819042801857,0.4712144434452057,0.52181077003479,-11.916265487670898,383000
59.31561279296875,875.945556640625,894.8575439453125,359.2688293457031,-885.2423095703125,-876.4741821289062,-10.775321960449219,2.007230281829834,0.0610843263566494,-0.12321846187114716,0.2212604284286499,0.016109524294734,0.5210314393043518,0.5426322817802429,-12.510706901550293,384000
110.2215805053711,877.9359130859375,896.1087036132812,359.8544921875,-888.1861572265625,-878.954345703125,-10.87058162689209,1.6387758255004883,0.06716912239789963,-0.017045725136995316,0.18470899760723114,0.021344855427742004,0.5303549766540527,0.5099748373031616,-11.75925064086914,385000
60.36724090576172,872.0924072265625,896.3031005859375,22.364803314208984,-881.3517456054688,-872.3782348632812,-10.870471000671387,1.8969882726669312,0.06145892292261124,-0.07242608070373535,0.21325261890888214,0.02414342761039734,0.5296005010604858,0.5202139616012573,-11.948549270629883,386000
10.0999116897583,878.2548828125,896.771240234375,682.746337890625,-887.2133178710938,-877.9729614257812,-10.801355361938477,1.5609855651855469,0.061095330864191055,0.10911478102207184,0.1882239580154419,0.014485681429505348,0.5181324481964111,0.5328023433685303,-12.315460205078125,387000
141.18955993652344,876.3636474609375,897.2830200195312,329.3299255371094,-886.4703979492188,-876.658935546875,-11.494287490844727,1.68281888961792,0.06630130112171173,0.00951325986534357,0.19824357330799103,0.01330852136015892,0.5667263269424438,0.5375797748565674,-12.296777725219727,388000
17.357460021972656,881.7379760742188,898.82958984375,723.5288696289062,-890.793212890625,-881.3460693359375,-11.041206359863281,1.5940369367599487,0.06173444539308548,0.004449443891644478,0.1869538277387619,0.018008308485150337,0.5406264066696167,0.5291586518287659,-12.291141510009766,389000
445.8177490234375,878.724853515625,899.1358032226562,20.659608840942383,-888.7333374023438,-879.2214965820312,-11.060625076293945,1.548793077468872,0.07303463667631149,0.0022418182343244553,0.19057059288024902,0.027070770040154457,0.5554826855659485,0.4951896369457245,-11.080423355102539,390000
13.366775512695312,883.0674438476562,899.8389892578125,697.9989624023438,-893.19970703125,-882.5716552734375,-12.322872161865234,1.6948505640029907,0.06141243129968643,-0.07310845702886581,0.19430512189865112,0.023016970604658127,0.608376681804657,0.5455453395843506,-12.616744995117188,391000
10.022123336791992,886.3917846679688,901.3460083007812,703.4608154296875,-895.9984130859375,-885.8961181640625,-11.701825141906738,1.5995748043060303,0.06527039408683777,0.022051913663744926,0.19424545764923096,0.017833154648542404,0.5818774700164795,0.5185273885726929,-11.996468544006348,392000
9.283268928527832,888.7489624023438,901.7589111328125,751.575927734375,-898.6956787109375,-888.943603515625,-11.384657859802246,1.632569432258606,0.05896475911140442,-0.10500656068325043,0.1884291023015976,0.013806160539388657,0.5545403957366943,0.5545445084571838,-12.98705768585205,393000
232.80044555664062,881.7275390625,902.4735717773438,482.7907409667969,-891.1668090820312,-881.6643676757812,-11.284875869750977,1.7824137210845947,0.06855816394090652,-0.12803435325622559,0.19476719200611115,0.026841096580028534,0.5553915500640869,0.5357900857925415,-12.425067901611328,394000
9.743696212768555,889.5695190429688,903.3082275390625,722.7003173828125,-899.1346435546875,-889.607666015625,-11.13315200805664,1.6061766147613525,0.06649573892354965,-0.001873278757557273,0.18036411702632904,0.01181225199252367,0.5441305637359619,0.5323534607887268,-12.266392707824707,395000
38.02531051635742,886.1858520507812,903.9862670898438,708.325927734375,-895.2831420898438,-885.5604858398438,-11.471092224121094,1.7484418153762817,0.0612640306353569,-0.1043323501944542,0.1971801072359085,0.03165604919195175,0.5657138228416443,0.5270355939865112,-12.443819046020508,396000
15.796296119689941,886.9855346679688,904.8118286132812,715.4669799804688,-897.516357421875,-886.7752685546875,-12.313409805297852,1.5723506212234497,0.06392825394868851,0.07194723188877106,0.18528202176094055,0.024343445897102356,0.6126812100410461,0.5345873832702637,-12.426462173461914,397000
15.406344413757324,887.0302734375,904.8997192382812,721.2481079101562,-896.3388671875,-886.8986206054688,-11.133021354675293,1.6927679777145386,0.06806235015392303,0.04211968556046486,0.20008064806461334,0.020647205412387848,0.5447393655776978,0.5178687572479248,-11.95278549194336,398000
46.727298736572266,887.61865234375,905.9873046875,28.54670524597168,-897.0469360351562,-887.7591552734375,-10.878908157348633,1.5911030769348145,0.07198447734117508,-0.04241635277867317,0.182226300239563,0.021476266905665398,0.5303060412406921,0.5200535655021667,-11.738171577453613,399000
13.815762519836426,892.2939453125,905.1604614257812,709.7214965820312,-900.371826171875,-891.3734130859375,-10.76628589630127,1.7679085731506348,0.06415051966905594,0.04259123280644417,0.219546839594841,0.01824679970741272,0.5381538271903992,0.5186945199966431,-11.958564758300781,400000
15.17402458190918,882.9603271484375,906.4810180664062,19.649316787719727,-893.0152587890625,-883.6751708984375,-10.821001052856445,1.4809131622314453,0.07133138179779053,-0.0029497367795556784,0.17417724430561066,0.02589816227555275,0.5423516035079956,0.5066512823104858,-11.509931564331055,401000
1540.17724609375,887.423095703125,906.2216186523438,288.7997131347656,-897.911865234375,-888.5291748046875,-11.20677375793457,1.8241205215454102,0.06786130368709564,-0.022739194333553314,0.2115790694952011,0.014685128815472126,0.55781090259552,0.5251914858818054,-11.972831726074219,402000
9.115440368652344,889.4799194335938,905.5365600585938,691.7958984375,-899.30908203125,-889.6735229492188,-11.371953010559082,1.736362338066101,0.06406863033771515,-0.16157856583595276,0.19392548501491547,0.01170268002897501,0.5558258891105652,0.5473357439041138,-12.741877555847168,403000
15.505682945251465,891.6503295898438,906.7127685546875,703.3194580078125,-900.0851440429688,-891.4375,-10.163301467895508,1.5156986713409424,0.06679841876029968,0.10877971351146698,0.19341720640659332,0.014268243685364723,0.48601722717285156,0.5067751407623291,-11.593814849853516,404000
14.521244049072266,888.7862548828125,906.5542602539062,703.0787353515625,-897.2693481445312,-888.6395263671875,-10.338994026184082,1.7091437578201294,0.06738494336605072,-0.004620491061359644,0.1966322511434555,0.022998223081231117,0.5027260780334473,0.5240001678466797,-12.189126968383789,405000
81.485107421875,889.8983154296875,906.9588012695312,688.573974609375,-898.432861328125,-889.6190185546875,-10.574628829956055,1.7607964277267456,0.06392895430326462,-0.03668039292097092,0.20355544984340668,0.014254984445869923,0.5080071091651917,0.5265892148017883,-12.088798522949219,406000
12.542919158935547,887.485107421875,907.0609741210938,715.3496704101562,-897.06787109375,-887.3184814453125,-11.461037635803223,1.711639404296875,0.06644875556230545,-0.0506649874150753,0.20562021434307098,0.01590040512382984,0.5602492094039917,0.527249813079834,-12.141168594360352,407000
55.54823684692383,893.0712280273438,907.5057983398438,505.8718566894531,-903.1869506835938,-893.1909790039062,-11.81080436706543,1.8148201704025269,0.06414029002189636,-0.14582043886184692,0.19670872390270233,0.01814652606844902,0.5826966166496277,0.5467151999473572,-12.651544570922852,408000
26.869115829467773,889.0987548828125,906.5206909179688,16.48970603942871,-896.9927368164062,-888.161376953125,-10.729146957397461,1.8977657556533813,0.06339656561613083,-0.024511918425559998,0.22127696871757507,0.01344608049839735,0.5122083425521851,0.52745121717453,-11.951957702636719,409000
15.964130401611328,884.3089599609375,907.5035400390625,705.8264770507812,-892.2628784179688,-883.5674438476562,-10.275861740112305,1.5804275274276733,0.0718902125954628,0.007558338809758425,0.1863943338394165,0.014794820919632912,0.489563524723053,0.52232825756073,-12.037842750549316,410000
175.4659423828125,885.4811401367188,906.07421875,58.59321594238281,-894.8666381835938,-886.6605224609375,-10.18039321899414,1.9742789268493652,0.06332392990589142,-0.002056596800684929,0.22280630469322205,0.01984897255897522,0.48594576120376587,0.5111485123634338,-11.669586181640625,411000
21.110111236572266,889.8875732421875,905.6900634765625,551.2792358398438,-899.1332397460938,-889.85400390625,-10.950785636901855,1.6715445518493652,0.06657793372869492,0.00592496432363987,0.19790804386138916,0.019045662134885788,0.5361615419387817,0.5175920128822327,-11.765965461730957,412000
12.504934310913086,888.5117797851562,904.5183715820312,687.4725952148438,-897.4892578125,-887.94677734375,-11.374662399291992,1.8321609497070312,0.06092945113778114,0.024340996518731117,0.20998696982860565,0.01569071039557457,0.5607732534408569,0.5377296209335327,-12.592488288879395,413000
15.654352188110352,885.618896484375,904.0435791015625,709.7679443359375,-894.8118896484375,-885.37646484375,-11.200494766235352,1.7650693655014038,0.06276355683803558,-0.03636154904961586,0.20675890147686005,0.017071235924959183,0.5538448691368103,0.5266761779785156,-12.15080738067627,414000
415.1026611328125,877.540771484375,905.6690063476562,18.6095027923584,-889.624755859375,-880.5874633789062,-10.673261642456055,1.6359835863113403,0.0889490619301796,-0.08082785457372665,0.19112363457679749,0.020824765786528587,0.5286655426025391,0.47970741987228394,-10.548227310180664,415000
7.819969177246094,891.94091796875,906.4120483398438,714.55078125,-900.5311889648438,-891.0963134765625,-11.153535842895508,1.7187025547027588,0.060492198914289474,0.006770671810954809,0.2082112431526184,0.010966319590806961,0.5379038453102112,0.5460556149482727,-12.69481086730957,416000
8.02206802368164,892.8252563476562,905.298583984375,712.37060546875,-901.1329956054688,-892.42724609375,-10.499939918518066,1.7941590547561646,0.06161757931113243,-0.12712407112121582,0.20391148328781128,0.021659519523382187,0.5051946640014648,0.5461084842681885,-12.747821807861328,417000
12.137685775756836,887.7926025390625,904.77783203125,689.43896484375,-895.547119140625,-887.0244140625,-10.264299392700195,1.7415868043899536,0.06258086860179901,0.08333168923854828,0.2000458538532257,0.01603253185749054,0.4911140203475952,0.5236942172050476,-12.100813865661621,418000
8.72868824005127,888.0982055664062,905.5156860351562,686.8521118164062,-897.2589721679688,-888.01171875,-10.789285659790039,1.5420262813568115,0.06876956671476364,0.12439634650945663,0.18913371860980988,0.013514744117856026,0.5268687605857849,0.5159929990768433,-11.759809494018555,419000
10.574191093444824,892.74755859375,905.5313110351562,699.6476440429688,-901.9306030273438,-892.2463989257812,-11.387947082519531,1.703761339187622,0.06851311028003693,0.009541514329612255,0.20303675532341003,0.018721848726272583,0.5539435148239136,0.5293631553649902,-12.169952392578125,420000
16.843154907226562,889.5140991210938,905.6693725585938,698.8638916015625,-897.7249145507812,-888.8759765625,-10.463654518127441,1.6147407293319702,0.0684848427772522,0.09435009956359863,0.20421119034290314,0.012311257421970367,0.5094418525695801,0.5112663507461548,-11.73345947265625,421000
85.69293212890625,886.76025390625,905.1100463867188,326.02911376953125,-895.0512084960938,-886.4347534179688,-10.486499786376953,1.87006676197052,0.0681682601571083,0.010974854230880737,0.21921366453170776,0.01466034259647131,0.5146858096122742,0.5172934532165527,-11.689408302307129,422000
12.253416061401367,888.3479614257812,906.0731201171875,696.9171142578125,-897.8019409179688,-888.5152587890625,-10.875869750976562,1.58917236328125,0.06966953724622726,0.012308725155889988,0.1887049376964569,0.020911701023578644,0.5161955952644348,0.5182779431343079,-11.999837875366211,423000
16.76886558532715,889.3464965820312,907.0962524414062,700.6943969726562,-897.1937255859375,-888.4149169921875,-10.451162338256836,1.6723525524139404,0.06841308623552322,0.032314300537109375,0.20790959894657135,0.01486970204859972,0.5077232122421265,0.5239220261573792,-12.124713897705078,424000
100.50782012939453,890.6671142578125,907.150146484375,479.1462707519531,-899.1567993164062,-890.94287109375,-9.789215087890625,1.5752521753311157,0.07479259371757507,-0.07276517152786255,0.18617597222328186,0.016096020117402077,0.46813684701919556,0.5189787745475769,-11.728617668151855,425000
111.1863021850586,889.0374755859375,907.0369873046875,393.7307434082031,-898.0059814453125,-889.062255859375,-10.864506721496582,1.9207465648651123,0.06705738604068756,-0.06449876725673676,0.2139018326997757,0.011099881492555141,0.5346044898033142,0.5343685150146484,-12.17835521697998,426000
16.745344161987305,887.4857177734375,907.8410034179688,691.0309448242188,-896.1731567382812,-887.26220703125,-10.709700584411621,1.79877507686615,0.06438052654266357,0.07889554649591446,0.2160419225692749,0.014098895713686943,0.5225141644477844,0.5302276611328125,-12.132514953613281,427000
8.469351768493652,890.2020263671875,908.5281982421875,711.4168090820312,-898.82470703125,-889.7816772460938,-10.428722381591797,1.3856762647628784,0.06767598539590836,0.07785637676715851,0.17178285121917725,0.012774002738296986,0.5148203372955322,0.5045794248580933,-11.592085838317871,428000
13.427003860473633,892.058837890625,908.2039184570312,727.9260864257812,-900.5679931640625,-891.6676025390625,-10.534730911254883,1.6343241930007935,0.07058566063642502,-0.023912819102406502,0.19448363780975342,0.017882822081446648,0.5160608291625977,0.5131447315216064,-11.90242862701416,429000
16.84398651123047,891.1437377929688,907.3424072265625,719.236328125,-898.9457397460938,-890.02490234375,-10.652551651000977,1.7316855192184448,0.06545286625623703,0.07088116556406021,0.21041812002658844,0.015416637063026428,0.5141448974609375,0.5403061509132385,-12.559492111206055,430000
16.359485626220703,892.7880859375,906.9874267578125,769.4080810546875,-901.888427734375,-892.609375,-11.011661529541016,1.7325958013534546,0.06374646723270416,0.07418856769800186,0.2049492746591568,0.012343807145953178,0.5252401828765869,0.5292866230010986,-12.264113426208496,431000
37.98722457885742,887.0784912109375,908.2294311523438,49.49464797973633,-895.1570434570312,-886.358642578125,-10.666831970214844,1.8683844804763794,0.06633967906236649,-0.02942657843232155,0.20141816139221191,0.014676570892333984,0.5197993516921997,0.5314806699752808,-12.284751892089844,432000
13.690985679626465,893.1368408203125,908.1347045898438,716.688720703125,-902.9622192382812,-893.411865234375,-11.166152954101562,1.6157537698745728,0.06564709544181824,0.010038190521299839,0.19961519539356232,0.014990347437560558,0.5483683943748474,0.5156448483467102,-11.843789100646973,433000
11.888866424560547,891.5894775390625,909.30029296875,710.7529296875,-900.6868286132812,-891.8106689453125,-10.656745910644531,1.7805842161178589,0.06826972961425781,0.02706838957965374,0.21044999361038208,0.012258371338248253,0.5111731290817261,0.531063437461853,-12.24426555633545,434000
24.897567749023438,893.19287109375,909.4197387695312,699.7103271484375,-901.8895263671875,-892.7875366210938,-10.810155868530273,1.7081788778305054,0.06598964333534241,0.03872941806912422,0.19968847930431366,0.01702636107802391,0.5214818120002747,0.5259803533554077,-12.118779182434082,435000
61.0625114440918,890.83837890625,909.8383178710938,99.68936157226562,-900.5567016601562,-891.3077392578125,-11.08892822265625,1.8399755954742432,0.06926451623439789,-0.057164546102285385,0.2042832225561142,0.010260230861604214,0.5379140377044678,0.5430667996406555,-12.479286193847656,436000
34.853515625,890.1303100585938,909.6129150390625,633.2338256835938,-899.2670288085938,-890.3275756835938,-10.866600036621094,1.9271241426467896,0.06831227988004684,-0.08060181885957718,0.22311216592788696,0.01875261217355728,0.5374855995178223,0.5106080770492554,-11.72031021118164,437000
8.116029739379883,894.72607421875,909.5130004882812,729.97216796875,-903.8213500976562,-894.4801025390625,-11.094712257385254,1.7534663677215576,0.06536277383565903,-0.01285501103848219,0.21358533203601837,0.01336327288299799,0.546991765499115,0.523259162902832,-12.029841423034668,438000
13.41157341003418,893.7710571289062,908.9024047851562,717.5361328125,-902.033935546875,-892.927978515625,-10.94510269165039,1.8391823768615723,0.06415724754333496,-0.14313796162605286,0.20518270134925842,0.02061619609594345,0.5309689044952393,0.5335299968719482,-12.411725044250488,439000
25.849573135375977,887.829833984375,908.3118896484375,645.5230102539062,-895.9370727539062,-887.7501831054688,-9.820700645446777,1.6338037252426147,0.07066550850868225,0.00010914830636465922,0.20171429216861725,0.015003063715994358,0.4769188165664673,0.5281919240951538,-12.160787582397461,440000
31.938182830810547,893.0751953125,909.2557373046875,640.9937744140625,-901.999267578125,-893.126708984375,-10.43529224395752,1.5627293586730957,0.07995130121707916,0.03670254722237587,0.1927187740802765,0.01731124520301819,0.5167601108551025,0.49770185351371765,-11.283510208129883,441000
10.02318000793457,889.3436889648438,909.1898803710938,702.4327392578125,-898.5338745117188,-888.9888305664062,-11.206250190734863,1.661197543144226,0.06702505052089691,0.014327931217849255,0.2007572054862976,0.014253241941332817,0.5479271411895752,0.518993079662323,-11.991290092468262,442000
8.462526321411133,895.0010375976562,908.5289306640625,691.462890625,-904.6798706054688,-894.7164306640625,-11.836371421813965,1.8729242086410522,0.06344255059957504,-0.058311931788921356,0.20360854268074036,0.016341356560587883,0.586050271987915,0.5470819473266602,-12.754140853881836,443000
26.578086853027344,887.933837890625,906.6353759765625,37.000850677490234,-897.014892578125,-888.0010986328125,-10.763799667358398,1.7500205039978027,0.0739017128944397,0.04616831615567207,0.2168600857257843,0.02784641832113266,0.5419860482215881,0.4875028431415558,-10.890813827514648,444000
316.8525695800781,889.5640869140625,907.0953369140625,12.231820106506348,-898.5531005859375,-888.717529296875,-11.620991706848145,1.7853984832763672,0.06579377502202988,-0.0837978720664978,0.20014837384223938,0.011597800068557262,0.5658600330352783,0.5485535264015198,-12.741878509521484,445000
281.75592041015625,896.1520385742188,907.6243896484375,169.7310791015625,-907.066650390625,-896.92919921875,-12.024273872375488,1.8868489265441895,0.06718554347753525,-0.02936302311718464,0.21322999894618988,0.018383946269750595,0.6034030914306641,0.5492766499519348,-12.58436393737793,446000
13.136098861694336,891.1871948242188,907.086181640625,709.7477416992188,-899.9235229492188,-890.818359375,-10.79599380493164,1.6908785104751587,0.06611809879541397,-0.05833052098751068,0.1980089247226715,0.014498768374323845,0.5157514214515686,0.5368826985359192,-12.513258934020996,447000
13.002554893493652,890.974853515625,908.4365234375,701.733154296875,-900.1049194335938,-891.026123046875,-10.788107872009277,1.7092844247817993,0.07091574370861053,0.011949165724217892,0.19866403937339783,0.015226881951093674,0.5238902568817139,0.5307750701904297,-12.243967056274414,448000
37.07847213745117,896.1888427734375,909.2669067382812,599.2299194335938,-904.3330078125,-895.9063720703125,-10.047828674316406,1.621219515800476,0.06809699535369873,-0.0680200532078743,0.1923384815454483,0.01401408389210701,0.48720496892929077,0.520788311958313,-11.923567771911621,449000
485.7171630859375,887.8742065429688,909.3626708984375,198.88540649414062,-894.9786987304688,-887.0263671875,-9.588638305664062,1.6362913846969604,0.07622567564249039,0.08121401071548462,0.19636529684066772,0.021054446697235107,0.46070224046707153,0.5041564702987671,-11.497119903564453,450000
90.97782135009766,889.5104370117188,909.3915405273438,138.9034881591797,-898.2198486328125,-889.9280395507812,-9.921764373779297,1.6299617290496826,0.07348925620317459,0.07306355237960815,0.19441883265972137,0.01879430003464222,0.47192972898483276,0.5111957788467407,-11.584047317504883,451000
54.86676025390625,891.0048828125,908.8770141601562,702.4039916992188,-898.8507080078125,-890.9810791015625,-9.854146957397461,1.984511137008667,0.07179892808198929,0.032810889184474945,0.22619417309761047,0.017980877310037613,0.48531726002693176,0.510474681854248,-11.724663734436035,452000
14.734977722167969,891.9759521484375,909.0054931640625,710.35693359375,-900.9893188476562,-891.9979248046875,-10.627546310424805,1.6361842155456543,0.07275139540433884,-0.004979914054274559,0.19960230588912964,0.01710444688796997,0.5167360305786133,0.5139901638031006,-11.807170867919922,453000
16.798282623291016,888.86328125,908.5762329101562,708.2567138671875,-896.5606689453125,-887.8619384765625,-10.476873397827148,1.7781516313552856,0.07151224464178085,-0.01717720553278923,0.2099335789680481,0.018267596140503883,0.5065559148788452,0.5129434466362,-11.897924423217773,454000
154.37889099121094,887.6314697265625,907.619873046875,499.4862365722656,-896.275634765625,-888.2528686523438,-9.582588195800781,1.5597898960113525,0.07787107676267624,0.006354853976517916,0.19132749736309052,0.017708227038383484,0.454028844833374,0.5024587512016296,-11.299820899963379,455000
9.593539237976074,887.3997802734375,907.0216674804688,692.519287109375,-895.252685546875,-886.9913330078125,-10.110515594482422,1.8491548299789429,0.07040517777204514,0.09127935767173767,0.22178366780281067,0.014874613843858242,0.49335581064224243,0.5059482455253601,-11.5642728805542,456000
19.903039932250977,888.4029541015625,904.8449096679688,701.7613525390625,-896.3306274414062,-888.1393432617188,-9.971542358398438,1.7802783250808716,0.07008030265569687,0.039535555988550186,0.2132991999387741,0.014466695487499237,0.48720109462738037,0.5117803812026978,-11.608708381652832,457000
40.367244720458984,886.5834350585938,903.8126831054688,508.7868957519531,-895.33056640625,-886.440673828125,-10.704915046691895,1.814998745918274,0.07804325222969055,-0.07029865682125092,0.20591236650943756,0.014080775901675224,0.5286647081375122,0.512629508972168,-11.582708358764648,458000
331.14031982421875,887.5245361328125,904.37109375,236.80010986328125,-896.2855224609375,-886.9212646484375,-10.896748542785645,1.532495379447937,0.07269908487796783,0.04926357418298721,0.19254527986049652,0.01614990085363388,0.5316420197486877,0.5101009011268616,-11.714115142822266,459000
172.40158081054688,877.9560546875,903.7864379882812,80.86669158935547,-888.4678344726562,-880.120361328125,-10.1438570022583,1.796375036239624,0.08051540702581406,-0.09950647503137589,0.20376625657081604,0.015586473047733307,0.5019855499267578,0.4992905259132385,-10.98183822631836,460000
15.67260456085205,889.7844848632812,903.9450073242188,691.4603271484375,-897.37939453125,-889.1484985351562,-9.877209663391113,1.6462726593017578,0.07196711003780365,0.04534716531634331,0.1972612887620926,0.01435212604701519,0.4703194499015808,0.5096405744552612,-11.72831916809082,461000
21.157188415527344,886.8300170898438,903.501220703125,704.1790161132812,-894.7742919921875,-886.2092895507812,-10.408763885498047,1.8437738418579102,0.0664634183049202,-0.13824820518493652,0.20955760776996613,0.02655717357993126,0.5108451247215271,0.5241888761520386,-12.181990623474121,462000
9.666960716247559,886.0570068359375,903.926513671875,705.0730590820312,-894.4688110351562,-885.8487548828125,-9.984657287597656,1.364605188369751,0.07642683386802673,0.14890678226947784,0.17703361809253693,0.01677849516272545,0.48722606897354126,0.48371511697769165,-11.061237335205078,463000
315.94873046875,880.549560546875,903.1758422851562,234.63565063476562,-889.6510620117188,-881.27099609375,-10.348027229309082,1.967962622642517,0.07901120185852051,-0.03789954632520676,0.22026267647743225,0.016896765679121017,0.5108085870742798,0.5083814263343811,-11.375476837158203,464000
12.551947593688965,886.8104248046875,903.3248291015625,701.7083129882812,-894.996826171875,-886.1285400390625,-10.58394718170166,1.7156141996383667,0.0692528486251831,0.031145473942160606,0.20486511290073395,0.018551938235759735,0.5121245980262756,0.504328191280365,-11.610807418823242,465000
14.088565826416016,887.6160888671875,903.5865478515625,679.8172607421875,-896.2808837890625,-887.1582641601562,-10.932744979858398,1.8101414442062378,0.0645502582192421,-0.10506977885961533,0.1986418515443802,0.012424133718013763,0.5321714282035828,0.5298800468444824,-12.27861499786377,466000
209.17440795898438,885.33154296875,904.0923461914062,187.69430541992188,-892.92822265625,-884.046630859375,-10.77878475189209,1.897192358970642,0.06669948250055313,-0.01436137966811657,0.2125658094882965,0.012576133944094181,0.5221856832504272,0.526651918888092,-12.219619750976562,467000
101.58436584472656,883.5690307617188,903.6058349609375,94.26289367675781,-893.134765625,-884.8076782226562,-10.087093353271484,1.7600231170654297,0.07456798851490021,-0.006334878504276276,0.20295804738998413,0.014447757974267006,0.48782533407211304,0.5096777677536011,-11.55262565612793,468000
33.3837890625,886.109130859375,903.9750366210938,705.9772338867188,-893.0460205078125,-885.1696166992188,-9.462799072265625,1.5864503383636475,0.07649089395999908,0.101022869348526,0.20056305825710297,0.017423678189516068,0.4638369381427765,0.47588619589805603,-10.515844345092773,469000
12.39019775390625,884.7286987304688,903.489501953125,706.6398315429688,-893.129150390625,-884.8145751953125,-9.961347579956055,1.646783709526062,0.06857067346572876,0.03747362270951271,0.19572626054286957,0.013277365826070309,0.4777851402759552,0.5199164152145386,-12.010896682739258,470000
83.85737609863281,877.003173828125,903.2152709960938,73.08061218261719,-885.1599731445312,-878.1904907226562,-8.502726554870605,1.5332527160644531,0.08715405315160751,0.1299421638250351,0.19872143864631653,0.019013511016964912,0.41684675216674805,0.4455391764640808,-9.65612506866455,471000
19.419403076171875,889.4466552734375,905.2600708007812,700.6404418945312,-898.0659790039062,-889.2770385742188,-10.334283828735352,1.5453251600265503,0.07197068631649017,-0.08368096500635147,0.18119800090789795,0.01872849464416504,0.5029776692390442,0.5112764239311218,-11.86888599395752,472000
17.797138214111328,889.6439208984375,903.8829956054688,715.460693359375,-898.6014404296875,-889.3604736328125,-10.995829582214355,1.754895806312561,0.07283002883195877,0.13829223811626434,0.216170996427536,0.01520609762519598,0.5423138737678528,0.5020397901535034,-11.518702507019043,473000
13.040416717529297,888.534423828125,904.3547973632812,688.03759765625,-898.1541748046875,-888.7714233398438,-11.035855293273926,1.6530637741088867,0.06810931861400604,0.074966661632061,0.19237492978572845,0.011745053343474865,0.5345908403396606,0.5222504138946533,-11.986783981323242,474000
10.705108642578125,885.2431640625,904.59130859375,687.1295776367188,-893.6588745117188,-885.300537109375,-10.008316993713379,1.6499933004379272,0.07517639547586441,0.038805000483989716,0.19577132165431976,0.012912454083561897,0.48920610547065735,0.5043905973434448,-11.585258483886719,475000
196.0101318359375,881.1103515625,904.7999267578125,12.248147964477539,-890.972412109375,-882.85009765625,-9.850920677185059,1.7285722494125366,0.08972594141960144,-0.12752941250801086,0.19403789937496185,0.022133655846118927,0.5059030652046204,0.461978018283844,-9.78630542755127,476000
157.982177734375,883.3447875976562,903.8270874023438,242.49884033203125,-893.1724243164062,-884.430908203125,-10.647908210754395,1.9063687324523926,0.08183921873569489,-0.11418833583593369,0.20992839336395264,0.016489649191498756,0.5166257619857788,0.509662389755249,-11.50156307220459,477000
11.61870002746582,887.7197265625,904.2361450195312,688.1500854492188,-897.5702514648438,-887.4308471679688,-11.689568519592285,1.5501837730407715,0.06813568621873856,-0.0024095524568110704,0.1761750876903534,0.02103794366121292,0.5772796869277954,0.5168008804321289,-12.00267219543457,478000
12.85499382019043,887.5711669921875,904.9141845703125,679.4705810546875,-896.3482055664062,-887.1357421875,-10.858556747436523,1.6461251974105835,0.07343199104070663,-0.05657348409295082,0.20201309025287628,0.01871289685368538,0.5432124137878418,0.4966529607772827,-11.382732391357422,479000
15.39137077331543,887.2536010742188,905.3938598632812,267.0368347167969,-897.8839111328125,-888.5348510742188,-10.985625267028809,1.6365296840667725,0.08019247651100159,0.025841763243079185,0.19179308414459229,0.012785207480192184,0.538560152053833,0.5066640377044678,-11.456724166870117,480000
39.6346549987793,886.39501953125,905.7978515625,567.9708251953125,-895.984619140625,-886.826904296875,-10.79659366607666,1.6388249397277832,0.07752915471792221,0.027551550418138504,0.1927691251039505,0.009702857583761215,0.5286011099815369,0.5232434272766113,-11.889131546020508,481000
19.54167938232422,892.320556640625,904.8885498046875,768.421630859375,-900.513916015625,-891.9251708984375,-10.3311767578125,1.7424542903900146,0.0731959193944931,-0.0759604200720787,0.20107485353946686,0.014880461618304253,0.5029148459434509,0.5263411998748779,-12.20451545715332,482000
13.666481018066406,890.3951416015625,905.4133911132812,707.7021484375,-899.0728759765625,-890.30517578125,-10.305644989013672,1.537950873374939,0.06977423280477524,0.07047281414270401,0.18901097774505615,0.01609375700354576,0.5062780976295471,0.5097779035568237,-11.729097366333008,483000
240.9304962158203,890.3565673828125,906.215087890625,238.28250122070312,-899.3672485351562,-891.234375,-9.787927627563477,1.6550039052963257,0.07672178000211716,0.14032818377017975,0.20911671221256256,0.014620538800954819,0.47838056087493896,0.4966275990009308,-11.057821273803711,484000
9.498579025268555,888.43505859375,905.603271484375,708.9037475585938,-896.406494140625,-887.484130859375,-10.726682662963867,1.8043333292007446,0.07330228388309479,-0.00741588557139039,0.20667429268360138,0.019221216440200806,0.5265921950340271,0.510561466217041,-11.800350189208984,485000
225.3467559814453,884.2501831054688,906.08203125,402.3802795410156,-893.7255859375,-884.603271484375,-10.703339576721191,1.5810831785202026,0.08266191184520721,-0.018632715567946434,0.18596671521663666,0.014125782065093517,0.5315641164779663,0.4896966516971588,-11.030603408813477,486000
128.532958984375,886.7764892578125,904.6528930664062,718.13916015625,-893.9959716796875,-885.890380859375,-9.691346168518066,1.5857641696929932,0.08087737113237381,-0.012283694930374622,0.19423696398735046,0.02224283292889595,0.4690389037132263,0.48905324935913086,-11.139289855957031,487000
18.12350845336914,887.1702880859375,905.1996459960938,714.0597534179688,-895.3043212890625,-886.42138671875,-10.442256927490234,1.559325933456421,0.0793888047337532,0.0799407809972763,0.19338896870613098,0.01567176729440689,0.5065693855285645,0.5052622556686401,-11.608368873596191,488000
10.125158309936523,889.8297119140625,905.5433959960938,711.0264282226562,-897.4672241210938,-889.550048828125,-9.428977012634277,1.5117499828338623,0.07310919463634491,0.16048558056354523,0.18959233164787292,0.016941219568252563,0.44346678256988525,0.5088344216346741,-11.719073295593262,489000
10.915962219238281,891.7501220703125,905.6253051757812,694.3928833007812,-899.0618286132812,-891.72314453125,-8.939946174621582,1.601273536682129,0.07674907147884369,0.1478569656610489,0.19994492828845978,0.01945933699607849,0.43211495876312256,0.48920631408691406,-11.117147445678711,490000
10.55921745300293,890.6064453125,906.8868408203125,695.9841918945312,-898.519287109375,-890.05078125,-9.986791610717773,1.5182864665985107,0.08107249438762665,-0.0240890234708786,0.17844080924987793,0.015994034707546234,0.4831330478191376,0.504571795463562,-11.722850799560547,491000
12.6137113571167,892.9661865234375,906.8790283203125,740.3433227539062,-900.2599487304688,-892.5421142578125,-9.237848281860352,1.5200221538543701,0.07894817739725113,0.04936772584915161,0.1839587688446045,0.01970520056784153,0.4454882740974426,0.4971771538257599,-11.488710403442383,492000
10.70376968383789,887.30126953125,906.3012084960938,727.0209350585938,-894.6251220703125,-886.7567749023438,-9.398738861083984,1.5304038524627686,0.08085047453641891,0.23898200690746307,0.2066706418991089,0.016200998798012733,0.45955827832221985,0.466383695602417,-10.606935501098633,493000
15.72995376586914,893.5262451171875,908.0139770507812,735.70458984375,-901.439453125,-892.8060302734375,-10.232118606567383,1.5986896753311157,0.07201647758483887,0.056703902781009674,0.19445106387138367,0.013920078985393047,0.49891799688339233,0.5052276253700256,-11.607378005981445,494000
55.53105545043945,890.4909057617188,908.8475952148438,63.608768463134766,-900.3535766601562,-890.833251953125,-11.155017852783203,1.634711742401123,0.0799688994884491,0.0008562830043956637,0.18581941723823547,0.023166632279753685,0.5568201541900635,0.4973476827144623,-11.25425910949707,495000
10.365222930908203,894.8426513671875,908.4483032226562,749.2720336914062,-903.5306396484375,-894.3406982421875,-10.895975112915039,1.7060426473617554,0.07279922813177109,-0.003396576503291726,0.19298307597637177,0.02235068753361702,0.5377227663993835,0.4977945387363434,-11.37467098236084,496000
19.419925689697266,891.4888916015625,909.1905517578125,681.3665771484375,-900.173095703125,-891.535888671875,-10.101442337036133,1.4642590284347534,0.07450459897518158,0.026247423142194748,0.17592325806617737,0.013459654524922371,0.493790864944458,0.5113288164138794,-11.772732734680176,497000
13.65754508972168,896.2356567382812,909.8150634765625,711.88232421875,-905.2394409179688,-895.6504516601562,-11.233426094055176,1.644433617591858,0.06677576899528503,-0.062345538288354874,0.18434470891952515,0.013848468661308289,0.5566070079803467,0.5282604098320007,-12.278200149536133,498000
171.42041015625,889.93017578125,909.6781005859375,35.18007278442383,-899.4039916992188,-890.6276245117188,-10.345438957214355,1.5690759420394897,0.08122232556343079,-0.07136330753564835,0.17293663322925568,0.013984426856040955,0.5117769241333008,0.49245867133140564,-10.940367698669434,499000
12.06162166595459,898.07568359375,910.0206909179688,725.5748291015625,-905.8333129882812,-897.431640625,-10.282854080200195,1.8811757564544678,0.06687945872545242,-0.057546429336071014,0.21502260863780975,0.012270603328943253,0.5032565593719482,0.5286645889282227,-12.117287635803223,500000
