critic/q_loss,critic/q_mean,critic/q_max,critic/q_min,actor/total_loss,actor/q_loss,actor/bc_loss,actor/entropy_loss,actor/mse,beta/beta_loss,beta/beta,encoder/encoder_loss,encoder/dot_mean,encoder/log_dot_mean,encoder/kl_target_mean,encoder/nll_raw_mean,step
452.5390625,-0.01119971927255392,0.09357224404811859,-0.108396515250206,-1.5354366302490234,-0.16842180490493774,9.694526672363281,-11.061541557312012,0.37805336713790894,19.372241973876953,0.9997000694274902,0.1392580270767212,0.8544274568557739,-0.07596572488546371,-0.4479166269302368,8.958333015441895,0
21.3150634765625,59.57378005981445,59.58925247192383,59.557823181152344,-65.50407409667969,-59.600616455078125,-8.582559585571289,2.679100275039673,0.08351395279169083,4.003469944000244,0.7988766431808472,0.0007195709040388465,0.9995226860046387,-0.00023869417782407254,-0.0023220842704176903,-8.76663875579834,1000
8.884904861450195,86.94583892822266,86.94670867919922,86.94303131103516,-93.97887420654297,-87.00369262695312,-11.437310218811035,4.462125778198242,0.06604262441396713,1.3181129693984985,0.6955463290214539,2.6162288122577593e-05,0.9998375773429871,-8.120937854982913e-05,-0.0003215805336367339,-11.810858726501465,2000
11.174695014953613,108.31977844238281,108.36302185058594,108.27685546875,-115.7637939453125,-108.30479431152344,-12.845423698425293,5.386419296264648,0.05892489105463028,-0.18553957343101501,0.6466792225837708,5.142304804195419e-09,0.9998902082443237,-5.48847128811758e-05,0.0,-13.11788558959961,3000
9.745915412902832,127.39002227783203,127.39060974121094,127.38605499267578,-134.43316650390625,-127.35693359375,-12.423866271972656,5.347618579864502,0.06008358672261238,0.3919462561607361,0.6375436186790466,0.0032223572488874197,0.9998943209648132,-5.2838720876025036e-05,-0.0036848513409495354,-12.70645523071289,4000
10.36993408203125,142.13034057617188,145.0557403564453,134.65943908691406,-148.85482788085938,-141.34182739257812,-13.370302200317383,5.857306480407715,0.058966636657714844,0.14313580095767975,0.657312273979187,0.000501438626088202,0.9998951554298401,-5.2401621360331774e-05,-0.0023372680880129337,-13.684585571289062,5000
11.11242389678955,153.89031982421875,156.61219787597656,126.35520935058594,-160.88333129882812,-153.26454162597656,-13.502035140991211,5.883245944976807,0.06051888316869736,-0.23316986858844757,0.6744081974029541,3.726060349151794e-09,0.9999066591262817,-4.669278860092163e-05,0.0,-13.989242553710938,6000
17.741592407226562,164.35763549804688,167.00611877441406,108.66036224365234,-170.87173461914062,-163.338134765625,-13.095159530639648,5.561551094055176,0.058066707104444504,0.017334608361124992,0.689751386642456,0.00012833521759603173,0.9998965859413147,-5.17068401677534e-05,-0.0007090442813932896,-13.723546981811523,7000
16.12626075744629,173.12522888183594,176.008544921875,115.98104095458984,-179.57066345214844,-172.0124969482422,-13.834074020385742,6.275914669036865,0.055819738656282425,-0.41547635197639465,0.6923566460609436,3.3891007777953064e-09,0.9999121427536011,-4.393241397337988e-05,0.0,-14.485000610351562,8000
334.8544921875,181.33474731445312,184.1499481201172,118.84944915771484,-187.3489532470703,-180.27102661132812,-13.200661659240723,6.122745513916016,0.06089573726058006,0.10716349631547928,0.6976256370544434,0.0011196336708962917,0.9998944401741028,-5.278644312056713e-05,-0.0038279450964182615,-13.757366180419922,9000
20.14435386657715,189.927734375,193.35272216796875,149.18634033203125,-196.16612243652344,-188.65943908691406,-13.325011253356934,5.818327903747559,0.058857258409261703,-0.1623237282037735,0.7035082578659058,0.00016053496801760048,0.9998993277549744,-5.033723573433235e-05,-0.0008809517021290958,-14.031768798828125,10000
13.641559600830078,197.42587280273438,200.198974609375,181.8715362548828,-203.66714477539062,-196.34010314941406,-13.338294982910156,6.011256694793701,0.05831402912735939,0.19431878626346588,0.7111055254936218,0.00012900450383313,0.9998879432678223,-5.6031407439149916e-05,-0.0011958841932937503,-13.835989952087402,11000
25.637012481689453,204.76394653320312,207.68096923828125,109.38243103027344,-210.92257690429688,-203.75051879882812,-12.996160507202148,5.824095249176025,0.06125771254301071,-0.05414725840091705,0.7082499265670776,5.2818436415691394e-06,0.9999016523361206,-4.919938510283828e-05,-0.00014445064880419523,-13.763277053833008,12000
137.17617797851562,208.4069061279297,212.47402954101562,54.17937469482422,-214.28416442871094,-207.1119384765625,-13.46993350982666,6.297709941864014,0.05881540849804878,-0.13298866152763367,0.714131772518158,4.966541382600553e-05,0.9999046325683594,-4.769465158460662e-05,-0.0006165057420730591,-14.256126403808594,13000
15.339242935180664,215.6287841796875,218.91488647460938,194.8473663330078,-222.04522705078125,-214.52096557617188,-13.485347747802734,5.961092472076416,0.05810298025608063,0.09563378989696503,0.7227362394332886,0.00028565950924530625,0.9999017119407654,-4.914607052342035e-05,-0.0014873091131448746,-14.36636734008789,14000
146.0496063232422,221.70494079589844,223.97447204589844,84.99127960205078,-227.6081085205078,-220.4474639892578,-13.439535140991211,6.278889179229736,0.059683848172426224,0.06328070163726807,0.7234852313995361,0.00023088045418262482,0.9999036192893982,-4.8174260882660747e-05,-0.0009524395572952926,-14.36020565032959,15000
43.154136657714844,228.1233367919922,231.6143035888672,151.90914916992188,-233.83741760253906,-226.8431396484375,-13.403390884399414,6.409121990203857,0.05704386904835701,-0.0845482274889946,0.7231397032737732,0.00011152015213156119,0.9998999834060669,-5.000811506761238e-05,-0.0006610605050809681,-14.267303466796875,16000
50.8454475402832,232.63201904296875,235.79209899902344,101.5733413696289,-238.3670196533203,-231.34246826171875,-12.751644134521484,5.727090358734131,0.059498731046915054,0.39998653531074524,0.7209641337394714,0.00021143496269360185,0.99989914894104,-5.0430888222763315e-05,-0.0010029709665104747,-13.770605087280273,17000
83.88098907470703,236.35989379882812,239.6650848388672,102.59273529052734,-242.0404510498047,-234.8797607421875,-12.344846725463867,5.184154510498047,0.06379426270723343,0.38314324617385864,0.7208988070487976,0.00013212427438702434,0.9998968839645386,-5.1557897677412257e-05,-0.0009589019464328885,-13.529598236083984,18000
186.41262817382812,238.862548828125,242.65475463867188,103.49703216552734,-243.90948486328125,-237.03262329101562,-12.912842750549316,6.035975933074951,0.06109863147139549,0.1679331511259079,0.7256960272789001,0.000984666869044304,0.9998896718025208,-5.5167824029922485e-05,-0.0036407718434929848,-13.810827255249023,19000
14.673149108886719,241.36453247070312,244.8052520751953,209.3012237548828,-247.1803436279297,-240.2478485107422,-13.250590324401855,6.318103313446045,0.05690155550837517,-0.1268875151872635,0.7232198119163513,0.00012484054605010897,0.9999052286148071,-4.7379526222357526e-05,-0.000699615862686187,-14.498720169067383,20000
19.09272575378418,243.95582580566406,247.3642578125,206.41738891601562,-249.2115936279297,-242.55020141601562,-12.678412437438965,6.017012119293213,0.05864131823182106,0.5130457282066345,0.7263280153274536,0.00015338059165515006,0.9998927116394043,-5.3646217565983534e-05,-0.0010561414528638124,-13.844718933105469,21000
17.547462463378906,246.02423095703125,249.41566467285156,208.7619171142578,-251.76527404785156,-244.92877197265625,-12.977542877197266,6.141041278839111,0.05912189558148384,-0.14414355158805847,0.7257019877433777,0.00011921284021809697,0.999904990196228,-4.748931678477675e-05,-0.0006827584002166986,-14.182836532592773,22000
53.33148956298828,248.9075469970703,252.7164764404297,92.04757690429688,-254.4745635986328,-247.4583740234375,-12.808627128601074,5.79243803024292,0.06031530722975731,0.04519644007086754,0.7276365756988525,0.000168311147717759,0.999904990196228,-4.7508459829259664e-05,-0.0010760272853076458,-14.21859359741211,23000
63.90841293334961,250.7011260986328,253.30259704589844,88.56282043457031,-256.1708068847656,-249.16586303710938,-13.138232231140137,6.133303642272949,0.05635698512196541,-0.23160439729690552,0.7207183241844177,7.893318252172321e-05,0.9998983144760132,-5.08314733451698e-05,-0.0005559822893701494,-14.426637649536133,24000
54.040565490722656,253.282470703125,257.2737121582031,102.79898834228516,-258.76806640625,-252.05181884765625,-12.25973892211914,5.543496608734131,0.06360192596912384,0.16195985674858093,0.7226113080978394,0.002964391140267253,0.9998780488967896,-6.095501157687977e-05,-0.003613258944824338,-13.682985305786133,25000
19.15085220336914,254.79595947265625,258.62579345703125,230.56895446777344,-260.2791748046875,-253.640869140625,-12.992831230163574,6.3545379638671875,0.05769204720854759,-0.142720565199852,0.7198739051818848,4.2214671758245e-09,0.9998974800109863,-5.125185998622328e-05,0.0,-14.29293441772461,26000
13.474935531616211,258.18939208984375,262.1785583496094,247.116455078125,-263.5458984375,-256.80853271484375,-13.150186538696289,6.412810802459717,0.056498441845178604,-0.011211837641894817,0.7192394137382507,3.963382066984877e-09,0.9999017119407654,-4.914065357297659e-05,0.0,-14.394427299499512,27000
53.23479461669922,260.69891357421875,264.74627685546875,108.61771392822266,-265.8150939941406,-259.1572265625,-12.517687797546387,5.859841346740723,0.05853293836116791,0.31202903389930725,0.7236925363540649,5.5153575040378655e-09,0.9998935461044312,-5.3244140872266144e-05,0.0,-13.996881484985352,28000
16.043415069580078,262.22723388671875,266.0054626464844,236.4899139404297,-267.64886474609375,-261.0279541015625,-12.898191452026367,6.2772746086120605,0.05711791291832924,-0.09655465185642242,0.7139761447906494,7.893997099017724e-05,0.9998893737792969,-5.530044290935621e-05,-0.0007327954517677426,-14.290573120117188,29000
15.311535835266113,263.3055419921875,267.4861755371094,240.04232788085938,-268.556884765625,-261.92333984375,-12.827869415283203,6.194336414337158,0.059600383043289185,-0.048375338315963745,0.7179989814758301,0.00014636087871622294,0.9998835921287537,-5.8208850532537326e-05,-0.0010714232921600342,-14.58315658569336,30000
32.50328826904297,263.275146484375,268.1243591308594,182.11660766601562,-268.5179443359375,-261.97698974609375,-12.876678466796875,6.335721492767334,0.05924868583679199,0.08310870081186295,0.718787431716919,0.00020222325110808015,0.999896764755249,-5.1614977564895526e-05,-0.0013828374212607741,-14.575181007385254,31000
15.473840713500977,265.3572692871094,268.93280029296875,227.5137939453125,-271.1025390625,-264.56817626953125,-12.354802131652832,5.820431232452393,0.06129719316959381,0.10680150985717773,0.7062498331069946,0.0019846991635859013,0.9998883605003357,-5.582626545219682e-05,-0.002785865217447281,-14.109265327453613,32000
293.3014221191406,266.54638671875,270.60040283203125,111.29216003417969,-271.2723388671875,-264.9998779296875,-11.9022216796875,5.629770278930664,0.0605190210044384,0.5778874754905701,0.7126255631446838,0.0006883458700031042,0.9998770952224731,-6.145311635918915e-05,-0.0027109566144645214,-13.517550468444824,33000
20.73116683959961,268.239013671875,272.4596862792969,242.57774353027344,-273.56060791015625,-267.0018615722656,-12.566446304321289,6.00768518447876,0.0592927522957325,-0.09914528578519821,0.7116690874099731,7.488589471904561e-05,0.9998902082443237,-5.490108014782891e-05,-0.0005415779887698591,-14.49766731262207,34000
107.62026977539062,268.4830017089844,273.2294616699219,105.8527603149414,-273.29510498046875,-266.8182373046875,-12.175619125366211,5.69875431060791,0.06420111656188965,0.33009397983551025,0.7089019417762756,0.00012536915892269462,0.9998881816864014,-5.58998181077186e-05,-0.0007977880304679275,-14.075559616088867,35000
24.527488708496094,269.1640625,273.63104248046875,228.99427795410156,-273.97601318359375,-267.70416259765625,-12.133854866027832,5.861995220184326,0.06060251221060753,0.165201798081398,0.7056064605712891,5.488547685672529e-05,0.9998832941055298,-5.836019408889115e-05,-0.0004637765814550221,-14.100521087646484,36000
24.02536392211914,269.66839599609375,274.3951110839844,221.22634887695312,-274.86859130859375,-268.3770751953125,-12.640353202819824,6.1488447189331055,0.0572596937417984,-0.04229726269841194,0.707044780254364,0.0006018007406964898,0.9998937845230103,-5.313601650414057e-05,-0.0015344721032306552,-14.631003379821777,37000
30.77613639831543,270.3368225097656,274.64129638671875,233.13674926757812,-275.14959716796875,-268.9036865234375,-12.194478034973145,5.948564529418945,0.05864105001091957,0.058307208120822906,0.7033947110176086,5.6693184887990355e-05,0.9998791217803955,-6.043518806109205e-05,-0.0005516699166037142,-14.319129943847656,38000
90.60551452636719,270.59661865234375,275.5891418457031,107.92439270019531,-274.772705078125,-268.5736083984375,-12.037017822265625,5.837916374206543,0.0597839280962944,0.19352008402347565,0.7100709080696106,0.0016780121950432658,0.9998711347579956,-6.442712037824094e-05,-0.0025619561783969402,-13.883129119873047,39000
55.85993576049805,271.98358154296875,276.43463134765625,118.36492919921875,-276.7882080078125,-270.5509338378906,-11.859624862670898,5.622352600097656,0.05933661386370659,0.23881705105304718,0.704672634601593,0.00018963699403684586,0.999880313873291,-5.985896132187918e-05,-0.0008609846117906272,-13.824670791625977,40000
11.850461959838867,274.0302734375,277.5266418457031,252.49496459960938,-279.23406982421875,-272.94439697265625,-12.176488876342773,5.886803150177002,0.05550812929868698,-0.23618341982364655,0.701259434223175,4.389825335238129e-05,0.9998905658721924,-5.473191413329914e-05,-0.00041436185711063445,-14.597049713134766,41000
21.390087127685547,275.2504577636719,279.2072448730469,238.85647583007812,-280.077880859375,-273.8046569824219,-12.647579193115234,6.374362468719482,0.056079085916280746,-0.2540757954120636,0.7008684873580933,6.6756609129470235e-09,0.9998752474784851,-6.238146306714043e-05,0.0,-14.770890235900879,42000
18.291980743408203,276.4764709472656,280.3291931152344,239.87501525878906,-281.3613586425781,-275.2786560058594,-11.934647560119629,5.851974010467529,0.0591367706656456,0.3560980558395386,0.701556921005249,8.016650454578667e-09,0.9998666644096375,-6.667739216936752e-05,0.0,-13.983774185180664,43000
20.875354766845703,277.094970703125,281.1222229003906,234.2879180908203,-282.3758239746094,-275.87310791015625,-12.557175636291504,6.054477691650391,0.05705184116959572,-0.16534380614757538,0.6966335773468018,0.00018717357306741178,0.999871015548706,-6.451200169976801e-05,-0.0008568430203013122,-14.795798301696777,44000
15.75978946685791,278.643798828125,282.23797607421875,257.6112976074219,-283.458984375,-277.4751281738281,-12.159936904907227,6.176083087921143,0.05478224530816078,-0.1922607421875,0.6968219876289368,0.0002451936306897551,0.999864935874939,-6.75176052027382e-05,-0.0009801515843719244,-14.621662139892578,45000
76.48577880859375,280.5465087890625,284.9927978515625,120.26897430419922,-285.9437255859375,-279.6813659667969,-12.176331520080566,5.913966178894043,0.061416808515787125,-0.08221442252397537,0.6887422800064087,0.0024138642475008965,0.9998641014099121,-6.794647197239101e-05,-0.005976517219096422,-14.518198013305664,46000
27.18805694580078,283.4207458496094,287.4365539550781,191.593994140625,-288.6418151855469,-282.41748046875,-12.267685890197754,6.043353080749512,0.05905133858323097,-0.2089816778898239,0.6874297857284546,0.00046374573139473796,0.9998564124107361,-7.180772081483155e-05,-0.001346797333098948,-14.722426414489746,47000
12.13198184967041,285.61834716796875,289.2630920410156,251.3208465576172,-291.06121826171875,-284.6670837402344,-12.548649787902832,6.154519081115723,0.057562146335840225,-0.7416197061538696,0.6895893812179565,7.2303465437073555e-09,0.9998646974563599,-6.767095328541473e-05,0.0,-15.305541038513184,48000
16.283855438232422,286.55517578125,290.63031005859375,258.0198974609375,-291.38995361328125,-285.4353332519531,-12.118888854980469,6.164268970489502,0.057502564042806625,0.005870223511010408,0.6852300763130188,4.2722047510324046e-05,0.9998191595077515,-9.042017336469144e-05,-0.000411020329920575,-14.586872100830078,49000
71.54703521728516,287.41754150390625,291.39013671875,98.96989440917969,-291.76788330078125,-285.620361328125,-12.36147689819336,6.213956832885742,0.055483799427747726,-0.33777332305908203,0.6858970522880554,3.385365198482759e-05,0.9998157024383545,-9.21473401831463e-05,-0.00036552894744090736,-14.909111976623535,50000
11.47454833984375,294.734375,295.6195983886719,292.67498779296875,-299.17889404296875,-294.15203857421875,-9.072482109069824,4.045632362365723,0.0635228157043457,1.776082158088684,0.6610040664672852,0.00010304108582204208,0.9997707605361938,-0.00011464043200248852,-0.0006384375737980008,-10.87674617767334,51000
500.45379638671875,292.1199951171875,295.24005126953125,-47.099430084228516,-296.3706970214844,-290.07574462890625,-12.083549499511719,5.7886176109313965,0.05618593841791153,-0.06340718269348145,0.6725922226905823,0.00028817285783588886,0.999760091304779,-0.00011998473200947046,-0.0013715769164264202,-14.627450942993164,52000
8.899094581604004,295.9405517578125,298.0413818359375,294.2135009765625,-301.2308044433594,-295.13409423828125,-11.073521614074707,4.976806163787842,0.058839671313762665,0.7434138059616089,0.6559974551200867,6.659256541752256e-07,0.9996824264526367,-0.00015883686137385666,-4.951866503688507e-05,-13.466996192932129,53000
79.79374694824219,298.0073547363281,301.1497497558594,143.44383239746094,-302.94775390625,-296.70758056640625,-11.934678077697754,5.69453239440918,0.06016756594181061,-0.11471480131149292,0.6628283858299255,0.0004677128163166344,0.9996639490127563,-0.00016807738575153053,-0.0024710306897759438,-14.55433464050293,54000
57.91646194458008,301.06414794921875,303.26922607421875,160.2125244140625,-306.2313232421875,-300.041015625,-11.743270874023438,5.552981853485107,0.05524326115846634,-0.10461520403623581,0.6433705687522888,0.00013130405568517745,0.999627947807312,-0.00018605170771479607,-0.0007187107694335282,-14.465484619140625,55000
16.39255714416504,305.37286376953125,307.7552795410156,291.6678466796875,-308.7879638671875,-303.6707763671875,-8.058857917785645,2.9416861534118652,0.08339979499578476,2.3951432704925537,0.6666746735572815,0.0002040691761067137,0.9990770816802979,-0.0004617698723450303,-0.0008935144287534058,-10.401357650756836,56000
136.03125,303.5435791015625,306.93548583984375,84.88164520263672,-308.4408264160156,-302.2616271972656,-12.000864028930664,5.821650981903076,0.060044534504413605,-0.28415361046791077,0.656215488910675,0.0005067025776952505,0.9988718628883362,-0.0005645453929901123,-0.0025499085895717144,-14.93168830871582,57000
18.047107696533203,304.30706787109375,308.3793029785156,282.10400390625,-308.5213317871094,-302.7274475097656,-11.49625301361084,5.702362537384033,0.05736341327428818,0.33620011806488037,0.674092173576355,4.477476068132091e-06,0.9978700876235962,-0.0010671843774616718,0.0,-14.179662704467773,58000
220.39193725585938,304.550048828125,309.52630615234375,14.601714134216309,-308.1835632324219,-302.4510803222656,-11.537675857543945,5.805220127105713,0.062417563050985336,-0.17385517060756683,0.6701115965843201,0.0039034588262438774,0.9952511787414551,-0.002415745286270976,-0.008476341143250465,-14.290260314941406,59000
19.451732635498047,305.8472900390625,309.62841796875,273.7041931152344,-310.3785400390625,-304.4610290527344,-11.977526664733887,6.060036659240723,0.054399523884058,-0.2939102053642273,0.6728305816650391,0.00010513576853554696,0.9906419515609741,-0.004730783402919769,0.0,-15.097564697265625,60000
229.56521606445312,305.19720458984375,310.39306640625,71.99969482421875,-309.07049560546875,-303.1917419433594,-11.564090728759766,5.685329914093018,0.05528773367404938,0.0002793865860439837,0.6628939509391785,0.000680034514516592,0.9887126684188843,-0.005736730992794037,-0.0027473866939544678,-14.401485443115234,61000
108.1996078491211,307.1005859375,310.5494689941406,84.0948257446289,-311.52734375,-305.42169189453125,-11.425052642822266,5.319382667541504,0.05906148627400398,-0.2006046026945114,0.6330457925796509,0.0014561144635081291,0.9946398735046387,-0.002702615689486265,-0.003900673007592559,-14.290557861328125,62000
35.06175231933594,307.6300354003906,311.6016845703125,208.64154052734375,-312.0399475097656,-306.15704345703125,-11.632128715515137,5.749243259429932,0.05851835012435913,-0.1948370486497879,0.6651229858398438,0.0011211998062208295,0.9854968190193176,-0.007369495462626219,-0.0029894919134676456,-14.64225959777832,63000
86.98148345947266,308.74395751953125,313.249267578125,116.96526336669922,-313.1994934082031,-307.2502136230469,-11.462580680847168,5.513294696807861,0.05696669965982437,0.20454253256320953,0.6641613245010376,0.00024685068638063967,0.9978784322738647,-0.001064614625647664,-0.0010654499055817723,-14.4612398147583,64000
81.43367004394531,309.6639404296875,314.15203857421875,167.98834228515625,-313.7876892089844,-308.0277099609375,-11.375030517578125,5.6150383949279785,0.05908512324094772,0.2661508619785309,0.663192868232727,9.700398368295282e-05,0.998242199420929,-0.000880967068951577,-0.0006888389470987022,-14.496650695800781,65000
13.881044387817383,310.92327880859375,314.9004211425781,286.0286560058594,-315.26202392578125,-309.3591003417969,-11.443526268005371,5.5406036376953125,0.0594659149646759,-0.06852125376462936,0.6551256775856018,0.00030052781221456826,0.9963791370391846,-0.001822969876229763,-0.0010796930873766541,-14.664175033569336,66000
12.729087829589844,312.56280517578125,316.2218322753906,288.5626220703125,-317.2061767578125,-311.20623779296875,-11.35746955871582,5.357556343078613,0.06000315397977829,-0.12130840867757797,0.6523222923278809,1.1721590453817043e-05,0.9966570138931274,-0.0016773149836808443,0.0,-14.710515975952148,67000
114.97952270507812,312.52886962890625,317.0376892089844,87.856689453125,-317.019287109375,-310.99835205078125,-11.178939819335938,5.1580328941345215,0.05988707393407822,-0.01800471544265747,0.640882134437561,0.0002496617380529642,0.9916411638259888,-0.0043832953087985516,-0.002657618373632431,-14.568441390991211,68000
10.290428161621094,315.9436340332031,319.11541748046875,282.31109619140625,-320.680908203125,-314.94476318359375,-11.688505172729492,5.95236873626709,0.05569222569465637,-0.5861114859580994,0.635725200176239,0.00010007918172050267,0.990595817565918,-0.005007246974855661,-0.0020286450162529945,-15.067075729370117,69000
362.4715270996094,315.70465087890625,321.0143737792969,146.7651824951172,-318.92291259765625,-313.4808349609375,-10.903124809265137,5.461056709289551,0.0633607879281044,-0.00670131528750062,0.6527732014656067,0.0007954839966259897,0.973922848701477,-0.018285460770130157,-0.01275571621954441,-13.900238037109375,70000
15.89508056640625,319.8867492675781,323.7238464355469,291.4457702636719,-324.2350769042969,-318.4745788574219,-10.924334526062012,5.163854122161865,0.06313775479793549,0.19149526953697205,0.647747278213501,0.0007008024258539081,0.9974826574325562,-0.0012625687522813678,-0.0019765649922192097,-14.138631820678711,71000
54.32423400878906,321.876220703125,325.752197265625,162.936767578125,-325.7504577636719,-320.3323974609375,-10.898160934448242,5.480094909667969,0.06274203956127167,0.22124668955802917,0.6446653604507446,0.0011791937286034226,0.9965715408325195,-0.001795800868421793,-0.00466329837217927,-14.230220794677734,72000
79.80233764648438,323.87225341796875,327.56402587890625,128.53817749023438,-328.267333984375,-322.53955078125,-11.241641998291016,5.513861179351807,0.058774467557668686,-0.374546617269516,0.6453939080238342,0.0005461072432808578,0.9907196760177612,-0.005257829092442989,-0.0013727715704590082,-14.848079681396484,73000
88.54335021972656,325.65142822265625,329.5696105957031,231.8072509765625,-330.02490234375,-324.38232421875,-10.632366180419922,4.989762783050537,0.06180884689092636,0.4605787694454193,0.6420242190361023,0.0003288537554908544,0.9928838014602661,-0.0036500783171504736,-0.0024467366747558117,-14.115989685058594,74000
15.288864135742188,327.6451416015625,331.0431823730469,305.0732727050781,-332.1148376464844,-326.5770263671875,-10.773601531982422,5.235764980316162,0.056373290717601776,0.0934719443321228,0.6456342935562134,7.343357719946653e-05,0.9932572841644287,-0.0033945508766919374,-0.0003587079409044236,-14.16832447052002,75000
12.275432586669922,330.2403564453125,333.43927001953125,320.35797119140625,-334.9959716796875,-329.4432373046875,-10.903581619262695,5.3508734703063965,0.05701287463307381,0.09406135231256485,0.6416922211647034,5.838198194396682e-05,0.9927271604537964,-0.0036653298884630203,0.0,-14.296672821044922,76000
11.021655082702637,333.96368408203125,336.98870849609375,323.19219970703125,-338.7321472167969,-332.8087158203125,-11.392939567565918,5.469517707824707,0.06025068834424019,-0.12033484876155853,0.636749804019928,3.0680152121931314e-05,0.9943224787712097,-0.0028539905324578285,0.0,-15.10682487487793,77000
46.631290435791016,336.989501953125,340.72412109375,150.14393615722656,-341.3080749511719,-335.927978515625,-10.983674049377441,5.603579521179199,0.05666058883070946,-0.024903248995542526,0.6387563943862915,0.0002722498611547053,0.9921019077301025,-0.003998524509370327,-0.0019291681237518787,-14.603124618530273,78000
10.003499984741211,340.13818359375,343.3746337890625,327.8289489746094,-344.7038879394531,-339.28643798828125,-10.683553695678711,5.266115665435791,0.057547520846128464,-0.01570289209485054,0.6333599090576172,7.795505371177569e-05,0.9936181306838989,-0.003205792512744665,-0.00044517629430629313,-14.158530235290527,79000
76.78518676757812,341.5159606933594,345.7359924316406,90.81212615966797,-345.3350830078125,-339.76324462890625,-10.994396209716797,5.422539710998535,0.058431029319763184,-0.037051957100629807,0.6357652544975281,0.00014074401406105608,0.9912221431732178,-0.0047806366346776485,-0.002631236333400011,-14.604879379272461,80000
83.32088470458984,342.76202392578125,346.6688232421875,146.14393615722656,-346.45379638671875,-341.1151123046875,-10.879559516906738,5.540850639343262,0.05791911482810974,-0.12453468888998032,0.6320571899414062,0.0008403751417063177,0.9944784045219421,-0.0028663473203778267,-0.003393291961401701,-14.554441452026367,81000
93.68821716308594,345.1587219238281,348.9535827636719,81.57942962646484,-349.24383544921875,-343.83001708984375,-11.084856033325195,5.67104434967041,0.05744405463337898,-0.4201594591140747,0.6302265524864197,0.0008773730369284749,0.9945237636566162,-0.0028097748290747404,-0.003256048308685422,-14.989912986755371,82000
10.086980819702148,348.419677734375,351.6807861328125,335.69305419921875,-353.0345458984375,-347.4530944824219,-10.360665321350098,4.7792205810546875,0.0604856014251709,0.29426950216293335,0.6247813701629639,9.712464088806883e-05,0.9918416142463684,-0.0041269101202487946,0.0,-13.967517852783203,83000
27.549175262451172,350.5916748046875,352.5207214355469,347.7060546875,-355.34185791015625,-349.7956848144531,-10.901058197021484,5.354894638061523,0.056657567620277405,-0.19251854717731476,0.6252191066741943,0.0004561176465358585,0.9858131408691406,-0.007329637184739113,-0.0021655892487615347,-14.807348251342773,84000
56.464813232421875,354.18212890625,358.2702331542969,198.88284301757812,-358.7869873046875,-353.23162841796875,-10.332963943481445,4.777606964111328,0.06369976699352264,0.22309547662734985,0.6265668272972107,0.00018202066712547094,0.9804606437683105,-0.010712187737226486,-0.004148577339947224,-14.136154174804688,85000
14.77135944366455,356.7196960449219,359.7451477050781,341.7281188964844,-360.8295593261719,-355.6040344238281,-10.434820175170898,5.2092790603637695,0.057740405201911926,0.22273939847946167,0.6221757531166077,0.00020415644394233823,0.9925224781036377,-0.0037765626329928637,-0.0007160449167713523,-14.221390724182129,86000
10.47802734375,358.34979248046875,361.76220703125,342.4917297363281,-362.849365234375,-357.16094970703125,-11.125225067138672,5.436802864074707,0.0573333241045475,-0.15311548113822937,0.6225842237472534,1.2700927072728518e-05,0.9965256452560425,-0.001743496977724135,0.0,-15.087942123413086,87000
13.627153396606445,361.27880859375,364.59967041015625,340.82635498046875,-365.13800048828125,-359.81256103515625,-10.809494972229004,5.4840617179870605,0.05598898604512215,-0.07474923133850098,0.6204394102096558,8.339887426700443e-05,0.9946078658103943,-0.0027287390548735857,-0.0008776748436503112,-14.848334312438965,88000
11.95235824584961,365.390625,368.1922912597656,359.3492126464844,-369.2149658203125,-364.0312194824219,-10.646692276000977,5.462955474853516,0.05474589765071869,-0.060686077922582626,0.6214644312858582,6.128459062892944e-05,0.993886411190033,-0.003086881246417761,0.0,-14.714583396911621,89000
104.39519500732422,367.7044982910156,370.8314208984375,141.75035095214844,-371.6903381347656,-366.26824951171875,-10.771492958068848,5.349401473999023,0.057553574442863464,-0.027905898168683052,0.620398759841919,0.0005407258286140859,0.9916554689407349,-0.004868802148848772,-0.0011425236007198691,-14.771164894104004,90000
144.74365234375,370.14788818359375,373.4811096191406,99.7350845336914,-373.6725158691406,-368.44970703125,-10.567155838012695,5.344348430633545,0.05510863661766052,0.1659081131219864,0.6161962747573853,0.0001523029786767438,0.9931043982505798,-0.0036301389336586,-0.0019209390738978982,-14.348991394042969,91000
153.80702209472656,373.2418212890625,375.9415588378906,228.2569122314453,-377.4918518066406,-371.994140625,-10.777332305908203,5.27964448928833,0.06130925193428993,-0.2334529161453247,0.6177731156349182,0.0003192417207174003,0.9899834990501404,-0.005286743864417076,-0.002485693199560046,-14.910913467407227,92000
1470.3114013671875,374.58038330078125,378.96722412109375,72.85661315917969,-378.7835998535156,-373.4459533691406,-10.032280921936035,4.6946282386779785,0.06264307349920273,0.3177364766597748,0.6141355633735657,0.00022558953787665814,0.9855010509490967,-0.0084408950060606,-0.005764265079051256,-13.874138832092285,93000
13.73968505859375,376.951904296875,380.5787048339844,361.9781188964844,-380.8122253417969,-375.61383056640625,-10.407644271850586,5.209245204925537,0.062245067209005356,0.07726437598466873,0.613644540309906,4.727430859929882e-05,0.9928641319274902,-0.003591367742046714,0.0,-14.54759693145752,94000
11.186397552490234,379.8713073730469,382.6105041503906,374.7129211425781,-384.0667419433594,-378.9216003417969,-9.891918182373047,4.746770858764648,0.05991741642355919,0.6290021538734436,0.6124700903892517,0.00017971458146348596,0.990851879119873,-0.004642054438591003,-0.00039947949699126184,-13.655351638793945,95000
11.139347076416016,382.19091796875,385.4105224609375,371.0335998535156,-386.2054443359375,-381.09619140625,-10.110733032226562,5.001472473144531,0.05984366685152054,0.25748583674430847,0.6091910600662231,0.0003061794559471309,0.9866971969604492,-0.006771980784833431,-0.001065812655724585,-14.052303314208984,96000
109.96774291992188,382.7618408203125,385.39501953125,75.08837127685547,-386.8920593261719,-381.60302734375,-10.375770568847656,5.086730480194092,0.05751250311732292,-0.0587557815015316,0.6047465205192566,0.0007003251230344176,0.9903339147567749,-0.004986357409507036,-0.0028138989582657814,-14.454910278320312,97000
121.26222229003906,384.73992919921875,388.8690490722656,79.01051330566406,-388.5084228515625,-383.24163818359375,-10.569770812988281,5.3029937744140625,0.05965736508369446,-0.20303720235824585,0.6055331826210022,0.0005649166996590793,0.9929962158203125,-0.004190373700112104,-0.004023925866931677,-14.892245292663574,98000
96.9961166381836,384.6656799316406,389.0950622558594,171.64161682128906,-388.97314453125,-384.0319519042969,-9.92238998413086,4.981213569641113,0.060396209359169006,0.38906359672546387,0.6054068207740784,0.001604161923751235,0.983230710029602,-0.01006314530968666,-0.006537475623190403,-13.828865051269531,99000
12.112308502197266,385.5586853027344,388.9590759277344,365.31817626953125,-389.56341552734375,-384.4447326660156,-9.858738899230957,4.7400617599487305,0.06054052338004112,0.335109144449234,0.6042559742927551,0.0002929882030002773,0.9916607737541199,-0.004220548551529646,-0.001156034879386425,-13.959688186645508,100000
199.25990295410156,385.698974609375,389.6156921386719,336.4640197753906,-389.44635009765625,-384.0908203125,-10.380634307861328,5.025101184844971,0.06049526482820511,-0.1432337462902069,0.600119948387146,6.264333933359012e-05,0.9939666986465454,-0.0034215094055980444,-0.0029004262760281563,-14.871513366699219,101000
11.438287734985352,387.1754150390625,390.8225402832031,367.2151794433594,-391.44805908203125,-386.1544189453125,-10.431105613708496,5.137454986572266,0.05660814419388771,0.017123142257332802,0.5981441736221313,6.0270551330177113e-05,0.9938392639160156,-0.0031101563945412636,0.0,-14.624259948730469,102000
135.83160400390625,388.02239990234375,391.9580993652344,146.31556701660156,-392.47369384765625,-387.33465576171875,-10.254819869995117,5.1157755851745605,0.05892651900649071,-0.1469213366508484,0.5967929363250732,0.00040923262713477015,0.9833646416664124,-0.010660170577466488,-0.005389404483139515,-14.528366088867188,103000
11.54308795928955,389.731689453125,393.3869934082031,377.1718444824219,-393.93621826171875,-388.73126220703125,-10.121274948120117,4.916311264038086,0.061510562896728516,0.09727410972118378,0.596784234046936,6.238774221856147e-05,0.9952692985534668,-0.0023947921581566334,-0.0002973017399199307,-14.366622924804688,104000
127.40967559814453,392.1239318847656,395.78009033203125,209.42562866210938,-395.7362365722656,-390.63446044921875,-10.406540870666504,5.304779529571533,0.05661572888493538,-0.2866458296775818,0.5961209535598755,4.6391905925702304e-05,0.9912319183349609,-0.005284285172820091,-0.0026671295054256916,-14.775688171386719,105000
70.95345306396484,393.221435546875,396.6011657714844,286.6725769042969,-396.9416809082031,-391.90447998046875,-9.987480163574219,4.950281620025635,0.059644196182489395,-0.006397714372724295,0.5932143926620483,0.0016310133505612612,0.9908484816551208,-0.004637964069843292,-0.0024292252492159605,-14.212150573730469,106000
126.9173812866211,395.9981689453125,399.2403564453125,194.10549926757812,-400.010498046875,-394.91046142578125,-10.013443946838379,4.913415431976318,0.059593454003334045,0.0061180670745670795,0.5902179479598999,0.00029802488279528916,0.9879922866821289,-0.0075629111379384995,-0.003095663385465741,-14.463130950927734,107000
596.82763671875,397.741455078125,401.73907470703125,245.41282653808594,-400.9825134277344,-396.19781494140625,-9.494549751281738,4.709837913513184,0.062490493059158325,0.4497400224208832,0.5908783674240112,0.0005884137935936451,0.9886230230331421,-0.006079370155930519,-0.004360119812190533,-13.750629425048828,108000
10.137873649597168,401.45452880859375,404.0941162109375,381.9261474609375,-405.4874572753906,-400.5604553222656,-9.742274284362793,4.815291881561279,0.059806760400533676,-0.0075384448282420635,0.5911877155303955,5.67873939871788e-05,0.9935121536254883,-0.0032719967421144247,0.0,-14.235020637512207,109000
11.699051856994629,402.8145446777344,406.46588134765625,394.2882385253906,-406.5771484375,-401.5657043457031,-10.014801025390625,5.003347873687744,0.06244300305843353,0.0014171862276270986,0.5864856839179993,0.00025612092576920986,0.9934716820716858,-0.003421976463869214,-0.0020489098969846964,-14.451322555541992,110000
66.37348175048828,405.8082580566406,409.3929138183594,222.3243865966797,-409.43707275390625,-404.29986572265625,-10.174593925476074,5.03739595413208,0.05910759046673775,-0.2975946068763733,0.5806695222854614,0.0004827048978768289,0.9939104914665222,-0.0032529013697057962,-0.002672635717317462,-14.956934928894043,111000
14.887689590454102,407.1470947265625,410.91552734375,354.7449035644531,-411.378173828125,-406.263427734375,-10.394258499145508,5.279511451721191,0.055512674152851105,-0.4699166417121887,0.5820846557617188,0.0005833947798237205,0.9914697408676147,-0.004401537124067545,-0.0028182431124150753,-15.409479141235352,112000
12.030598640441895,407.7860107421875,411.47821044921875,394.66021728515625,-411.7653503417969,-406.64501953125,-10.055500984191895,4.93517541885376,0.059706758707761765,0.018246201798319817,0.5830041766166687,0.0003855229006148875,0.9931156635284424,-0.0034739584662020206,-0.0011675417190417647,-14.804229736328125,113000
241.17340087890625,407.5337829589844,411.1402282714844,90.18767547607422,-411.4149475097656,-406.458984375,-10.254804611206055,5.2988362312316895,0.05941246449947357,-0.5632502436637878,0.5820634365081787,0.00014246717910282314,0.9865458011627197,-0.008407356217503548,-0.005964405834674835,-15.208646774291992,114000
42.987300872802734,410.0078430175781,413.5635070800781,314.11749267578125,-413.46173095703125,-408.4256286621094,-9.73826789855957,4.702184677124023,0.06259221583604813,0.10540617257356644,0.5819595456123352,0.001054485677741468,0.989722728729248,-0.006437009200453758,-0.006067762151360512,-14.453712463378906,115000
79.1456527709961,411.98150634765625,415.19549560546875,145.989990234375,-415.3537902832031,-410.4674987792969,-9.90934944152832,5.023072719573975,0.060290757566690445,0.05979646369814873,0.5764533877372742,0.0014587783953174949,0.9924799203872681,-0.004062735475599766,-0.003936973866075277,-14.507437705993652,116000
64.69583129882812,414.1112365722656,416.82659912109375,240.54673767089844,-417.8970642089844,-413.0347900390625,-10.113472938537598,5.251182556152344,0.056962355971336365,-0.3826872408390045,0.5727177262306213,0.00018019898561760783,0.99201500415802,-0.004234653897583485,-0.002873153891414404,-14.96506118774414,117000
9.967147827148438,415.531005859375,418.83935546875,403.466552734375,-419.742919921875,-414.86798095703125,-9.760565757751465,4.885605812072754,0.059117697179317474,0.27292612195014954,0.5773363709449768,0.0001453841687180102,0.9940043687820435,-0.003033475251868367,-0.0008047785959206522,-14.438608169555664,118000
10.032567977905273,417.643310546875,421.22625732421875,404.0205383300781,-421.2579345703125,-416.4466857910156,-9.447637557983398,4.636377334594727,0.05819392576813698,0.2908877432346344,0.5740242600440979,0.0001529455475974828,0.993237316608429,-0.003496799385175109,-0.0004502361989580095,-14.027116775512695,119000
10.53710651397705,419.18115234375,422.5012512207031,405.9313049316406,-422.8255310058594,-417.9056396484375,-9.730984687805176,4.811083793640137,0.05868488922715187,-0.1157456636428833,0.5697348117828369,0.00013078522169962525,0.9933204650878906,-0.003372109029442072,-0.0005587416817434132,-14.601120948791504,120000
121.49250793457031,421.5017395019531,424.9624938964844,244.74119567871094,-425.08465576171875,-420.18988037109375,-9.844961166381836,4.950197696685791,0.0593765564262867,-0.1354062408208847,0.5744397640228271,0.0005066070007160306,0.9882985353469849,-0.006555240135639906,-0.00410697516053915,-14.891090393066406,121000
10.622669219970703,423.28570556640625,426.1720886230469,412.4710388183594,-427.294921875,-422.2484130859375,-9.424757957458496,4.378225326538086,0.06182541698217392,0.16288785636425018,0.5669706463813782,0.0002832461323123425,0.9946958422660828,-0.002666765358299017,-0.0011387037811800838,-14.099457740783691,122000
9.684505462646484,423.8995056152344,427.6348876953125,407.7727355957031,-427.5697937011719,-422.5755615234375,-9.414931297302246,4.420678615570068,0.0593583881855011,0.10293478518724442,0.569819986820221,2.501424569345545e-05,0.9950693845748901,-0.002477706177160144,0.0,-14.224281311035156,123000
502.5301208496094,423.84307861328125,428.3459167480469,99.9112319946289,-426.2530212402344,-421.6873779296875,-9.42796516418457,4.862343788146973,0.06364630162715912,-0.08597589284181595,0.5679338574409485,0.00027026032330468297,0.9838794469833374,-0.012083612382411957,-0.009756200015544891,-14.368959426879883,124000
10.65223503112793,426.8980712890625,430.32928466796875,408.8521728515625,-430.6636657714844,-425.708984375,-9.662631034851074,4.70794677734375,0.05755368247628212,-0.11981610953807831,0.560791552066803,1.6897640307433903e-05,0.9967648983001709,-0.0016231352929025888,-0.0002540161367505789,-14.605934143066406,125000
9.42015266418457,429.12396240234375,432.0826110839844,418.6169738769531,-432.9992370605469,-428.29058837890625,-9.646647453308105,4.937991142272949,0.05699208751320839,-0.03424907475709915,0.5615950226783752,1.7257876606890932e-05,0.9963919520378113,-0.0018126028589904308,0.0,-14.647279739379883,126000
164.21446228027344,429.04376220703125,433.6289367675781,144.44491577148438,-432.2612609863281,-427.57763671875,-9.63266372680664,4.949038982391357,0.06158328056335449,-0.058998674154281616,0.5675497651100159,4.6648165152873844e-05,0.9893463253974915,-0.007372617721557617,-0.005260100122541189,-14.596685409545898,127000
12.167767524719238,429.9059753417969,433.5688781738281,403.9388427734375,-433.2249450683594,-428.2713317871094,-10.066330909729004,5.11273717880249,0.05469740927219391,-0.639954149723053,0.5609102845191956,0.0001326823839917779,0.9930974841117859,-0.003515600459650159,0.0,-15.354720115661621,128000
254.10379028320312,430.618408203125,434.50347900390625,81.71400451660156,-434.7128601074219,-429.9129638671875,-9.737364768981934,4.937481880187988,0.05863015353679657,-0.18143004179000854,0.5570129156112671,0.0005306833772920072,0.98983234167099,-0.006536651402711868,-0.004636035766452551,-14.899030685424805,129000
10.46432113647461,433.3783264160156,436.3961181640625,411.19049072265625,-436.89666748046875,-432.2408447265625,-9.367443084716797,4.711617469787598,0.05759188160300255,0.18280979990959167,0.5558300614356995,4.93099469167646e-06,0.9977807998657227,-0.0011120457202196121,0.0,-14.22485065460205,130000
312.51324462890625,434.6815185546875,437.98712158203125,154.17916870117188,-438.4681701660156,-434.00494384765625,-9.079846382141113,4.61661958694458,0.06348872184753418,0.23169627785682678,0.5578874349594116,0.0009938825387507677,0.9866219758987427,-0.00875716470181942,-0.00848422572016716,-13.955631256103516,131000
149.0070343017578,436.62701416015625,440.0455627441406,157.445556640625,-439.99798583984375,-435.46783447265625,-9.163311958312988,4.6331586837768555,0.061670415103435516,0.17308785021305084,0.5580525398254395,0.00034111487912014127,0.9886713027954102,-0.007451259531080723,-0.0061899651773273945,-14.165842056274414,132000
16.500621795654297,439.55517578125,442.8500061035156,353.58953857421875,-443.5043029785156,-438.703369140625,-9.68685531616211,4.885936737060547,0.055524442344903946,0.08850120007991791,0.5559787750244141,9.344930003862828e-05,0.9927703142166138,-0.003799747209995985,-0.0007264747400768101,-14.804926872253418,133000
8.047418594360352,442.47894287109375,445.2357482910156,436.163818359375,-446.3005065917969,-441.64752197265625,-8.835637092590332,4.182662010192871,0.06259507685899734,0.413953959941864,0.548812210559845,0.00021546336938627064,0.995103120803833,-0.0024827290326356888,-0.0015687678242102265,-13.62054443359375,134000
285.857177734375,445.49627685546875,446.4549560546875,327.5815124511719,-449.60357666015625,-444.9452209472656,-9.652915000915527,4.994581699371338,0.05780153349041939,-0.38759881258010864,0.5517148971557617,9.067243081517518e-05,0.9854934215545654,-0.01048680953681469,-0.00879739224910736,-15.000288009643555,135000
7.2626190185546875,449.6502685546875,451.49005126953125,443.0479736328125,-453.3690490722656,-448.549560546875,-9.49228286743164,4.672789096832275,0.05811956152319908,-0.03585497662425041,0.5534492135047913,9.233343007508665e-05,0.9927297234535217,-0.003680401248857379,0.0,-14.796152114868164,136000
85.9095687866211,452.70294189453125,455.51629638671875,256.23297119140625,-455.9449157714844,-451.1855773925781,-10.008889198303223,5.249553680419922,0.05212651193141937,-0.4670007824897766,0.549466609954834,4.090790753252804e-05,0.9960739612579346,-0.0019830961246043444,0.0,-15.584354400634766,137000
10.722984313964844,456.0010986328125,458.4938659667969,450.0206298828125,-459.3340148925781,-454.74285888671875,-9.80459213256836,5.213435173034668,0.05425884574651718,-0.41008538007736206,0.550751805305481,0.0001281530421692878,0.9941090941429138,-0.00296162161976099,-0.0010335572296753526,-15.260526657104492,138000
10.89037036895752,457.1820373535156,460.355712890625,449.6918640136719,-460.7451477050781,-455.9849853515625,-9.535542488098145,4.775384902954102,0.05536428466439247,-0.15002891421318054,0.5437283515930176,0.00010231489432044327,0.9917689561843872,-0.004243060946464539,-0.00123712164349854,-15.048370361328125,139000
13.04314136505127,456.7096862792969,458.9322204589844,448.94525146484375,-460.7119140625,-455.9866027832031,-9.283407211303711,4.558107852935791,0.05714833736419678,-0.03583965077996254,0.5457956194877625,5.313641668180935e-05,0.9936068058013916,-0.003217088058590889,-0.0004576625651679933,-14.704169273376465,140000
9.718965530395508,459.3258361816406,462.1922912597656,452.20782470703125,-462.74713134765625,-458.1836242675781,-9.12033748626709,4.556830883026123,0.05696667730808258,0.1627906709909439,0.5443426370620728,3.1842850148677826e-05,0.9952749013900757,-0.002378322184085846,0.0,-14.358132362365723,141000
531.1669311523438,461.2896728515625,463.4639892578125,247.75869750976562,-465.0267639160156,-460.2865905761719,-9.406037330627441,4.665849685668945,0.06147793307900429,-0.02225920930504799,0.5436888337135315,0.00014883971016388386,0.9899608492851257,-0.0070936428382992744,-0.004211228806525469,-14.782753944396973,142000
44.54304504394531,464.4122009277344,466.5821228027344,310.08544921875,-467.98394775390625,-463.5835266113281,-9.055557250976562,4.655137062072754,0.056709080934524536,0.19346800446510315,0.5422093272209167,0.00020100126857869327,0.9956253170967102,-0.0022026768419891596,-0.0011873723706230521,-14.306533813476562,143000
38.999122619628906,466.970458984375,469.4248962402344,345.6121520996094,-470.55987548828125,-465.874755859375,-9.228388786315918,4.543282508850098,0.055542174726724625,0.16238699853420258,0.5402248501777649,6.89107837388292e-05,0.9936763048171997,-0.0032822778448462486,-0.0013654910726472735,-14.487695693969727,144000
60.92802429199219,468.84381103515625,471.57843017578125,319.86669921875,-471.98748779296875,-467.7395935058594,-8.594182014465332,4.3462958335876465,0.06540492177009583,0.48518189787864685,0.5421847701072693,0.001422796631231904,0.9831666350364685,-0.010511922650039196,-0.009998041205108166,-13.738973617553711,145000
9.633991241455078,472.6052551269531,473.2319641113281,470.00189208984375,-476.8407287597656,-472.2698059082031,-9.25779914855957,4.68688440322876,0.05482684075832367,-0.08773632347583771,0.5373961925506592,4.5625976781593636e-05,0.9955798387527466,-0.002232154132798314,-0.0007626353180967271,-14.738140106201172,146000
1536.17529296875,473.5505676269531,476.2284240722656,161.94032287597656,-476.3210144042969,-472.02880859375,-8.436593055725098,4.14439058303833,0.06735320389270782,0.4012899398803711,0.5382580161094666,0.0006683920510113239,0.9846125841140747,-0.010739026591181755,-0.01246311329305172,-13.523075103759766,147000
8.47733211517334,478.0411682128906,479.5758972167969,475.1524963378906,-481.8262023925781,-477.3312683105469,-9.276930809020996,4.781976222991943,0.05391882359981537,-0.05540049821138382,0.537687361240387,0.0005815269541926682,0.9954776763916016,-0.002275139559060335,-0.0014814554015174508,-14.856568336486816,148000
8.64602279663086,481.22894287109375,482.4365539550781,476.618408203125,-484.8744812011719,-480.37579345703125,-8.784109115600586,4.285442352294922,0.060486696660518646,0.12703143060207367,0.5329697132110596,0.00014474877389147878,0.9952718019485474,-0.0023889916483312845,-0.0006054987898096442,-14.005226135253906,149000
8.694299697875977,483.109619140625,485.55810546875,475.10321044921875,-486.9588317871094,-482.52587890625,-8.388471603393555,3.9554951190948486,0.05991651862859726,0.7692352533340454,0.5336169004440308,2.0892402972094715e-05,0.9954968690872192,-0.002261936664581299,0.0,-13.246652603149414,150000
9.34635066986084,486.34930419921875,488.8332214355469,481.9822082519531,-489.9843444824219,-485.40704345703125,-9.107044219970703,4.5297417640686035,0.05755091458559036,-0.0422186404466629,0.5306296944618225,7.721731890342198e-06,0.9970372915267944,-0.001485202694311738,0.0,-14.74073600769043,151000
8.91462230682373,488.69720458984375,491.14288330078125,481.3648986816406,-492.4317626953125,-487.8628845214844,-8.668832778930664,4.099958896636963,0.0615011602640152,0.21706926822662354,0.5313675403594971,7.5249936344334856e-06,0.9968282580375671,-0.0015896542463451624,0.0,-14.118049621582031,152000
9.206616401672363,490.6016845703125,491.29986572265625,482.9419250488281,-494.4872131347656,-490.0531005859375,-8.852169036865234,4.418067455291748,0.05569395422935486,0.2087591141462326,0.5314527750015259,2.174555993406102e-05,0.9963279366493225,-0.0018590923864394426,-0.00016736121324356645,-14.312337875366211,153000
8.715132713317871,493.393310546875,495.27923583984375,487.3265380859375,-497.50885009765625,-493.052978515625,-8.16649341583252,3.710620164871216,0.06513360142707825,0.6168386340141296,0.5290401577949524,0.0005040265386924148,0.9946786165237427,-0.0027130255475640297,-0.0034819990396499634,-13.559513092041016,154000
49.64038848876953,495.2275390625,497.0796203613281,359.5954895019531,-498.9417419433594,-494.7066345214844,-8.572637557983398,4.337526321411133,0.059093937277793884,0.308437705039978,0.5268236994743347,0.00011224920308450237,0.9909219741821289,-0.005810072645545006,-0.004717136267572641,-14.006465911865234,155000
12.312305450439453,497.3788146972656,498.6219787597656,496.1757507324219,-500.80364990234375,-496.1414794921875,-8.892595291137695,4.230439186096191,0.05876443162560463,0.023484688252210617,0.52500981092453,9.105286153499037e-05,0.9963948726654053,-0.0018125562928617,-0.0006880482542328537,-14.386139869689941,156000
365.0336608886719,497.6063232421875,500.17352294921875,99.19847869873047,-500.5689392089844,-496.173828125,-8.716245651245117,4.3211350440979,0.061735376715660095,0.06359976530075073,0.5270583629608154,0.00022463352070190012,0.9926656484603882,-0.004953746683895588,-0.004819457419216633,-14.368487358093262,157000
8.744422912597656,498.9991149902344,501.4729919433594,493.3233947753906,-502.9825134277344,-498.46954345703125,-8.97049617767334,4.457507610321045,0.0560980923473835,0.04260490834712982,0.5277189612388611,9.494294499745592e-05,0.9954838752746582,-0.002303719287738204,0.0,-14.640731811523438,158000
8.434415817260742,498.9510498046875,501.6120910644531,490.20745849609375,-502.2724609375,-497.83056640625,-8.452421188354492,4.010540962219238,0.059594616293907166,0.35371384024620056,0.525344729423523,4.184380668448284e-05,0.9941093921661377,-0.0029660379514098167,0.0,-13.899836540222168,159000
6.27992057800293,499.4150085449219,501.7299499511719,493.7529602050781,-503.1654052734375,-498.50390625,-8.790318489074707,4.12881326675415,0.05941355228424072,-0.016372239217162132,0.5170287489891052,4.8754642193671316e-05,0.9938167333602905,-0.0031157468911260366,0.0,-14.625201225280762,160000
8.120901107788086,500.5975036621094,502.587158203125,495.1483154296875,-504.26806640625,-499.7846374511719,-8.80888843536377,4.325472831726074,0.05686778202652931,0.0005908514722250402,0.5156965851783752,1.308996434090659e-05,0.9964395761489868,-0.0017867481801658869,0.0,-14.425333976745605,161000
499.4124755859375,500.3228759765625,503.8399353027344,82.58819580078125,-502.6990661621094,-498.54205322265625,-8.458852767944336,4.301850318908691,0.059473663568496704,0.24518221616744995,0.5175465941429138,4.764378536492586e-05,0.9921046495437622,-0.0056778923608362675,-0.00512339361011982,-14.078858375549316,162000
77.42977905273438,503.0021057128906,504.979736328125,272.7607421875,-506.1166687011719,-501.77294921875,-8.735530853271484,4.3918232917785645,0.0583406463265419,0.06356368213891983,0.5148863196372986,9.510722156846896e-05,0.9910118579864502,-0.006787032354623079,-0.0045973737724125385,-14.619072914123535,163000
7.004753112792969,505.18017578125,507.6073913574219,500.6958923339844,-508.8055419921875,-504.4158630371094,-8.253761291503906,3.864083766937256,0.06088137626647949,0.3882485032081604,0.5156446099281311,8.22238052933244e-06,0.9971537590026855,-0.001427218085154891,0.0,-13.820789337158203,164000
365.05108642578125,505.44464111328125,508.99578857421875,108.76791381835938,-508.2940368652344,-504.17431640625,-8.525382041931152,4.405667781829834,0.060710810124874115,0.09674543887376785,0.5112922191619873,1.7239712178707123e-05,0.9912830591201782,-0.007326682563871145,-0.005827406421303749,-14.316448211669922,165000
223.54470825195312,507.5458679199219,510.9031677246094,119.90086364746094,-510.91986083984375,-506.64764404296875,-8.481746673583984,4.209543228149414,0.06299272924661636,0.03540594503283501,0.5060631632804871,0.00015574562712572515,0.9911216497421265,-0.00792384147644043,-0.005915618967264891,-14.14941692352295,166000
8.11262321472168,508.73321533203125,510.1758728027344,499.8392639160156,-512.2852783203125,-507.98931884765625,-8.198927879333496,3.9029300212860107,0.06175801903009415,0.602976381778717,0.5112900733947754,7.802527397871017e-05,0.9967672824859619,-0.001628710888326168,-0.0008984652813524008,-13.654855728149414,167000
289.23028564453125,508.9006652832031,512.763671875,103.8566665649414,-512.1129760742188,-508.0522155761719,-8.432232856750488,4.371474742889404,0.06282385438680649,0.2747369110584259,0.5126625895500183,0.0011251175310462713,0.9852794408798218,-0.01327173039317131,-0.009093194268643856,-14.215003967285156,168000
8.73598861694336,510.5523681640625,513.2100219726562,502.7760925292969,-514.0527954101562,-509.5710754394531,-8.539813041687012,4.058117389678955,0.06055339798331261,0.256095826625824,0.510158896446228,3.6687804367829813e-06,0.9983839988708496,-0.0008098349208012223,0.0,-14.328927993774414,169000
74.77864074707031,511.3763732910156,514.028076171875,272.3307800292969,-514.4048461914062,-510.3033447265625,-8.496932983398438,4.395476341247559,0.05858640745282173,0.027329616248607635,0.507813572883606,1.2307467841310427e-05,0.9906094670295715,-0.007329962681978941,-0.00568088935688138,-14.591859817504883,170000
7.6168670654296875,513.4486083984375,516.0331420898438,508.631103515625,-517.14453125,-512.7457275390625,-8.92951488494873,4.530709266662598,0.05238986015319824,-0.2535777986049652,0.5059524178504944,0.00014559202827513218,0.9925143718719482,-0.003777317702770233,-0.0005987274344079196,-15.010578155517578,171000
8.214198112487793,514.6989135742188,517.4931640625,507.6458435058594,-518.403076171875,-514.0620727539062,-8.676608085632324,4.335625648498535,0.05975554883480072,-0.03517138957977295,0.5077124834060669,0.0001517625350970775,0.9937164783477783,-0.003173885866999626,-0.0006338739185594022,-14.7511568069458,172000
70.9402084350586,515.3287963867188,517.9118041992188,272.7746276855469,-518.1909790039062,-513.989501953125,-8.574868202209473,4.373416900634766,0.06106011942028999,-0.059633027762174606,0.5012372732162476,0.003001887584105134,0.9928692579269409,-0.004431126639246941,-0.006336438935250044,-14.724066734313965,173000
194.95716857910156,515.344482421875,516.65087890625,316.5186462402344,-518.8921508789062,-514.7694702148438,-8.279828071594238,4.1571455001831055,0.06187646463513374,0.05201375111937523,0.507602334022522,0.00015412949142046273,0.9856081008911133,-0.011155335232615471,-0.007758842781186104,-14.281495094299316,174000
7.3323774337768555,517.0235595703125,519.3994750976562,511.7978820800781,-520.3572387695312,-516.1656494140625,-8.415689468383789,4.224102973937988,0.055965032428503036,0.183853417634964,0.504132091999054,2.4581142497481778e-05,0.9943504333496094,-0.0028370539657771587,0.0,-14.358509063720703,175000
411.51861572265625,517.630615234375,521.3233032226562,83.21402740478516,-520.2034301757812,-515.8331298828125,-8.845723152160645,4.47538948059082,0.054509323090314865,-0.2944689095020294,0.503344714641571,9.593848517397419e-06,0.9968734979629517,-0.0015680540818721056,0.0,-15.110267639160156,176000
22.70573616027832,520.25,522.34375,452.7538146972656,-523.677001953125,-519.5313110351562,-8.784420013427734,4.638723373413086,0.05555901303887367,-0.430717408657074,0.5035555958747864,0.0015500423032790422,0.996356725692749,-0.0018654761370271444,-0.003031538799405098,-15.055839538574219,177000
261.782958984375,521.290771484375,523.940185546875,169.1622314453125,-525.2557373046875,-521.0963745117188,-8.418623924255371,4.259259223937988,0.0576818473637104,-0.02860734984278679,0.4964276850223541,0.0013684557052329183,0.9966281056404114,-0.0017064223065972328,-0.0032291682437062263,-14.433355331420898,178000
85.8903579711914,523.1753540039062,525.38232421875,458.44439697265625,-525.8790893554688,-521.712890625,-8.2779541015625,4.111767768859863,0.05899260193109512,0.015495250932872295,0.49498432874679565,0.0005848344299010932,0.9955264925956726,-0.0023173089139163494,-0.0022934728767722845,-14.369619369506836,179000
7.82070255279541,524.3431396484375,526.310791015625,519.2658081054688,-527.9948120117188,-523.6504516601562,-8.703028678894043,4.358636379241943,0.05779620260000229,-0.20631252229213715,0.4968586266040802,3.623120574047789e-05,0.9953060150146484,-0.0023648987989872694,0.0,-15.182628631591797,180000
7.690006256103516,525.55126953125,527.1378784179688,520.4735107421875,-529.0322265625,-524.66650390625,-8.673494338989258,4.3077874183654785,0.055600378662347794,-0.12584097683429718,0.49817368388175964,1.6243917343672365e-05,0.9960101842880249,-0.002002993831411004,0.0,-15.043708801269531,181000
159.34197998046875,526.1419677734375,528.8931274414062,170.63917541503906,-529.1051635742188,-524.9019165039062,-8.212311744689941,4.009099960327148,0.06192256510257721,0.18859349191188812,0.49799844622612,0.00036728603299707174,0.986332893371582,-0.008790665306150913,-0.006833819672465324,-14.407480239868164,182000
11.440649032592773,527.6737060546875,528.5534057617188,526.4126586914062,-531.1917114257812,-526.9393310546875,-8.182680130004883,3.930305242538452,0.060629066079854965,0.23664480447769165,0.49208271503448486,0.00013127885176800191,0.9914101362228394,-0.004345165565609932,-0.0006043607136234641,-14.20445442199707,183000
458.2190246582031,528.6455688476562,531.8945922851562,11.692741394042969,-531.0407104492188,-526.7987670898438,-8.479862213134766,4.237918853759766,0.058217987418174744,-0.34948500990867615,0.4892547130584717,5.607089406112209e-05,0.9937701225280762,-0.003158529754728079,-0.0007223588763736188,-14.899829864501953,184000
553.2990112304688,529.509033203125,533.2011108398438,68.27101135253906,-532.1424560546875,-528.0451049804688,-7.839807510375977,3.742460012435913,0.061482302844524384,0.43007880449295044,0.49245575070381165,0.0006043920293450356,0.9929481744766235,-0.0038504446856677532,-0.004695940762758255,-13.73267936706543,185000
141.51377868652344,531.8912353515625,534.7200317382812,287.888916015625,-534.7813110351562,-530.7314453125,-8.137190818786621,4.087355136871338,0.060247596353292465,0.09402140229940414,0.4928427040576935,0.0014450374292209744,0.9910297393798828,-0.0064379265531897545,-0.005688569042831659,-14.329845428466797,186000
7.266772270202637,533.7888793945312,535.511962890625,527.5087280273438,-537.2100219726562,-533.14453125,-8.303882598876953,4.238381862640381,0.05500783026218414,0.1052863672375679,0.4917580187320709,1.5482035450986587e-05,0.9966349005699158,-0.001690245815552771,0.0,-14.646249771118164,187000
8.901725769042969,535.5133056640625,537.5377197265625,530.0420532226562,-538.9176635742188,-534.6717529296875,-8.565568923950195,4.319664478302002,0.05592646822333336,-0.2374509871006012,0.48484352231025696,1.1604233804973774e-05,0.9974526166915894,-0.001277955248951912,-0.00023042006068862975,-15.308830261230469,188000
1125.0667724609375,536.9232177734375,539.5887451171875,243.98593139648438,-539.9465942382812,-535.8757934570312,-8.395689964294434,4.324905872344971,0.05825973302125931,-0.09595058858394623,0.48710697889328003,0.0009157347376458347,0.9880729913711548,-0.00802018865942955,-0.005395013839006424,-14.877235412597656,189000
6.589879989624023,538.66455078125,541.123046875,533.9929809570312,-542.1600341796875,-537.959716796875,-8.373603820800781,4.173263072967529,0.05758907273411751,-0.02020365186035633,0.48524588346481323,2.8716965971398167e-05,0.9945158362388611,-0.0027563581243157387,0.0,-14.719883918762207,190000
7.9543232917785645,540.5567626953125,542.5750122070312,536.823974609375,-543.8800659179688,-539.7996215820312,-8.04427433013916,3.963792324066162,0.06081867218017578,0.17398527264595032,0.48762112855911255,8.064521534834057e-05,0.9947543144226074,-0.0026421700604259968,-0.0008616771083325148,-14.300383567810059,191000
7.986530303955078,542.0252075195312,543.3543701171875,538.5089721679688,-545.2261962890625,-541.1800537109375,-8.541203498840332,4.495042324066162,0.0559425875544548,-0.364137202501297,0.4868357479572296,0.00018173170974478126,0.9959681034088135,-0.0020256738644093275,-0.0007992932805791497,-15.201176643371582,192000
7.624933242797852,544.40185546875,546.597900390625,539.23583984375,-547.6876831054688,-543.55859375,-8.121654510498047,3.9925332069396973,0.05593705549836159,0.07506529986858368,0.4872221052646637,2.1209691112744622e-05,0.9949884414672852,-0.0025163523387163877,0.0,-14.493295669555664,193000
16.02545166015625,544.659912109375,547.154052734375,496.5450439453125,-548.203857421875,-544.02978515625,-8.343101501464844,4.169015407562256,0.059499725699424744,-0.24881574511528015,0.48226749897003174,0.0005614471738226712,0.9845510721206665,-0.010504977777600288,-0.0065108612179756165,-15.035236358642578,194000
6.315985679626465,546.357177734375,548.7095947265625,541.6820068359375,-549.3932495117188,-545.3901977539062,-8.225578308105469,4.222530364990234,0.053765375167131424,-0.017527908086776733,0.48292112350463867,9.488856449024752e-06,0.9965981841087341,-0.0017056334763765335,0.0,-14.711946487426758,195000
7.140152931213379,547.0604248046875,549.586669921875,539.8963012695312,-550.4100341796875,-546.3739624023438,-7.951706886291504,3.9156298637390137,0.05884378030896187,0.22075346112251282,0.4825078547000885,0.0004517074557952583,0.9964118599891663,-0.0018027786863967776,-0.0013039499754086137,-14.258036613464355,196000
987.4564819335938,547.8343505859375,550.388916015625,423.44622802734375,-550.3632202148438,-546.51416015625,-7.963289737701416,4.114274024963379,0.05881171301007271,-0.11659038811922073,0.47901901602745056,0.00275927921757102,0.9854749441146851,-0.01142116915434599,-0.005614621564745903,-14.519808769226074,197000
8.956780433654785,549.1840209960938,550.7052612304688,543.6500854492188,-552.4619140625,-548.2197875976562,-8.360797882080078,4.118628978729248,0.05962234362959862,-0.1835816651582718,0.47932448983192444,4.0912356780609116e-05,0.9931562542915344,-0.0034596456680446863,-0.00034884977503679693,-15.036543846130371,198000
6.14968729019165,550.6179809570312,552.8977661132812,543.9609985351562,-553.7650146484375,-549.778564453125,-7.693962574005127,3.70752215385437,0.05782486870884895,0.46958890557289124,0.47457072138786316,0.00033256906317546964,0.9960891604423523,-0.001965290168300271,-0.0011068929452449083,-13.827526092529297,199000
8.8359375,550.7354736328125,553.9453735351562,543.1907958984375,-553.7757568359375,-549.8281860351562,-7.9243574142456055,3.9768152236938477,0.057885825634002686,0.11654414236545563,0.47531214356422424,1.459866325603798e-05,0.9973204135894775,-0.0013447161763906479,-0.0002360993530601263,-14.318803787231445,200000
7.297446250915527,551.023193359375,553.325927734375,545.876220703125,-554.1874389648438,-550.1475830078125,-8.396610260009766,4.356731414794922,0.0547977052628994,-0.13104955852031708,0.47229886054992676,7.901009666966274e-06,0.996396541595459,-0.0018170354887843132,-0.000351548456819728,-15.126025199890137,201000
8.669731140136719,551.7119140625,553.5987548828125,547.4285278320312,-554.8884887695312,-550.8424682617188,-8.090002059936523,4.044015407562256,0.05763324722647667,-0.13957534730434418,0.4747759699821472,0.0006812557112425566,0.9939209818840027,-0.0033387287985533476,0.0,-14.85464859008789,202000
8.00992202758789,552.9387817382812,554.0125732421875,547.4307861328125,-556.4228515625,-552.5144653320312,-7.876360893249512,3.9679722785949707,0.05808715149760246,0.12977686524391174,0.4670129418373108,0.0004835083964280784,0.994178295135498,-0.003409211291000247,-0.0009097561705857515,-14.359933853149414,203000
23.740516662597656,554.5768432617188,554.9429931640625,475.15484619140625,-558.5968627929688,-554.5458374023438,-7.6169209480285645,3.5658934116363525,0.06088242679834366,0.46834900975227356,0.47200772166252136,9.021237929118797e-05,0.9976887702941895,-0.0011602002196013927,-0.0010095295729115605,-13.83907699584961,204000
11.778890609741211,555.3487548828125,556.8595581054688,512.3045043945312,-558.5819702148438,-554.4390258789062,-8.262930870056152,4.120004177093506,0.056741006672382355,-0.2774021327495575,0.46990883350372314,0.001476022065617144,0.9913061857223511,-0.006773686967790127,-0.0029368510004132986,-15.011067390441895,205000
7.638333797454834,555.8739013671875,558.2847290039062,551.8479614257812,-558.911865234375,-555.019775390625,-7.746692657470703,3.8546297550201416,0.0574527308344841,0.2071535885334015,0.47176480293273926,0.00040538000757806003,0.9937207698822021,-0.003493438707664609,-0.0030072121880948544,-14.453581809997559,206000
177.5987548828125,553.2869873046875,556.4806518554688,352.8629150390625,-555.959716796875,-552.06396484375,-7.948225498199463,4.052482604980469,0.059919554740190506,-0.10647450387477875,0.46911191940307617,0.00022894912399351597,0.9852250218391418,-0.01239075232297182,-0.009150649420917034,-14.752669334411621,207000
128.65284729003906,551.9644775390625,554.7473754882812,408.6299743652344,-555.019287109375,-551.218505859375,-7.605257511138916,3.804511070251465,0.06271123886108398,0.2035074084997177,0.46975353360176086,0.0027631940320134163,0.9903600215911865,-0.005402230191975832,-0.010551080107688904,-14.135481834411621,208000
9.810408592224121,550.9118041992188,553.8902587890625,535.7373046875,-553.9634399414062,-549.8385620117188,-8.312660217285156,4.187815189361572,0.057234860956668854,-0.31066179275512695,0.46875330805778503,6.993644637987018e-05,0.9944888353347778,-0.002852308563888073,-0.0003979025932494551,-15.347097396850586,209000
8.249007225036621,550.0562744140625,553.0595703125,535.8695068359375,-552.8674926757812,-549.03466796875,-8.080438613891602,4.247631549835205,0.057768452912569046,-0.19099129736423492,0.46891462802886963,4.299402644392103e-05,0.9924880266189575,-0.0038117903750389814,-0.0006971910479478538,-14.864587783813477,210000
211.36990356445312,549.6038818359375,552.0323486328125,210.34552001953125,-552.1192016601562,-548.480224609375,-7.624981880187988,3.9859931468963623,0.059395574033260345,0.023743048310279846,0.46830832958221436,0.0006973176496103406,0.9837477803230286,-0.012162227183580399,-0.005773050710558891,-14.243439674377441,211000
598.0895385742188,550.019287109375,553.4603881835938,84.14261627197266,-552.374755859375,-548.64501953125,-7.371397495269775,3.641653537750244,0.06129905954003334,0.26970967650413513,0.46509525179862976,0.00032541179098188877,0.9875912070274353,-0.008630828000605106,-0.006882302928715944,-13.784537315368652,212000
8.278064727783203,551.488037109375,554.0401611328125,535.5060424804688,-554.3229370117188,-550.240234375,-7.877123832702637,3.7944412231445312,0.06117183342576027,-0.05580970272421837,0.4620671570301056,1.7288555682171136e-05,0.9959836006164551,-0.00201680650934577,0.0,-14.746347427368164,213000
11.969810485839844,552.0357666015625,552.47607421875,548.9570922851562,-555.8837890625,-551.9571533203125,-8.043618202209473,4.117010593414307,0.05653895065188408,-0.12253101170063019,0.46412011981010437,1.622258423594758e-05,0.9959805607795715,-0.002017776481807232,0.0,-15.089309692382812,214000
180.7248077392578,553.2682495117188,556.083984375,255.27499389648438,-555.6301879882812,-551.7003784179688,-8.107367515563965,4.177555561065674,0.05471470206975937,-0.16733278334140778,0.4626578390598297,0.00044041225919499993,0.9965555667877197,-0.0017415042966604233,-0.0017517786473035812,-15.261991500854492,215000
5.773715496063232,555.2285766601562,557.4802856445312,548.0802001953125,-558.1560668945312,-554.255126953125,-7.795531749725342,3.8945648670196533,0.059327349066734314,-0.15789943933486938,0.4533468782901764,0.0001926033291965723,0.9917461276054382,-0.006149102468043566,-0.005602981895208359,-14.712947845458984,216000
11.903507232666016,554.2110595703125,557.547119140625,526.5873413085938,-557.1056518554688,-553.2281494140625,-7.928854465484619,4.051336765289307,0.05968540534377098,-0.1403641700744629,0.4600464701652527,9.491706441622227e-05,0.993090033531189,-0.003609623294323683,-0.0013780251611024141,-14.913239479064941,217000
17.005706787109375,555.7198486328125,558.3402099609375,489.4416198730469,-558.5265502929688,-554.5738525390625,-7.508689880371094,3.555992841720581,0.059058476239442825,0.25738459825515747,0.4578644335269928,5.302462523104623e-05,0.9947000741958618,-0.002673944691196084,-0.0006458115531131625,-14.250222206115723,218000
7.17864990234375,556.2477416992188,557.4694213867188,546.1754150390625,-559.5120849609375,-555.4755859375,-8.062171936035156,4.02570915222168,0.05556243285536766,-0.24956965446472168,0.45816662907600403,1.4408719835046213e-05,0.9958932995796204,-0.0020605186000466347,0.0,-15.186349868774414,219000
8.059850692749023,557.1281127929688,559.6420288085938,549.3306884765625,-559.7937622070312,-556.0403442382812,-7.249229907989502,3.495817184448242,0.059288542717695236,0.5040546655654907,0.45902514457702637,1.73968801391311e-05,0.9955645799636841,-0.002226361073553562,0.0,-13.933572769165039,220000
6.820547103881836,557.6714477539062,559.3336791992188,554.9973754882812,-560.6704711914062,-556.837890625,-7.497232437133789,3.6646809577941895,0.058832596987485886,0.14130519330501556,0.45356863737106323,3.1251049222191796e-05,0.9956468343734741,-0.0021920192521065474,0.0,-14.38744068145752,221000
31.689105987548828,557.7921142578125,559.80078125,463.2841796875,-561.0352172851562,-557.1052856445312,-7.838151931762695,3.90818190574646,0.05703058838844299,-0.2238391935825348,0.4498639404773712,0.00024058861890807748,0.9911162257194519,-0.00738069973886013,-0.005051598418504,-15.019713401794434,222000
6.188997268676758,558.2393798828125,560.333251953125,551.7538452148438,-561.2966918945312,-557.3004150390625,-8.009506225585938,4.01322078704834,0.056327786296606064,-0.35363641381263733,0.44558054208755493,4.284775059204549e-06,0.9977200031280518,-0.0011421393137425184,0.0,-15.157291412353516,223000
9.040057182312012,558.4468994140625,561.3112182617188,549.1492309570312,-561.2691650390625,-557.4583129882812,-7.846907615661621,4.036086082458496,0.05522949993610382,-0.006297949701547623,0.4491668939590454,1.1732728125934955e-05,0.9971801042556763,-0.0014157812111079693,0.0,-14.869625091552734,224000
7.72673225402832,559.4298095703125,562.3582763671875,551.2618408203125,-562.34814453125,-558.4140625,-8.000531196594238,4.06649112701416,0.05661420151591301,-0.2921143174171448,0.45304086804389954,8.640760825073812e-06,0.9970187544822693,-0.0014949189499020576,0.0,-15.23684310913086,225000
12.594947814941406,557.2122192382812,560.388427734375,495.4026794433594,-559.8796997070312,-556.1264038085938,-7.333621978759766,3.5802998542785645,0.05972490459680557,0.4028546214103699,0.44897398352622986,0.0007482464425265789,0.9917134046554565,-0.0059018488973379135,-0.006914822850376368,-14.128473281860352,226000
6.849862575531006,557.532470703125,559.9998779296875,544.9131469726562,-560.4117431640625,-556.5547485351562,-7.866847038269043,4.009809494018555,0.05653133615851402,-0.15903261303901672,0.44849029183387756,7.068859304126818e-06,0.9969419240951538,-0.0015325427521020174,0.0,-15.105847358703613,227000
8.686309814453125,557.7950439453125,560.2644653320312,542.5631713867188,-560.4705810546875,-556.7139892578125,-7.730836868286133,3.9742681980133057,0.05622551590204239,-0.1272154003381729,0.4488108456134796,0.0001157908482127823,0.9957023859024048,-0.002163869561627507,-0.001046614022925496,-14.899778366088867,228000
8.521528244018555,557.2734375,559.7321166992188,542.7972412109375,-560.0753173828125,-556.4037475585938,-7.257514476776123,3.585927724838257,0.05761158838868141,0.24275033175945282,0.44760575890541077,6.6680800046015065e-06,0.9970954060554504,-0.0014556150417774916,0.0,-14.032524108886719,229000
6.4389777183532715,558.9461059570312,561.5745239257812,549.7877197265625,-561.8507690429688,-558.1163330078125,-7.655423641204834,3.920936346054077,0.054650697857141495,0.04355586692690849,0.44410473108291626,3.3087824704125524e-05,0.9953071475028992,-0.002362806349992752,0.0,-14.743966102600098,230000
6.986414909362793,560.4286499023438,562.3854370117188,553.9507446289062,-563.2234497070312,-559.4135131835938,-7.506211757659912,3.69626522064209,0.05451977252960205,0.07406600564718246,0.44635486602783203,2.3612035874975845e-05,0.9953327178955078,-0.0023453759495168924,0.0,-14.499055862426758,231000
6.134842872619629,561.3093872070312,563.2159423828125,556.5257568359375,-564.4379272460938,-560.5992431640625,-7.244968414306641,3.4062812328338623,0.06101033464074135,0.16855089366436005,0.445270836353302,0.00018341519171372056,0.9946678876876831,-0.0026854933239519596,-0.0009610570850782096,-14.167192459106445,232000
9.435224533081055,560.621826171875,563.4500122070312,550.1740112304688,-563.3142700195312,-559.47998046875,-7.408226490020752,3.573930263519287,0.05907842144370079,0.07365399599075317,0.44647690653800964,3.8887563277967274e-05,0.9938549995422363,-0.0030916084069758654,-6.117644079495221e-05,-14.496521949768066,233000
8.120282173156738,560.0216064453125,562.894287109375,547.2220458984375,-562.9439086914062,-559.223388671875,-7.503167629241943,3.782665967941284,0.056778684258461,-0.050724707543849945,0.4448045492172241,0.00036931189242750406,0.9967256784439087,-0.00164345046505332,-0.0016571395099163055,-14.608325958251953,234000
467.2987060546875,558.7437133789062,562.1629638671875,107.3127212524414,-561.510498046875,-557.717041015625,-7.685920715332031,3.892430305480957,0.061055030673742294,-0.2642650604248047,0.44095131754875183,0.002632444491609931,0.9919487237930298,-0.004872423596680164,-0.006066463887691498,-15.330486297607422,235000
83.97293090820312,559.875244140625,562.631103515625,298.0394592285156,-562.4208984375,-558.6913452148438,-7.780312538146973,4.050809860229492,0.055222731083631516,-0.3303639888763428,0.446154922246933,0.00020044435223098844,0.9875357151031494,-0.006825549528002739,-0.0023445498663932085,-15.34245491027832,236000
182.52886962890625,560.265380859375,564.0575561523438,303.49346923828125,-562.0410766601562,-558.5825805664062,-6.8830389976501465,3.4245312213897705,0.06569405645132065,0.10468780249357224,0.4420904815196991,0.006453004665672779,0.987520694732666,-0.00984314177185297,-0.013555841520428658,-13.62712287902832,237000
309.60784912109375,560.7107543945312,563.5352783203125,353.235107421875,-563.2621459960938,-559.7064208984375,-6.965788841247559,3.4100136756896973,0.06411893665790558,0.26787784695625305,0.43572095036506653,0.00021527065837290138,0.9873999953269958,-0.010739844292402267,-0.008272431790828705,-13.808538436889648,238000
58.42552185058594,563.06640625,566.0765991210938,338.6175537109375,-565.8214721679688,-562.271240234375,-7.155656814575195,3.6053802967071533,0.06059974804520607,0.10461428761482239,0.43834349513053894,0.00015980166790541261,0.9921672344207764,-0.0057152952067554,-0.005724649876356125,-14.285345077514648,239000
7.540602684020996,565.05859375,567.0845947265625,560.6433715820312,-567.9164428710938,-564.3116455078125,-7.205780506134033,3.60101056098938,0.06029529497027397,0.021178442984819412,0.4419529438018799,1.0256951100018341e-05,0.9968585968017578,-0.0015758266672492027,0.0,-14.288628578186035,240000
53.49802017211914,566.6690673828125,569.4240112304688,391.9297790527344,-568.4931640625,-564.840576171875,-7.340671539306641,3.688098669052124,0.05800190567970276,-0.10006626695394516,0.4395764172077179,0.001714660320430994,0.9878464937210083,-0.007840093225240707,-0.0033166848588734865,-14.696550369262695,241000
6.528207778930664,568.0416259765625,570.2267456054688,561.5867309570312,-570.8462524414062,-567.2102661132812,-7.2681169509887695,3.6321470737457275,0.05718981847167015,0.13817161321640015,0.4399000108242035,2.2310839995043352e-05,0.9953843355178833,-0.0023189070634543896,0.0,-14.483358383178711,242000
267.4928283691406,567.8074951171875,571.0162963867188,95.21007537841797,-570.423828125,-566.8665771484375,-7.451149940490723,3.8939120769500732,0.0577317513525486,-0.06593114882707596,0.4361661672592163,0.0015511843375861645,0.9933377504348755,-0.003756029764190316,-0.004416406620293856,-14.684370040893555,243000
8.481261253356934,570.1558837890625,572.0922241210938,559.8148193359375,-572.9244995117188,-569.2564086914062,-7.160459995269775,3.4923903942108154,0.060028012841939926,0.08807174116373062,0.4380025863647461,0.0001795069401850924,0.993462085723877,-0.0033378731459379196,-0.001977205742150545,-14.334830284118652,244000
19.039470672607422,571.8880615234375,574.2974853515625,469.6693420410156,-574.7407836914062,-571.20458984375,-7.2108049392700195,3.6746091842651367,0.059311214834451675,-0.054620806127786636,0.432525634765625,2.87132370431209e-05,0.9900127649307251,-0.008710629306733608,-0.006793737877160311,-14.724386215209961,245000
7.708882808685303,573.9892578125,575.91064453125,571.3400268554688,-576.8814697265625,-573.2051391601562,-7.373498439788818,3.6971330642700195,0.05759860575199127,-0.06556636840105057,0.43285492062568665,1.6293055523419753e-05,0.9973280429840088,-0.0013401710893958807,-0.0003342035342939198,-14.875405311584473,246000
35.627750396728516,574.0120239257812,574.526611328125,455.0225524902344,-577.53369140625,-573.9306640625,-6.997331619262695,3.394305944442749,0.06215677037835121,0.25896239280700684,0.4355045258998871,0.0003036125854123384,0.9929138422012329,-0.004852025303989649,-0.002617357997223735,-13.977758407592773,247000
193.9637451171875,574.975830078125,578.4710693359375,168.04725646972656,-577.349853515625,-573.8065185546875,-7.163513660430908,3.6201841831207275,0.06198834627866745,-0.0611376017332077,0.43168720602989197,0.0012850707862526178,0.9954520463943481,-0.002367327455431223,-0.005638230592012405,-14.51839828491211,248000
7.972207546234131,577.9756469726562,580.3677978515625,573.7036743164062,-580.7752685546875,-577.1007080078125,-7.159442901611328,3.4848644733428955,0.05736977607011795,0.1920023411512375,0.4293915629386902,8.103098480205517e-06,0.9975069761276245,-0.001250276924110949,-0.000290380121441558,-14.510147094726562,249000
19.054706573486328,579.0413208007812,581.594970703125,471.3596496582031,-581.5419311523438,-577.9327392578125,-7.430591106414795,3.8213846683502197,0.05856339633464813,-0.20663747191429138,0.42810094356536865,0.00025558017659932375,0.9892001152038574,-0.009023097343742847,-0.005879843141883612,-15.163304328918457,250000
9.273696899414062,579.833984375,581.9658813476562,565.7501831054688,-582.6270751953125,-578.9345703125,-7.314496040344238,3.6220202445983887,0.056629449129104614,0.019407138228416443,0.4310357868671417,3.46552042174153e-05,0.9949504137039185,-0.00254189595580101,0.0,-14.805602073669434,251000
49.4769172668457,582.0177612304688,584.1259155273438,441.38543701171875,-585.09423828125,-581.5240478515625,-7.178583145141602,3.6083762645721436,0.05833141505718231,0.1076025515794754,0.42775872349739075,0.0006502807955257595,0.9965473413467407,-0.0017373469891026616,-0.0018288622377440333,-14.58906364440918,252000
6.239784240722656,583.3012084960938,585.1063842773438,576.4987182617188,-586.3010864257812,-582.8807373046875,-6.905087947845459,3.4847664833068848,0.06293755769729614,0.2714609205722809,0.4290930926799774,9.07188677956583e-06,0.9967207312583923,-0.0016441657207906246,0.0,-13.994709968566895,253000
8.23654556274414,584.4520874023438,586.1342163085938,571.2258911132812,-586.3597412109375,-582.7957763671875,-7.072750568389893,3.5088138580322266,0.05964365601539612,-0.013216490857303143,0.42404061555862427,0.0001463918451918289,0.991233229637146,-0.006104320753365755,-0.003609319915995002,-14.44239616394043,254000
6.8025221824646,586.480712890625,588.229736328125,576.0843505859375,-589.4336547851562,-585.80029296875,-7.281613826751709,3.64825177192688,0.05659085139632225,0.08074050396680832,0.42596980929374695,1.4363238733494654e-05,0.9962371587753296,-0.0018885559402406216,0.0,-14.805313110351562,255000
6.9056715965271,587.6580810546875,589.3207397460938,585.0978393554688,-590.694091796875,-587.0875854492188,-6.9333720207214355,3.326812982559204,0.06054709851741791,0.093826062977314,0.4231630563735962,3.546440711943433e-05,0.9949455261230469,-0.0025447916705161333,0.0,-14.283888816833496,256000
733.8526000976562,587.9232177734375,590.2533569335938,189.043701171875,-590.1612548828125,-586.7001342773438,-7.136709690093994,3.6756136417388916,0.061261747032403946,-0.12285361438989639,0.42042165994644165,0.000996866263449192,0.9889138340950012,-0.007408884819597006,-0.0025946449022740126,-14.585660934448242,257000
244.01148986816406,586.94189453125,590.3522338867188,140.18165588378906,-588.91455078125,-585.5660400390625,-6.988692283630371,3.6402041912078857,0.05938674509525299,0.04360431432723999,0.42208045721054077,0.0032557533122599125,0.9867416620254517,-0.010604124516248703,-0.011242625303566456,-14.322078704833984,258000
19.565387725830078,588.0197143554688,590.4517822265625,569.8320922851562,-590.3038330078125,-586.717529296875,-7.129807472229004,3.5435426235198975,0.05646853893995285,0.06890178471803665,0.4226824939250946,2.1165527869015932e-05,0.9971461296081543,-0.0014306474477052689,-0.00028010710957460105,-14.551433563232422,259000
67.11058807373047,587.0018310546875,589.556640625,578.167724609375,-589.4760131835938,-585.8919067382812,-7.156652450561523,3.5725648403167725,0.060418397188186646,-0.0725872814655304,0.42067426443099976,0.0014055732171982527,0.9898382425308228,-0.00721597857773304,-0.0025981543585658073,-14.709148406982422,260000
6.781564235687256,586.2086791992188,587.9215087890625,581.8312377929688,-589.1590576171875,-585.5675048828125,-6.897305965423584,3.3057267665863037,0.05928656831383705,0.19687971472740173,0.4196389615535736,2.3477990907849744e-05,0.9951615333557129,-0.002430894412100315,0.0,-14.222328186035156,261000
5.613842487335205,586.8916015625,589.2085571289062,581.2320556640625,-589.4553833007812,-585.9052124023438,-7.2845683097839355,3.7343966960906982,0.05595816671848297,-0.21206049621105194,0.41945284605026245,0.00011874176561832428,0.993557333946228,-0.003278384916484356,0.0,-15.03096866607666,262000
7.636293888092041,586.3963012695312,588.5884399414062,576.3587036132812,-588.7113037109375,-585.3095703125,-7.174933910369873,3.773163080215454,0.055896010249853134,-0.22366110980510712,0.41980886459350586,9.502891771262512e-05,0.9928444623947144,-0.0036242608912289143,0.0,-14.879121780395508,263000
1130.5277099609375,585.9850463867188,590.284912109375,132.107666015625,-586.524658203125,-583.08154296875,-7.119318008422852,3.676201343536377,0.060372114181518555,-0.13832145929336548,0.41681572794914246,0.0009906908962875605,0.9880373477935791,-0.009738976135849953,-0.007450328208506107,-15.034607887268066,264000
567.7598876953125,588.990234375,590.7263793945312,400.60675048828125,-591.2915649414062,-587.90283203125,-7.110103607177734,3.7214012145996094,0.05801944062113762,-0.12264344096183777,0.4194781482219696,0.00047677758266218007,0.994987964630127,-0.002537327352911234,-0.001863158424384892,-14.925623893737793,265000
6.243344306945801,590.590576171875,592.4895629882812,585.0962524414062,-593.4320678710938,-590.0028076171875,-7.056669235229492,3.6273653507232666,0.06078197807073593,-0.016243156045675278,0.4156459867954254,6.455917173298076e-06,0.9974429607391357,-0.0012817676179111004,-8.893362064554822e-06,-14.703266143798828,266000
837.8228759765625,590.0457763671875,593.787353515625,99.67316436767578,-590.98388671875,-587.6386108398438,-6.709149360656738,3.3639047145843506,0.06265046447515488,0.06713630259037018,0.4134027063846588,0.0007126382552087307,0.984122633934021,-0.012144021689891815,-0.012651612982153893,-14.258359909057617,267000
5.623532295227051,593.0232543945312,594.7850952148438,584.8695678710938,-595.5860595703125,-592.15087890625,-7.1192097663879395,3.684044361114502,0.05807957425713539,-0.14538165926933289,0.41618844866752625,7.249950431287289e-05,0.9940325617790222,-0.003197397803887725,-0.002003945643082261,-14.983044624328613,268000
7.074002265930176,592.9532470703125,594.0816040039062,589.5397338867188,-596.1866455078125,-592.69677734375,-7.271611213684082,3.781745433807373,0.05404370278120041,-0.03467369079589844,0.4148474931716919,1.3466400559991598e-05,0.9964486360549927,-0.0017823611851781607,-8.333064033649862e-05,-15.142791748046875,269000
6.573337078094482,594.1649780273438,596.3903198242188,587.3770141601562,-596.2568359375,-592.647216796875,-7.4226531982421875,3.8130760192871094,0.053270939737558365,-0.17014096677303314,0.4144164025783539,1.1320244993839879e-05,0.9967471361160278,-0.001632064231671393,0.0,-15.493818283081055,270000
7.241450309753418,596.6910400390625,598.5203857421875,592.614501953125,-599.4641723632812,-595.9016723632812,-6.771221160888672,3.2087647914886475,0.05900133401155472,0.1743854582309723,0.4119802713394165,4.0879884181777015e-05,0.9960110187530518,-0.0020065736025571823,-0.00047779339365661144,-14.373605728149414,271000
234.0131378173828,596.7564697265625,599.7107543945312,121.24839782714844,-599.053955078125,-595.528076171875,-6.945287227630615,3.419443368911743,0.05905339494347572,-0.24323591589927673,0.40575575828552246,0.0002457080699969083,0.9932570457458496,-0.003992302343249321,-0.0014623332535848022,-14.646318435668945,272000
13.371175765991211,598.751953125,599.6968383789062,550.3493041992188,-601.795166015625,-598.419189453125,-6.665231227874756,3.2892203330993652,0.0603046715259552,0.23752807080745697,0.4124608635902405,1.8172135241911747e-05,0.9972374439239502,-0.001385457580909133,-0.00020686570496764034,-13.984824180603027,273000
8.04307746887207,600.0162353515625,601.5834350585938,597.4187622070312,-602.672607421875,-599.12353515625,-6.650590419769287,3.101484775543213,0.05885640159249306,0.2408030927181244,0.41140300035476685,3.469856665105908e-06,0.9979047775268555,-0.0010493239387869835,0.0,-14.281431198120117,274000
21.86756134033203,600.216552734375,601.7802734375,470.91571044921875,-602.9598999023438,-599.5787353515625,-6.828679084777832,3.447525978088379,0.0559675395488739,-0.050870876759290695,0.40890440344810486,0.0006520964670926332,0.9976582527160645,-0.001177322119474411,-0.001776253106072545,-14.373655319213867,275000
7.632248401641846,600.1375732421875,601.7907104492188,597.5858764648438,-602.9862670898438,-599.3616333007812,-7.4814863204956055,3.8568994998931885,0.0517403781414032,-0.46946313977241516,0.4097490906715393,8.099835213215556e-06,0.9970459938049316,-0.0014876069035381079,-0.00017253769328817725,-15.952754020690918,276000
778.7799682617188,600.4002685546875,603.5301513671875,205.88876342773438,-602.4918823242188,-599.131591796875,-6.496066570281982,3.135796546936035,0.0635867565870285,0.06343156844377518,0.40406543016433716,0.0020849741995334625,0.9829840660095215,-0.013969786465168,-0.009012747555971146,-14.021031379699707,277000
7.278643608093262,600.4056396484375,602.3273315429688,593.4700317382812,-602.8097534179688,-599.3248291015625,-6.936594009399414,3.451632022857666,0.05841442942619324,0.006872087717056274,0.4094507098197937,1.381915899401065e-05,0.9964455962181091,-0.0017840857617557049,0.0,-14.789007186889648,278000
6.975352764129639,601.5462646484375,603.7250366210938,597.0662231445312,-604.1509399414062,-600.627197265625,-6.767836093902588,3.244100570678711,0.0578308068215847,0.10021749138832092,0.4032500982284546,1.3673268767888658e-05,0.9968336224555969,-0.0015899577410891652,0.0,-14.429550170898438,279000
6.648079872131348,602.9601440429688,604.5369262695312,598.41845703125,-605.5691528320312,-602.0150146484375,-6.9011969566345215,3.347062349319458,0.05587076395750046,0.03860308602452278,0.40727075934410095,1.5387071471195668e-05,0.9964491128921509,-0.0017831111326813698,0.0,-14.742198944091797,280000
7.203525543212891,604.0380249023438,606.0054321289062,599.2998046875,-606.377197265625,-602.9444580078125,-6.973101615905762,3.54036283493042,0.05449199303984642,-0.1178988590836525,0.4063515365123749,8.906362381821964e-06,0.9971551299095154,-0.001425539143383503,-0.00013490425772033632,-14.990459442138672,281000
10.25383472442627,602.92724609375,605.15087890625,595.1314697265625,-605.8477172851562,-602.4722900390625,-7.165904998779297,3.79045033454895,0.0554032102227211,-0.1861722767353058,0.4050523042678833,9.461718946113251e-06,0.996919572353363,-0.0015449338825419545,0.0,-15.271215438842773,282000
5.885615348815918,606.020263671875,607.4275512695312,602.2391357421875,-609.041748046875,-605.5113525390625,-6.724390029907227,3.193986654281616,0.06105836108326912,0.1940733939409256,0.3974231481552124,0.00014453387120738626,0.9978594779968262,-0.0010734889656305313,-0.0008609762298874557,-14.39328384399414,283000
5.372706413269043,607.2562255859375,609.4381103515625,604.04443359375,-609.9312133789062,-606.4396362304688,-6.924073219299316,3.4324991703033447,0.057782500982284546,0.1015690267086029,0.40022918581962585,7.770951015118044e-06,0.9977004528045654,-0.0011531419586390257,-0.00018868379993364215,-14.822254180908203,284000
14.497426986694336,607.9969482421875,609.9779052734375,548.159423828125,-610.4537963867188,-607.130615234375,-6.65003776550293,3.326833963394165,0.06021065637469292,0.023757951334118843,0.4034690260887146,0.005559661891311407,0.989295244216919,-0.00952726136893034,-0.00420268764719367,-14.488536834716797,285000
726.2447509765625,608.146240234375,611.82275390625,47.03470230102539,-609.3985595703125,-606.33642578125,-6.625475883483887,3.563326120376587,0.06213172897696495,-0.0019363077590242028,0.3989415466785431,6.411170488718199e-06,0.9907029271125793,-0.008760858327150345,-0.007438778877258301,-14.45846176147461,286000
1203.744140625,609.865478515625,611.502685546875,490.5422058105469,-612.2553100585938,-608.8733520507812,-6.532678604125977,3.1506783962249756,0.059491489082574844,0.2095295786857605,0.40062934160232544,0.0012063690228387713,0.989953875541687,-0.007581742014735937,-0.004081865772604942,-14.25402545928955,287000
6.6513671875,610.1000366210938,611.9964599609375,606.1162719726562,-612.9320678710938,-609.4932861328125,-6.996185302734375,3.557448625564575,0.0521504245698452,-0.15554408729076385,0.401070237159729,6.515198947454337e-06,0.9973628520965576,-0.0013218075037002563,0.0,-15.088432312011719,288000
884.4160766601562,611.4135131835938,614.4902954101562,284.28485107421875,-613.5668334960938,-610.540283203125,-6.253108501434326,3.226573944091797,0.06322866678237915,0.1254633516073227,0.397083580493927,0.003030212828889489,0.9865177869796753,-0.009149299934506416,-0.010845509357750416,-13.817892074584961,289000
47.60372543334961,611.5633544921875,612.6178588867188,469.6640625,-614.0660400390625,-610.851806640625,-6.672866344451904,3.458627939224243,0.0581393800675869,0.0007547173299826682,0.40299323201179504,0.005222200881689787,0.9857383966445923,-0.012030994519591331,-0.003820673329755664,-14.657086372375488,290000
7.599361896514893,613.2664794921875,615.1939086914062,607.815673828125,-615.545166015625,-612.2916259765625,-6.7416911125183105,3.4881632328033447,0.054775528609752655,-0.1250946819782257,0.397630512714386,0.00020708471129182726,0.9955401420593262,-0.0022440103348344564,-0.0010287894401699305,-14.713327407836914,291000
5.764522552490234,614.1453857421875,615.5006713867188,611.4827270507812,-616.915283203125,-613.5107421875,-6.856514930725098,3.4519805908203125,0.05447203293442726,-0.1398574262857437,0.39625266194343567,5.362066985981073e-06,0.9974918961524963,-0.0012567117810249329,0.0,-15.110610961914062,292000
729.1338500976562,613.6033325195312,616.8989868164062,39.28778076171875,-615.3378295898438,-611.9505615234375,-6.5341901779174805,3.146916627883911,0.0638454258441925,-0.1577032506465912,0.39054033160209656,0.0011251149699091911,0.9920533299446106,-0.006743291858583689,-0.007876602932810783,-14.526515007019043,293000
6.844744682312012,615.800048828125,617.9933471679688,611.2616577148438,-618.2965087890625,-614.98046875,-6.520385265350342,3.204360246658325,0.05485549941658974,0.10015152394771576,0.3934735655784607,3.702472531585954e-05,0.997714102268219,-0.0011448784498497844,-0.00036396898212842643,-14.291000366210938,294000
188.1841278076172,615.8948364257812,618.3198852539062,285.5996398925781,-618.7164916992188,-615.5601196289062,-6.476700305938721,3.320322036743164,0.059022076427936554,0.014356979168951511,0.39473164081573486,0.0007157365325838327,0.9917649030685425,-0.006737586110830307,-0.007383294869214296,-14.3703031539917,295000
6.3106889724731445,616.9065551757812,618.8689575195312,612.2417602539062,-619.3659057617188,-616.0985107421875,-6.649131774902344,3.381690740585327,0.060016728937625885,-0.06044348329305649,0.39202937483787537,0.00046874245163053274,0.9887864589691162,-0.008087164722383022,-0.004112564958631992,-14.79838752746582,296000
420.814697265625,616.654296875,619.7421875,378.81207275390625,-618.6033935546875,-615.7276000976562,-6.296701908111572,3.420879602432251,0.059757135808467865,0.09568233042955399,0.39390119910240173,0.0003815824165940285,0.9875390529632568,-0.008101513609290123,-0.006565782241523266,-14.28141975402832,297000
5.848710060119629,618.0927734375,620.1539306640625,609.5444946289062,-620.07373046875,-616.7486572265625,-6.645291805267334,3.3201956748962402,0.055674321949481964,0.04979357868432999,0.3909241855144501,2.5323704903712496e-05,0.996425211429596,-0.0017999124247580767,0.0,-14.658050537109375,298000
5.697465896606445,619.2845458984375,621.541259765625,614.2064208984375,-621.9656372070312,-618.5723266601562,-6.838470458984375,3.445128917694092,0.05626954883337021,-0.3614535331726074,0.39128726720809937,6.736452633049339e-05,0.9949451088905334,-0.002562460722401738,-5.448697993415408e-05,-15.078064918518066,299000
6.455328941345215,619.4243774414062,621.6981811523438,614.6763916015625,-621.6923828125,-618.4849853515625,-6.78277063369751,3.5753815174102783,0.052159763872623444,-0.11197181791067123,0.39493057131767273,3.761111292988062e-05,0.9936773777008057,-0.0031799678690731525,0.0,-15.034810066223145,300000
6.735197067260742,620.0027465820312,622.5036010742188,614.3092041015625,-622.3132934570312,-619.063720703125,-6.5837602615356445,3.334179162979126,0.05547069013118744,0.06953766196966171,0.3900773823261261,5.225315544521436e-05,0.9967262744903564,-0.001662189606577158,0.0,-14.65185546875,301000
148.66278076171875,620.124267578125,621.7462768554688,443.73309326171875,-622.6926879882812,-619.495361328125,-6.834908962249756,3.6375720500946045,0.057234592735767365,-0.3914274275302887,0.38901588320732117,0.0007233478827401996,0.9916512966156006,-0.00902328360825777,-0.008071587421000004,-15.374610900878906,302000
208.9377899169922,621.1409912109375,623.855712890625,458.0450744628906,-623.7160034179688,-620.7462768554688,-6.333727836608887,3.3640036582946777,0.05900136008858681,0.0670824646949768,0.39106422662734985,0.00033641327172517776,0.9869689345359802,-0.011555865406990051,-0.011289834976196289,-14.219390869140625,303000
13.993638038635254,621.7498168945312,623.66943359375,573.3381958007812,-624.6363525390625,-621.3433837890625,-6.179312229156494,2.886378288269043,0.06466799229383469,0.2816668450832367,0.38865697383880615,0.00030763584072701633,0.9974039793014526,-0.001302756485529244,-0.0016195845091715455,-13.790252685546875,304000
13.957027435302734,622.244384765625,624.4032592773438,564.1538696289062,-624.908447265625,-621.6699829101562,-6.594456195831299,3.3560471534729004,0.05561206117272377,-0.05407780408859253,0.3857307732105255,8.099858678178862e-05,0.9971528649330139,-0.0014273797860369086,-0.0005438913940452039,-14.688693046569824,305000
164.24513244628906,622.58544921875,624.9266967773438,339.4583435058594,-624.9482421875,-621.6943969726562,-6.480531215667725,3.2266786098480225,0.05944892391562462,0.06803078204393387,0.387486070394516,1.2933565813000314e-05,0.993509829044342,-0.003811510745435953,-0.002331716241315007,-14.574889183044434,306000
5.425219535827637,623.3287353515625,625.6788940429688,617.9735717773438,-625.62548828125,-622.4777221679688,-6.497515678405762,3.349745035171509,0.056015148758888245,-0.035941075533628464,0.38490012288093567,3.906642086803913e-05,0.9955682754516602,-0.0022351210936903954,0.0,-14.650484085083008,307000
6.377103805541992,624.3800659179688,626.86083984375,619.428466796875,-626.4860229492188,-623.3392333984375,-6.493556499481201,3.3467600345611572,0.05590851977467537,-0.0024709044955670834,0.3885796368122101,6.187908002175391e-05,0.9937698841094971,-0.0031455352436751127,0.0,-14.6824312210083,308000
34.559017181396484,624.2841796875,626.466796875,522.5575561523438,-626.493408203125,-623.309814453125,-6.465998649597168,3.2823984622955322,0.05830885469913483,0.13382980227470398,0.387554794549942,7.489313429687172e-05,0.9904080033302307,-0.005164873320609331,-0.0014587953919544816,-14.690874099731445,309000
7.762739181518555,623.6863403320312,626.3483276367188,616.3253784179688,-626.009765625,-622.8436279296875,-6.4498209953308105,3.2836854457855225,0.05525217205286026,0.05809435248374939,0.38485899567604065,0.00017014956392813474,0.9928574562072754,-0.0036527207121253014,-0.000157096772454679,-14.63970947265625,310000
10.219694137573242,622.9396362304688,625.6973876953125,558.7554321289062,-625.0792236328125,-621.8580322265625,-6.224880695343018,3.0036442279815674,0.05994952470064163,0.1349622756242752,0.38303399085998535,0.0007775924750603735,0.9959954619407654,-0.0020262442994862795,-0.0020898086950182915,-14.169326782226562,311000
10.806560516357422,623.5193481445312,626.4832763671875,552.9649047851562,-625.9654541015625,-622.7242431640625,-6.553042411804199,3.311857223510742,0.05626268684864044,0.11067106574773788,0.38210466504096985,4.16819893871434e-05,0.9965478181838989,-0.0017374737653881311,-0.0006582463392987847,-14.704566955566406,312000
13.71837043762207,623.9347534179688,626.614990234375,604.9256591796875,-626.0816040039062,-622.9208374023438,-5.9935078620910645,2.8327417373657227,0.06261395663022995,0.33044010400772095,0.38318347930908203,0.0010681025451049209,0.9961611032485962,-0.0019344909815117717,-0.003190029412508011,-13.599288940429688,313000
79.30736541748047,624.3828125,626.6599731445312,382.1380615234375,-626.9912109375,-623.976318359375,-5.82062292098999,2.8057353496551514,0.06494196504354477,0.4778464138507843,0.383556067943573,0.0004585135029628873,0.989983320236206,-0.007561168167740107,-0.008011001162230968,-13.331802368164062,314000
5.199126720428467,625.656982421875,627.3380737304688,620.3973388671875,-627.876708984375,-624.6044921875,-6.375030040740967,3.1027960777282715,0.058771077543497086,0.016210870817303658,0.3750030994415283,1.3499393389793113e-05,0.996293306350708,-0.0018600709736347198,0.0,-14.580619812011719,315000
92.86558532714844,626.0899047851562,628.870849609375,410.2281799316406,-628.515869140625,-625.6812133789062,-6.151630878448486,3.3169519901275635,0.06375009566545486,-0.20240014791488647,0.3778283894062042,0.0011671591782942414,0.9812332391738892,-0.01645507477223873,-0.015270596370100975,-14.376102447509766,316000
210.02249145507812,625.920654296875,629.14453125,297.584716796875,-627.3287353515625,-624.263671875,-6.560662746429443,3.4956283569335938,0.05939309671521187,-0.34095481038093567,0.38046181201934814,0.00011099129915237427,0.987668514251709,-0.009596370160579681,-0.007375858258455992,-15.156698226928711,317000
7.533170700073242,626.2955322265625,628.5361938476562,618.6220092773438,-628.3624877929688,-625.2185668945312,-6.345780849456787,3.2018136978149414,0.05522604659199715,0.09643102437257767,0.38138747215270996,6.448362546507269e-05,0.993298351764679,-0.0033824616111814976,0.0,-14.522199630737305,318000
198.33340454101562,624.815185546875,628.04248046875,229.9678497314453,-626.7374877929688,-623.7340087890625,-6.529724597930908,3.526271104812622,0.055114008486270905,-0.19384858012199402,0.3781847655773163,0.0005225157365202904,0.9890232086181641,-0.008446598425507545,-0.007639576680958271,-15.13790512084961,319000
169.02186584472656,624.577392578125,626.1581420898438,216.94265747070312,-626.620849609375,-623.4575805664062,-6.204351902008057,3.041102886199951,0.055715080350637436,0.01556153129786253,0.37310293316841125,0.0018573540728539228,0.9915721416473389,-0.006195520516484976,-0.0020282042678445578,-14.413488388061523,320000
922.89404296875,625.0394287109375,627.7813720703125,286.69476318359375,-627.554931640625,-624.5155639648438,-6.046664714813232,3.0073533058166504,0.06171390786767006,0.04113063961267471,0.37713685631752014,0.00019318651175126433,0.9911836385726929,-0.008504296652972698,-0.00858288537710905,-14.079351425170898,321000
5.446794509887695,625.6521606445312,627.4016723632812,620.5983276367188,-627.8775634765625,-624.7699584960938,-6.470424175262451,3.3627846240997314,0.05505388602614403,-0.1150791347026825,0.37498703598976135,5.174001125851646e-05,0.998168408870697,-0.000917777419090271,-0.0004546211566776037,-14.873931884765625,322000
769.4603881835938,626.08642578125,629.3104858398438,83.99713134765625,-627.1707763671875,-624.171875,-6.1882853507995605,3.189387559890747,0.06219715252518654,-0.19512279331684113,0.3729996979236603,0.004347548820078373,0.9927029609680176,-0.004839851520955563,-0.009153393097221851,-14.59531021118164,323000
5.377702236175537,627.81884765625,629.8012084960938,623.7921752929688,-629.9913330078125,-626.888916015625,-6.393045902252197,3.2906277179718018,0.054536860436201096,-0.0557563491165638,0.3757171034812927,5.130650970386341e-05,0.9941930174827576,-0.002928905189037323,0.0,-14.862184524536133,324000
6.520574569702148,628.5838623046875,630.8049926757812,622.9048461914062,-631.0009155273438,-627.822021484375,-6.404043674468994,3.2251698970794678,0.058359500020742416,-0.21033331751823425,0.3743351399898529,0.0010471718851476908,0.995803713798523,-0.0021082372404634953,-0.0029403099324554205,-14.849420547485352,325000
5.761672019958496,628.478271484375,630.44482421875,620.8974609375,-630.6625366210938,-627.5283203125,-6.573235988616943,3.4390065670013428,0.05476902425289154,-0.17113792896270752,0.37485140562057495,3.187134279869497e-05,0.9953193068504333,-0.0023561473935842514,0.0,-15.095132827758789,326000
385.006103515625,627.6295776367188,630.8622436523438,375.2029113769531,-629.42822265625,-626.5718383789062,-6.110565662384033,3.254225969314575,0.06262870132923126,-0.23800182342529297,0.37227973341941833,9.088032675208524e-05,0.9834073185920715,-0.017216334119439125,-0.015535827726125717,-14.502008438110352,327000
22.178497314453125,629.343017578125,631.4330444335938,540.7015380859375,-631.7694702148438,-628.6588745117188,-6.330531597137451,3.2198846340179443,0.055574387311935425,0.08739699423313141,0.37284064292907715,0.00015936004638206214,0.9974548816680908,-0.0012760863173753023,-0.0008493007044307888,-14.720821380615234,328000
266.6446228027344,629.8001098632812,632.510009765625,287.6173095703125,-631.7864379882812,-628.8836669921875,-6.266501426696777,3.3637046813964844,0.05945216119289398,-0.1075577661395073,0.3716975748538971,1.309421168116387e-05,0.9901964664459229,-0.008996334858238697,-0.0074016498401761055,-14.736688613891602,329000
65.60865020751953,631.4466552734375,633.2548828125,603.894287109375,-633.9328002929688,-630.7907104492188,-6.37178897857666,3.2296550273895264,0.05896923691034317,-0.2801457643508911,0.3660438060760498,1.3865627806808334e-05,0.9904727935791016,-0.008394637145102024,-0.0069801765494048595,-15.092382431030273,330000
199.13592529296875,632.786376953125,634.0092163085938,630.34130859375,-635.0855712890625,-631.9583740234375,-6.082629203796387,2.9554343223571777,0.058107297867536545,0.06806345283985138,0.36716872453689575,0.00011506506416480988,0.9925955533981323,-0.004001905210316181,-0.002553259953856468,-14.292743682861328,331000
1245.5538330078125,630.8099365234375,634.8422241210938,14.594975471496582,-630.8123779296875,-628.0145263671875,-6.03171443939209,3.233912944793701,0.06318990141153336,-0.09554427117109299,0.3666824996471405,0.0036800988018512726,0.9876277446746826,-0.009533037431538105,-0.011507270857691765,-14.583417892456055,332000
775.7303466796875,631.300537109375,634.1349487304688,41.695289611816406,-632.3394775390625,-629.4664306640625,-5.982805252075195,3.1097495555877686,0.05953687056899071,0.12349509447813034,0.37004372477531433,0.0018531731329858303,0.9865148067474365,-0.012213246896862984,-0.006302471738308668,-14.249202728271484,333000
7.470451831817627,633.3948364257812,635.7078247070312,626.5969848632812,-635.4227905273438,-632.3223876953125,-6.3454132080078125,3.244987726211548,0.060641322284936905,-0.16707207262516022,0.3705834746360779,0.0009764246642589569,0.992769718170166,-0.0037455977872014046,-0.004486026708036661,-15.082295417785645,334000
12.238183975219727,633.2726440429688,634.4539794921875,630.089599609375,-635.7045288085938,-632.6771240234375,-5.963940620422363,2.9365482330322266,0.058889102190732956,0.27034831047058105,0.37167903780937195,0.0010048598051071167,0.9876660108566284,-0.006603681482374668,0.0,-14.196428298950195,335000
5.825169086456299,634.239501953125,636.0084228515625,628.6251220703125,-636.4180297851562,-633.4073486328125,-6.067524433135986,3.0568249225616455,0.055977050215005875,0.018778488039970398,0.37000572681427,2.7814985514851287e-05,0.9944360852241516,-0.0028271412011235952,-0.0004853866412304342,-14.355513572692871,336000
1077.8502197265625,633.0408935546875,635.0762329101562,304.1917419433594,-635.2568359375,-632.6070556640625,-5.7224440574646,3.072700262069702,0.06552273780107498,0.09183637797832489,0.367412805557251,0.0008283593924716115,0.9834097027778625,-0.01660899631679058,-0.017385266721248627,-14.005973815917969,337000
5.73685359954834,635.54052734375,637.6849365234375,630.672119140625,-637.9049072265625,-634.7744140625,-6.239419937133789,3.1089444160461426,0.056614845991134644,-0.004743960220366716,0.365809828042984,1.0583871699054725e-05,0.9969103932380676,-0.0015507419593632221,-3.9364455005852506e-05,-14.847301483154297,338000
516.2896118164062,635.0946044921875,638.30419921875,106.40426635742188,-636.5106201171875,-633.6409301757812,-6.062683582305908,3.1929714679718018,0.058467235416173935,-0.19250884652137756,0.3643053472042084,7.916198228485882e-05,0.9891942143440247,-0.008842396549880505,-0.006989750545471907,-14.552618026733398,339000
582.3583984375,635.9498291015625,638.5043334960938,447.6311950683594,-638.46142578125,-635.589111328125,-5.833733081817627,2.9614510536193848,0.06377728283405304,-0.04965759441256523,0.3643266260623932,7.921164797153324e-05,0.987014889717102,-0.01175650954246521,-0.00922943465411663,-14.363268852233887,340000
960.1111450195312,635.5239868164062,637.346923828125,304.7079772949219,-638.0360107421875,-635.1917724609375,-6.148500919342041,3.3042871952056885,0.05923432484269142,-0.21771110594272614,0.36619722843170166,7.672718493267894e-05,0.9878265261650085,-0.01159731112420559,-0.008632679469883442,-14.825578689575195,341000
5.892934799194336,637.2799682617188,639.51953125,630.7598876953125,-639.1798706054688,-636.175537109375,-6.265902519226074,3.261580228805542,0.05575329437851906,-0.07149788737297058,0.36452752351760864,4.5398537622531876e-05,0.9941353797912598,-0.002954786643385887,0.0,-14.883138656616211,342000
11.365232467651367,638.3474731445312,640.13037109375,633.5618896484375,-640.496337890625,-637.4410400390625,-5.934626579284668,2.8793251514434814,0.06040571630001068,0.1112230122089386,0.36282557249069214,5.676868022419512e-05,0.9952326416969299,-0.0024237025063484907,-0.0012606109958142042,-14.224109649658203,343000
272.4435119628906,638.1564331054688,640.1786499023438,280.1988525390625,-639.7447509765625,-637.2157592773438,-5.541126728057861,3.0121707916259766,0.06664231419563293,0.19566042721271515,0.3651126027107239,0.002153236884623766,0.9764739274978638,-0.02497784048318863,-0.020466366782784462,-13.720314025878906,344000
5.684093952178955,639.366455078125,641.305908203125,634.275146484375,-641.4700317382812,-638.5203857421875,-5.982488632202148,3.0328073501586914,0.06202809140086174,0.20661404728889465,0.3624362051486969,0.0005254991119727492,0.9885746836662292,-0.007244941778481007,-0.0036047373432666063,-14.319245338439941,345000
6.342803955078125,639.82861328125,641.7044677734375,634.1422119140625,-642.0117797851562,-638.8358154296875,-5.998144626617432,2.8221802711486816,0.05924597382545471,0.11227882653474808,0.3600084185600281,2.548781776567921e-05,0.9960711002349854,-0.0019770727958530188,0.0,-14.471125602722168,346000
6.064955711364746,640.0765380859375,641.8521118164062,632.7865600585938,-642.3790283203125,-639.21923828125,-6.077958106994629,2.9181621074676514,0.058698248118162155,-0.013898145407438278,0.3564389944076538,5.768694609287195e-05,0.9952788352966309,-0.0023762539494782686,-0.0004377541190478951,-14.558854103088379,347000
7.452287197113037,641.3267822265625,643.3637084960938,632.5603637695312,-643.19970703125,-640.1307373046875,-6.312255859375,3.2432591915130615,0.05430099740624428,-0.2876048684120178,0.3586006164550781,2.278593456139788e-05,0.9958913326263428,-0.002063560299575329,-0.00012845118180848658,-15.19436264038086,348000
6.088487148284912,641.0509033203125,643.4349365234375,634.0950317382812,-643.155517578125,-640.008544921875,-6.099664688110352,2.9527053833007812,0.0566045306622982,-0.06982074677944183,0.3553745746612549,2.1491334337042645e-05,0.9961787462234497,-0.0019212731858715415,0.0,-14.78311538696289,349000
5.538726806640625,641.7471923828125,643.7030639648438,633.9070434570312,-643.8939208984375,-640.851318359375,-6.139650821685791,3.0970168113708496,0.05715595558285713,-0.005942894611507654,0.35751235485076904,9.921015589497983e-06,0.9973307847976685,-0.0013395503628998995,0.0,-14.703973770141602,350000
6.851424694061279,642.1875,642.618408203125,637.9415283203125,-644.86669921875,-641.7886962890625,-5.753193378448486,2.675156354904175,0.06436377763748169,0.27258628606796265,0.3502328395843506,0.0002547491458244622,0.9972375631332397,-0.0013929735869169235,-0.0014292611740529537,-13.916232109069824,351000
5.81002140045166,643.0742797851562,644.963134765625,638.4038696289062,-645.1873779296875,-642.1800537109375,-5.830002307891846,2.8227059841156006,0.05987846851348877,0.2605046331882477,0.355672150850296,0.00011801325308624655,0.9978435635566711,-0.0010811573592945933,-0.0007437245221808553,-14.057544708251953,352000
6.249605178833008,642.9556884765625,645.2935180664062,636.0712280273438,-644.9793701171875,-641.98193359375,-6.271242618560791,3.2737953662872314,0.05329621955752373,-0.169359028339386,0.3590584397315979,7.14757334208116e-05,0.9935124516487122,-0.003278885269537568,0.0,-15.226372718811035,353000
315.4687805175781,643.3291015625,646.2515258789062,128.3131866455078,-645.0690307617188,-642.2454833984375,-5.846183776855469,3.0226197242736816,0.057195089757442474,-0.054432012140750885,0.3550671339035034,0.0003551621048245579,0.9881293773651123,-0.009391309693455696,-0.007751167751848698,-14.42474365234375,354000
4.967709541320801,645.3107299804688,647.4821166992188,641.6256713867188,-647.3480834960938,-644.38134765625,-6.154993534088135,3.188230037689209,0.05664750561118126,-0.042306702584028244,0.3556564450263977,5.948772741248831e-05,0.9960419535636902,-0.0019885082729160786,-0.0005384734831750393,-15.01222038269043,355000
5.240693092346191,646.1122436523438,647.2362670898438,640.304931640625,-648.604248046875,-645.530517578125,-6.102679252624512,3.028937339782715,0.05473850667476654,-0.07718648761510849,0.3527795076370239,0.00034097337629646063,0.9955823421478271,-0.002306701149791479,-0.002019240753725171,-15.020087242126465,356000
4.580175399780273,647.2490844726562,649.2645874023438,639.294189453125,-649.4528198242188,-646.4737548828125,-5.846063613891602,2.8669915199279785,0.05615324154496193,0.06334245949983597,0.35121220350265503,2.3759746909490786e-05,0.9975695013999939,-0.0012268992140889168,0.0,-14.28840446472168,357000
7.475248336791992,647.2661743164062,649.1101684570312,631.7650146484375,-649.462890625,-646.28564453125,-6.272653579711914,3.095383405685425,0.05399702489376068,-0.22500529885292053,0.3526555597782135,1.756478741299361e-05,0.9964533448219299,-0.0017820505890995264,0.0,-15.44527816772461,358000
5.729962348937988,648.0778198242188,650.2261962890625,642.73291015625,-650.14990234375,-647.07421875,-6.081601619720459,3.0059173107147217,0.05491068214178085,-0.18003596365451813,0.35530367493629456,0.0001023954973788932,0.9953081607818604,-0.002358115976676345,-0.0005650913808494806,-15.075224876403809,359000
462.4447021484375,646.602783203125,650.2688598632812,31.304643630981445,-647.5399169921875,-644.7820434570312,-5.589898109436035,2.8320586681365967,0.062428250908851624,-0.03445613384246826,0.34779027104377747,0.008739324286580086,0.9893226623535156,-0.007819855585694313,-0.013276348821818829,-14.114372253417969,360000
915.6417236328125,644.8629760742188,648.9639892578125,80.41651916503906,-644.8621826171875,-642.1412353515625,-5.738246440887451,3.017292022705078,0.058364175260066986,-0.08138186484575272,0.34738612174987793,0.0019009297247976065,0.9906008243560791,-0.006729780696332455,-0.009508811868727207,-14.428318977355957,361000
4.883838653564453,647.8612060546875,649.6510009765625,644.4915161132812,-649.9285278320312,-647.0,-6.239980220794678,3.3114898204803467,0.05501611530780792,-0.32652387022972107,0.35165634751319885,5.305207014316693e-05,0.9937300086021423,-0.003197895362973213,-0.0003074039414059371,-15.431989669799805,362000
7.393479347229004,647.21240234375,650.0133666992188,640.1507568359375,-649.008056640625,-646.0972290039062,-6.006540298461914,3.0957062244415283,0.057220976799726486,-0.06648953258991241,0.35061126947402954,5.0971677410416305e-05,0.9934662580490112,-0.0032921121455729008,0.0,-14.938289642333984,363000
7.933382034301758,647.8668823242188,650.104248046875,632.926513671875,-649.8819580078125,-646.8975219726562,-5.8457932472229,2.8613369464874268,0.05751783400774002,-0.015634039416909218,0.34880825877189636,0.00024023537116590887,0.9967409372329712,-0.0016348299104720354,-0.0009608363616280258,-14.48098373413086,364000
7.071866035461426,645.7011108398438,648.4130859375,634.193115234375,-647.3530883789062,-644.3975830078125,-5.849972724914551,2.894479274749756,0.05679420754313469,0.08941245824098587,0.3503909707069397,9.170775228994898e-06,0.9967116117477417,-0.0016487592365592718,0.0,-14.480301856994629,365000
6.740229606628418,645.8790283203125,648.2755737304688,637.3772583007812,-647.5427856445312,-644.6430053710938,-5.849494457244873,2.9497272968292236,0.05867103114724159,0.09837915003299713,0.3503117263317108,2.4159780878107995e-05,0.9958377480506897,-0.0020930939354002476,0.0,-14.506402969360352,366000
172.15618896484375,644.2291259765625,647.731689453125,401.48370361328125,-645.9095458984375,-643.1329345703125,-5.500820636749268,2.724198579788208,0.0631040707230568,0.27315375208854675,0.3488996624946594,0.0022103963419795036,0.9887204766273499,-0.008371791802346706,-0.007584201171994209,-13.934144020080566,367000
743.51513671875,643.511962890625,647.0997924804688,18.11989402770996,-644.7454223632812,-641.905029296875,-5.766368865966797,2.9259562492370605,0.0592220239341259,0.05766661465167999,0.3462793529033661,0.0010540896328166127,0.9901751279830933,-0.007199120242148638,-0.007150270044803619,-14.48785400390625,368000
5.279436111450195,644.7630615234375,646.9910888671875,634.661376953125,-647.0098876953125,-644.03662109375,-5.885552406311035,2.9123175144195557,0.05806469917297363,-0.0104253850877285,0.3437495231628418,0.00020754319848492742,0.9941465854644775,-0.0030455226078629494,-0.002129453932866454,-14.680855751037598,369000
5.934462547302246,644.87255859375,647.0242919921875,636.1253662109375,-646.7789306640625,-643.845458984375,-5.9973015785217285,3.063872814178467,0.05552124232053757,-0.041737139225006104,0.3446512818336487,5.495305231306702e-06,0.9973843097686768,-0.001310611143708229,-7.8769635365461e-06,-14.93707275390625,370000
6.443840503692627,643.658935546875,645.8326416015625,633.4922485351562,-645.3746337890625,-642.4793090820312,-5.726330280303955,2.831017017364502,0.05864438787102699,0.13100463151931763,0.3462595045566559,0.00014086588635109365,0.9965676069259644,-0.001722689252346754,-0.0009218674385920167,-14.282445907592773,371000
6.469731330871582,642.9747314453125,645.1373901367188,634.8956909179688,-645.2991333007812,-642.4085693359375,-5.758182048797607,2.8675994873046875,0.05800466611981392,0.06422717869281769,0.34571120142936707,4.9025624321075156e-05,0.9952441453933716,-0.002401999430730939,0.0,-14.328317642211914,372000
19.62512969970703,643.8580932617188,645.5502319335938,639.6339721679688,-645.8551025390625,-642.8958740234375,-5.928947448730469,2.9697532653808594,0.05434514582157135,0.019185876473784447,0.3461933434009552,2.362795203225687e-05,0.9954018592834473,-0.002309463918209076,-0.00035904429387301207,-14.797126770019531,373000
9.847871780395508,644.4566650390625,645.8800659179688,636.96337890625,-646.448974609375,-643.6078491210938,-5.929936408996582,3.088789463043213,0.05583355203270912,-0.15962940454483032,0.3462531566619873,0.0002671591646503657,0.9907673597335815,-0.0047605764120817184,-0.001064954325556755,-14.821978569030762,374000
806.9735717773438,643.5491943359375,646.6012573242188,17.20793914794922,-644.2772216796875,-641.7372436523438,-5.3799848556518555,2.840052366256714,0.0644896999001503,0.13811776041984558,0.3460939824581146,0.004297215491533279,0.9860132336616516,-0.010242607444524765,-0.014094104990363121,-13.773659706115723,375000
7.611043930053711,645.8629150390625,647.5532836914062,644.0941162109375,-647.6036987304688,-644.6796875,-5.661688804626465,2.737684488296509,0.05904601514339447,0.07395502924919128,0.3426137864589691,3.878787538269535e-05,0.9939049482345581,-0.0030667781829833984,0.0,-14.398334503173828,376000
189.00741577148438,644.669921875,648.30078125,261.02630615234375,-645.9867553710938,-643.3963623046875,-5.435713291168213,2.845353364944458,0.06157051771879196,0.08410035073757172,0.34294214844703674,0.00017261742323171347,0.9817545413970947,-0.01711054891347885,-0.014571304433047771,-14.077606201171875,377000
621.2128295898438,646.3515625,649.3156127929688,91.69347381591797,-647.5874633789062,-644.8843994140625,-5.634725570678711,2.9316296577453613,0.06022414192557335,-0.0693570077419281,0.3407106101512909,0.00038894632598385215,0.9897583723068237,-0.00865919142961502,-0.007193519733846188,-14.495641708374023,378000
34.122745513916016,646.3663940429688,648.5987548828125,558.5265502929688,-648.4395751953125,-645.68701171875,-5.507473945617676,2.7548668384552,0.06402941048145294,0.072579026222229,0.3378435969352722,0.0006596718449145555,0.9833372831344604,-0.011431160382926464,-0.010668709874153137,-14.27130126953125,379000
336.6133117675781,646.4222412109375,650.5908203125,221.9101104736328,-647.2056274414062,-644.496337890625,-5.997521877288818,3.288227081298828,0.05356122553348541,-0.4127057194709778,0.3434019982814789,0.002484438940882683,0.9877228736877441,-0.010069737210869789,-0.008043935522437096,-15.567761421203613,380000
4.699893474578857,648.2396850585938,650.2864379882812,644.168212890625,-650.5408325195312,-647.6214599609375,-5.808939456939697,2.8896026611328125,0.05843283236026764,-0.04311976581811905,0.3425990641117096,0.0001925279648276046,0.9936553835868835,-0.0031994469463825226,-0.001038055750541389,-14.86791706085205,381000
824.15087890625,646.9691162109375,650.1450805664062,86.5320816040039,-647.912841796875,-645.2935791015625,-5.558422565460205,2.9391753673553467,0.05711923539638519,-0.12341322749853134,0.3311271369457245,0.002234393497928977,0.9884791374206543,-0.010193769820034504,-0.010738412849605083,-14.414011001586914,382000
915.5162353515625,646.2362060546875,650.304443359375,33.48595428466797,-646.8369750976562,-644.215087890625,-5.355851173400879,2.733921527862549,0.06102005019783974,0.17017138004302979,0.3408365249633789,7.374244160018861e-05,0.9837788343429565,-0.013779270462691784,-0.01211870089173317,-13.990951538085938,383000
146.18370056152344,647.5374755859375,649.6723022460938,360.3633117675781,-649.0293579101562,-646.207763671875,-5.8733744621276855,3.051784038543701,0.057771604508161545,-0.25835180282592773,0.34102052450180054,0.00015391902707051486,0.9900596141815186,-0.007581957615911961,-0.004836989101022482,-15.096351623535156,384000
172.7963409423828,648.0335693359375,650.9739379882812,347.854736328125,-649.0908813476562,-646.3521728515625,-5.644005298614502,2.9052469730377197,0.06084960326552391,-0.07551398128271103,0.3376932442188263,0.0009295841446146369,0.9902635812759399,-0.008861073292791843,-0.009849057532846928,-14.660379409790039,385000
1407.8424072265625,646.453125,651.2890014648438,36.2936897277832,-646.123779296875,-643.3875732421875,-5.611611366271973,2.8754069805145264,0.05776939168572426,0.09540826827287674,0.3348787724971771,0.00036446170997805893,0.99130779504776,-0.005477071739733219,-0.00450004730373621,-14.587669372558594,386000
8.710423469543457,647.4593505859375,650.0462036132812,629.6644897460938,-649.0572509765625,-646.2611694335938,-5.690465927124023,2.894421100616455,0.056460678577423096,0.006403335370123386,0.33777713775634766,6.525760545628145e-05,0.995803713798523,-0.002106341067701578,-0.00043694605119526386,-14.576681137084961,387000
177.21397399902344,645.86474609375,648.3675537109375,548.5000610351562,-647.4649658203125,-644.7099609375,-5.602456092834473,2.847496509552002,0.058010928332805634,0.06756263226270676,0.3334708511829376,0.0004211787600070238,0.9938092827796936,-0.003370682243257761,-0.002803824609145522,-14.518308639526367,388000
9.388818740844727,644.290283203125,646.9425048828125,617.1461791992188,-645.8366088867188,-642.9829711914062,-5.572743892669678,2.7190895080566406,0.059862881898880005,0.058893341571092606,0.33509689569473267,0.000832302903290838,0.9956023693084717,-0.002251217607408762,-0.0023955530487000942,-14.369236946105957,389000
951.8411254882812,643.243896484375,646.761474609375,85.77124786376953,-643.9718627929688,-641.5948486328125,-4.972923278808594,2.5959033966064453,0.06816469132900238,0.16377048194408417,0.33271491527557373,0.0015253480523824692,0.981475830078125,-0.0166788287460804,-0.01610744558274746,-13.281451225280762,390000
5.833761692047119,645.6859130859375,647.9857788085938,640.7366943359375,-647.74755859375,-644.8867797851562,-5.792227745056152,2.931431770324707,0.05727706104516983,-0.1974421888589859,0.3342803120613098,3.389906487427652e-05,0.9953435063362122,-0.0023491750471293926,-0.00012757015065290034,-14.98155403137207,391000
5.393812656402588,646.4588623046875,648.4076538085938,635.7139282226562,-648.3546142578125,-645.4700927734375,-5.591610431671143,2.7071003913879395,0.05914746969938278,0.03202538564801216,0.33062535524368286,2.435245187371038e-05,0.9947176575660706,-0.0026980710681527853,-0.00044673969387076795,-14.561542510986328,392000
4.794816017150879,646.586181640625,648.7841796875,640.6493530273438,-648.6693115234375,-645.9232788085938,-5.622456073760986,2.876382350921631,0.057954948395490646,-0.0024408334866166115,0.3336156904697418,4.954883115715347e-05,0.9939621090888977,-0.0030683143995702267,-0.00037094633444212377,-14.600935935974121,393000
539.5017700195312,646.4981689453125,649.3759765625,387.23419189453125,-647.604736328125,-644.9227294921875,-5.457441806793213,2.775432586669922,0.06344043463468552,-0.10349217057228088,0.3285439610481262,0.002363296691328287,0.9852103590965271,-0.013455030508339405,-0.015462281182408333,-14.569238662719727,394000
12.821203231811523,647.2333984375,649.27685546875,624.9390258789062,-649.2943115234375,-646.4217529296875,-5.899532318115234,3.0269763469696045,0.05419202521443367,-0.23632484674453735,0.3352199196815491,0.00024083736934699118,0.994987964630127,-0.002614219207316637,-0.0018665556563064456,-15.335206031799316,395000
102.46089935302734,645.7840576171875,649.009033203125,483.4940185546875,-647.3668823242188,-644.7227783203125,-5.517271041870117,2.873178005218506,0.06040298193693161,-0.0983286201953888,0.33041805028915405,0.0003069097874686122,0.9899049997329712,-0.006514958571642637,-0.006795883644372225,-14.626736640930176,396000
5.804497718811035,646.3380126953125,648.3394775390625,636.1676025390625,-648.3656005859375,-645.4947509765625,-5.670670986175537,2.799834966659546,0.05985548347234726,-0.07300806045532227,0.3326825499534607,0.0003607254766393453,0.9957278370857239,-0.0021467525511980057,-0.001244878862053156,-14.825041770935059,397000
6.335990905761719,645.7919921875,648.1498413085938,633.9329223632812,-647.4530639648438,-644.7357177734375,-5.414224624633789,2.6968977451324463,0.05754959583282471,0.10567112267017365,0.3304578363895416,0.0007809392991475761,0.9949080944061279,-0.002593250945210457,-0.002264960901811719,-14.1852388381958,398000
877.948974609375,644.2772216796875,647.7733764648438,34.04489517211914,-644.424560546875,-641.9051513671875,-5.515278339385986,2.995823383331299,0.060532961040735245,-0.05828471481800079,0.3325324058532715,0.0005009607411921024,0.9843829870223999,-0.011259926483035088,-0.007688233163207769,-14.6588773727417,399000
9.197912216186523,645.5305786132812,648.03173828125,594.0314331054688,-647.1726684570312,-644.3690185546875,-5.697102069854736,2.893423318862915,0.058104511350393295,-0.07555696368217468,0.3324970602989197,0.0001417001913068816,0.9946855306625366,-0.002675300929695368,-0.0009075375273823738,-15.012618064880371,400000
750.4324340820312,644.568115234375,647.654541015625,47.475494384765625,-644.9942626953125,-642.5,-5.382118225097656,2.8878586292266846,0.062147967517375946,-0.014977006241679192,0.3290362060070038,0.005372033454477787,0.9885023832321167,-0.00842122919857502,-0.014255454763770103,-14.370428085327148,401000
2023.109130859375,642.742431640625,645.9953002929688,122.48583221435547,-644.2048950195312,-641.8405151367188,-5.245866298675537,2.88144588470459,0.06440822035074234,-0.12425854802131653,0.33247110247612,0.0020788253750652075,0.9721311926841736,-0.025382407009601593,-0.016947675496339798,-14.48017692565918,402000
4.210782051086426,646.2838134765625,648.4155883789062,641.3984985351562,-648.1067504882812,-645.3563842773438,-5.7812418937683105,3.030871868133545,0.0545416958630085,-0.22817058861255646,0.3303097188472748,3.927759098587558e-05,0.9937801361083984,-0.0031294228974729776,0.0,-15.371480941772461,403000
6.069884777069092,647.256591796875,649.8099975585938,643.1063842773438,-649.0759887695312,-646.3473510742188,-5.286223888397217,2.557548761367798,0.06039939075708389,0.20960964262485504,0.3301633298397064,2.415837298030965e-05,0.994605302810669,-0.0027109202928841114,-0.0002143357414752245,-13.967658996582031,404000
6.920876979827881,646.9762573242188,649.353759765625,635.605224609375,-648.7815551757812,-646.015380859375,-5.5993194580078125,2.83315372467041,0.056890200823545456,-0.03741876780986786,0.32840681076049805,7.218615064630285e-05,0.9936634302139282,-0.0032038609497249126,0.0,-14.729593276977539,405000
37.95207977294922,646.685791015625,648.5341186523438,542.6534423828125,-648.48486328125,-645.7886962890625,-5.427318096160889,2.731160879135132,0.05674206092953682,0.09938497096300125,0.3270396888256073,0.000725991849321872,0.9913889765739441,-0.005378025583922863,-0.0016272796783596277,-14.31015396118164,406000
16.909460067749023,646.7677612304688,649.217529296875,564.0663452148438,-648.385009765625,-645.6119995117188,-5.468627452850342,2.6956429481506348,0.0582016222178936,0.12373755127191544,0.326576828956604,0.001964472932741046,0.9903831481933594,-0.00703774206340313,-0.002698694821447134,-14.531513214111328,407000
140.952392578125,646.4334716796875,649.4010620117188,389.90777587890625,-648.3975830078125,-645.5947875976562,-5.632957935333252,2.830113410949707,0.05666655674576759,-0.11546633392572403,0.32387614250183105,0.00017973780632019043,0.991990327835083,-0.005682649556547403,-0.0050903442315757275,-15.080657958984375,408000
707.6652221679688,646.551513671875,649.8246459960938,88.73180389404297,-647.3118896484375,-644.75732421875,-5.4864726066589355,2.931887626647949,0.05860989913344383,-0.14820311963558197,0.3257947862148285,0.002781730378046632,0.9887130260467529,-0.009796591475605965,-0.010754683054983616,-14.878070831298828,409000
4.657863616943359,649.2573852539062,651.237548828125,642.74462890625,-651.081298828125,-648.359375,-5.420135021209717,2.698157787322998,0.060058094561100006,0.10419611632823944,0.3254929184913635,0.0001329514489043504,0.9899435639381409,-0.005093587562441826,0.0,-14.555641174316406,410000
601.2271728515625,648.9512939453125,652.6439208984375,59.46107864379883,-649.9425048828125,-647.3935546875,-5.238039493560791,2.6890673637390137,0.05625772476196289,0.05286136642098427,0.3247203826904297,0.0015358268283307552,0.9871265292167664,-0.010508335195481777,-0.011233888566493988,-14.269267082214355,411000
331.3814697265625,650.7153930664062,653.5758056640625,249.91856384277344,-652.1165771484375,-649.5896606445312,-5.143028259277344,2.6160664558410645,0.059658750891685486,0.20561176538467407,0.32109305262565613,0.00013865144865121692,0.9878250956535339,-0.009819326922297478,-0.006781629286706448,-13.835917472839355,412000
8.406665802001953,652.4490966796875,654.4157104492188,621.30615234375,-654.1978149414062,-651.5381469726562,-5.418533802032471,2.758823871612549,0.05805886536836624,-0.0584806427359581,0.32513120770454407,0.0004870279226452112,0.9865347146987915,-0.009404633194208145,-0.004387598484754562,-14.713334083557129,413000
4.944183349609375,653.7197265625,655.7074584960938,649.0213623046875,-655.6187133789062,-652.8780517578125,-5.504798412322998,2.764148473739624,0.05768747627735138,-0.05326899141073227,0.32334449887275696,9.161693742498755e-05,0.9934132695198059,-0.003338088281452656,0.0,-14.879515647888184,414000
1583.912109375,651.2756958007812,656.25,55.28541946411133,-651.40283203125,-649.0590209960938,-5.107941627502441,2.7641489505767822,0.0642564445734024,-0.036712951958179474,0.32249715924263,0.000675572024192661,0.9786502122879028,-0.017279569059610367,-0.016844285652041435,-14.259786605834961,415000
5.451249122619629,654.9420166015625,657.5742797851562,648.9705200195312,-656.3084106445312,-653.5939331054688,-5.5965046882629395,2.8820114135742188,0.05247009918093681,-0.06279963999986649,0.3230402171611786,3.87735381082166e-05,0.9942907094955444,-0.0028738859109580517,0.0,-15.132776260375977,416000
6.036562442779541,653.6754150390625,656.1226196289062,647.190185546875,-655.2168579101562,-652.5507202148438,-5.578004360198975,2.91186785697937,0.05242185294628143,-0.18239624798297882,0.32287880778312683,2.7892603611689992e-05,0.994511067867279,-0.002758339513093233,0.0,-15.055929183959961,417000
95.62565612792969,652.8262329101562,655.5335083007812,400.5775146484375,-653.9512329101562,-651.357177734375,-5.24688196182251,2.652859687805176,0.05914827808737755,0.1577465534210205,0.3203291893005371,0.0005473404307849705,0.9902092814445496,-0.006348930299282074,-0.002490415470674634,-14.21971321105957,418000
7.435561180114746,652.3253173828125,654.5350341796875,643.2589111328125,-653.8386840820312,-651.2125244140625,-5.447922229766846,2.8217976093292236,0.05455946549773216,0.016190165653824806,0.32122325897216797,2.6682224415708333e-05,0.9954204559326172,-0.0023030254524201155,0.0,-14.711530685424805,419000
40.80725860595703,650.4019165039062,653.25439453125,465.0374755859375,-652.3067016601562,-649.6722412109375,-5.228793144226074,2.594359874725342,0.0601603128015995,0.10567084699869156,0.3167675733566284,5.6105160183506086e-05,0.9893059730529785,-0.008320815861225128,-0.0060743712820112705,-14.215439796447754,420000
410.3327331542969,648.619384765625,651.333740234375,561.490478515625,-649.24169921875,-646.711181640625,-5.15945291519165,2.6289355754852295,0.06140007823705673,0.09079903364181519,0.3208412528038025,0.000267810100922361,0.9865090847015381,-0.010401229374110699,-0.006440191064029932,-14.302303314208984,421000
493.39239501953125,648.6011962890625,652.1170043945312,137.4911346435547,-649.2265014648438,-646.7021484375,-5.193989276885986,2.6696324348449707,0.058409642428159714,0.05749044567346573,0.3194684386253357,0.0006971064722165465,0.9856841564178467,-0.010645278729498386,-0.005483311600983143,-14.339673042297363,422000
9.509894371032715,649.1318359375,651.739013671875,631.9683227539062,-650.68701171875,-648.0751953125,-5.556490421295166,2.944709062576294,0.05629442632198334,-0.20171332359313965,0.318699449300766,0.001284547965042293,0.9931131601333618,-0.0036621850449591875,-0.004376974888145924,-15.249797821044922,423000
9.248299598693848,648.76611328125,651.2223510742188,623.6661987304688,-650.5101928710938,-647.8873901367188,-5.315030574798584,2.692196846008301,0.05732734873890877,0.046062130481004715,0.3202507793903351,7.282273145392537e-05,0.9940616488456726,-0.002997973235324025,-0.0002797241904772818,-14.577974319458008,424000
311.43084716796875,649.5089721679688,652.167236328125,329.2643737792969,-651.1874389648438,-648.9047241210938,-5.0804619789123535,2.797724723815918,0.06064126268029213,-0.06952723115682602,0.31936004757881165,0.002403944730758667,0.9831530451774597,-0.01324318628758192,-0.012164684012532234,-14.270103454589844,425000
692.637451171875,650.2247314453125,653.6419067382812,214.45021057128906,-651.3935546875,-648.821044921875,-5.217749118804932,2.6452572345733643,0.05864974483847618,0.06309104710817337,0.31967368721961975,0.000654475181363523,0.9866988658905029,-0.009592252783477306,-0.006276936270296574,-14.515664100646973,426000
7.985192775726318,652.900146484375,654.6152954101562,650.11279296875,-654.6495361328125,-651.947021484375,-5.454596996307373,2.7520930767059326,0.05479583516716957,-0.2392141968011856,0.3130439221858978,3.396059400984086e-05,0.9943710565567017,-0.0028317314572632313,-2.2076070308685303e-05,-15.008844375610352,427000
4.674136161804199,653.2674560546875,655.5641479492188,650.248046875,-655.0256958007812,-652.3775634765625,-5.126571178436279,2.4784624576568604,0.057394400238990784,0.16810032725334167,0.31890493631362915,2.3205562683870085e-05,0.9950680136680603,-0.0024759802035987377,-0.00014497812662739307,-14.065888404846191,428000
4.962940216064453,653.758056640625,656.0428466796875,649.7457885742188,-655.432373046875,-652.9555053710938,-5.045213222503662,2.568356990814209,0.05811610072851181,0.3225427269935608,0.31426432728767395,9.525631321594119e-05,0.9939721822738647,-0.003127919975668192,-0.0004965603584423661,-13.929543495178223,429000
13.028717041015625,653.432373046875,656.3668823242188,586.6893920898438,-654.0560302734375,-651.39111328125,-5.571237087249756,2.906283140182495,0.05279224365949631,-0.19022022187709808,0.3155578374862671,4.9911563110072166e-05,0.9943021535873413,-0.0028758146800100803,-0.0003181259089615196,-15.322498321533203,430000
6.344012260437012,655.4012451171875,657.6273803710938,649.4263305664062,-657.1044311523438,-654.4417724609375,-5.337066173553467,2.6743836402893066,0.05829201638698578,0.027040593326091766,0.31385746598243713,0.00020311021944507957,0.9933936595916748,-0.003353644860908389,-0.0006726072751916945,-14.743952751159668,431000
944.49072265625,656.0677490234375,659.3065795898438,233.82318115234375,-657.0425415039062,-654.55908203125,-5.322941780090332,2.839470624923706,0.05697911977767944,-0.030230166390538216,0.31483355164527893,0.0009370680199936032,0.9919100403785706,-0.0055109369568526745,-0.005848993081599474,-14.790970802307129,432000
5.338196754455566,657.8558959960938,659.6222534179688,648.7708129882812,-659.6546020507812,-657.09423828125,-4.866955280303955,2.3065907955169678,0.06030631065368652,0.23355793952941895,0.3148084580898285,3.186309550073929e-05,0.9951819181442261,-0.00242616911418736,-0.00020925716671627015,-13.500299453735352,433000
7.1854939460754395,658.1416015625,659.6461791992188,640.5578002929688,-660.1105346679688,-657.39794921875,-5.374248027801514,2.661672830581665,0.05730399116873741,-0.09972259402275085,0.3161061704158783,2.36247869906947e-05,0.995182991027832,-0.0024202768690884113,0.0,-14.81241226196289,434000
5.753848552703857,660.0963134765625,661.9649047851562,654.4632568359375,-661.8663940429688,-659.2764892578125,-4.959131240844727,2.3692269325256348,0.05823215842247009,0.2046107053756714,0.31366628408432007,8.164737664628774e-05,0.9936026334762573,-0.0032552224583923817,-0.0003018829447682947,-13.939043045043945,435000
860.1369018554688,660.2969360351562,663.358642578125,70.84477996826172,-661.0104370117188,-658.5858154296875,-5.297337055206299,2.8727636337280273,0.05581248924136162,-0.13727545738220215,0.31365951895713806,0.0003949246311094612,0.98969566822052,-0.009244523011147976,-0.008629786781966686,-14.920860290527344,436000
8.373658180236816,662.6346435546875,664.9134521484375,646.2553100585938,-663.9296264648438,-661.1878051757812,-5.458085536956787,2.7162601947784424,0.056967493146657944,-0.17270158231258392,0.3109074831008911,7.875484880059958e-05,0.9964667558670044,-0.0017764295917004347,-0.0006834854139015079,-15.2410888671875,437000
4.3822736740112305,664.0018920898438,665.6314697265625,655.1346435546875,-665.8424072265625,-663.1624755859375,-5.24142599105835,2.56150484085083,0.0560511089861393,0.00043868189095519483,0.31161555647850037,1.5156715562625322e-05,0.9972197413444519,-0.001397638232447207,0.0,-14.560647964477539,438000
7.339823246002197,665.29638671875,667.4912109375,626.7303466796875,-667.1558227539062,-664.48095703125,-5.30967378616333,2.6348235607147217,0.05632590502500534,-0.06293857097625732,0.3126666247844696,3.741054388228804e-05,0.9964640140533447,-0.0017791849095374346,-0.0007401819457300007,-14.68311595916748,439000
103.04621124267578,665.0072021484375,667.4801635742188,436.6207580566406,-666.8563842773438,-664.4003295898438,-5.231856822967529,2.775830030441284,0.057442981749773026,-0.1082107424736023,0.304021418094635,0.0001225051673827693,0.9913548827171326,-0.008145486004650593,-0.007985631935298443,-14.796896934509277,440000
189.80189514160156,666.488525390625,669.00830078125,310.63153076171875,-667.78125,-665.1936645507812,-5.2313923835754395,2.6437876224517822,0.05584200099110603,-0.10069417953491211,0.3028753697872162,0.0006589521653950214,0.9942414164543152,-0.00367382587864995,-0.004225747659802437,-14.670465469360352,441000
5.502778053283691,668.7545166015625,670.2597045898438,663.3881225585938,-670.569091796875,-667.9822998046875,-5.090659141540527,2.50382661819458,0.05618194863200188,0.10316018015146255,0.30919256806373596,1.476644683862105e-05,0.9977129697799683,-0.0011468663578853011,-0.0001857763563748449,-14.169243812561035,442000
3.9758994579315186,670.1934814453125,671.7632446289062,664.7999877929688,-672.0173950195312,-669.29931640625,-5.357515335083008,2.639446973800659,0.0587645098567009,-0.16632893681526184,0.30954161286354065,1.1924205864488613e-05,0.9970859885215759,-0.0014629324432462454,0.0,-15.047523498535156,443000
904.3372192382812,668.871337890625,672.5484619140625,35.517906188964844,-668.7704467773438,-666.4230346679688,-4.969681262969971,2.622248888015747,0.06257260590791702,0.08786165714263916,0.3108387887477875,0.0033530727960169315,0.989662766456604,-0.0067791105248034,-0.008902360685169697,-14.138381958007812,444000
1802.9254150390625,667.7994384765625,672.7841186523438,-10.849213600158691,-667.390869140625,-664.8565673828125,-5.1657328605651855,2.6314213275909424,0.05908968299627304,9.490700904279947e-05,0.31228867173194885,0.001797892153263092,0.9878630638122559,-0.007552954368293285,-0.0022218897938728333,-14.647029876708984,445000
880.9005126953125,669.8609619140625,672.4655151367188,90.36073303222656,-670.5910034179688,-668.3134765625,-5.107244968414307,2.8297014236450195,0.05597032979130745,-0.15451934933662415,0.3079509735107422,0.0013931395951658487,0.9865682125091553,-0.013916419818997383,-0.00856307428330183,-14.733438491821289,446000
5.320991516113281,670.0942993164062,672.4678344726562,658.336181640625,-671.726318359375,-669.1061401367188,-5.321022987365723,2.7008769512176514,0.054041653871536255,-0.1742611527442932,0.30004605650901794,8.611068551545031e-06,0.9974337816238403,-0.0012874018866568804,0.0,-15.021330833435059,447000
8.711729049682617,668.9962158203125,670.900146484375,649.6622314453125,-670.2547607421875,-667.7353515625,-5.151030540466309,2.631589412689209,0.05712518468499184,-0.037635598331689835,0.3055835962295532,0.00019922209321521223,0.9930388927459717,-0.004436318762600422,-0.004460995551198721,-14.499910354614258,448000
51.48976516723633,668.5996704101562,671.0718383789062,461.5111389160156,-669.8932495117188,-667.286865234375,-5.075249195098877,2.4688527584075928,0.059640541672706604,-0.04180329293012619,0.3044947385787964,0.0003236099728383124,0.9909975528717041,-0.007900670170783997,-0.0054819234646856785,-14.561250686645508,449000
1131.1004638671875,666.7238159179688,669.9154052734375,373.9585266113281,-667.4671630859375,-665.0771484375,-4.936120986938477,2.5460572242736816,0.061144519597291946,0.033762793987989426,0.3067878484725952,0.0012677465565502644,0.9923388361930847,-0.0049125817604362965,-0.0074497186578810215,-14.252355575561523,450000
980.5534057617188,664.9027099609375,668.2881469726562,252.42532348632812,-665.9976196289062,-663.671142578125,-5.062979698181152,2.7365095615386963,0.05805259570479393,-0.04483013227581978,0.30824294686317444,2.097262222378049e-05,0.9887154698371887,-0.010930039919912815,-0.008792203851044178,-14.582179069519043,451000
8.098404884338379,664.3506469726562,667.1524658203125,643.8084716796875,-665.5440673828125,-663.212646484375,-4.773735523223877,2.442293167114258,0.06113900989294052,0.198988676071167,0.30315089225769043,0.0011939825490117073,0.9914296865463257,-0.006592489313334227,-0.008489408530294895,-13.719558715820312,452000
5.845931053161621,664.76708984375,666.9103393554688,651.1785278320312,-666.3242797851562,-663.7532958984375,-5.154367923736572,2.583404064178467,0.056351374834775925,0.014900211244821548,0.2984580993652344,5.180823427508585e-05,0.997327446937561,-0.0013401005417108536,-0.00043112123967148364,-14.712017059326172,453000
6.185054779052734,663.4075927734375,665.9948120117188,653.015625,-664.73828125,-662.138671875,-5.213736057281494,2.614150047302246,0.056086037307977676,-0.08230647444725037,0.3010098934173584,0.0009423734154552221,0.9917159676551819,-0.005126436240971088,-0.0023178113624453545,-14.903970718383789,454000
312.3372497558594,663.1770629882812,665.0856323242188,585.3826293945312,-664.7490844726562,-662.3088989257812,-4.961535930633545,2.521378755569458,0.060714539140462875,0.07069747149944305,0.30413129925727844,0.0005918123642913997,0.9915907382965088,-0.005757817532867193,-0.005681052338331938,-14.2589111328125,455000
5.439932346343994,663.857177734375,666.166748046875,655.1868896484375,-665.3262329101562,-662.800537109375,-5.005483150482178,2.479816198348999,0.05744577944278717,0.10671008378267288,0.30418917536735535,1.2330412573646754e-05,0.9970998167991638,-0.0014562220312654972,0.0,-14.323939323425293,456000
14.141678810119629,664.109619140625,666.3663330078125,604.5668334960938,-665.58544921875,-663.1249389648438,-4.814899444580078,2.354365587234497,0.06002134457230568,0.3122062385082245,0.30550748109817505,0.0002463837154209614,0.9902279376983643,-0.0052361860871315,-0.00246628699824214,-13.895589828491211,457000
604.0308227539062,662.33544921875,665.3599243164062,191.12924194335938,-663.3890991210938,-661.0216674804688,-4.900010108947754,2.5326225757598877,0.05906221643090248,-0.06976573914289474,0.29966992139816284,0.00019679094839375466,0.9888941049575806,-0.00796282384544611,-0.006667238660156727,-14.451857566833496,458000
1063.862060546875,661.2935791015625,664.6182250976562,338.7947998046875,-661.8374633789062,-659.37548828125,-5.074889183044434,2.612894296646118,0.05834348499774933,-0.007375323213636875,0.30338817834854126,8.183261525118724e-05,0.9929183721542358,-0.0037729921750724316,-0.0009527250076644123,-14.477399826049805,459000
1104.0594482421875,659.6842651367188,664.437255859375,92.20111083984375,-659.2906494140625,-657.1990966796875,-4.890861511230469,2.799344062805176,0.06325551122426987,-0.2630169689655304,0.30283692479133606,0.001064705429598689,0.9768368005752563,-0.019684311002492905,-0.01626494899392128,-14.815154075622559,460000
10.646112442016602,661.70458984375,664.2141723632812,639.2887573242188,-662.8809814453125,-660.3416137695312,-5.038681507110596,2.4993293285369873,0.056551527231931686,0.15657387673854828,0.29998451471328735,4.448420077096671e-05,0.994236946105957,-0.002913661301136017,-0.0006205572281032801,-14.444063186645508,461000
8.01871395111084,660.2896728515625,663.1021728515625,630.9014892578125,-660.8833618164062,-658.317626953125,-5.220787048339844,2.6550354957580566,0.0551389679312706,-0.14122571051120758,0.3008474111557007,0.00028112781001254916,0.9948407411575317,-0.002596217207610607,-0.0014280041214078665,-15.089380264282227,462000
8.12083911895752,659.2713012695312,662.0472412109375,630.3378295898438,-660.508544921875,-658.0664672851562,-4.909669876098633,2.467616081237793,0.059591587632894516,0.093648761510849,0.30175256729125977,5.488134775077924e-05,0.9925039410591125,-0.003775686025619507,-9.405752643942833e-05,-14.174903869628906,463000
1016.587158203125,656.8715209960938,661.3889770507812,31.404987335205078,-657.3162841796875,-655.0626220703125,-4.832695007324219,2.5790669918060303,0.06339011341333389,-0.2813587486743927,0.29384616017341614,0.0003827078908216208,0.9805474877357483,-0.01690356619656086,-0.015747476369142532,-14.465456008911133,464000
9.405006408691406,657.4358520507812,660.2809448242188,622.8253784179688,-658.710693359375,-656.2318115234375,-4.955808639526367,2.476919651031494,0.05940655246376991,0.024884168058633804,0.29981616139411926,0.00013934422167949378,0.9941573143005371,-0.0030387528240680695,-0.000271491298917681,-14.28939151763916,465000
11.624353408813477,656.761962890625,659.4241333007812,622.7498779296875,-658.1423950195312,-655.6067504882812,-5.212149620056152,2.6764931678771973,0.05466599017381668,-0.05698917433619499,0.3020854890346527,2.1954117983113974e-05,0.9956254363059998,-0.0021981983445584774,0.0,-14.98359203338623,466000
734.5653076171875,655.801025390625,658.4547119140625,132.36016845703125,-656.2333984375,-653.9008178710938,-5.1610331535339355,2.828411340713501,0.052484892308712006,-0.0847640335559845,0.30208954215049744,0.0001438991166651249,0.9955481290817261,-0.00223529408685863,-0.0010882888454943895,-15.033475875854492,467000
835.916259765625,656.716064453125,659.6724853515625,15.698118209838867,-658.2844848632812,-655.872802734375,-4.978792667388916,2.567147731781006,0.06163566932082176,-0.0779309943318367,0.29868391156196594,0.00039776202174834907,0.9863846302032471,-0.010728918015956879,-0.00604444183409214,-14.655733108520508,468000
38.640785217285156,659.2923583984375,661.7876586914062,477.3355712890625,-660.2777709960938,-658.1649780273438,-4.531753063201904,2.4189627170562744,0.060257162898778915,0.22686074674129486,0.3007129728794098,0.003571446519345045,0.988784670829773,-0.008359141647815704,-0.009728644974529743,-13.305094718933105,469000
5.533581256866455,661.3697509765625,663.3793334960938,657.3685913085938,-663.0516967773438,-660.573486328125,-5.100805759429932,2.6226091384887695,0.05602544918656349,0.07995500415563583,0.2986275553703308,5.232680996414274e-05,0.995797872543335,-0.0021134221460670233,-0.00033663175418041646,-14.796923637390137,470000
450.2144470214844,661.8807373046875,665.3071899414062,185.7786407470703,-663.368408203125,-661.4327392578125,-4.448068141937256,2.5123796463012695,0.06506076455116272,0.08864222466945648,0.2946837842464447,0.001186794019304216,0.9749166369438171,-0.023353874683380127,-0.022700756788253784,-13.770938873291016,471000
4.58978271484375,665.8970947265625,668.1762084960938,653.1314086914062,-667.2636108398438,-664.7589111328125,-5.25240421295166,2.7477054595947266,0.054999940097332,-0.1599615514278412,0.29559096693992615,3.0271290597738698e-05,0.9963215589523315,-0.0018552213441580534,-5.6891480198828503e-05,-15.372550010681152,472000
6.154260158538818,666.173095703125,668.110107421875,655.5115966796875,-667.6448974609375,-665.1861572265625,-4.946700096130371,2.4879913330078125,0.05705387145280838,0.0003094431303907186,0.29503175616264343,0.00011571474897209555,0.9974511861801147,-0.0012773434864357114,-0.0006578000029549003,-14.502155303955078,473000
4.532721519470215,667.872802734375,670.0848999023438,660.4578247070312,-669.619873046875,-667.166015625,-5.110100269317627,2.6562767028808594,0.05475485697388649,-0.12244037538766861,0.29615363478660583,7.333420217037201e-05,0.9921633005142212,-0.0039785997942090034,-0.00027633621357381344,-14.970108032226562,474000
4.619894981384277,669.7532958984375,671.5682373046875,662.2464599609375,-671.5000610351562,-668.8919677734375,-5.06978702545166,2.4616432189941406,0.05530466511845589,-0.006434986367821693,0.29444241523742676,2.196639616158791e-05,0.9962331056594849,-0.0018943488830700517,0.0,-14.842819213867188,475000
1773.76611328125,668.8736572265625,672.5050048828125,59.629913330078125,-670.3182373046875,-668.2449340820312,-4.697017669677734,2.623713254928589,0.06343585252761841,-0.2036459892988205,0.2936498522758484,0.007520916406065226,0.9843841195106506,-0.01355893537402153,-0.02139142155647278,-14.478939056396484,476000
578.6435546875,672.7459716796875,675.1016845703125,358.6742858886719,-674.3615112304688,-672.24609375,-4.794279098510742,2.6788480281829834,0.06271693110466003,-0.23831848800182343,0.2959113121032715,0.0011633997783064842,0.9789661169052124,-0.0219042357057333,-0.016279369592666626,-14.959197998046875,477000
3.762756824493408,675.5901489257812,676.9385986328125,665.9510498046875,-677.2307739257812,-674.8895263671875,-5.078392028808594,2.737124443054199,0.05066273361444473,-0.08745861053466797,0.29447782039642334,0.00043014303082600236,0.9911930561065674,-0.00457561993971467,-0.0005081884446553886,-14.935656547546387,478000
5.755924224853516,677.874755859375,680.43505859375,673.9752197265625,-679.18896484375,-676.65673828125,-4.894629955291748,2.362421751022339,0.05899965018033981,0.04581601917743683,0.2958536148071289,0.00021648581605404615,0.9935541152954102,-0.003325033001601696,0.0,-14.57972240447998,479000
316.92608642578125,678.5245971679688,680.217529296875,157.43223571777344,-681.027587890625,-678.71728515625,-4.907632350921631,2.597334623336792,0.057750433683395386,-0.15290188789367676,0.2936801314353943,9.48519809753634e-05,0.9889727830886841,-0.01087057776749134,-0.0092843696475029,-14.828680992126465,480000
4.854885101318359,681.3096923828125,682.95263671875,670.4676513671875,-682.88525390625,-680.520263671875,-4.7314276695251465,2.366445302963257,0.060714785009622574,0.09591156989336014,0.2924243211746216,0.00014763700892217457,0.9892046451568604,-0.00981778372079134,-0.007078187074512243,-14.32553482055664,481000
4.87961483001709,683.4022216796875,685.3035888671875,671.7293701171875,-685.1593017578125,-682.7158813476562,-4.978622913360596,2.5352396965026855,0.05680258199572563,-0.0796213448047638,0.2927641272544861,0.0007041919743642211,0.9941515922546387,-0.0030380398966372013,-0.0036791223101317883,-14.708359718322754,482000
5.049367904663086,684.136474609375,686.3552856445312,679.2195434570312,-685.6355590820312,-683.2650756835938,-4.750234603881836,2.3797450065612793,0.06140081211924553,0.0688108280301094,0.29121747612953186,0.00017152824148070067,0.9963392019271851,-0.001845341525040567,-0.0011824723333120346,-13.943975448608398,483000
907.5469360351562,683.3040771484375,686.2783203125,58.705413818359375,-683.4549560546875,-681.1630249023438,-4.651615619659424,2.3596866130828857,0.061607979238033295,0.13770925998687744,0.2908059060573578,0.001839492586441338,0.9928135275840759,-0.004262956324964762,-0.005565199535340071,-13.856048583984375,484000
5.058422088623047,684.6455078125,686.013916015625,681.4153442382812,-686.354736328125,-683.9625244140625,-4.907827854156494,2.5156025886535645,0.05767447128891945,0.041343867778778076,0.28741952776908875,1.4696589460072573e-05,0.996614933013916,-0.0016998160863295197,0.0,-14.396839141845703,485000
380.8255615234375,683.6254272460938,687.0284423828125,188.17034912109375,-684.6613159179688,-682.378662109375,-4.748306751251221,2.4656319618225098,0.060333870351314545,-0.02018820494413376,0.2927357852458954,0.0007544773397967219,0.9905233979225159,-0.008915869519114494,-0.009208749048411846,-14.283470153808594,486000
6.348844528198242,684.6181640625,687.2516479492188,674.607666015625,-686.076171875,-683.7171630859375,-4.66607666015625,2.3070497512817383,0.06136872619390488,0.015867970883846283,0.2840988039970398,0.000733030668925494,0.9903040528297424,-0.006737737916409969,-0.006416543386876583,-14.25559139251709,487000
4.638646125793457,686.1395263671875,686.9537963867188,681.5380249023438,-688.0989990234375,-685.763916015625,-5.038559913635254,2.7035062313079834,0.05356082692742348,-0.23014700412750244,0.28585729002952576,0.0007064754026941955,0.9937071800231934,-0.0038643721491098404,-0.004281350411474705,-15.239175796508789,488000
5.1129045486450195,687.50634765625,689.4262084960938,683.27392578125,-688.9398803710938,-686.4503173828125,-4.751081943511963,2.261530637741089,0.05783604457974434,0.17594897747039795,0.2896530032157898,1.6501802747370675e-05,0.996361255645752,-0.0018275573384016752,0.0,-14.168651580810547,489000
5.001424789428711,688.265625,689.7423095703125,682.4158325195312,-689.7344970703125,-687.3187255859375,-4.740804672241211,2.325002431869507,0.05589580163359642,0.15431098639965057,0.2780763506889343,1.1757167158066295e-05,0.9973186254501343,-0.0013465293450281024,0.0,-14.127464294433594,490000
4.278815269470215,689.4576416015625,690.6388549804688,683.6076049804688,-691.46923828125,-688.90869140625,-4.966428756713867,2.4058749675750732,0.06022341176867485,-0.06538096070289612,0.28901273012161255,6.958656285860343e-06,0.9975121021270752,-0.0012473936658352613,0.0,-14.823819160461426,491000
4.541686058044434,690.6046142578125,692.4734497070312,686.480712890625,-691.9989624023438,-689.622802734375,-4.835859298706055,2.4597127437591553,0.05370769277215004,0.04340801015496254,0.28863242268562317,1.4524051948683336e-05,0.9973292350769043,-0.0013386353384703398,-0.00018725344853010029,-14.482521057128906,492000
4.418231964111328,691.5753784179688,692.8154296875,688.5843505859375,-693.2490844726562,-690.8765869140625,-4.801787376403809,2.4292516708374023,0.05700968950986862,0.08041704446077347,0.28734034299850464,2.9406117391772568e-05,0.9968607425689697,-0.0015785777941346169,-0.0002142044686479494,-14.435359001159668,493000
4.3020524978637695,692.2796020507812,694.230224609375,688.4666748046875,-693.841552734375,-691.4266967773438,-4.563194751739502,2.1483190059661865,0.059538815170526505,0.21705856919288635,0.28467676043510437,9.085776582651306e-06,0.996979296207428,-0.0015148809179663658,0.0,-13.626766204833984,494000
929.417236328125,690.839111328125,694.4119262695312,56.55756759643555,-691.3500366210938,-689.107177734375,-4.7474188804626465,2.504560947418213,0.05940559506416321,-0.20218046009540558,0.28264278173446655,0.0004132770118303597,0.9896106719970703,-0.010268079116940498,-0.011160533875226974,-14.53853702545166,495000
5.561896800994873,693.0064086914062,695.0189208984375,687.9015502929688,-694.3497924804688,-692.0371704101562,-4.6956915855407715,2.3830764293670654,0.05920954421162605,0.07203219830989838,0.2806801497936249,5.207612048252486e-05,0.9963994026184082,-0.001805980340577662,-0.0004447879327926785,-14.246318817138672,496000
93.30596923828125,693.05859375,695.8903198242188,461.4003601074219,-694.737548828125,-692.5242919921875,-4.649348258972168,2.4360768795013428,0.05716826766729355,0.0370129756629467,0.28507235646247864,0.001560446573421359,0.9903117418289185,-0.008271908387541771,-0.004150447901338339,-14.314002990722656,497000
5.683016777038574,693.396240234375,695.929443359375,690.37744140625,-694.8009643554688,-692.3594970703125,-4.967729091644287,2.5262749195098877,0.054833363741636276,-0.11531484127044678,0.28413912653923035,4.130683464609319e-06,0.9980209469795227,-0.000991584500297904,0.0,-14.984325408935547,498000
1149.37744140625,691.362548828125,695.0438842773438,32.327842712402344,-690.9055786132812,-688.7402954101562,-4.56389045715332,2.398591995239258,0.060172177851200104,0.06672537326812744,0.27961018681526184,0.005784559994935989,0.9871404767036438,-0.01119959820061922,-0.008577393367886543,-14.120040893554688,499000
4.788637161254883,692.7991943359375,694.6954345703125,685.8701171875,-694.224853515625,-691.8612060546875,-4.9321489334106445,2.5684759616851807,0.05292410030961037,-0.11554743349552155,0.2836771309375763,1.215859992953483e-05,0.9968124628067017,-0.001599811133928597,0.0,-14.908226013183594,500000
