critic/q_loss,critic/q_mean,critic/q_max,critic/q_min,actor/total_loss,actor/q_loss,actor/bc_loss,actor/entropy_loss,actor/mse,beta/beta_loss,beta/beta,encoder/encoder_loss,encoder/dot_mean,encoder/log_dot_mean,encoder/kl_target_mean,encoder/nll_raw_mean,step
452.5390625,-0.01119971927255392,0.09357224404811859,-0.108396515250206,-1.5354366302490234,-0.16842180490493774,9.694526672363281,-11.061541557312012,0.37805336713790894,19.372241973876953,0.9997000694274902,0.1856245994567871,0.9657903909683228,-0.017324844375252724,-0.4479166269302368,8.958333015441895,0
21.600967407226562,59.56735610961914,59.56771469116211,59.56290817260742,-65.49510955810547,-59.59141540527344,-8.698951721191406,2.795260429382324,0.08318920433521271,3.9460415840148926,0.7989137768745422,0.0007539761136285961,0.999909520149231,-4.526702832663432e-05,-0.0026800334453582764,-8.798584938049316,1000
9.17650318145752,86.88702392578125,86.90692901611328,86.86711120605469,-93.91454315185547,-86.95124816894531,-11.284991264343262,4.321691989898682,0.06709282100200653,1.4757763147354126,0.695688009262085,2.461048643453978e-05,0.9999745488166809,-1.2740183592541143e-05,-0.0003101355105172843,-11.618828773498535,2000
11.46861457824707,108.38133239746094,108.38357543945312,108.3797607421875,-115.78865814208984,-108.3805923461914,-12.809627532958984,5.401561260223389,0.05872826650738716,-0.15290991961956024,0.6466256976127625,1.9343422696938006e-10,0.9999820590019226,-8.9659388322616e-06,0.0,-13.120895385742188,3000
12.995645523071289,126.73271179199219,126.73300170898438,126.73234558105469,-133.90162658691406,-126.68153381347656,-12.778204917907715,5.558108806610107,0.060041092336177826,0.25746282935142517,0.6392556428909302,0.008426358923316002,0.9999827146530151,-8.628812793176621e-06,-0.00605020159855485,-12.888548851013184,4000
8.695199012756348,143.04287719726562,143.05003356933594,143.03575134277344,-150.6035614013672,-143.09642028808594,-13.363791465759277,5.856637477874756,0.05945710465312004,0.11948355287313461,0.6570842266082764,0.00044314592378214,0.9999812841415405,-9.390654668095522e-06,-0.0019634899217635393,-13.645439147949219,5000
8.625808715820312,158.33563232421875,158.34922790527344,158.3220672607422,-165.8514404296875,-158.29989624023438,-13.479578018188477,5.928040027618408,0.060764916241168976,-0.2741633951663971,0.673958420753479,1.1587340809082747e-10,0.9999850392341614,-7.500464107579319e-06,0.0,-13.995201110839844,6000
11.244905471801758,172.06240844726562,172.06454467773438,172.06024169921875,-179.53062438964844,-172.08749389648438,-13.056742668151855,5.613621234893799,0.05748731270432472,0.024049585685133934,0.6897034645080566,0.00020276522263884544,0.9999817609786987,-9.112176485359669e-06,-0.0008903552079573274,-13.644880294799805,7000
9.194751739501953,184.83297729492188,184.83409118652344,184.8318634033203,-192.36557006835938,-184.80337524414062,-13.797527313232422,6.235340118408203,0.055629000067710876,-0.3519725203514099,0.6930846571922302,2.1366215741114303e-10,0.9999823570251465,-8.831606464809738e-06,0.0,-14.471864700317383,8000
12.885797500610352,196.81558227539062,196.8158416748047,196.8153076171875,-203.97389221191406,-196.76576232910156,-13.496256828308105,6.2881364822387695,0.060500845313072205,-0.09330489486455917,0.6985496282577515,0.0005290694534778595,0.9999803304672241,-9.848850822891109e-06,-0.002520329086109996,-14.08573055267334,9000
13.601551055908203,207.95339965820312,207.95399475097656,207.95278930664062,-215.528076171875,-207.9596405029297,-13.585287094116211,6.016849517822266,0.05801061913371086,-0.35012906789779663,0.7059846520423889,0.00038885721005499363,0.9999814033508301,-9.299820703745354e-06,-0.001313965767621994,-14.316987037658691,10000
12.778045654296875,218.75450134277344,218.75477600097656,218.7542266845703,-225.920654296875,-218.6436767578125,-13.198781967163086,5.921800136566162,0.059323396533727646,0.2540646493434906,0.7134478688240051,0.0002219057350885123,0.9999783635139465,-1.0809309969772585e-05,-0.0016383144538849592,-13.740921020507812,11000
10.820781707763672,228.71214294433594,228.71258544921875,228.71170043945312,-235.83729553222656,-228.7158203125,-12.69799518585205,5.576526641845703,0.06285655498504639,0.16810926795005798,0.7070635557174683,1.6614998230579658e-06,0.9999789595603943,-1.0509897947486024e-05,-8.064066059887409e-05,-13.433557510375977,12000
225.06106567382812,237.28988647460938,237.29019165039062,237.2895965576172,-244.421142578125,-237.22694396972656,-13.424242973327637,6.230047225952148,0.0579511895775795,-0.08536278456449509,0.7156342267990112,3.184308297932148e-05,0.9999801516532898,-9.936860806192271e-06,-0.0004987199790775776,-14.220293998718262,13000
11.562826156616211,245.96664428710938,245.96685791015625,245.96641540527344,-253.53929138183594,-245.92140197753906,-13.792417526245117,6.174520969390869,0.05594624578952789,-0.1383790373802185,0.7195295095443726,7.121732323867036e-06,0.9999638199806213,-1.8083321265294217e-05,-0.00021651727729476988,-14.682478904724121,14000
253.26406860351562,253.79782104492188,253.7978515625,253.7978057861328,-260.89752197265625,-253.77627563476562,-13.495325088500977,6.374075889587402,0.05824804678559303,0.10299656540155411,0.7238856554031372,0.00016404854250140488,0.9999444484710693,-2.776849396468606e-05,-0.0008011460304260254,-14.308101654052734,15000
14.147793769836426,261.3250732421875,261.3251037597656,261.3250732421875,-268.34613037109375,-261.3202819824219,-13.41058349609375,6.384739398956299,0.05771319940686226,0.04863189160823822,0.7269735336303711,9.989129466703162e-05,0.9998652338981628,-6.738359661540017e-05,-0.0006246917764656246,-14.206634521484375,16000
12.032588958740234,268.97357177734375,268.973876953125,268.9732971191406,-275.99127197265625,-269.00445556640625,-12.763629913330078,5.776835918426514,0.059066206216812134,0.3714737594127655,0.719207763671875,0.000503750576172024,0.9996315240859985,-0.0001843647041823715,-0.0014173331437632442,-13.756064414978027,17000
14.388899803161621,275.21044921875,275.2105712890625,275.2103271484375,-282.4641418457031,-275.3186950683594,-12.130362510681152,4.984928131103516,0.06414257735013962,0.5728408098220825,0.7223921418190002,5.2697319915750995e-05,0.9994727373123169,-0.00026383157819509506,-0.0006302849506027997,-13.302772521972656,18000
309.89276123046875,282.08917236328125,282.09014892578125,282.08819580078125,-289.10577392578125,-282.0643310546875,-13.04201889038086,6.000592231750488,0.05935892090201378,0.14209820330142975,0.7294009923934937,0.00031544611556455493,0.9988566637039185,-0.000572368036955595,-0.0016144388355314732,-13.991954803466797,19000
13.617574691772461,288.122314453125,288.16082763671875,288.0838928222656,-295.06036376953125,-288.14093017578125,-13.120391845703125,6.200971603393555,0.05616536736488342,-0.039414405822753906,0.7249490022659302,0.00017231376841664314,0.9986190795898438,-0.0006915918784216046,-0.0008588979835622013,-14.402850151062012,20000
13.415351867675781,293.8182373046875,293.81829833984375,293.8182373046875,-300.58831787109375,-293.83660888671875,-13.065530776977539,6.3138203620910645,0.056726425886154175,0.2489016205072403,0.7300158739089966,0.00029268645448610187,0.9978034496307373,-0.0011026463471353054,-0.0012679314240813255,-14.287761688232422,21000
12.392892837524414,297.490478515625,297.5015563964844,297.47882080078125,-304.33209228515625,-297.4443054199219,-13.013076782226562,6.12529182434082,0.05774322524666786,-0.15740659832954407,0.7232150435447693,3.4839173167711124e-05,0.9988486170768738,-0.0005764192901551723,-0.00036812303005717695,-14.212068557739258,22000
14.386566162109375,302.4776611328125,302.4868469238281,302.4692077636719,-309.4303894042969,-302.49810791015625,-12.63051700592041,5.698249816894531,0.06075509265065193,0.16134299337863922,0.7323217988014221,6.694533112749923e-06,0.9982679486274719,-0.0008693612762726843,0.0,-14.045570373535156,23000
16.736976623535156,307.44342041015625,307.53387451171875,307.3526611328125,-314.363525390625,-307.36370849609375,-13.260594367980957,6.2607855796813965,0.05455436557531357,-0.36136394739151,0.7337604761123657,2.4247509600172634e-07,0.9995260238647461,-0.00023710759705863893,0.0,-14.67702865600586,24000
11.151969909667969,312.13311767578125,312.1667785644531,312.099365234375,-318.9822692871094,-312.12457275390625,-12.607090950012207,5.749383926391602,0.06038011610507965,0.1071152314543724,0.7279555797576904,0.0020463692490011454,0.9996761679649353,-0.00016254201182164252,-0.0028354476671665907,-13.953998565673828,25000
15.077947616577148,316.24530029296875,316.2563171386719,316.2343444824219,-322.9211120605469,-316.2294006347656,-13.337014198303223,6.645282745361328,0.054424550384283066,-0.26883959770202637,0.7267813086509705,4.173948400421068e-05,0.9977214932441711,-0.0011596630793064833,0.0,-14.575020790100098,26000
14.312946319580078,320.8383483886719,320.8389892578125,320.8346252441406,-327.51251220703125,-320.8310546875,-12.87281608581543,6.191349983215332,0.057762835174798965,0.3040349781513214,0.7306391000747681,1.2228765626787208e-06,0.999269962310791,-0.0003656156186480075,0.0,-14.141213417053223,27000
13.239648818969727,325.1766357421875,325.1851806640625,325.14825439453125,-331.7713317871094,-325.146728515625,-12.37913703918457,5.7545552253723145,0.058820292353630066,0.38960444927215576,0.7247812151908875,3.3406120110157644e-06,0.999503493309021,-0.00024841769482009113,-0.00012620093184523284,-13.899120330810547,28000
13.979938507080078,327.41571044921875,328.8495178222656,324.203857421875,-333.2250671386719,-326.619384765625,-12.897397994995117,6.29172945022583,0.056883905082941055,-0.12207212299108505,0.7221333384513855,1.2210496606712695e-05,0.9988488554954529,-0.0005773903685621917,-0.00020573462825268507,-14.40261459350586,29000
15.56941032409668,327.6337890625,330.23931884765625,318.53143310546875,-333.0953063964844,-326.5153503417969,-12.466805458068848,5.886847972869873,0.06087539345026016,0.30815136432647705,0.7252398729324341,0.00011620044097071514,0.9973660707473755,-0.0013212806079536676,-0.0009020619327202439,-14.165704727172852,30000
21.852750778198242,327.51336669921875,330.6304016113281,301.7618713378906,-332.91162109375,-326.19671630859375,-13.173748970031738,6.45882511138916,0.05548287183046341,-0.17935200035572052,0.7178102731704712,6.302254769252613e-05,0.9978135228157043,-0.0010963428067043424,-0.0004872799327131361,-15.004096984863281,31000
17.929100036621094,327.583984375,330.53131103515625,285.3008728027344,-333.1361389160156,-326.6416931152344,-12.609060287475586,6.11462926864624,0.057863105088472366,0.09551172703504562,0.7176287770271301,0.0019513965817168355,0.9982351064682007,-0.0009093453991226852,-0.0032255800906568766,-14.242401123046875,32000
364.1505432128906,328.892822265625,332.1878662109375,266.69671630859375,-333.9697265625,-327.6722106933594,-11.85351276397705,5.555984973907471,0.06036984175443649,0.7233090400695801,0.719780683517456,0.0010461809579283,0.9990118741989136,-0.0004946654080413282,-0.0020208193454891443,-13.480554580688477,33000
15.377893447875977,330.5023193359375,331.27154541015625,322.0057373046875,-336.8131408691406,-330.2105712890625,-12.776019096374512,6.173452854156494,0.0568234920501709,-0.29589372873306274,0.7132160663604736,3.701641253428534e-05,0.9990730285644531,-0.0004640574334189296,-0.00041412419523112476,-14.81466293334961,34000
55.00696563720703,332.7145080566406,335.9818420410156,218.63995361328125,-337.8272705078125,-331.3685302734375,-12.212491035461426,5.75376033782959,0.0619119331240654,0.34455227851867676,0.7141320109367371,9.891784884530352e-07,0.9992035627365112,-0.0003987161908298731,0.0,-14.106149673461914,35000
22.851139068603516,331.9622802734375,335.35601806640625,323.1041259765625,-336.859130859375,-330.62579345703125,-12.182313919067383,5.948960781097412,0.05871947109699249,0.12582577764987946,0.710511326789856,6.207590104168048e-07,0.9993686676025391,-0.0003159928892273456,0.0,-14.239008903503418,36000
18.514747619628906,332.4224853515625,334.7957458496094,287.6888732910156,-338.0768737792969,-331.5637512207031,-12.57427978515625,6.061154842376709,0.05718400329351425,0.0635145902633667,0.7107951045036316,0.0003383492003194988,0.998298168182373,-0.0008543226285837591,-0.0011898730881512165,-14.582435607910156,37000
92.21717834472656,333.03265380859375,335.56219482421875,314.2588806152344,-337.9264221191406,-331.5567321777344,-12.45952033996582,6.089848041534424,0.05617104843258858,-0.0886174887418747,0.7067201733589172,0.00020750696421600878,0.9929665327072144,-0.0038320673629641533,-0.0013691895874217153,-14.677994728088379,38000
106.31214141845703,333.59576416015625,336.94744873046875,171.34376525878906,-338.0202941894531,-331.8329162597656,-12.229840278625488,6.0424394607543945,0.05898450314998627,0.07360736280679703,0.715376079082489,0.00010020157787948847,0.9965558052062988,-0.0017451902385801077,-0.0011032805778086185,-14.102279663085938,39000
65.77703857421875,334.2398681640625,336.6343688964844,154.06649780273438,-339.3336486816406,-333.0218200683594,-11.92473030090332,5.612900733947754,0.06005624309182167,0.1837436556816101,0.7066054344177246,7.581358659081161e-05,0.9978820085525513,-0.0010633443016558886,-0.0005405863048508763,-13.950525283813477,40000
9.872872352600098,336.56524658203125,339.0674743652344,330.49212646484375,-341.80908203125,-335.50726318359375,-12.252043724060059,5.950222969055176,0.05421687290072441,-0.19796538352966309,0.7107579112052917,3.294723137514666e-05,0.9992477893829346,-0.0003766319714486599,-0.0003533373528625816,-14.648040771484375,41000
18.103506088256836,334.4376220703125,337.5694885253906,315.08026123046875,-339.162109375,-332.853759765625,-12.804427146911621,6.496064186096191,0.05360599234700203,-0.34799012541770935,0.7090938687324524,1.6116838423840818e-06,0.9991356134414673,-0.00043301767436787486,0.0,-15.01258373260498,42000
14.09077262878418,335.3729248046875,337.70751953125,327.6976623535156,-340.6089782714844,-334.3905029296875,-12.325883865356445,6.107419013977051,0.05666496977210045,0.040855325758457184,0.7057055234909058,1.952241473190952e-05,0.9982209801673889,-0.0008991360082291067,0.0,-14.575313568115234,43000
11.889196395874023,335.5408020019531,338.81494140625,328.40789794921875,-341.06201171875,-334.51080322265625,-12.514273643493652,5.963066577911377,0.05768969655036926,-0.1498005986213684,0.7033771276473999,0.0003920868912246078,0.998205304145813,-0.0009012366062961519,-0.0012484643375501037,-14.89067268371582,44000
14.406477928161621,335.15350341796875,338.22003173828125,327.638671875,-339.7712707519531,-333.7409973144531,-12.326380729675293,6.296116352081299,0.053049251437187195,-0.01127095241099596,0.7059592604637146,0.00024181143089663237,0.9938386678695679,-0.0032400479540228844,-0.0015714269829913974,-14.511473655700684,45000
171.2644500732422,335.58514404296875,339.7036437988281,144.54571533203125,-340.0423583984375,-333.76947021484375,-12.555997848510742,6.283104419708252,0.05876488611102104,-0.441371351480484,0.7000010013580322,0.0005927227321080863,0.992313027381897,-0.003949503414332867,-0.0033592642284929752,-15.106599807739258,46000
21.373214721679688,334.73150634765625,337.9855041503906,258.08306884765625,-339.8545837402344,-333.61590576171875,-12.225622177124023,5.986948013305664,0.057603247463703156,-0.05256044492125511,0.6946267485618591,0.00010941758955596015,0.99615478515625,-0.001932735787704587,-0.0007076740148477256,-14.590776443481445,47000
13.291085243225098,336.995849609375,338.6372375488281,333.8784484863281,-342.43463134765625,-336.0692138671875,-12.948799133300781,6.583361625671387,0.05399687960743904,-0.855598509311676,0.7012959718704224,8.59995634527877e-06,0.997002899646759,-0.001502841361798346,0.0,-15.517902374267578,48000
13.870393753051758,338.33111572265625,338.5652160644531,332.45208740234375,-344.2139892578125,-338.28155517578125,-12.044587135314941,6.112160682678223,0.05588256195187569,0.2425914704799652,0.6921480298042297,5.07245167682413e-05,0.9954714775085449,-0.0022889727260917425,-1.5496543710469268e-05,-14.357488632202148,49000
82.7547378540039,339.4565124511719,342.3431091308594,170.10049438476562,-344.7067565917969,-338.62945556640625,-12.019667625427246,5.942358016967773,0.05620461329817772,-0.15928331017494202,0.6938568353652954,0.0002781385264825076,0.9899241924285889,-0.005104864481836557,-0.0011860952945426106,-14.705519676208496,50000
12.680646896362305,341.529296875,343.0162658691406,336.3009033203125,-347.0646057128906,-340.9275207519531,-11.986479759216309,5.849386215209961,0.05659482628107071,-0.13303546607494354,0.6882715821266174,0.0001596145157236606,0.9961485862731934,-0.0020007253624498844,0.0,-14.538463592529297,51000
271.12884521484375,342.3167724609375,344.744873046875,80.2966079711914,-347.4482421875,-341.317626953125,-11.947016716003418,5.816399574279785,0.05724664404988289,-0.026874708011746407,0.6900887489318848,0.00041181454434990883,0.9972655773162842,-0.0014255676651373506,-0.0021488075144588947,-14.570035934448242,52000
14.024718284606934,342.5801696777344,344.05767822265625,339.5904541015625,-348.22552490234375,-342.2017822265625,-11.615918159484863,5.5921502113342285,0.05800605192780495,0.5040357112884521,0.6942105293273926,6.571427365997806e-05,0.9967396259307861,-0.0016622112598270178,0.0,-14.090768814086914,53000
66.65335083007812,344.8127746582031,347.8373718261719,231.29087829589844,-349.3848876953125,-343.291259765625,-11.820843696594238,5.727188587188721,0.059427302330732346,0.16036944091320038,0.6872539520263672,0.00024564150953665376,0.9955260753631592,-0.0022761058062314987,-0.0017775754677131772,-14.302239418029785,54000
13.535063743591309,345.078857421875,347.5400695800781,336.1369934082031,-350.2179870605469,-344.12664794921875,-12.037620544433594,5.9462971687316895,0.05506902560591698,-0.25436171889305115,0.6825281977653503,7.613924390170723e-05,0.9913524985313416,-0.0044102296233177185,-0.0004104354593437165,-14.945378303527832,55000
13.28226089477539,347.29266357421875,349.9269104003906,341.85333251953125,-352.01690673828125,-346.0434875488281,-11.922749519348145,5.949349403381348,0.05878720059990883,-0.13213449716567993,0.6825368404388428,2.326153207832249e-06,0.9986661672592163,-0.0006680799415335059,0.0,-14.632930755615234,56000
29.57084083557129,348.0382385253906,351.2066345214844,226.49400329589844,-352.8170471191406,-346.7281799316406,-11.85926342010498,5.770391464233398,0.060640860348939896,0.016346227377653122,0.6821683645248413,0.0006886126357130706,0.9962815046310425,-0.001870875945314765,-0.002289124531671405,-14.68735408782959,57000
15.526734352111816,351.3023681640625,353.5047302246094,345.4895935058594,-356.0386047363281,-350.2606201171875,-11.521434783935547,5.743428707122803,0.05602661147713661,0.20032212138175964,0.6733607649803162,0.00013599253725260496,0.9897370338439941,-0.005198152735829353,0.0,-14.38045883178711,58000
229.849609375,351.46136474609375,353.92706298828125,156.55282592773438,-356.54058837890625,-350.69171142578125,-11.907830238342285,6.058957099914551,0.0598352812230587,-0.39032989740371704,0.6796160936355591,0.0013186144642531872,0.9916648864746094,-0.004381523467600346,-0.0056513408198952675,-14.796548843383789,59000
9.482881546020508,352.9281005859375,353.94769287109375,345.72686767578125,-357.4020080566406,-351.4936218261719,-12.063750267028809,6.155365467071533,0.053010519593954086,-0.3031862676143646,0.6749871969223022,4.924246604787186e-05,0.9930751323699951,-0.0034868428483605385,0.0,-15.112564086914062,60000
10.426738739013672,355.5546569824219,358.3967590332031,349.1522521972656,-360.4807434082031,-354.5674743652344,-11.691033363342285,5.777778625488281,0.05448022857308388,0.054072294384241104,0.6743777394294739,0.0007885725935921073,0.9905550479888916,-0.005103182978928089,-0.004684004932641983,-14.49515151977539,61000
149.2431182861328,355.229736328125,359.291748046875,91.33472442626953,-360.5092468261719,-354.6015319824219,-11.047189712524414,5.139467239379883,0.06092138960957527,0.25228598713874817,0.668136477470398,0.0007064029923640192,0.9938383102416992,-0.0034088250249624252,-0.004508423153311014,-13.781380653381348,62000
13.010346412658691,359.67236328125,361.0040588378906,356.7787170410156,-365.0150146484375,-359.0594482421875,-11.686102867126465,5.730521202087402,0.05864352360367775,-0.07406625896692276,0.6699469685554504,0.0007253013900481164,0.9948554635047913,-0.002589036477729678,-0.0016435616416856647,-14.627256393432617,63000
10.962041854858398,362.0131530761719,364.14044189453125,357.9766845703125,-367.1412048339844,-361.28948974609375,-11.414687156677246,5.56296443939209,0.05863574147224426,0.049392420798540115,0.6673492789268494,0.00045069510815665126,0.9962932467460632,-0.0019308184273540974,-0.0018020413117483258,-14.612228393554688,64000
14.093140602111816,362.9105224609375,365.7749938964844,358.4689636230469,-367.3404235839844,-361.53167724609375,-11.26630687713623,5.457563877105713,0.05845222249627113,0.5321880578994751,0.6694652438163757,0.00010281734284944832,0.9953362941741943,-0.0023593264631927013,-0.0009620628552511334,-14.298086166381836,65000
12.386804580688477,363.13836669921875,366.9112243652344,353.6438903808594,-367.7834777832031,-361.8411865234375,-11.750061988830566,5.807768821716309,0.057844385504722595,-0.2073797881603241,0.6633217930793762,6.39441714156419e-05,0.9922859072685242,-0.0038886978290975094,0.0,-15.021202087402344,66000
14.052281379699707,364.2003173828125,366.37939453125,360.8251647949219,-369.0942687988281,-363.16375732421875,-11.445647239685059,5.515143871307373,0.05833365395665169,-0.10237275063991547,0.6681933999061584,6.583075446542352e-05,0.99256432056427,-0.003750335890799761,0.0,-14.794731140136719,67000
106.87577056884766,365.35394287109375,368.8360595703125,76.53470611572266,-369.5080871582031,-363.5231018066406,-11.678813934326172,5.693827152252197,0.05713631212711334,-0.24534234404563904,0.6587361693382263,0.00021792332699988037,0.9922283887863159,-0.004029234405606985,-0.00019235543732065707,-14.991975784301758,68000
9.818222045898438,368.328369140625,370.22454833984375,362.9022216796875,-373.2342529296875,-367.502197265625,-11.572920799255371,5.840845108032227,0.05591053515672684,-0.4232510030269623,0.6534403562545776,0.00027987887733615935,0.9901542663574219,-0.005008481442928314,-0.0013264183653518558,-14.970880508422852,69000
424.0473937988281,368.365478515625,370.3534851074219,52.8763313293457,-373.0745849609375,-367.44500732421875,-11.260741233825684,5.6311726570129395,0.0614817850291729,-0.20776546001434326,0.6573542952537537,0.0008978975238278508,0.9848200082778931,-0.009358293376863003,-0.009706428274512291,-14.37617301940918,70000
14.350205421447754,371.5382080078125,373.4896240234375,364.9075927734375,-376.29217529296875,-370.5611572265625,-11.010466575622559,5.279443740844727,0.06191384792327881,0.2801910936832428,0.6564971208572388,0.0006124245701357722,0.9982409477233887,-0.0008816632907837629,-0.0016125669935718179,-14.107035636901855,71000
137.48318481445312,371.91632080078125,375.2361145019531,121.91065979003906,-376.1710510253906,-370.79217529296875,-10.7132568359375,5.334372520446777,0.062304750084877014,0.3560778796672821,0.6560626029968262,0.0008689585374668241,0.9946736097335815,-0.0031064185313880444,-0.00544253783300519,-14.171380996704102,72000
145.88584899902344,373.37213134765625,376.1918029785156,98.8848876953125,-376.9999694824219,-371.2943115234375,-11.741539001464844,6.035874366760254,0.05694843828678131,-0.561252772808075,0.6549348831176758,0.0001633622741792351,0.9912121295928955,-0.004864051006734371,-0.0017421195516362786,-15.186311721801758,73000
39.17913055419922,374.34295654296875,376.9270324707031,252.56886291503906,-378.6809997558594,-373.02813720703125,-11.31087589263916,5.65800666809082,0.055503733456134796,0.13311752676963806,0.6521198749542236,0.0008154563838616014,0.9919378757476807,-0.0042298175394535065,-0.0029501086100935936,-14.693705558776855,74000
11.522224426269531,377.6234436035156,380.1060791015625,371.3367614746094,-382.2597351074219,-376.69622802734375,-11.020275115966797,5.456768035888672,0.053496088832616806,-0.011785087175667286,0.6540594696998596,2.3609234631294385e-05,0.9969593286514282,-0.0015272216405719519,-0.00033070737845264375,-14.41872787475586,75000
13.539688110351562,379.1494140625,382.37786865234375,374.1541748046875,-383.96142578125,-378.39935302734375,-11.066006660461426,5.503930568695068,0.05607485771179199,0.05273876711726189,0.6499418020248413,0.00012780143879354,0.9947608709335327,-0.002660302445292473,-0.00041584009886719286,-14.440184593200684,76000
12.547346115112305,379.411376953125,381.5702819824219,374.5732727050781,-384.47607421875,-378.59539794921875,-11.511516571044922,5.630838871002197,0.05874023959040642,-0.2991890609264374,0.6454495191574097,3.113441198365763e-05,0.9954308271408081,-0.0023000016808509827,0.0,-15.37293815612793,77000
110.56270599365234,379.1234436035156,382.4163818359375,216.29486083984375,-382.9485168457031,-377.4947509765625,-11.099358558654785,5.645597457885742,0.05546324700117111,-0.09002126753330231,0.6463813185691833,4.004347283625975e-05,0.9923090934753418,-0.004190969746559858,-0.0025851204991340637,-14.848383903503418,78000
11.028684616088867,379.47662353515625,381.9735412597656,371.235107421875,-383.946044921875,-378.5518493652344,-10.336648941040039,4.942451000213623,0.059275005012750626,0.39097142219543457,0.6460724472999573,0.0005083655705675483,0.993098795413971,-0.003485880559310317,-0.0016405753558501601,-13.742998123168945,79000
165.22793579101562,378.95172119140625,382.9336242675781,87.50745391845703,-382.72589111328125,-377.1705322265625,-10.892303466796875,5.3369293212890625,0.059034157544374466,0.051790665835142136,0.6401227712631226,0.0004651717026717961,0.9936323165893555,-0.00322335259988904,-0.0020470821764320135,-14.512321472167969,80000
115.1167221069336,378.717529296875,382.5472106933594,149.00245666503906,-382.6161804199219,-377.24554443359375,-11.079583168029785,5.708962917327881,0.055994417518377304,-0.08469761908054352,0.6412229537963867,0.0018622148782014847,0.9921121001243591,-0.004005972295999527,-0.003959872759878635,-14.655226707458496,81000
32.00372314453125,380.32891845703125,382.3766784667969,346.19970703125,-384.57763671875,-379.0635986328125,-11.534531593322754,6.020498752593994,0.054232899099588394,-0.6590238213539124,0.6346825361251831,0.0010008368408307433,0.9946143627166748,-0.002942152786999941,-0.003870538668707013,-15.475397109985352,82000
12.603443145751953,380.7925720214844,383.9674987792969,370.44390869140625,-385.2197265625,-379.65533447265625,-10.395155906677246,4.83073616027832,0.058078501373529434,0.31320425868034363,0.6324352622032166,3.139646287309006e-05,0.9943918585777283,-0.002819895511493087,-5.4580224968958646e-05,-13.986907005310059,83000
12.674137115478516,381.83331298828125,385.0163269042969,359.2317199707031,-386.3963623046875,-380.78857421875,-10.953007698059082,5.3451995849609375,0.05682184919714928,-0.07886548340320587,0.6313461065292358,0.00041855519521050155,0.9943097233772278,-0.0028753774240612984,-0.0014740952756255865,-14.774993896484375,84000
110.7153549194336,384.8153991699219,386.9328918457031,250.59613037109375,-388.6118469238281,-383.02099609375,-10.505663871765137,4.914822578430176,0.060922637581825256,0.020875178277492523,0.6329953074455261,0.00045753951417282224,0.9861509799957275,-0.008727842010557652,-0.003780508181080222,-14.521502494812012,85000
45.343833923339844,386.29205322265625,388.93011474609375,377.411376953125,-390.3623962402344,-385.20550537109375,-10.417187690734863,5.260281085968018,0.05766814202070236,0.17742674052715302,0.6275429725646973,0.0007927317637950182,0.9946940541267395,-0.0026896519120782614,-0.0022591904271394014,-14.25168514251709,86000
13.633130073547363,385.89642333984375,389.8648986816406,375.31658935546875,-390.1339111328125,-384.494140625,-11.036248207092285,5.396481037139893,0.05753548815846443,-0.182484433054924,0.6263782978057861,3.875356196658686e-05,0.9949177503585815,-0.002560286782681942,0.0,-15.117391586303711,87000
12.733922004699707,386.29827880859375,388.9737243652344,381.1604309082031,-390.5724792480469,-385.1491394042969,-11.17309284210205,5.749744415283203,0.05319930613040924,-0.2928229868412018,0.6252824664115906,0.00010005754302255809,0.9972189664840698,-0.001447406131774187,-0.0012932390673086047,-15.318277359008789,88000
11.722869873046875,389.44598388671875,390.9503479003906,383.4625549316406,-393.7450256347656,-388.53369140625,-10.666580200195312,5.4552435874938965,0.056297339498996735,0.06110391020774841,0.6247297525405884,0.0006312257028184831,0.9941002130508423,-0.002973918104544282,-0.0023248200304806232,-14.52880859375,89000
274.6696472167969,391.05682373046875,394.0220642089844,384.5966491699219,-395.15582275390625,-389.72344970703125,-10.800524711608887,5.368173122406006,0.05713901296257973,0.05978555232286453,0.6256869435310364,5.469153984449804e-05,0.9921685457229614,-0.003985167481005192,-0.00043891073437407613,-14.70363998413086,90000
163.0318603515625,393.23199462890625,396.61749267578125,110.91830444335938,-395.67779541015625,-390.4674987792969,-10.487292289733887,5.277016639709473,0.054442498832941055,0.2951701283454895,0.6229559183120728,3.7505327782128006e-05,0.9972898364067078,-0.0013615344651043415,-0.00042399653466418386,-14.261884689331055,91000
280.5519104003906,392.17333984375,392.934814453125,384.3916015625,-396.7978515625,-391.3005676269531,-10.812252044677734,5.314972877502441,0.06118280068039894,-0.20280370116233826,0.6204179525375366,0.0003190083953086287,0.9902494549751282,-0.0055403802543878555,-0.0034738839603960514,-14.911504745483398,92000
174.71495056152344,390.84002685546875,395.3544006347656,113.69351959228516,-393.76531982421875,-388.3884582519531,-10.17015552520752,4.793304920196533,0.060658048838377,0.27611762285232544,0.6169469952583313,0.0018695620819926262,0.9824448823928833,-0.011508237570524216,-0.0036859633401036263,-14.01366901397705,93000
13.134651184082031,391.9039306640625,395.1514587402344,377.6533203125,-395.6990661621094,-390.42315673828125,-10.660055160522461,5.384154319763184,0.05831371992826462,-0.06650612503290176,0.6160609126091003,8.256434739450924e-06,0.9989223480224609,-0.0005393509054556489,-0.00017440789088141173,-14.859245300292969,94000
12.237701416015625,393.8708190917969,396.7663269042969,382.41241455078125,-398.19036865234375,-392.9971618652344,-10.038273811340332,4.845066070556641,0.05914882943034172,0.5092781782150269,0.6157736778259277,2.1875302991247736e-05,0.9989514946937561,-0.0005248737870715559,-0.000290860392851755,-13.881667137145996,95000
15.23434066772461,396.93121337890625,397.2740478515625,394.483154296875,-401.8861083984375,-396.64739990234375,-10.386314392089844,5.147622585296631,0.05774348974227905,0.060450803488492966,0.6139249801635742,5.628023063763976e-05,0.9947454929351807,-0.00264150882139802,-0.0006080690072849393,-14.532154083251953,96000
137.98240661621094,399.1131591796875,400.8851623535156,235.02371215820312,-403.4234619140625,-398.08441162109375,-10.40421199798584,5.0651469230651855,0.056385572999715805,-0.01397588662803173,0.6157858967781067,0.0003378212859388441,0.9856067895889282,-0.007390348706394434,-0.00030904955929145217,-14.626131057739258,97000
198.20616149902344,400.9031982421875,404.06256103515625,106.70878601074219,-404.3989562988281,-399.03619384765625,-10.678583145141602,5.31583309173584,0.05745348706841469,-0.020356573164463043,0.6106290221214294,7.496116450056434e-05,0.9908498525619507,-0.005036193877458572,-0.002227249788120389,-14.784598350524902,98000
134.43283081054688,403.688232421875,406.92108154296875,140.91624450683594,-407.2387390136719,-402.130615234375,-10.185111999511719,5.0769829750061035,0.057157013565301895,0.2974357008934021,0.6125044226646423,5.618145223706961e-05,0.9952155947685242,-0.0024223290383815765,-0.0007887743413448334,-14.205228805541992,99000
14.903583526611328,405.14117431640625,407.0064392089844,397.44720458984375,-409.1179504394531,-403.8529052734375,-10.349546432495117,5.084509372711182,0.05670076981186867,-0.16522972285747528,0.5954088568687439,5.216170029598288e-05,0.9943469762802124,-0.002950981492176652,-0.000640088866930455,-14.752847671508789,100000
187.3516387939453,405.92205810546875,408.7466125488281,396.41485595703125,-410.10333251953125,-404.86895751953125,-10.307514190673828,5.073150634765625,0.06027107313275337,-0.06586266309022903,0.6032640337944031,0.0004575680650305003,0.9910378456115723,-0.005568414460867643,-0.0046163564547896385,-14.749349594116211,101000
9.4902982711792,406.79443359375,408.8933410644531,399.7065124511719,-411.5025329589844,-406.138916015625,-10.38330364227295,5.01967716217041,0.055479083210229874,-0.14560681581497192,0.6013303399085999,4.913905286230147e-05,0.9938968420028687,-0.003075932851061225,0.0,-14.982219696044922,102000
167.414306640625,408.1461181640625,411.0144348144531,258.0509948730469,-412.01458740234375,-406.8262939453125,-10.345414161682129,5.157149791717529,0.05680891498923302,-0.20130950212478638,0.6011581420898438,0.0005276800948195159,0.9849027395248413,-0.009619240649044514,-0.0058690402656793594,-14.678935050964355,103000
12.663337707519531,410.7177734375,410.99554443359375,408.5740661621094,-415.7171325683594,-410.501220703125,-10.238683700561523,5.022768497467041,0.05877434462308884,0.10626869648694992,0.6063939929008484,6.466653576353565e-05,0.9959496855735779,-0.002056413097307086,0.0,-14.469437599182129,104000
148.15133666992188,412.6067810058594,415.4120178222656,222.78431701660156,-415.3785095214844,-410.26654052734375,-10.319746017456055,5.207775592803955,0.056910451501607895,-0.17716112732887268,0.5967358946800232,6.983266212046146e-05,0.9918869733810425,-0.00563292670994997,-0.0036379226949065924,-14.619668960571289,105000
103.75076293945312,413.78271484375,417.2453918457031,398.8785705566406,-417.28668212890625,-412.2820129394531,-9.95630168914795,4.951626777648926,0.057614073157310486,0.021199418231844902,0.596915602684021,0.0007246941095218062,0.9903478026390076,-0.004896786995232105,-0.0016796678537502885,-14.206135749816895,106000
205.59408569335938,412.2861633300781,415.7669372558594,154.36785888671875,-415.109130859375,-410.0189514160156,-9.848200798034668,4.758021354675293,0.059909090399742126,0.266130656003952,0.5896396636962891,0.0013875819277018309,0.9894123077392578,-0.007425972726196051,-0.002610237570479512,-14.07052993774414,107000
561.8055419921875,411.9031066894531,415.7939453125,138.0224609375,-414.90399169921875,-410.15203857421875,-9.426852226257324,4.6748948097229,0.06255288422107697,0.46573343873023987,0.5899620056152344,0.00044725649058818817,0.9899910688400269,-0.005696349777281284,-0.005497014615684748,-13.672252655029297,108000
9.476605415344238,414.8019714355469,417.17816162109375,404.7572326660156,-418.6375732421875,-413.643798828125,-9.702567100524902,4.7088165283203125,0.05964965000748634,0.07337597757577896,0.5921216011047363,0.0002642817562445998,0.9897927045822144,-0.005230826325714588,0.0,-14.157185554504395,109000
23.610925674438477,413.84771728515625,417.4924011230469,351.8266296386719,-417.36248779296875,-412.23406982421875,-10.323768615722656,5.195328712463379,0.05868380889296532,-0.1430475264787674,0.5909485220909119,3.717752770171501e-05,0.9959945678710938,-0.002021049614995718,0.0,-14.846389770507812,110000
156.89224243164062,413.231689453125,418.1708679199219,78.02305603027344,-416.73797607421875,-411.64056396484375,-10.224441528320312,5.12702751159668,0.05941232666373253,-0.20035892724990845,0.5876259207725525,0.001235608826391399,0.9944354891777039,-0.0029390528798103333,-0.0032922644168138504,-14.829358100891113,111000
12.41653823852539,413.7544250488281,417.2278747558594,373.9188537597656,-418.0294494628906,-412.94097900390625,-10.330918312072754,5.24245023727417,0.0567106232047081,-0.3507944941520691,0.5894560813903809,0.00045889063039794564,0.9908773899078369,-0.004918079823255539,-0.0033871883060783148,-15.28353500366211,112000
12.867403030395508,414.6792297363281,418.1012268066406,397.5679931640625,-419.2204895019531,-414.03131103515625,-10.038674354553223,4.8494768142700195,0.05925065651535988,0.1565181314945221,0.588019847869873,0.00027534793480299413,0.9924678206443787,-0.003807839471846819,-0.0014670647215098143,-14.666065216064453,113000
480.815673828125,414.6029052734375,418.2983703613281,61.295440673828125,-417.5965576171875,-412.6197204589844,-10.154412269592285,5.177571773529053,0.06013168394565582,-0.404682457447052,0.5844508409500122,0.0009781679837033153,0.9915921688079834,-0.004933461081236601,-0.0064415172673761845,-14.999601364135742,114000
183.35838317871094,413.49578857421875,418.34722900390625,124.29493713378906,-416.7677917480469,-411.7526550292969,-9.71196460723877,4.6968488693237305,0.06290461122989655,0.16150148212909698,0.5857813954353333,0.0014681335305795074,0.9880794882774353,-0.00786058884114027,-0.008529026061296463,-14.357723236083984,115000
120.71700286865234,413.7554016113281,416.9704284667969,85.3924789428711,-416.90765380859375,-412.007080078125,-9.970829010009766,5.070247173309326,0.05879698693752289,0.055983006954193115,0.5819026827812195,0.0003856558760162443,0.9868420362472534,-0.007781531196087599,-0.004431122448295355,-14.56498908996582,116000
62.416282653808594,415.6540832519531,418.0567932128906,291.12542724609375,-419.3741149902344,-414.61627197265625,-9.976902961730957,5.21905517578125,0.055823419243097305,-0.23008377850055695,0.5800445675849915,0.000410594220738858,0.9890126585960388,-0.006923545617610216,-0.005731488578021526,-14.671609878540039,117000
11.3479585647583,416.8949279785156,420.06964111328125,404.589111328125,-420.5876770019531,-415.74835205078125,-9.687837600708008,4.848496913909912,0.05946454033255577,0.3366239070892334,0.5809099078178406,0.00023754523135721684,0.9921442270278931,-0.003969220910221338,-0.0008747978135943413,-14.362863540649414,118000
11.668339729309082,417.8128356933594,421.3804016113281,402.8628234863281,-421.57745361328125,-416.8269348144531,-9.281027793884277,4.530519008636475,0.05973057076334953,0.47470027208328247,0.5768654346466064,5.74050318391528e-05,0.9943466186523438,-0.002858951687812805,-6.301732355495915e-05,-13.720962524414062,119000
11.438974380493164,418.78936767578125,421.2853088378906,403.4576110839844,-422.7803649902344,-417.865234375,-9.9483642578125,5.033237934112549,0.0573844276368618,-0.335787296295166,0.575225293636322,1.4078649655857589e-05,0.9966112375259399,-0.001701377797871828,0.0,-14.980398178100586,120000
108.11725616455078,420.4824523925781,424.178466796875,227.1925506591797,-424.8033752441406,-419.9476013183594,-9.424602508544922,4.56882381439209,0.06256575137376785,0.23217640817165375,0.5716233849525452,0.00126165384426713,0.9886025190353394,-0.00723575334995985,-0.006234240718185902,-14.24069881439209,121000
10.89132308959961,422.3572998046875,425.1681823730469,408.10394287109375,-426.5072937011719,-421.4895324707031,-9.221237182617188,4.203465461730957,0.06313953548669815,0.34145644307136536,0.5718101859092712,0.00017935842333827168,0.9955406188964844,-0.002243584953248501,-0.0008296655723825097,-13.847578048706055,122000
8.2101411819458,424.9007568359375,427.0754699707031,419.4323425292969,-428.8658752441406,-423.844970703125,-9.584803581237793,4.563898086547852,0.05902251973748207,0.001421283814124763,0.5727682113647461,1.6513395166839473e-05,0.9966528415679932,-0.0016817875439301133,0.0,-14.446250915527344,123000
541.0540771484375,425.51434326171875,429.5827331542969,85.38007354736328,-428.037353515625,-423.47021484375,-9.235410690307617,4.668274879455566,0.06309264153242111,0.08665189892053604,0.5721538662910461,0.0009662479278631508,0.9856727123260498,-0.011761239729821682,-0.007631282322108746,-14.185016632080078,124000
12.867281913757324,427.9088134765625,431.4356994628906,413.3349304199219,-431.4683837890625,-426.471923828125,-9.968683242797852,4.972225666046143,0.05591260641813278,-0.28036120533943176,0.5714923143386841,6.308296724455431e-05,0.9948741793632507,-0.002604632405564189,-9.655136818764731e-05,-15.0377779006958,125000
9.89091682434082,430.3414001464844,433.04486083984375,419.2143859863281,-434.1256408691406,-429.47540283203125,-9.713376998901367,5.063135623931885,0.057420764118433,-0.16703464090824127,0.5670612454414368,2.036358455370646e-05,0.9967409372329712,-0.0016396194696426392,0.0,-14.870864868164062,126000
122.89647674560547,429.920654296875,433.0198669433594,190.3278045654297,-433.20770263671875,-428.5264587402344,-9.801639556884766,5.120400905609131,0.061008889228105545,-0.18463841080665588,0.5687255263328552,0.0006422817823477089,0.9933897256851196,-0.004380521364510059,-0.004879049491137266,-14.791261672973633,127000
11.112207412719727,431.1185302734375,433.2405700683594,424.8733825683594,-434.9060974121094,-429.9154052734375,-10.067117691040039,5.076411724090576,0.05526307225227356,-0.4478972554206848,0.5628018975257874,9.182612120639533e-05,0.9938344955444336,-0.0031278308015316725,0.0,-15.133920669555664,128000
105.24456787109375,432.20697021484375,435.4421691894531,178.37611389160156,-435.941162109375,-431.19293212890625,-9.592659950256348,4.844420433044434,0.05911511555314064,-0.03705141320824623,0.562511682510376,0.0006251215818338096,0.9895027875900269,-0.006778160110116005,-0.00532795675098896,-14.689369201660156,129000
11.497880935668945,433.8009033203125,435.7337341308594,419.4898986816406,-437.3302307128906,-432.66522216796875,-9.364175796508789,4.6991472244262695,0.05826207622885704,0.11433934420347214,0.560497522354126,5.485007022798527e-06,0.9978666305541992,-0.0010694273514673114,0.0,-14.40096378326416,130000
215.90130615234375,434.57635498046875,437.7298889160156,82.11714935302734,-437.1257629394531,-432.6400146484375,-9.180771827697754,4.695037841796875,0.06364411860704422,0.13021054863929749,0.560708224773407,0.0007959845825098455,0.9864314794540405,-0.009371529333293438,-0.008269766345620155,-14.238289833068848,131000
250.81146240234375,435.57745361328125,437.44012451171875,133.28790283203125,-439.3853759765625,-434.8206787109375,-8.91237735748291,4.3476738929748535,0.06285201758146286,0.3786335289478302,0.5574586391448975,0.00032910238951444626,0.9861905574798584,-0.010403641499578953,-0.007579522207379341,-13.876763343811035,132000
9.817023277282715,439.5671081542969,442.1320495605469,414.6634521484375,-443.4879455566406,-438.6809997558594,-9.59855842590332,4.791624069213867,0.05629006400704384,0.09573525190353394,0.5596371293067932,6.29625646979548e-05,0.9957508444786072,-0.0021682241931557655,-0.00014002206444274634,-14.853216171264648,133000
8.724281311035156,442.3822021484375,444.61376953125,437.9078674316406,-446.01300048828125,-441.363525390625,-9.068887710571289,4.419407367706299,0.06103510037064552,0.2519824504852295,0.5559149980545044,0.00037758483085781336,0.9951385855674744,-0.0025277631357312202,-0.002322204178199172,-13.926223754882812,134000
150.24124145507812,443.92822265625,447.38702392578125,188.9258270263672,-447.11224365234375,-442.404541015625,-9.741812705993652,5.034126281738281,0.05791374295949936,-0.4331483542919159,0.5559443235397339,0.002046615118160844,0.9889966249465942,-0.007542313542217016,-0.00899529829621315,-15.177732467651367,135000
8.490583419799805,444.8513488769531,447.7371826171875,436.1358337402344,-448.8431091308594,-444.0179138183594,-9.347372055053711,4.5221781730651855,0.06017928943037987,0.07889016717672348,0.5540542602539062,2.8716343877022155e-05,0.995050311088562,-0.002489084843546152,0.0,-14.59803581237793,136000
28.90521240234375,446.9837341308594,449.7415771484375,344.7354431152344,-450.2172546386719,-445.5357666015625,-9.76535701751709,5.083874702453613,0.05394272133708,-0.29665178060531616,0.5520226955413818,0.0004236623353790492,0.9930760860443115,-0.004039152525365353,-0.0010532165179029107,-15.220830917358398,137000
34.044898986816406,447.9564208984375,451.54364013671875,330.7796630859375,-451.1663818359375,-446.6369934082031,-9.316606521606445,4.787231922149658,0.059290505945682526,-0.10697995871305466,0.5507757663726807,0.0005246460204944015,0.9883869886398315,-0.00817413441836834,-0.005174280609935522,-14.632004737854004,138000
21.6301326751709,450.06097412109375,452.5745544433594,359.6488342285156,-453.89263916015625,-449.1158752441406,-9.634066581726074,4.857285022735596,0.055585119873285294,-0.1845448911190033,0.5485618114471436,0.00013848781236447394,0.9924397468566895,-0.003846412990242243,-0.0002530226483941078,-15.239972114562988,139000
9.972601890563965,451.09185791015625,454.37835693359375,440.02392578125,-454.62432861328125,-449.9638977050781,-9.51785659790039,4.857436656951904,0.057092174887657166,-0.2757253646850586,0.5514587163925171,9.935705020325258e-05,0.9945265650749207,-0.002763974480330944,-0.0009141209884546697,-15.108129501342773,140000
9.1854248046875,454.01593017578125,456.51983642578125,448.7127380371094,-457.68377685546875,-453.1092529296875,-9.141703605651855,4.567165851593018,0.05626616254448891,0.2005687952041626,0.55134516954422,7.1580225267098285e-06,0.9971576929092407,-0.0014247227227315307,0.0,-14.367149353027344,141000
515.1190185546875,455.57672119140625,458.58160400390625,241.66456604003906,-459.8733825683594,-455.1765441894531,-9.079244613647461,4.382416248321533,0.06439091265201569,0.11865578591823578,0.5383574962615967,0.00021289644064381719,0.9906249046325684,-0.006219490431249142,-0.004884311463683844,-14.414050102233887,142000
107.0025863647461,456.7164306640625,459.61981201171875,201.35704040527344,-459.82647705078125,-455.49981689453125,-9.015035629272461,4.688370704650879,0.05794033035635948,0.09151565283536911,0.5416440963745117,0.00035490276059135795,0.9893402457237244,-0.007447834126651287,-0.003962014336138964,-14.361370086669922,143000
25.528793334960938,459.88299560546875,462.36541748046875,366.969970703125,-463.9285888671875,-459.3688049316406,-9.063382148742676,4.503615856170654,0.058117661625146866,0.16280284523963928,0.5434324145317078,0.00019246293231844902,0.990885853767395,-0.006255120970308781,-0.0050868927501142025,-14.406083106994629,144000
242.78433227539062,460.1637268066406,463.3741455078125,201.16635131835938,-463.36773681640625,-459.08416748046875,-8.550777435302734,4.2672038078308105,0.06565720587968826,0.49385252594947815,0.5422436594963074,0.0012489586370065808,0.9892297387123108,-0.007103548850864172,-0.008005133830010891,-13.775707244873047,145000
11.944021224975586,462.08111572265625,462.2220153808594,460.4716796875,-466.42144775390625,-461.926025390625,-9.33889389038086,4.8434739112854,0.05464598163962364,-0.1526566743850708,0.5358068346977234,0.0001657646644162014,0.9955072402954102,-0.002255918923765421,-0.0008662953623570502,-14.746586799621582,146000
1383.28857421875,462.25823974609375,466.5259704589844,92.60125732421875,-463.691650390625,-459.3676452636719,-8.623856544494629,4.299854278564453,0.06365509331226349,0.23276226222515106,0.53840571641922,0.00235102535225451,0.9811774492263794,-0.014992445707321167,-0.010755354538559914,-13.934443473815918,147000
12.343955993652344,464.6610107421875,467.3111572265625,441.9464111328125,-467.9403076171875,-463.4534912109375,-9.279945373535156,4.79311990737915,0.05520537495613098,-0.05410384386777878,0.5380544662475586,0.0005200554733164608,0.9981801509857178,-0.0009123996132984757,-0.0016191167524084449,-14.769065856933594,148000
11.677021026611328,465.4152526855469,465.6205749511719,460.83465576171875,-469.6839294433594,-465.1604919433594,-8.878108024597168,4.354682445526123,0.059852298349142075,0.023077597841620445,0.5360393524169922,1.0829440725501627e-05,0.9968492984771729,-0.0015807312447577715,0.0,-14.24627685546875,149000
8.016934394836426,468.49163818359375,470.72760009765625,458.78955078125,-471.8688049316406,-467.39111328125,-8.795731544494629,4.318046569824219,0.055603381246328354,0.37180861830711365,0.5355207920074463,6.10638817306608e-05,0.9933069348335266,-0.0033766315318644047,0.0,-13.955150604248047,150000
9.582314491271973,470.6220397949219,473.4588317871094,461.21612548828125,-474.3899230957031,-469.7841491699219,-9.219450950622559,4.613668441772461,0.05638181418180466,-0.13257984817028046,0.5342139601707458,2.2428495867643505e-05,0.9962437152862549,-0.0018892654916271567,0.0,-14.962557792663574,151000
9.545138359069824,472.3458557128906,474.4924621582031,465.3689270019531,-475.74822998046875,-471.22882080078125,-8.837512016296387,4.3181071281433105,0.05935502052307129,0.0823599174618721,0.5338919162750244,2.8250375180505216e-05,0.9954826831817627,-0.002272634766995907,0.0,-14.325082778930664,152000
9.26436996459961,475.5592041015625,476.7384033203125,473.36199951171875,-479.2116394042969,-474.87615966796875,-8.638928413391113,4.303426742553711,0.057707928121089935,0.34319233894348145,0.5296360850334167,0.0003855214745271951,0.9871724843978882,-0.006895199418067932,-0.0015698977513238788,-14.003835678100586,153000
50.4226188659668,478.25146484375,479.9569396972656,337.1121520996094,-482.11712646484375,-477.66375732421875,-8.397777557373047,3.944403648376465,0.06131749227643013,0.4894882142543793,0.5328189134597778,0.0006418257253244519,0.9869381189346313,-0.0069731841795146465,-0.0021519879810512066,-13.836518287658691,154000
53.28028106689453,481.00238037109375,483.09002685546875,471.847900390625,-484.325927734375,-479.99468994140625,-8.957606315612793,4.6263604164123535,0.056505441665649414,-0.00999887939542532,0.5291224718093872,0.0003459238214418292,0.996714174747467,-0.001712259603664279,-0.0019244435243308544,-14.627279281616211,155000
9.162333488464355,483.90936279296875,485.334228515625,482.0829162597656,-487.7588806152344,-483.137939453125,-8.622827529907227,4.001888751983643,0.06077873706817627,0.21961918473243713,0.5289373993873596,0.00021961878519505262,0.9977612495422363,-0.0011317541357129812,-0.0009521616739220917,-14.094900131225586,156000
220.83941650390625,485.5414733886719,488.81072998046875,147.14634704589844,-488.68438720703125,-484.300048828125,-8.626139640808105,4.241793155670166,0.06273268908262253,0.17467758059501648,0.5278059244155884,0.0015448237536475062,0.9898165464401245,-0.006763926241546869,-0.007263375446200371,-14.153980255126953,157000
8.041423797607422,488.5299072265625,490.421875,480.794677734375,-492.0513916015625,-487.49945068359375,-9.20816421508789,4.656208038330078,0.05510205402970314,-0.10734216868877411,0.5262643098831177,6.677414057776332e-05,0.991931676864624,-0.004230210091918707,-0.0009733922779560089,-14.932564735412598,158000
9.581893920898438,491.111572265625,491.3845520019531,490.9021911621094,-495.2491760253906,-490.8448181152344,-8.270584106445312,3.8662331104278564,0.05990292876958847,0.5092319846153259,0.5279058218002319,8.779987547313794e-05,0.9929026365280151,-0.0035919484216719866,0.0,-13.674577713012695,159000
7.362647533416748,493.7114562988281,495.81719970703125,488.811767578125,-497.4400634765625,-492.8262939453125,-9.008626937866211,4.39487886428833,0.05840061232447624,-0.19749726355075836,0.5236729979515076,8.726379019208252e-05,0.9927933812141418,-0.0036463234573602676,0.0,-15.005430221557617,160000
9.353422164916992,494.8772888183594,496.92572021484375,488.607666015625,-498.91827392578125,-494.4871520996094,-8.670357704162598,4.239238262176514,0.05845068395137787,0.15769988298416138,0.5259197354316711,2.0202836822136305e-05,0.9958407282829285,-0.002089679939672351,0.0,-14.22470760345459,161000
485.7892150878906,497.34954833984375,500.17840576171875,55.98311996459961,-500.1235656738281,-495.97601318359375,-8.19869613647461,4.051136016845703,0.06124315410852432,0.43166384100914,0.5225546956062317,7.13121407898143e-05,0.9917920827865601,-0.006025418639183044,-0.0055207000114023685,-13.776908874511719,162000
82.31761932373047,498.939208984375,499.8846435546875,233.5500946044922,-503.0922546386719,-498.7341003417969,-8.760902404785156,4.402751922607422,0.05643109232187271,0.09987977892160416,0.5229955911636353,0.00016727016190998256,0.9898183345794678,-0.0061188628897070885,-0.0034638200886547565,-14.66109561920166,163000
8.437723159790039,501.51025390625,504.1072082519531,492.34478759765625,-504.8769226074219,-500.4626159667969,-8.488828659057617,4.074515342712402,0.05855843424797058,0.23944023251533508,0.5180940628051758,2.6639605493983254e-05,0.9961903095245361,-0.001918046036735177,0.0,-14.117485046386719,164000
349.6082763671875,503.62689208984375,506.8368225097656,84.34932708740234,-505.92486572265625,-501.91925048828125,-8.274660110473633,4.269057273864746,0.06028691306710243,0.20077456533908844,0.5173118710517883,0.0015517587307840586,0.989028811454773,-0.008084450848400593,-0.010015345178544521,-14.074613571166992,165000
70.39142608642578,506.0193786621094,508.0637512207031,328.0328369140625,-509.76202392578125,-505.42474365234375,-8.524479866027832,4.187185287475586,0.06310588121414185,0.007285549305379391,0.5154156684875488,0.00022325041936710477,0.9896878004074097,-0.008569656871259212,-0.006408297922462225,-14.336921691894531,166000
9.704134941101074,506.4783935546875,508.9443054199219,498.0435485839844,-509.9803161621094,-505.69873046875,-8.235544204711914,3.953953981399536,0.06271347403526306,0.6057717800140381,0.5173814296722412,0.00012221689394209534,0.9949050545692444,-0.002617355901747942,-0.0005681663751602173,-13.72080135345459,167000
131.63511657714844,508.65582275390625,511.58026123046875,198.85910034179688,-511.81610107421875,-507.7761535644531,-8.436288833618164,4.396377086639404,0.06184864789247513,0.21102873980998993,0.5060300827026367,0.002221036236733198,0.9869967103004456,-0.010134603828191757,-0.012953044846653938,-14.215631484985352,168000
7.769344329833984,510.869873046875,512.6630249023438,506.32965087890625,-514.42822265625,-509.999755859375,-8.600442886352539,4.1720075607299805,0.05954189971089363,0.11089388281106949,0.5114872455596924,1.1062593330279924e-05,0.9967018365859985,-0.0016546013066545129,0.0,-14.539873123168945,169000
124.11405944824219,512.5023193359375,515.532958984375,201.23008728027344,-515.6548461914062,-511.61102294921875,-8.32854175567627,4.2847065925598145,0.059710629284381866,0.2546629011631012,0.5107828378677368,0.0017245501512661576,0.990204393863678,-0.007673920132219791,-0.00837054755538702,-14.147083282470703,170000
7.6307053565979,514.29931640625,516.3429565429688,504.7382507324219,-518.035888671875,-513.6759033203125,-8.670788764953613,4.310802936553955,0.05561624839901924,-0.07888595014810562,0.5096933245658875,0.00019306580361444503,0.9945710897445679,-0.0027360087260603905,-0.0009132946142926812,-14.69669246673584,171000
8.610983848571777,515.6803588867188,517.3417358398438,513.2454223632812,-519.4864501953125,-515.1015625,-8.53553295135498,4.150636672973633,0.060120709240436554,0.062156714498996735,0.5085427165031433,5.913288987358101e-05,0.996063232421875,-0.0019899846520274878,-0.00037561202771030366,-14.64763355255127,172000
58.30455017089844,517.2256469726562,518.8934936523438,335.0141296386719,-520.6851196289062,-516.4170532226562,-8.50130558013916,4.233229160308838,0.06058330461382866,0.08779366314411163,0.5065178871154785,0.003085237927734852,0.9971979856491089,-0.0014176872791722417,-0.003803423373028636,-14.587179183959961,173000
296.4875183105469,518.4986572265625,521.3805541992188,141.83474731445312,-521.727783203125,-517.6594848632812,-8.248069763183594,4.179744243621826,0.06473339349031448,0.015091577544808388,0.5077380537986755,0.001166537986136973,0.9829112887382507,-0.01241527684032917,-0.01195581629872322,-14.273309707641602,174000
7.250362396240234,521.5252685546875,523.2637329101562,518.0121459960938,-524.717529296875,-520.505126953125,-8.46722412109375,4.254806041717529,0.05512109398841858,0.15911850333213806,0.5001386404037476,5.628566213999875e-05,0.993789553642273,-0.0031329721678048372,0.0,-14.392473220825195,175000
265.9756164550781,521.1610717773438,523.1002807617188,217.256103515625,-523.8945922851562,-519.48291015625,-8.763452529907227,4.351736068725586,0.055680375546216965,-0.17934982478618622,0.501885712146759,1.9213648556615226e-05,0.9969302415847778,-0.0015443754382431507,0.0,-14.962495803833008,176000
13.188037872314453,522.8194580078125,523.5400390625,463.0859680175781,-526.8331909179688,-522.6024780273438,-9.017815589904785,4.787082195281982,0.05197179317474365,-0.6211692094802856,0.5055987238883972,0.00035207407199777663,0.9973868131637573,-0.001340197050012648,-0.0016661795089021325,-15.552607536315918,177000
10.184468269348145,524.52783203125,526.5625610351562,496.01580810546875,-527.8390502929688,-523.6615600585938,-8.699952125549316,4.522433280944824,0.05617419630289078,-0.24330021440982819,0.49981924891471863,0.0005412556929513812,0.9982278943061829,-0.0008929029572755098,-0.0023984143044799566,-14.855039596557617,178000
128.01473999023438,523.45849609375,525.3027954101562,297.4615478515625,-527.4959106445312,-523.5140991210938,-8.07392406463623,4.092092990875244,0.06122228875756264,0.23402249813079834,0.4974816143512726,0.0006607109098695219,0.9888420104980469,-0.007997178472578526,-0.0042616561986505985,-13.957769393920898,179000
11.295980453491211,526.480712890625,526.9146728515625,526.0629272460938,-530.4136962890625,-526.0612182617188,-8.792486190795898,4.440017223358154,0.0559411384165287,-0.3221456706523895,0.4999040365219116,1.937241540872492e-05,0.9957627058029175,-0.0021282858215272427,0.0,-15.435874938964844,180000
8.934531211853027,527.3482055664062,529.585205078125,519.140380859375,-530.7527465820312,-526.4680786132812,-8.357094764709473,4.072476863861084,0.05803984776139259,0.05801243707537651,0.4980930984020233,8.011831960175186e-05,0.9929417371749878,-0.0035683191381394863,0.0,-14.62813949584961,181000
163.94654846191406,527.8087768554688,530.71875,151.30471801757812,-530.1307373046875,-525.98046875,-8.198102951049805,4.047865867614746,0.062398940324783325,0.17731957137584686,0.49757909774780273,0.0009544008644297719,0.9815778136253357,-0.011828011833131313,-0.008323660120368004,-14.352123260498047,182000
10.293098449707031,528.4351806640625,530.828125,522.6072998046875,-531.87841796875,-527.653076171875,-8.017699241638184,3.792369842529297,0.06116549298167229,0.3687244653701782,0.49758628010749817,0.00035993882920593023,0.9898794293403625,-0.00521306274458766,-0.00037739492836408317,-14.019349098205566,183000
415.9363708496094,527.4961547851562,531.3766479492188,33.03643798828125,-530.0474853515625,-525.8240966796875,-8.205531120300293,3.9821245670318604,0.05999705567955971,-0.07303091883659363,0.4907258152961731,6.876331462990493e-05,0.9977643489837646,-0.0011223775800317526,-0.000759018468670547,-14.389871597290039,184000
546.3963623046875,527.2957763671875,530.6090698242188,60.76176834106445,-529.5755004882812,-525.547119140625,-7.97888708114624,3.9505112171173096,0.060833897441625595,0.23600424826145172,0.49271079897880554,0.0018298401264473796,0.9914920330047607,-0.007019454147666693,-0.010906582698225975,-13.976822853088379,185000
451.5453186035156,527.2384033203125,530.9044799804688,329.0690002441406,-529.6151123046875,-525.6466064453125,-7.956315994262695,3.9877939224243164,0.06225848197937012,0.23168905079364777,0.4937115013599396,0.0020061428658664227,0.9895070791244507,-0.009542352519929409,-0.007206959184259176,-14.0086669921875,186000
8.421136856079102,527.32861328125,530.1198120117188,518.9396362304688,-530.35791015625,-526.310791015625,-8.065308570861816,4.018218040466309,0.05672601982951164,0.20159150660037994,0.48719245195388794,4.1338153096148744e-05,0.9948024749755859,-0.0026191635988652706,0.0,-14.443483352661133,187000
22.40243148803711,528.3009033203125,530.97509765625,439.44775390625,-531.4708251953125,-527.4009399414062,-8.326708793640137,4.256843566894531,0.05818798393011093,-0.15455567836761475,0.4851425290107727,0.0012406973401084542,0.9870824813842773,-0.009753517806529999,-0.007372951600700617,-14.966009140014648,188000
913.3106689453125,528.508056640625,532.1714477539062,227.65444946289062,-531.0518798828125,-526.9733276367188,-8.33987045288086,4.261274337768555,0.058222007006406784,-0.09607096016407013,0.48629534244537354,0.00013378937728703022,0.9916480779647827,-0.006895396858453751,-0.0050210654735565186,-14.90835189819336,189000
8.052303314208984,530.2666015625,532.6558227539062,525.2466430664062,-533.521484375,-529.3046875,-8.438253402709961,4.221415996551514,0.057996511459350586,-0.10148273408412933,0.48732781410217285,2.9367072329478106e-06,0.9984256029129028,-0.0007886411622166634,0.0,-14.880581855773926,190000
13.740792274475098,530.4564819335938,532.36474609375,469.63067626953125,-533.8844604492188,-529.7969970703125,-8.026485443115234,3.939051866531372,0.06232430040836334,0.21302975714206696,0.48623785376548767,0.00014495245704893023,0.9978556036949158,-0.0010827749501913786,-0.0016251937486231327,-14.199338912963867,191000
8.133084297180176,530.556396484375,533.5110473632812,520.8331298828125,-533.5780639648438,-529.5389404296875,-8.50854778289795,4.469435214996338,0.05695560202002525,-0.2981610894203186,0.48386093974113464,0.00028777748229913414,0.998033881187439,-0.0009882223093882203,-0.0012164422078058124,-15.002578735351562,192000
7.929498672485352,530.1905517578125,532.724365234375,522.8890991210938,-533.3890991210938,-529.350830078125,-8.037198066711426,3.9989311695098877,0.055835407227277756,0.11450323462486267,0.4900835156440735,0.00023488719307351857,0.9861294627189636,-0.007050478830933571,0.0,-14.437101364135742,193000
45.81696319580078,531.8275146484375,534.4830932617188,402.0838928222656,-535.1097412109375,-531.0640869140625,-8.111814498901367,4.066157817840576,0.06277292221784592,-0.1549045890569687,0.483732670545578,0.0016120744403451681,0.9884979724884033,-0.007943397387862206,-0.008944276720285416,-14.76507568359375,194000
7.324078559875488,533.3093872070312,535.478759765625,524.12255859375,-536.5623168945312,-532.6497802734375,-7.928388595581055,4.0158610343933105,0.05576702952384949,0.18303164839744568,0.48429688811302185,3.75509298464749e-05,0.9929168224334717,-0.00356024457141757,0.0,-14.23627758026123,195000
6.729244232177734,535.130126953125,537.6746826171875,528.187744140625,-538.5150146484375,-534.4703369140625,-7.954654693603516,3.9099552631378174,0.05963347852230072,0.1998954564332962,0.4850325286388397,6.382067658705637e-05,0.9928837418556213,-0.0035919081419706345,-0.00027661010972224176,-14.305200576782227,196000
645.3812866210938,536.2610473632812,539.0805053710938,216.5416717529297,-539.3612670898438,-535.4563598632812,-8.068079948425293,4.163118839263916,0.05833190307021141,-0.17511805891990662,0.4741518497467041,0.002543975133448839,0.9948853254318237,-0.002811641898006201,-0.005356165114790201,-14.545373916625977,197000
9.805133819580078,537.112060546875,539.8983764648438,523.482177734375,-540.2386474609375,-535.9904174804688,-8.326434135437012,4.0781965255737305,0.0593092180788517,-0.14526110887527466,0.481876015663147,8.141857688315213e-05,0.9930396676063538,-0.003520237747579813,0.0,-15.013153076171875,198000
6.852977275848389,539.2046508789062,541.7124633789062,532.9222412109375,-542.310791015625,-538.364501953125,-7.743856906890869,3.797551155090332,0.05665623024106026,0.3813631534576416,0.4796225130558014,0.0001423418871127069,0.9931108951568604,-0.003472335636615753,-0.0008848581346683204,-14.029061317443848,199000
9.50054931640625,540.658935546875,542.4283447265625,537.1461791992188,-544.02392578125,-539.9951171875,-8.234999656677246,4.206179618835449,0.05444830283522606,-0.18235498666763306,0.47339484095573425,1.9343846361152828e-05,0.9959349632263184,-0.00204674294218421,-8.507813618052751e-05,-14.949548721313477,200000
8.107217788696289,540.726318359375,543.1195678710938,530.0371704101562,-543.8020629882812,-539.7534790039062,-8.430219650268555,4.381673812866211,0.055035289376974106,-0.14776280522346497,0.47236740589141846,1.4014686712471303e-05,0.9964416027069092,-0.00179545977152884,-0.0001742849563015625,-15.161014556884766,201000
8.50890827178955,541.7371826171875,543.6055908203125,534.2208251953125,-544.9835815429688,-540.9546508789062,-7.913740634918213,3.884812116622925,0.05935191363096237,0.0190387275069952,0.4714760184288025,1.3630664398078807e-05,0.99754798412323,-0.0012327434960752726,0.0,-14.469902038574219,202000
34.21274948120117,542.6522216796875,545.1976928710938,433.05072021484375,-545.464111328125,-541.5935668945312,-7.957765102386475,4.087239742279053,0.05881643295288086,0.03984079882502556,0.46890366077423096,0.003673697356134653,0.9921200275421143,-0.007934041321277618,-0.003508819965645671,-14.467874526977539,203000
7.51038932800293,544.0863037109375,546.3283081054688,538.517333984375,-547.238037109375,-543.2344970703125,-7.515847682952881,3.5123302936553955,0.0630270317196846,0.4254436492919922,0.4715520739555359,2.413806942058727e-05,0.9988988637924194,-0.0005514139775186777,-0.0005936070811003447,-13.816778182983398,204000
155.0808563232422,542.6251220703125,546.8638916015625,190.41107177734375,-546.0946655273438,-541.9903564453125,-7.964162349700928,3.859890937805176,0.06207633018493652,-0.0702974945306778,0.4705706238746643,0.0006226899567991495,0.9912850856781006,-0.006969803012907505,-0.004028201103210449,-14.654677391052246,205000
24.64506721496582,543.7265014648438,544.6380004882812,451.242431640625,-547.361083984375,-543.3770751953125,-7.795226097106934,3.811192274093628,0.057971470057964325,0.2585732638835907,0.4710084795951843,0.00012557384616229683,0.9919764995574951,-0.0040941620245575905,-0.0002591467055026442,-14.405388832092285,206000
157.9495391845703,542.5582275390625,545.9712524414062,438.0742492675781,-545.4735107421875,-541.49462890625,-8.036666870117188,4.057814121246338,0.060102429240942,-0.19311277568340302,0.4679391086101532,0.0004904750385321677,0.9857629537582397,-0.01029769703745842,-0.0064885374158620834,-14.966978073120117,207000
67.68499755859375,541.39208984375,544.8340454101562,361.17755126953125,-543.8820190429688,-540.052734375,-7.657975673675537,3.8287010192871094,0.06537806242704391,0.18266333639621735,0.4656446874141693,0.0015846233582124114,0.9902496337890625,-0.005934593267738819,-0.00882807932794094,-14.159708023071289,208000
9.873659133911133,539.60986328125,541.1369018554688,529.2001342773438,-543.15576171875,-539.0318603515625,-8.155887603759766,4.032002925872803,0.05798710137605667,-0.22822290658950806,0.46763455867767334,0.00015143395285122097,0.9913405179977417,-0.004385383799672127,-0.0007320174481719732,-15.196088790893555,209000
7.152836322784424,540.190185546875,542.430419921875,533.2694091796875,-543.0914306640625,-539.1976318359375,-8.114838600158691,4.22108268737793,0.058248136192560196,-0.2811427414417267,0.4667814373970032,3.098647721344605e-05,0.9939095377922058,-0.0030730837024748325,-0.00034943511127494276,-15.044689178466797,210000
369.38714599609375,538.4132080078125,542.2714233398438,60.27256774902344,-540.2646484375,-536.614013671875,-7.540709018707275,3.890064239501953,0.060451142489910126,0.10223032534122467,0.4643419682979584,0.0004055836470797658,0.9889699220657349,-0.008267834782600403,-0.006931900978088379,-13.981285095214844,211000
600.4038696289062,537.1400756835938,540.7801513671875,105.27654266357422,-539.3455810546875,-535.6055908203125,-7.418773651123047,3.6787519454956055,0.06361023336648941,0.14065292477607727,0.46343252062797546,0.0002725874655880034,0.9854836463928223,-0.009994852356612682,-0.00804780051112175,-14.020381927490234,212000
9.082884788513184,536.521484375,539.568115234375,516.2567749023438,-539.4133911132812,-535.3657836914062,-7.79541540145874,3.747791290283203,0.06344152241945267,0.06592173874378204,0.46529170870780945,3.6170367820886895e-05,0.9950956106185913,-0.002470036968588829,0.0,-14.46832275390625,213000
15.99455738067627,535.0443115234375,538.0687255859375,513.0765991210938,-537.7633056640625,-533.8919677734375,-7.787691593170166,3.9163925647735596,0.059452757239341736,0.017745330929756165,0.45855364203453064,1.4932602425687946e-05,0.9965088963508606,-0.0017529675969853997,0.0,-14.624716758728027,214000
66.48292541503906,535.6611938476562,539.268310546875,293.04876708984375,-538.4528198242188,-534.471923828125,-8.154399871826172,4.173550128936768,0.055566802620887756,-0.25768253207206726,0.4576466977596283,0.0002294538135174662,0.9957355856895447,-0.0021603512577712536,-0.0016086176037788391,-15.365463256835938,215000
6.2637739181518555,536.6055908203125,539.4561157226562,523.078369140625,-539.73681640625,-535.8068237304688,-7.890974998474121,3.9610249996185303,0.05948828160762787,-0.15540196001529694,0.4611906111240387,5.986592441331595e-05,0.9926754236221313,-0.004016246646642685,-0.001613595406524837,-14.867071151733398,216000
10.555685997009277,538.7799072265625,541.1890258789062,523.1747436523438,-541.5855712890625,-537.6717529296875,-8.000356674194336,4.086568832397461,0.06042950227856636,-0.22048118710517883,0.45772024989128113,0.0001475525787100196,0.9939955472946167,-0.003075775457546115,-5.133627200848423e-05,-15.131291389465332,217000
11.019449234008789,540.100830078125,542.640869140625,480.82952880859375,-542.9558715820312,-539.0143432617188,-7.665380001068115,3.7238609790802,0.059229206293821335,0.08845149725675583,0.4567568302154541,5.555104507948272e-05,0.9944087862968445,-0.002916282042860985,-0.0013875047443434596,-14.607627868652344,218000
7.30900764465332,540.693115234375,543.5142211914062,528.9281005859375,-543.6839599609375,-539.6531982421875,-8.098663330078125,4.067875862121582,0.05719903111457825,-0.3598896861076355,0.4565434157848358,2.4271535039588343e-06,0.9984363317489624,-0.0007830260437913239,0.0,-15.34183120727539,219000
7.849816799163818,542.14501953125,544.5283203125,537.595458984375,-544.9347534179688,-541.1071166992188,-7.476678371429443,3.649024486541748,0.059192147105932236,0.3003784418106079,0.45424705743789673,6.104558451625053e-06,0.9978032112121582,-0.0011014211922883987,0.0,-14.354942321777344,220000
16.17637825012207,540.2262573242188,543.6635131835938,519.1158447265625,-543.07421875,-539.2265014648438,-7.5094404220581055,3.6617329120635986,0.06151481345295906,0.1977730691432953,0.4523261785507202,2.973122536786832e-05,0.9964483380317688,-0.0017905215499922633,0.0,-14.255159378051758,221000
31.792020797729492,543.4088134765625,545.6763305664062,531.0853881835938,-546.3406372070312,-542.38330078125,-7.819662570953369,3.862327814102173,0.0580461360514164,-0.09145816415548325,0.4537377655506134,0.0009134697029367089,0.9968128800392151,-0.001701494911685586,-0.002827863674610853,-14.780430793762207,222000
7.104557037353516,545.0106201171875,547.736083984375,538.9642944335938,-547.9737548828125,-544.03173828125,-7.730162143707275,3.7881414890289307,0.058728065341711044,-0.14176999032497406,0.4524211883544922,4.851469384448137e-06,0.99830162525177,-0.0008515919907949865,0.0,-14.768980026245117,223000
8.70353889465332,545.5508422851562,548.2866821289062,537.0717163085938,-548.3441772460938,-544.5237426757812,-7.710479736328125,3.8900485038757324,0.05728291720151901,0.11491668224334717,0.44882097840309143,6.764221780031221e-06,0.9977951645851135,-0.0011057843221351504,0.0,-14.607845306396484,224000
7.717118263244629,546.1307983398438,548.768310546875,534.2667236328125,-549.172607421875,-545.279296875,-7.758720874786377,3.865403890609741,0.05960903316736221,-0.11266271770000458,0.4514510929584503,1.2610191333806142e-05,0.9969230890274048,-0.001544738421216607,0.0,-14.774751663208008,225000
11.784664154052734,547.560302734375,550.10693359375,492.5729064941406,-550.39990234375,-546.6474609375,-7.313597202301025,3.5611472129821777,0.0607590526342392,0.3833077847957611,0.4472295045852661,0.0003541272599250078,0.9915177226066589,-0.005729326978325844,-0.006214134395122528,-14.121379852294922,226000
6.7019758224487305,548.4521484375,550.6322021484375,543.7080688476562,-551.5338745117188,-547.6771240234375,-7.82741117477417,3.9706358909606934,0.058952078223228455,-0.09382066875696182,0.4438115954399109,6.175186172185931e-06,0.9978684186935425,-0.0010688819456845522,0.0,-14.918183326721191,227000
7.105147361755371,551.4754028320312,553.4495849609375,546.2178955078125,-554.3677368164062,-550.568115234375,-7.730093002319336,3.930467367172241,0.05703621357679367,-0.15753349661827087,0.44435828924179077,3.0953575333114713e-05,0.9968979954719543,-0.0015582044143229723,-0.00035271220258437097,-14.962973594665527,228000
8.796079635620117,551.8717041015625,554.2747192382812,538.3828125,-554.927978515625,-551.237548828125,-7.316625118255615,3.6262195110321045,0.0583488866686821,0.27002033591270447,0.44541797041893005,2.5744370759639423e-06,0.9984880685806274,-0.0007572498288936913,0.0,-13.899003028869629,229000
6.145882606506348,553.9820556640625,556.5961303710938,545.9376220703125,-556.7088623046875,-552.9937133789062,-7.711373805999756,3.9962158203125,0.05558420717716217,0.003322493750602007,0.4446222484111786,5.109020094096195e-06,0.998508632183075,-0.000748245045542717,0.0,-14.794490814208984,230000
8.19845199584961,554.3186645507812,557.04931640625,542.0284423828125,-557.1597900390625,-553.3133544921875,-7.643891334533691,3.7974748611450195,0.05628890171647072,-0.09842751175165176,0.4413778483867645,7.233300038933521e-06,0.9978962540626526,-0.0010554865002632141,0.0,-14.818526268005371,231000
29.5289306640625,554.3924560546875,557.2428588867188,451.4151611328125,-557.2731323242188,-553.5732421875,-6.966524600982666,3.266692876815796,0.06458087265491486,0.5102290511131287,0.44605425000190735,0.00025859553716145456,0.9872951507568359,-0.0064761885441839695,-0.000631182745564729,-13.230368614196777,232000
7.374950408935547,554.3839721679688,557.1070556640625,546.6165771484375,-557.5125732421875,-553.7318115234375,-7.3133721351623535,3.532575845718384,0.06049543246626854,0.13004785776138306,0.44530990719795227,0.0001800337922759354,0.9887382984161377,-0.005722241476178169,-6.868226773804054e-05,-14.267186164855957,233000
10.530537605285645,554.5286865234375,557.4342041015625,539.0704956054688,-557.311767578125,-553.6565551757812,-7.234938144683838,3.5796992778778076,0.06050366535782814,0.11921925097703934,0.44284045696258545,0.0006190922576934099,0.9965647459030151,-0.0017312867566943169,-0.002318764803931117,-14.153586387634277,234000
72.17115020751953,552.714111328125,556.4142456054688,374.6365661621094,-554.906982421875,-551.1378784179688,-7.790037155151367,4.020914077758789,0.06101326271891594,-0.29001912474632263,0.4397304058074951,0.0010432555573061109,0.9921863079071045,-0.006535647436976433,-0.007616803981363773,-15.26125717163086,235000
22.36234474182129,552.1529541015625,555.4346923828125,447.1449890136719,-554.6005859375,-550.8824462890625,-7.730827808380127,4.012668609619141,0.05927527695894241,-0.34848931431770325,0.4347621202468872,0.0006698903162032366,0.9925493597984314,-0.005758083425462246,-0.00643873168155551,-15.149398803710938,236000
278.78143310546875,550.4957275390625,554.69287109375,121.42243957519531,-552.0323486328125,-548.570556640625,-6.665069103240967,3.2032346725463867,0.06810249388217926,0.28129154443740845,0.437981516122818,0.0026224132161587477,0.9797713160514832,-0.017171937972307205,-0.011202016845345497,-13.261117935180664,237000
156.00961303710938,550.1698608398438,554.3587036132812,325.2111511230469,-552.890869140625,-549.260009765625,-7.079172134399414,3.4482874870300293,0.06398460268974304,0.23782622814178467,0.4346385598182678,0.00016376908752135932,0.9915724992752075,-0.0066323247738182545,-0.006623817607760429,-13.922599792480469,238000
14.033243179321289,550.7774658203125,554.3115844726562,504.90362548828125,-553.1875,-549.6500244140625,-6.9398908615112305,3.402397632598877,0.06537406891584396,0.32380518317222595,0.43856480717658997,0.0003904069890268147,0.9894151091575623,-0.0061215125024318695,-0.0024915062822401524,-13.775650024414062,239000
11.072772979736328,549.8734130859375,552.3125,519.8218994140625,-552.7722778320312,-549.1636962890625,-7.2188334465026855,3.610258102416992,0.06337197124958038,0.023531600832939148,0.4358968436717987,4.4788874220103025e-05,0.9946466684341431,-0.0026968654710799456,-0.00027021599817089736,-14.199555397033691,240000
150.97256469726562,550.373779296875,553.9817504882812,275.59722900390625,-552.3546752929688,-548.8895263671875,-6.948915481567383,3.4837660789489746,0.06332296878099442,0.09880530834197998,0.4308997690677643,0.0010937894694507122,0.9856003522872925,-0.012358246371150017,-0.008774627931416035,-13.91672420501709,241000
8.516868591308594,550.209228515625,553.2626342773438,528.5560302734375,-552.9700927734375,-549.272705078125,-7.4432172775268555,3.7458410263061523,0.05831930786371231,-0.016232453286647797,0.435791015625,1.2270795195945539e-05,0.9975605010986328,-0.001225840300321579,0.0,-14.788225173950195,242000
147.08790588378906,549.407470703125,553.0685424804688,299.38818359375,-551.3652954101562,-547.79833984375,-7.390408039093018,3.823443651199341,0.060890451073646545,-0.06086279824376106,0.4325963854789734,0.002027540234848857,0.9940528869628906,-0.0032905209809541702,-0.00444400031119585,-14.598894119262695,243000
20.52029037475586,550.1046752929688,552.8193359375,442.7908020019531,-552.59228515625,-549.055419921875,-7.135235786437988,3.5983948707580566,0.06378013640642166,-0.05595938861370087,0.4326218366622925,0.0008432827307842672,0.9882312417030334,-0.008764132857322693,-0.005298149306327105,-14.463602066040039,244000
54.023128509521484,550.0810546875,552.7969360351562,386.5670166015625,-552.3236694335938,-548.8523559570312,-7.045063018798828,3.573709726333618,0.06240998953580856,0.14678341150283813,0.4318757653236389,0.0005062229465693235,0.9868152141571045,-0.009740243665874004,-0.005696232430636883,-14.24462890625,245000
8.128474235534668,550.8076171875,553.7549438476562,543.3729248046875,-553.4320068359375,-549.7459716796875,-7.493510723114014,3.8075034618377686,0.056862570345401764,-0.14352166652679443,0.42489781975746155,2.0582858269335702e-05,0.9969689846038818,-0.0015222830697894096,-0.00031823618337512016,-14.921985626220703,246000
13.411609649658203,550.58349609375,553.4392700195312,482.5448303222656,-553.2088012695312,-549.6456909179688,-6.950295925140381,3.38718318939209,0.06656797230243683,0.23638816177845,0.43008551001548767,8.412738679908216e-05,0.9926021099090576,-0.00512746162712574,-0.004135409835726023,-13.880356788635254,247000
16.948650360107422,552.0223999023438,555.3842163085938,520.5371704101562,-554.4791259765625,-550.8953857421875,-7.091802597045898,3.5080504417419434,0.06395769119262695,0.021168962121009827,0.42731526494026184,0.00037820820580236614,0.9948599934577942,-0.0027709808200597763,-0.002910347655415535,-14.281219482421875,248000
8.238458633422852,553.9560546875,555.209228515625,548.3296508789062,-556.9917602539062,-553.291259765625,-7.4824113845825195,3.7818920612335205,0.05518694221973419,-0.031200161203742027,0.42963048815727234,9.515678357274737e-06,0.9973013401031494,-0.0013542480301111937,-7.224224100355059e-05,-15.017072677612305,249000
36.599884033203125,556.4110717773438,559.1203002929688,425.04998779296875,-558.7709350585938,-555.08154296875,-7.6101460456848145,3.9207651615142822,0.058609094470739365,-0.2700249254703522,0.4265640377998352,0.0007929735584184527,0.996149480342865,-0.002029762603342533,-0.0026657329872250557,-15.31007194519043,250000
9.617635726928711,557.4288940429688,560.4996948242188,542.1671752929688,-560.1483764648438,-556.484130859375,-7.369509696960449,3.7052907943725586,0.05904272571206093,-0.09015548974275589,0.4260006546974182,6.966387445572764e-05,0.9943519830703735,-0.0030179722234606743,-0.0017174482345581055,-14.923171997070312,251000
9.701009750366211,558.9359130859375,561.033447265625,514.5614624023438,-561.7537231445312,-558.1703491210938,-7.264476776123047,3.681117057800293,0.05779055878520012,0.08685315400362015,0.428575724363327,0.0007159392116591334,0.995479941368103,-0.0023014494217932224,-0.0021532883401960135,-14.681417465209961,252000
5.891153812408447,560.9973754882812,563.0850830078125,555.8128662109375,-563.7083129882812,-560.2357177734375,-7.09761905670166,3.6249706745147705,0.06191873550415039,0.15001651644706726,0.4276953935623169,5.3820214816369116e-05,0.9935614466667175,-0.00324590434320271,0.0,-14.343412399291992,253000
16.62989616394043,561.22802734375,564.3703002929688,549.2276611328125,-563.8196411132812,-560.2063598632812,-7.295686721801758,3.6824228763580322,0.05778113007545471,-0.19180874526500702,0.4259401261806488,4.119256846024655e-05,0.9937642812728882,-0.003171004820615053,-0.0006268962169997394,-14.834508895874023,254000
9.265260696411133,560.85791015625,563.1071166992188,543.8964233398438,-563.563720703125,-560.0704345703125,-7.173323154449463,3.680065631866455,0.059224843978881836,0.04656007140874863,0.42545074224472046,0.0001802509359549731,0.9900635480880737,-0.006444574799388647,-0.003180277766659856,-14.657523155212402,255000
9.201210975646973,561.1105346679688,563.9865112304688,540.1082763671875,-563.6130981445312,-559.991455078125,-7.175050258636475,3.5534260272979736,0.05972609296441078,-0.08849562704563141,0.4200279414653778,3.147298048133962e-05,0.9961258172988892,-0.0019525850657373667,0.0,-14.573140144348145,256000
896.9014892578125,561.0750732421875,564.1775512695312,384.9495849609375,-562.9638671875,-559.4898681640625,-7.086298942565918,3.6123299598693848,0.06328390538692474,-0.09078914672136307,0.4186823070049286,4.164949496043846e-05,0.9931493997573853,-0.004452867899090052,-0.0028435850981622934,-14.429841995239258,257000
140.403076171875,561.8232421875,564.9791870117188,232.28665161132812,-564.1619262695312,-560.789794921875,-7.1731343269348145,3.8010172843933105,0.05947909131646156,-0.2296120971441269,0.4194999933242798,0.0001389080862281844,0.9910693168640137,-0.007978256791830063,-0.008012429811060429,-14.879094123840332,258000
10.10729694366455,563.3712768554688,566.00244140625,537.843994140625,-565.9017333984375,-562.2996215820312,-7.112882614135742,3.5107603073120117,0.05787113308906555,-0.041145630180835724,0.42301225662231445,7.505246321670711e-05,0.9947192668914795,-0.0029636197723448277,-0.002205159515142441,-14.779135704040527,259000
7.9170684814453125,563.451416015625,565.8478393554688,549.0606689453125,-566.1231689453125,-562.541259765625,-7.253139495849609,3.6712005138397217,0.06170148774981499,-0.21376380324363708,0.4191662073135376,2.3781656636856496e-05,0.9940552711486816,-0.0032573805656284094,-0.0017079735407605767,-14.98356819152832,260000
7.488054275512695,565.2421264648438,568.2099609375,555.2888793945312,-567.8941650390625,-564.2764892578125,-7.131543159484863,3.513852834701538,0.05863382667303085,0.018153155222535133,0.4196965992450714,1.7466680219513364e-05,0.9963231682777405,-0.001847091014496982,0.0,-14.655864715576172,261000
9.976503372192383,564.6783447265625,567.6909790039062,543.1890258789062,-567.306396484375,-563.8160400390625,-7.219140529632568,3.7287538051605225,0.059600625187158585,-0.20351523160934448,0.4200572073459625,1.3305007087183185e-05,0.9969582557678223,-0.001527465763501823,0.0,-14.878894805908203,262000
8.719411849975586,565.2694091796875,567.8628540039062,550.4766235351562,-567.0562744140625,-563.6947021484375,-7.184494495391846,3.8229329586029053,0.057366061955690384,-0.2399461418390274,0.41832417249679565,3.4920129110105336e-05,0.9947400093078613,-0.002647345419973135,0.0,-14.835612297058105,263000
948.98193359375,565.0599365234375,568.8251342773438,224.3334197998047,-566.662109375,-563.1669921875,-7.027204990386963,3.5321147441864014,0.06257741898298264,-0.008359133265912533,0.4136590361595154,0.0013991533778607845,0.9909011721611023,-0.006194413173943758,-0.005226045846939087,-14.741273880004883,264000
409.69085693359375,565.21435546875,569.048828125,113.097412109375,-566.813232421875,-563.51171875,-6.798312664031982,3.496818780899048,0.06185736507177353,0.11158104985952377,0.41414475440979004,0.0006114676943980157,0.9894517064094543,-0.006345891393721104,-0.0054418109357357025,-14.196211814880371,265000
7.862125396728516,567.0057373046875,569.4208984375,552.1268310546875,-569.5523681640625,-566.113037109375,-6.947124004364014,3.5078067779541016,0.0627615824341774,0.09095720201730728,0.4125383198261261,2.110174682457e-05,0.9958276748657227,-0.0020955209620296955,-0.00012113648699596524,-14.476380348205566,266000
583.7936401367188,566.9779052734375,570.9454956054688,110.3221435546875,-568.36181640625,-565.435791015625,-6.188203811645508,3.2621898651123047,0.0666501596570015,0.190274178981781,0.41332677006721497,0.05683879926800728,0.9821681976318359,-0.01452906709164381,-0.03444640710949898,-13.40644359588623,267000
8.53378677368164,569.3875732421875,571.3514404296875,550.2078857421875,-572.2060546875,-568.817626953125,-6.8565521240234375,3.4681315422058105,0.06299882382154465,-0.043977733701467514,0.4124526381492615,6.547157681779936e-05,0.9953839778900146,-0.0023503568954765797,-0.0012070201337337494,-14.62732219696045,268000
9.762207984924316,569.5693359375,572.5223999023438,548.8401489257812,-571.9317016601562,-568.4788818359375,-7.137673854827881,3.6848673820495605,0.05800073593854904,-0.010069613344967365,0.41251546144485474,3.085324351559393e-05,0.9971221685409546,-0.001443136134184897,-0.0003293259651400149,-14.978622436523438,269000
7.959373474121094,569.0289306640625,572.26318359375,560.651123046875,-571.8404541015625,-568.235595703125,-7.204131126403809,3.599271059036255,0.05524083599448204,-0.038068342953920364,0.406524658203125,1.443736346118385e-05,0.996073842048645,-0.00197025528177619,0.0,-15.03410530090332,270000
6.418086051940918,571.7958374023438,573.8759155273438,563.9457397460938,-574.4848022460938,-570.9474487304688,-6.841367721557617,3.3040378093719482,0.058883316814899445,0.14693529903888702,0.41292333602905273,6.621959619224072e-05,0.9947773218154907,-0.0026298356242477894,-0.0005448922165669501,-14.365233421325684,271000
186.09048461914062,572.9293823242188,575.5635375976562,147.44908142089844,-574.9822998046875,-571.498046875,-6.873429298400879,3.3891353607177734,0.06217142567038536,-0.141830176115036,0.41106098890304565,2.1316634956747293e-05,0.9957027435302734,-0.00215923972427845,0.0,-14.523259162902832,272000
36.25532150268555,574.936767578125,577.5082397460938,447.52569580078125,-577.7227783203125,-574.3828735351562,-6.410980224609375,3.071073055267334,0.06479320675134659,0.3966701030731201,0.4071562886238098,0.00022628217993769795,0.994438886642456,-0.0028141322545707226,-0.0011524305446073413,-13.5087890625,273000
7.7525248527526855,576.311279296875,578.8892822265625,564.0208129882812,-578.8128662109375,-575.26953125,-6.802692413330078,3.25933575630188,0.05733594670891762,0.14070960879325867,0.40877068042755127,1.7570135241840035e-05,0.9961621761322021,-0.0019351461669430137,-0.000368880748283118,-14.443016052246094,274000
8.150020599365234,576.767578125,579.4683837890625,549.6121826171875,-579.3206787109375,-575.9271240234375,-6.827085494995117,3.4335389137268066,0.05797933414578438,0.007248952053487301,0.4080235958099365,8.848447760101408e-05,0.9960988759994507,-0.0019614340271800756,-0.0007684623706154525,-14.302780151367188,275000
6.803515434265137,577.8212890625,580.2490844726562,572.2235717773438,-580.5137939453125,-576.9166259765625,-7.43759822845459,3.8404572010040283,0.053571078926324844,-0.4445171356201172,0.4054478108882904,1.110489756683819e-05,0.9962193965911865,-0.0019083963707089424,-0.00031717336969450116,-15.811376571655273,276000
761.897216796875,579.3994140625,582.017578125,241.57493591308594,-582.1253662109375,-578.7781372070312,-6.652275085449219,3.305084228515625,0.05979115888476372,-0.04751192778348923,0.4064326286315918,0.00017359161574859172,0.9892538189888,-0.008538021706044674,-0.007172982674092054,-14.31787395477295,277000
6.7309675216674805,579.5191040039062,582.2072143554688,568.9458618164062,-581.913818359375,-578.40185546875,-6.89204216003418,3.3800716400146484,0.05952316150069237,0.010380135849118233,0.40257444977760315,9.763836715137586e-06,0.9971420168876648,-0.0014338493347167969,0.0,-14.705236434936523,278000
9.9822359085083,580.5504760742188,583.0521850585938,562.7550659179688,-582.9874877929688,-579.4678955078125,-6.85189151763916,3.3322527408599854,0.05907793715596199,0.05623232200741768,0.4040079116821289,1.949774377862923e-05,0.9964504837989807,-0.0017844291869550943,0.0,-14.515327453613281,279000
10.617337226867676,582.5523681640625,584.4732666015625,556.1611328125,-585.1531982421875,-581.5691528320312,-7.066621780395508,3.4825947284698486,0.0559355728328228,-0.13496211171150208,0.40289637446403503,5.252944447420305e-06,0.9977457523345947,-0.0011297514429315925,0.0,-15.09524917602539,280000
6.809546947479248,584.4681396484375,586.5696411132812,581.94091796875,-587.199951171875,-583.749267578125,-6.894327640533447,3.44368314743042,0.05642615258693695,-0.03072577901184559,0.40485525131225586,5.588585281657288e-06,0.9975621104240417,-0.001221722224727273,0.0,-14.800897598266602,281000
12.490537643432617,583.8870239257812,586.91650390625,554.0446166992188,-586.0731811523438,-582.736083984375,-7.046774864196777,3.7096729278564453,0.05772576108574867,-0.14721503853797913,0.4038645923137665,0.00015527239884249866,0.9966307878494263,-0.0016974561149254441,-0.001105146249756217,-15.095054626464844,282000
10.81440258026123,584.682861328125,585.8463134765625,552.9412841796875,-587.5225830078125,-584.0301513671875,-6.749961853027344,3.257497787475586,0.06136190891265869,0.2029002159833908,0.40251296758651733,0.0002325673558516428,0.9967962503433228,-0.0016109724529087543,-0.0009446867043152452,-14.400803565979004,283000
9.909339904785156,585.0389404296875,587.5374755859375,561.1748046875,-587.4202270507812,-583.9791259765625,-6.946457386016846,3.5053629875183105,0.05879244953393936,-0.029266560450196266,0.396973192691803,0.0004401951446197927,0.9955941438674927,-0.002213219180703163,-0.0014448035508394241,-14.91811752319336,284000
204.47100830078125,586.4039306640625,589.1897583007812,232.94639587402344,-589.4141235351562,-586.0703125,-6.781622409820557,3.4378273487091064,0.058726415038108826,-0.14827217161655426,0.3971501290798187,6.480516458395869e-05,0.9877876043319702,-0.01007878314703703,-0.007997535169124603,-14.679485321044922,285000
695.7341918945312,588.1859130859375,591.647705078125,102.79163360595703,-589.9503784179688,-586.941162109375,-6.378159046173096,3.368936777114868,0.06569737941026688,0.16754528880119324,0.39775511622428894,7.850974361645058e-05,0.9893906712532043,-0.008739029988646507,-0.007061079144477844,-14.024721145629883,286000
1193.3272705078125,590.3583984375,592.662353515625,521.8776245117188,-590.970703125,-587.671875,-6.478115558624268,3.179238796234131,0.059874605387449265,0.19839885830879211,0.3988893926143646,0.00020619890710804611,0.9865505695343018,-0.011269224807620049,-0.008039565756917,-14.157371520996094,287000
8.052888870239258,590.432861328125,593.8855590820312,572.1287841796875,-592.6168212890625,-589.1386108398438,-7.24439811706543,3.766164541244507,0.05036023259162903,-0.43761301040649414,0.3964656591415405,6.589021722902544e-06,0.9972676634788513,-0.0013694410445168614,0.0,-15.740949630737305,288000
727.5366821289062,590.7039184570312,593.6021118164062,153.2821502685547,-593.4349975585938,-590.333740234375,-6.508572101593018,3.4072866439819336,0.06026181951165199,-0.022816091775894165,0.3975508213043213,0.0018485498148947954,0.9896355867385864,-0.006445411592721939,-0.008229950442910194,-14.333976745605469,289000
43.387657165527344,593.1492919921875,595.8078002929688,450.761962890625,-595.0423583984375,-591.8031616210938,-6.561123371124268,3.321883201599121,0.05986575409770012,0.06329486519098282,0.3989707827568054,0.0006525706266984344,0.9938457012176514,-0.0031667854636907578,-0.0023899790830910206,-14.433356285095215,290000
8.151944160461426,592.9388427734375,595.4200439453125,579.87353515625,-595.1567993164062,-591.9207153320312,-6.717568874359131,3.4815022945404053,0.05561581999063492,-0.16440556943416595,0.39330288767814636,0.00021239359921310097,0.9943829774856567,-0.0028716344386339188,-0.0014972438802942634,-14.739398956298828,291000
5.964400291442871,593.771484375,595.0443725585938,590.9030151367188,-596.5656127929688,-593.1728515625,-6.586934566497803,3.194162130355835,0.05732463300228119,0.13168928027153015,0.3942157030105591,6.13458723819349e-06,0.9974437952041626,-0.00128115841653198,0.0,-14.44324016571045,292000
689.6592407226562,593.4081420898438,597.1148071289062,67.78843688964844,-594.2431030273438,-590.8846435546875,-6.661235332489014,3.302774667739868,0.06365947425365448,-0.23398800194263458,0.39728277921676636,1.1323158105369657e-05,0.9905935525894165,-0.008486615493893623,-0.007120819296687841,-14.798696517944336,293000
6.795604705810547,595.5856323242188,598.1837768554688,591.132080078125,-597.9349365234375,-594.6705322265625,-6.260252952575684,2.9958600997924805,0.05785742402076721,0.2722366154193878,0.39277899265289307,2.0276482246117666e-05,0.9954909086227417,-0.002264630515128374,0.0,-13.8262939453125,294000
123.21302032470703,595.9127807617188,598.828369140625,341.599853515625,-598.35009765625,-595.2464599609375,-6.474119186401367,3.370497465133667,0.059660885483026505,-0.02312716469168663,0.39622828364372253,0.0009469595970585942,0.9872609376907349,-0.009277447126805782,-0.009230701252818108,-14.460596084594727,295000
6.6842498779296875,597.433349609375,599.466796875,592.682861328125,-600.0050048828125,-596.650634765625,-6.860963344573975,3.50657320022583,0.05905657634139061,-0.13135454058647156,0.39308053255081177,0.0002522020658943802,0.9943625926971436,-0.002953432034701109,-0.0020372008439153433,-15.089792251586914,296000
206.0294952392578,598.662353515625,601.359130859375,485.4574279785156,-600.9482421875,-597.9661865234375,-6.405635356903076,3.4235661029815674,0.06053760647773743,0.0833197683095932,0.39571428298950195,0.0003685306292027235,0.9877839684486389,-0.009964709170162678,-0.007270423695445061,-14.24577522277832,297000
6.318820953369141,601.2428588867188,604.2152099609375,591.6207275390625,-603.4251098632812,-600.12060546875,-6.477015018463135,3.172506332397461,0.05749193951487541,0.18887551128864288,0.3921296000480652,7.542120874859393e-05,0.9934383034706116,-0.0033418284729123116,-0.00032142471172846854,-14.336115837097168,298000
5.794682025909424,602.8471069335938,605.4144287109375,597.1177978515625,-605.2644653320312,-601.9451293945312,-6.678348064422607,3.3589978218078613,0.057189177721738815,-0.293996661901474,0.3902266025543213,2.2520966012962162e-05,0.9966652989387512,-0.0016748674679547548,-0.00017206576012540609,-14.763711929321289,299000
7.676370620727539,603.0322875976562,605.5032348632812,593.8665161132812,-605.2659301757812,-602.0306396484375,-6.613227367401123,3.377931833267212,0.05434270575642586,0.03232218325138092,0.3894772529602051,1.3108025086694397e-05,0.9975426197052002,-0.0012360396794974804,-2.3105112632038072e-05,-14.653486251831055,300000
7.520269870758057,603.0548706054688,605.7890014648438,593.5535888671875,-605.1591186523438,-601.9365234375,-6.399521350860596,3.1769356727600098,0.057194147258996964,0.18531934916973114,0.38927918672561646,1.7022699466906488e-05,0.9965876340866089,-0.001714650890789926,0.0,-14.299810409545898,301000
241.33489990234375,601.46533203125,605.1578979492188,117.34014892578125,-603.466552734375,-600.31103515625,-6.673375129699707,3.5178723335266113,0.06000784412026405,-0.3455158472061157,0.3852570354938507,0.0007299822173081338,0.9900839328765869,-0.009334067814052105,-0.010158712044358253,-15.114144325256348,302000
300.6559143066406,600.8546142578125,604.339111328125,237.6931610107422,-602.325927734375,-599.453369140625,-6.1964192390441895,3.323873281478882,0.059348512440919876,0.07780153304338455,0.38683661818504333,0.0054766167886555195,0.983418345451355,-0.016867421567440033,-0.010611707344651222,-14.164055824279785,303000
7.2771806716918945,601.8818359375,604.1245727539062,589.1587524414062,-604.3301391601562,-601.0895385742188,-6.222214221954346,2.9816412925720215,0.06437757611274719,0.16846203804016113,0.383976012468338,0.0004679765261244029,0.9976053833961487,-0.0012042694725096226,-0.0025394584517925978,-13.890398979187012,304000
14.553287506103516,600.9271240234375,603.9359130859375,582.5474853515625,-602.823974609375,-599.606689453125,-6.492631435394287,3.2753353118896484,0.05764336138963699,0.019568562507629395,0.38718381524086,9.629177657188848e-05,0.9969761967658997,-0.0015188539400696754,-0.0007191038457676768,-14.503374099731445,305000
28.181848526000977,600.828369140625,603.5490112304688,506.0903625488281,-602.689208984375,-599.437744140625,-6.543222904205322,3.2917227745056152,0.05802135914564133,0.02695946767926216,0.3886071443557739,0.0007138114306144416,0.9905037879943848,-0.00696413591504097,-0.003451975528150797,-14.674066543579102,306000
8.546180725097656,600.443359375,603.0895385742188,584.4845581054688,-602.3081665039062,-599.19091796875,-6.537566184997559,3.420275926589966,0.05595221370458603,-0.055468879640102386,0.3871005177497864,3.600540367187932e-05,0.9946040511131287,-0.0027158099692314863,0.0,-14.709731101989746,307000
10.03280258178711,599.8497314453125,602.0900268554688,580.9871826171875,-601.870361328125,-598.7686767578125,-6.3109307289123535,3.209240674972534,0.057556238025426865,0.1677149087190628,0.38789406418800354,9.025281178764999e-05,0.9935195446014404,-0.00328419404104352,0.0,-14.189624786376953,308000
27.830759048461914,600.151611328125,602.7941284179688,460.9399108886719,-602.1871337890625,-599.03076171875,-6.314634323120117,3.158281087875366,0.06276576220989227,0.25338849425315857,0.385002464056015,0.0006537312874570489,0.9883357286453247,-0.007881962694227695,-0.0035218375269323587,-14.320186614990234,309000
6.869011878967285,601.739013671875,604.1998901367188,594.1549072265625,-603.8786010742188,-600.8226318359375,-6.30194091796875,3.245943784713745,0.05824796110391617,0.10332886129617691,0.38488247990608215,0.000427857565227896,0.9901238679885864,-0.005693754646927118,-0.002250787103548646,-14.438879013061523,310000
16.85039710998535,603.817626953125,606.0088500976562,526.407470703125,-606.015625,-602.8084716796875,-6.2487359046936035,3.0415830612182617,0.0604097843170166,0.11772724241018295,0.38348886370658875,0.00022353506938088685,0.9938072562217712,-0.0032230247743427753,-0.001776040531694889,-14.242792129516602,311000
6.53690242767334,604.558349609375,606.6458740234375,592.5230712890625,-606.9254760742188,-603.7840576171875,-6.46889591217041,3.3274245262145996,0.057292740792036057,0.051146212965250015,0.38038137555122375,0.0017372368602082133,0.9887598752975464,-0.00861629843711853,-0.00430753268301487,-14.727176666259766,312000
9.322042465209961,607.1168212890625,609.6378173828125,599.2304077148438,-609.5751342773438,-606.4468383789062,-6.036376476287842,2.9081029891967773,0.06113743782043457,0.2665673494338989,0.38325929641723633,0.00033674659789539874,0.9956251382827759,-0.002208774909377098,-0.0018229770939797163,-13.751461029052734,313000
24.279895782470703,608.9923706054688,611.1921997070312,557.259521484375,-610.9686279296875,-608.0499877929688,-5.761737823486328,2.843104839324951,0.0669601783156395,0.43791571259498596,0.38157594203948975,0.0014342956710606813,0.9907955527305603,-0.007764844223856926,-0.009670309722423553,-13.255422592163086,314000
5.44197940826416,610.7110595703125,612.3068237304688,604.9758911132812,-613.3988037109375,-610.105224609375,-6.314519882202148,3.0209615230560303,0.05943687632679939,0.17377233505249023,0.38011208176612854,8.221531970775686e-06,0.9970366954803467,-0.0014857256319373846,0.0,-14.319893836975098,315000
23.088638305664062,611.7032470703125,613.3011474609375,490.55206298828125,-614.243896484375,-611.0841064453125,-6.432177543640137,3.2723846435546875,0.059786874800920486,-0.10265592485666275,0.3834763169288635,0.001990474760532379,0.9884994029998779,-0.007682982832193375,-0.002982599660754204,-14.719308853149414,316000
284.6307067871094,612.6087036132812,615.0374145507812,203.0581512451172,-615.3257446289062,-612.1708374023438,-6.555774211883545,3.400866985321045,0.05869343504309654,-0.22256441414356232,0.3817141354084015,6.954444688744843e-05,0.989928126335144,-0.007891209796071053,-0.005472805816680193,-15.036399841308594,317000
6.786145210266113,614.4442749023438,616.3815307617188,608.9346923828125,-616.6528930664062,-613.5551147460938,-6.325805187225342,3.2280452251434326,0.05628509446978569,0.07886740565299988,0.3806067407131195,3.478420330793597e-05,0.9942828416824341,-0.0028758160769939423,0.0,-14.515643119812012,318000
118.8619384765625,613.7757568359375,616.074951171875,369.0646667480469,-615.2792358398438,-612.2067260742188,-6.619827747344971,3.547311782836914,0.05559081956744194,-0.15152452886104584,0.3814159035682678,0.00018972302495967597,0.9873918890953064,-0.009653754532337189,-0.0064734965562820435,-15.19206714630127,319000
253.02536010742188,613.8258056640625,616.6285400390625,409.53387451171875,-615.8486328125,-612.8968505859375,-5.890282154083252,2.93845534324646,0.06165217608213425,0.17002490162849426,0.3756309151649475,0.00021245263633318245,0.9901516437530518,-0.009323463775217533,-0.0069074793718755245,-13.815546035766602,320000
737.6486206054688,612.410888671875,615.8479614257812,28.765317916870117,-613.6900024414062,-610.6510620117188,-6.060910701751709,3.0219788551330566,0.06174398958683014,0.03031310997903347,0.3774268627166748,5.368022539187223e-05,0.9911753535270691,-0.008369915187358856,-0.007020221091806889,-14.104196548461914,321000
7.178591251373291,613.0859375,615.2778930664062,598.891845703125,-615.4096069335938,-612.3206787109375,-6.254167556762695,3.1652090549468994,0.057685256004333496,0.11060189455747604,0.37472495436668396,8.473193156532943e-05,0.996821403503418,-0.001604346907697618,-0.0006453164969570935,-14.321504592895508,322000
872.557373046875,610.934326171875,614.8748168945312,230.21075439453125,-611.6373291015625,-608.66845703125,-6.21457576751709,3.2457308769226074,0.06141873076558113,-0.18692591786384583,0.376760333776474,0.002443896606564522,0.9877877235412598,-0.008561857044696808,-0.010050436481833458,-14.600210189819336,323000
7.535196304321289,612.04345703125,614.5350341796875,594.34228515625,-614.1739501953125,-611.0940551757812,-6.199938774108887,3.1200273036956787,0.056573279201984406,0.1128685474395752,0.37458547949790955,4.267945041647181e-05,0.9949148297309875,-0.0025636532809585333,0.0,-14.383590698242188,324000
37.252174377441406,610.2718505859375,613.1451416015625,481.0271301269531,-612.4633178710938,-609.3424072265625,-6.226118087768555,3.1052448749542236,0.06175191327929497,-0.07860363274812698,0.37243354320526123,0.00032973106135614216,0.9968640804290771,-0.0015882377047091722,-0.0014709880342707038,-14.384082794189453,325000
15.444080352783203,609.0266723632812,611.7033081054688,574.8390502929688,-610.9368896484375,-607.7615966796875,-6.7009992599487305,3.5256922245025635,0.05427132919430733,-0.375455379486084,0.3688158094882965,2.8582562663359568e-06,0.9985123872756958,-0.0007452205754816532,0.0,-15.533937454223633,326000
350.2139587402344,606.1531982421875,610.6185913085938,243.8397216796875,-606.9400024414062,-603.836181640625,-6.378127574920654,3.2742910385131836,0.0603201799094677,-0.21923266351222992,0.3716377019882202,0.0011001747334375978,0.9955500364303589,-0.0024049754720181227,-0.004682961385697126,-14.898759841918945,327000
12.724743843078613,607.0421142578125,609.4506225585938,535.4752197265625,-609.2867431640625,-606.246337890625,-6.0585527420043945,3.0180983543395996,0.06000034883618355,0.26004675030708313,0.37095195055007935,0.0022899452596902847,0.9972623586654663,-0.001401442103087902,-0.00476321903988719,-14.153627395629883,328000
100.79483795166016,606.2052612304688,609.39111328125,301.15814208984375,-607.9365844726562,-604.9322509765625,-6.361179351806641,3.3568973541259766,0.058015670627355576,-0.1160835325717926,0.3729690909385681,1.4388371710083447e-05,0.9910019636154175,-0.007208131719380617,-0.005839894060045481,-14.938663482666016,329000
29.107830047607422,605.8681640625,608.9012451171875,480.3819885253906,-608.0123291015625,-604.8799438476562,-6.421542644500732,3.289201498031616,0.05863044410943985,-0.29508882761001587,0.37192776799201965,0.001475039985962212,0.9884717464447021,-0.010377212427556515,-0.005625519435852766,-15.171266555786133,330000
25.148643493652344,607.8380126953125,610.2254638671875,488.1416320800781,-609.5656127929688,-606.5916137695312,-5.96108865737915,2.9870338439941406,0.06061417981982231,0.10081874579191208,0.37275078892707825,0.00011122714204248041,0.989295482635498,-0.008334588259458542,-0.00684228865429759,-14.102032661437988,331000
1188.474853515625,605.863525390625,610.229736328125,11.374063491821289,-606.1940307617188,-603.515380859375,-5.811694145202637,3.133035659790039,0.0638982281088829,0.011401625350117683,0.3704069256782532,0.007974958047270775,0.9843571186065674,-0.013524589128792286,-0.017969410866498947,-14.203004837036133,332000
715.4834594726562,608.152099609375,611.2814331054688,18.040973663330078,-608.8201293945312,-606.0675048828125,-5.773752689361572,3.0211222171783447,0.06100914627313614,0.2532334625720978,0.3743516206741333,0.0004842256603296846,0.9822490215301514,-0.01329108141362667,-0.008798769675195217,-13.819668769836426,333000
17.265716552734375,610.8577270507812,612.1185302734375,527.0231323242188,-613.09423828125,-609.9222412109375,-6.306686878204346,3.134727716445923,0.060778141021728516,-0.07899995148181915,0.3688477873802185,0.0006217890186235309,0.9908795356750488,-0.005679324734956026,-0.0019879972096532583,-14.931939125061035,334000
5.675008296966553,613.3333740234375,614.9580688476562,600.653564453125,-615.7534790039062,-612.639404296875,-6.163148403167725,3.049069881439209,0.05804041400551796,0.11534131318330765,0.3661004602909088,2.925309308920987e-05,0.9968958497047424,-0.0015665254322811961,0.0,-14.556002616882324,335000
6.541040897369385,615.08544921875,617.0257568359375,603.6739501953125,-617.3067626953125,-614.2384033203125,-5.933200359344482,2.864858627319336,0.05754930153489113,0.1702875941991806,0.3640837073326111,6.767323793610558e-05,0.9972747564315796,-0.001386837800964713,-0.0005873256595805287,-13.959973335266113,336000
1008.6376953125,613.5906372070312,617.689208984375,122.48613739013672,-614.852294921875,-612.2077026367188,-5.539901256561279,2.895354747772217,0.06745559722185135,0.22024188935756683,0.3664451539516449,0.005605428945273161,0.9842938184738159,-0.015208280645310879,-0.021111570298671722,-13.618696212768555,337000
5.804782867431641,616.3052978515625,618.675048828125,608.9395141601562,-618.6370239257812,-615.4658813476562,-6.312923908233643,3.1417627334594727,0.056849103420972824,-0.0452946312725544,0.3646170496940613,2.7598267479334027e-05,0.9981347322463989,-0.000946137064602226,0.0,-14.99798583984375,338000
265.58135986328125,617.3304443359375,620.868408203125,124.55970001220703,-618.7028198242188,-615.7879028320312,-6.002627372741699,3.0877058506011963,0.05996774137020111,-0.08802513033151627,0.3647150993347168,0.00024119523004628718,0.9893871545791626,-0.008519809693098068,-0.007835573516786098,-14.324416160583496,339000
212.751953125,617.5813598632812,621.23583984375,219.7436981201172,-619.2296142578125,-616.325439453125,-5.988775730133057,3.0845658779144287,0.06333357840776443,-0.13762764632701874,0.3663986623287201,0.00020719939493574202,0.9856202602386475,-0.012615513056516647,-0.012143068015575409,-14.656543731689453,340000
977.3453979492188,618.47412109375,621.974609375,300.8454284667969,-619.6478881835938,-616.6033935546875,-6.315725803375244,3.271258592605591,0.056150514632463455,-0.25371482968330383,0.35976049304008484,0.00040843774331733584,0.9911394119262695,-0.005295861512422562,-0.001979290507733822,-15.081026077270508,341000
7.301275253295898,619.887451171875,622.8969116210938,609.0064697265625,-621.7618408203125,-618.7254638671875,-6.213506698608398,3.1771464347839355,0.05511470511555672,-0.08909431099891663,0.35886839032173157,7.689712947467342e-05,0.9953680038452148,-0.002350596943870187,-0.00015589597751386464,-14.870250701904297,342000
16.067596435546875,620.2857666015625,622.7620849609375,588.4918212890625,-622.1445922851562,-619.1476440429688,-5.956572532653809,2.9595980644226074,0.059901293367147446,0.04275229945778847,0.36280426383018494,0.0010241832351312041,0.9904494285583496,-0.008982519619166851,-0.005552364978939295,-14.331729888916016,343000
279.8072509765625,617.8126220703125,622.0865478515625,270.0101623535156,-619.1126098632812,-616.5164184570312,-5.810235977172852,3.214071273803711,0.06397491693496704,-0.08997457474470139,0.36346450448036194,0.003362286137416959,0.9813300967216492,-0.017489640042185783,-0.02295468933880329,-14.395934104919434,344000
16.488117218017578,618.6766967773438,621.7144775390625,546.9605712890625,-620.642822265625,-617.779052734375,-6.0006327629089355,3.1368613243103027,0.062125109136104584,0.0842704102396965,0.3628940284252167,0.00027083157328888774,0.9907229542732239,-0.007885226048529148,-0.006704202387481928,-14.510947227478027,345000
8.754910469055176,619.0087890625,621.0912475585938,601.3091430664062,-621.0025024414062,-617.822509765625,-6.090813159942627,2.910851240158081,0.05822131410241127,0.058600544929504395,0.36315232515335083,8.885586794349365e-06,0.9973220229148865,-0.0013434134889394045,0.0,-14.645757675170898,346000
9.188607215881348,618.5460815429688,621.1705322265625,594.7298583984375,-620.701171875,-617.52880859375,-6.134188175201416,2.9618444442749023,0.058300331234931946,-0.05983496829867363,0.3586503267288208,1.2013349987682886e-05,0.9967288970947266,-0.0016415503341704607,0.0,-14.739570617675781,347000
6.971302509307861,620.0523681640625,622.2587890625,605.4784545898438,-622.1107788085938,-619.031494140625,-6.331394672393799,3.2521297931671143,0.05495787411928177,-0.27402541041374207,0.35977882146835327,7.698814442846924e-05,0.9958077669143677,-0.0021110838279128075,-0.0004268367774784565,-15.207742691040039,348000
6.939085483551025,621.1361083984375,623.7551879882812,608.1212158203125,-623.2894897460938,-620.1446533203125,-6.155667304992676,3.010796070098877,0.05634946748614311,-0.056356318295001984,0.3589145243167877,3.710797682288103e-05,0.9960256814956665,-0.002000348875299096,-0.0002026282309088856,-14.7826509475708,349000
6.953901767730713,621.891357421875,624.23095703125,607.0842895507812,-624.1145629882812,-621.106689453125,-5.9184064865112305,2.91050386428833,0.059382643550634384,0.1719931960105896,0.359241783618927,0.0001951328304130584,0.992255687713623,-0.003966180607676506,0.0,-14.260162353515625,350000
68.73216247558594,623.1861572265625,625.98046875,614.8330688476562,-624.8583984375,-621.85400390625,-5.92059326171875,2.916208028793335,0.06102386489510536,0.12894348800182343,0.3589438498020172,0.0007493118173442781,0.9938169121742249,-0.003414732404053211,-0.000916928518563509,-14.371301651000977,351000
6.4039387702941895,624.410888671875,626.8076171875,611.9805908203125,-626.28125,-623.341064453125,-5.61038875579834,2.670231342315674,0.06146542355418205,0.4469895362854004,0.3577355444431305,0.000134472458739765,0.995018482208252,-0.002613200806081295,-0.0003051703388337046,-13.540510177612305,352000
6.004317760467529,625.139404296875,627.4154663085938,612.8176879882812,-627.3927001953125,-624.3839111328125,-6.1298747062683105,3.121116876602173,0.0553913414478302,-0.06849102675914764,0.3583339750766754,1.7051133909262717e-05,0.9965953230857849,-0.001710814656689763,0.0,-14.955804824829102,353000
219.2027587890625,625.7647705078125,629.2633056640625,169.35231018066406,-627.4533081054688,-624.6767578125,-5.73016357421875,2.9535834789276123,0.058163922280073166,0.037416934967041016,0.3565615713596344,0.001568500534631312,0.9886995553970337,-0.009284275583922863,-0.009250487200915813,-14.137939453125,354000
6.584332466125488,627.5556030273438,629.9105224609375,608.1027221679688,-629.5643920898438,-626.58984375,-5.9643731117248535,2.989799976348877,0.060051169246435165,0.131119042634964,0.35519692301750183,0.0001384826173307374,0.9948645830154419,-0.00259680044837296,-0.000580634456127882,-14.582033157348633,355000
7.587441921234131,628.6087646484375,631.0887451171875,613.10693359375,-630.5985717773438,-627.54345703125,-6.21640157699585,3.161327362060547,0.05521572381258011,-0.1326390504837036,0.35600021481513977,0.0006978248711675406,0.9969430565834045,-0.001535290852189064,-0.001712985336780548,-15.163871765136719,356000
5.385005950927734,629.9818115234375,632.600830078125,623.6132202148438,-631.7003784179688,-628.760986328125,-5.739414691925049,2.8000495433807373,0.0577944852411747,0.1738121211528778,0.35602235794067383,0.00010074257443193346,0.9958915114402771,-0.002102759201079607,0.0,-14.045063018798828,357000
5.913933753967285,631.7113647460938,634.032958984375,619.8755493164062,-634.0015869140625,-630.818359375,-6.288241386413574,3.1050713062286377,0.055606693029403687,-0.2125759869813919,0.35459887981414795,8.075654477579519e-06,0.9981703162193298,-0.000918870500754565,0.0,-15.456390380859375,358000
7.772971153259277,632.475830078125,635.0908203125,620.3222045898438,-634.3450927734375,-631.2308349609375,-6.020401954650879,2.9061479568481445,0.056794557720422745,-0.10270816832780838,0.35249948501586914,0.0005291629931889474,0.9977312684059143,-0.0011443155817687511,-0.0016093529993668199,-14.836675643920898,359000
532.7772216796875,632.154541015625,635.4576416015625,25.162202835083008,-633.9060668945312,-631.1259155273438,-5.820778846740723,3.0406270027160645,0.06029259413480759,-0.15626133978366852,0.354015052318573,0.0003714309714268893,0.9908966422080994,-0.009150429628789425,-0.009179697372019291,-14.625934600830078,360000
484.3589782714844,634.5778198242188,637.0496826171875,250.64923095703125,-635.5925903320312,-632.986572265625,-5.733994960784912,3.1280112266540527,0.058107249438762665,-0.04311615601181984,0.35411253571510315,0.0026299175806343555,0.9896684885025024,-0.00999187957495451,-0.012017604894936085,-14.219220161437988,361000
5.027588367462158,637.47509765625,638.704345703125,629.6817016601562,-639.8111572265625,-636.8609008789062,-6.194626808166504,3.2443759441375732,0.056024353951215744,-0.28756698966026306,0.3482503890991211,0.0001636079978197813,0.9949135780334473,-0.002688848413527012,-0.0003236730699427426,-15.307734489440918,362000
6.219310283660889,638.5379638671875,640.8292236328125,630.2267456054688,-640.7395629882812,-637.75146484375,-6.172916412353516,3.1848018169403076,0.05668317899107933,-0.11274286359548569,0.35209906101226807,3.5441178624751046e-05,0.996350884437561,-0.0018419898115098476,0.0,-15.196582794189453,363000
22.95245361328125,640.34033203125,642.60107421875,632.5923461914062,-642.1793212890625,-639.185302734375,-5.887670516967773,2.893655776977539,0.056807227432727814,-0.022304488345980644,0.35134708881378174,6.529671372845769e-05,0.997054934501648,-0.0014812315348535776,-0.00043978160829283297,-14.566065788269043,364000
5.875519275665283,641.1278076171875,643.1929321289062,629.986328125,-643.0615844726562,-640.0523681640625,-5.99945068359375,2.990208148956299,0.05631323531270027,-0.042178865522146225,0.3436048924922943,1.390525903843809e-05,0.9972071647644043,-0.00140331219881773,0.0,-14.79466724395752,365000
6.045158386230469,642.1328735351562,644.3201904296875,630.7437133789062,-643.9498901367188,-641.0879516601562,-5.768807411193848,2.906836748123169,0.059279583394527435,0.13772991299629211,0.348280668258667,1.3304077583597973e-05,0.996934175491333,-0.0015395523514598608,0.0,-14.31010913848877,366000
91.15362548828125,642.161865234375,645.311279296875,460.1921081542969,-643.919189453125,-641.3076171875,-5.3151068687438965,2.7035508155822754,0.06446848064661026,0.26541760563850403,0.34669095277786255,0.0011940416879951954,0.9825549125671387,-0.017303645610809326,-0.012607206590473652,-13.693083763122559,367000
702.2918090820312,642.7713623046875,645.982177734375,34.49420928955078,-643.6195068359375,-640.7908935546875,-5.789353847503662,2.96077561378479,0.05822914466261864,0.03379843011498451,0.34828799962997437,0.0005434615886770189,0.9894158840179443,-0.008699877187609673,-0.007991998456418514,-14.586484909057617,368000
4.508843421936035,645.2022705078125,647.2520141601562,638.788330078125,-647.2607421875,-644.2889404296875,-5.910502910614014,2.9387104511260986,0.0577128604054451,-0.007717278320342302,0.350143700838089,0.00011980124691035599,0.9945105314254761,-0.0028667463921010494,-0.0014906167052686214,-14.805076599121094,369000
6.226815223693848,647.5487060546875,650.2637939453125,644.5640258789062,-649.2949829101562,-646.37646484375,-5.755914211273193,2.8373992443084717,0.05754147097468376,0.13452108204364777,0.3447277843952179,3.788254252867773e-05,0.997320294380188,-0.001345464843325317,-0.00035609156475402415,-14.470083236694336,370000
7.99113655090332,648.0364990234375,650.3534545898438,615.1889038085938,-650.0398559570312,-647.1817626953125,-5.499566078186035,2.64145827293396,0.061599452048540115,0.24410411715507507,0.3465222418308258,4.3300940888002515e-05,0.9963074922561646,-0.0018597021698951721,-0.0004995939088985324,-13.91877555847168,371000
6.083847999572754,647.8514404296875,649.3381958007812,638.8412475585938,-650.1765747070312,-647.2861938476562,-5.638596057891846,2.748251438140869,0.056937288492918015,0.10852613300085068,0.34411942958831787,3.0771854653721675e-05,0.9955853223800659,-0.0022225850261747837,0.0,-14.164254188537598,372000
6.144107818603516,648.927978515625,651.0020751953125,645.0300903320312,-651.2837524414062,-648.3450927734375,-5.880435466766357,2.9417691230773926,0.05440438538789749,0.06869465857744217,0.3469548523426056,0.00015461421571671963,0.9962611198425293,-0.0018786597065627575,-0.0007836571312509477,-14.655259132385254,373000
80.34027099609375,649.0626220703125,651.743408203125,637.74560546875,-650.6474609375,-647.788330078125,-5.976640224456787,3.117516279220581,0.05611317232251167,-0.17233891785144806,0.34790486097335815,0.00037263278500176966,0.9938207864761353,-0.003150070318952203,-0.0012709040893241763,-14.889091491699219,374000
863.8414306640625,648.5402221679688,651.6072387695312,112.87974548339844,-649.9745483398438,-647.3604736328125,-5.42766809463501,2.813588857650757,0.06439981609582901,0.13050591945648193,0.3445037603378296,0.002684962935745716,0.9878629446029663,-0.008994754403829575,-0.01139858365058899,-13.883855819702148,375000
6.017723083496094,649.833251953125,651.9852905273438,644.1178588867188,-651.6678466796875,-648.7343139648438,-5.6887736320495605,2.755239963531494,0.05929349362850189,0.11752823740243912,0.34540730714797974,2.1603269487968646e-05,0.9963767528533936,-0.0018223007209599018,0.0,-14.303373336791992,376000
590.5484619140625,648.1143188476562,652.3023681640625,188.71041870117188,-650.2574462890625,-647.7607421875,-5.298566818237305,2.8018829822540283,0.06527920067310333,0.1331697702407837,0.33928924798965454,0.0006752694025635719,0.984563946723938,-0.01749030128121376,-0.018030408769845963,-13.810338020324707,377000
365.4527587890625,648.7615356445312,651.2352905273438,218.69354248046875,-650.547607421875,-647.8677978515625,-5.791584491729736,3.1117734909057617,0.05812577158212662,-0.24198393523693085,0.34081894159317017,0.000718148541636765,0.9864491820335388,-0.011067420244216919,-0.009199769236147404,-14.915149688720703,378000
70.18331909179688,649.1265869140625,652.0855102539062,488.21990966796875,-650.6463623046875,-648.0487060546875,-5.303433418273926,2.7057547569274902,0.06378908455371857,0.20697975158691406,0.3403717875480652,0.001905642682686448,0.9754103422164917,-0.018007228150963783,-0.0158288162201643,-13.780244827270508,379000
241.58897399902344,649.8284912109375,653.1157836914062,297.4199523925781,-651.998046875,-649.2276611328125,-5.977689266204834,3.2072813510894775,0.05334392189979553,-0.3318862020969391,0.34498438239097595,0.0008412189781665802,0.9893218874931335,-0.006982170976698399,-0.005043921526521444,-15.473617553710938,380000
6.17790412902832,650.6160888671875,652.7822875976562,638.4677734375,-652.7222900390625,-649.7959594726562,-5.750976085662842,2.8246705532073975,0.059452563524246216,-0.02601972594857216,0.3396546542644501,0.0003444156318437308,0.9962819814682007,-0.0018678721971809864,-0.0011403131065890193,-14.745849609375,381000
823.6582641601562,648.4879150390625,651.8943481445312,67.82097625732422,-649.6560668945312,-647.0940551757812,-5.402247905731201,2.84023380279541,0.059538938105106354,0.06870553642511368,0.3389338552951813,0.0005415023770183325,0.9883785247802734,-0.010844750329852104,-0.00981441792100668,-13.97500991821289,382000
869.0852661132812,646.8966064453125,650.4448852539062,25.64466667175293,-647.53466796875,-644.9581298828125,-5.248808860778809,2.6722571849823,0.06159090995788574,0.24385645985603333,0.3428065776824951,0.0015978863229975104,0.9862080216407776,-0.010917897336184978,-0.012548090890049934,-13.743634223937988,383000
236.0107879638672,647.4640502929688,650.31494140625,481.7074279785156,-649.107666015625,-646.3443603515625,-5.605629920959473,2.842367649078369,0.060374848544597626,-0.05208966135978699,0.34040358662605286,0.004034337121993303,0.988154411315918,-0.010836374014616013,-0.004388194065541029,-14.48820686340332,384000
476.4060363769531,647.2453002929688,650.9009399414062,153.63812255859375,-649.403564453125,-646.6068115234375,-5.718639373779297,2.9218480587005615,0.06099953502416611,-0.03204026073217392,0.3408677577972412,0.00023288109514396638,0.9900347590446472,-0.007609155960381031,-0.0066151088103652,-14.751697540283203,385000
1354.3988037109375,647.5620727539062,652.4649047851562,21.404739379882812,-647.1417846679688,-644.4586181640625,-5.581067085266113,2.8978824615478516,0.05613339692354202,0.13128766417503357,0.3405729830265045,0.0003503123880364001,0.9909690618515015,-0.005486167501658201,-0.004417617339640856,-14.55005168914795,386000
4.747325420379639,650.493408203125,652.4675903320312,645.826416015625,-652.49462890625,-649.7650146484375,-5.545313358306885,2.81565523147583,0.05802915617823601,0.10209715366363525,0.33830106258392334,0.00027836766093969345,0.9905005693435669,-0.004824341274797916,-0.0007038672338239849,-14.26672077178955,387000
259.6211853027344,651.2054443359375,654.2692260742188,155.1297607421875,-652.9723510742188,-650.3896484375,-5.573502540588379,2.9907803535461426,0.05768436938524246,-0.055867597460746765,0.3386361300945282,0.0007719608256593347,0.9877469539642334,-0.012410602532327175,-0.008166802115738392,-14.693387985229492,388000
6.483098030090332,652.1636962890625,654.418212890625,640.2456665039062,-653.8245849609375,-651.0732421875,-5.535603046417236,2.784250259399414,0.060280658304691315,-0.04319543391466141,0.3334188461303711,5.674479325534776e-05,0.9888025522232056,-0.008310005068778992,-0.005406700074672699,-14.541923522949219,389000
953.224365234375,650.8348388671875,654.8193359375,144.71665954589844,-652.0097045898438,-649.550537109375,-5.015230655670166,2.5560879707336426,0.06734801083803177,0.17846208810806274,0.33762067556381226,0.0004102306847926229,0.9792079925537109,-0.01896851137280464,-0.016864236444234848,-13.293469429016113,390000
9.164132118225098,653.163818359375,655.1115112304688,645.1008911132812,-655.0379638671875,-652.189697265625,-5.7933125495910645,2.9450650215148926,0.05697493627667427,-0.15332253277301788,0.33683261275291443,3.272888716310263e-05,0.9952107667922974,-0.002410873305052519,0.0,-14.909061431884766,391000
6.780744552612305,653.45556640625,655.667236328125,643.0906982421875,-655.1712036132812,-652.3298950195312,-5.539786338806152,2.6985044479370117,0.05939135700464249,0.11484304815530777,0.33558860421180725,3.202504740329459e-05,0.995850145816803,-0.0020983731374144554,-0.0005763107910752296,-14.37187385559082,392000
4.595000267028809,653.3275146484375,655.3118286132812,644.8474731445312,-655.2620239257812,-652.5381469726562,-5.571442604064941,2.847597599029541,0.057782139629125595,0.0609063096344471,0.33499008417129517,5.87034628551919e-05,0.9949216842651367,-0.0025680263061076403,0.0,-14.41808032989502,393000
93.70636749267578,653.8291015625,656.2041625976562,384.24560546875,-655.7067260742188,-653.017578125,-5.680438995361328,2.991279125213623,0.06209217756986618,-0.2507079243659973,0.33491548895835876,0.0005124266026541591,0.985446572303772,-0.012358851730823517,-0.012887872755527496,-15.140899658203125,394000
11.254284858703613,654.7006225585938,657.06201171875,578.2198486328125,-656.9151000976562,-654.044677734375,-5.86116886138916,2.9907267093658447,0.05426739156246185,-0.18523956835269928,0.3339921534061432,7.206705049611628e-05,0.9932451248168945,-0.004172968678176403,-0.0032424856908619404,-15.194147109985352,395000
42.43435287475586,655.21142578125,657.7015380859375,518.7880249023438,-657.2101440429688,-654.47119140625,-5.655198097229004,2.9162802696228027,0.059509627521038055,-0.10060984641313553,0.33526504039764404,0.00023634865647181869,0.9940699338912964,-0.0031384334433823824,-0.0031497380696237087,-14.839545249938965,396000
4.8704328536987305,655.7152099609375,658.015380859375,645.7350463867188,-657.7379760742188,-654.892333984375,-5.646339416503906,2.800739288330078,0.05860234051942825,-0.018532870337367058,0.335328608751297,0.00031318372930400074,0.9946092367172241,-0.002727996092289686,-0.001007243525236845,-14.675870895385742,397000
60.57624435424805,656.1392211914062,658.735107421875,643.6652221679688,-657.6797485351562,-654.8698120117188,-5.5840325355529785,2.77413010597229,0.05574902519583702,-0.025325486436486244,0.3214614987373352,6.809603655710816e-05,0.9941157698631287,-0.002989890519529581,-0.0008757793111726642,-14.512606620788574,398000
999.7841186523438,655.11083984375,658.8696899414062,18.791353225708008,-655.5086059570312,-653.1309814453125,-5.379889488220215,3.002228021621704,0.06264988332986832,-0.034102749079465866,0.33247753977775574,0.0002541279245633632,0.9846476316452026,-0.013215572573244572,-0.012822198681533337,-14.372625350952148,399000
5.169954776763916,656.8731689453125,659.1630249023438,648.3182983398438,-658.7225341796875,-655.895263671875,-5.6638689041137695,2.8365983963012695,0.05905653536319733,-0.0317327119410038,0.3293927013874054,2.884975947381463e-05,0.9963313341140747,-0.0018491398077458143,-0.0005139138083904982,-14.864665031433105,400000
514.7194213867188,655.4917602539062,658.2020263671875,104.7188949584961,-657.2542724609375,-654.7415771484375,-5.371294975280762,2.8585588932037354,0.06279630213975906,-0.024058759212493896,0.33076611161231995,0.0015310385497286916,0.9908912181854248,-0.009512771852314472,-0.012627886608242989,-14.442792892456055,401000
1341.4239501953125,655.6821899414062,657.985107421875,385.5763854980469,-656.9376831054688,-654.5802612304688,-5.339844703674316,2.9823989868164062,0.06434234231710434,-0.26527485251426697,0.32846853137016296,0.00251587457023561,0.9771432876586914,-0.023052411153912544,-0.018210655078291893,-14.862476348876953,402000
4.331258773803711,657.834228515625,660.1991577148438,651.0800170898438,-659.7719116210938,-657.0137939453125,-5.811313629150391,3.053208589553833,0.054359134286642075,-0.23364774882793427,0.33034491539001465,3.685175397549756e-05,0.9945529699325562,-0.002741777803748846,0.0,-15.38676643371582,403000
6.244172096252441,658.1431884765625,660.6728515625,652.1705932617188,-659.8547973632812,-657.13232421875,-5.433847904205322,2.7113349437713623,0.059285718947649,0.0865967646241188,0.3326148986816406,8.229729428421706e-05,0.9932411313056946,-0.0034198923967778683,0.0,-14.365487098693848,404000
4.524019241333008,658.9586791992188,660.8543090820312,653.9097290039062,-660.9493408203125,-658.1807861328125,-5.572413444519043,2.803837537765503,0.05601445958018303,-0.04132397472858429,0.32591819763183594,8.469227759633213e-05,0.9940369725227356,-0.0030231266282498837,0.0,-14.699151992797852,405000
10.010201454162598,659.6533203125,661.7222290039062,647.8034057617188,-661.5436401367188,-658.8062744140625,-5.619036674499512,2.8816399574279785,0.054321400821208954,-0.06463989615440369,0.3273007273674011,7.624636054970324e-05,0.9935024976730347,-0.003550472902134061,-0.001261592493392527,-14.810952186584473,406000
20.705928802490234,659.3627319335938,661.6781005859375,617.1290893554688,-661.119873046875,-658.3817138671875,-5.427761554718018,2.6895501613616943,0.059714507311582565,0.12430229783058167,0.3232511579990387,0.00350551656447351,0.9914431571960449,-0.00666024349629879,-0.0015784710412845016,-14.400728225708008,407000
75.0878677368164,657.962890625,660.7809448242188,441.3025207519531,-659.4612426757812,-656.6399536132812,-5.71675968170166,2.895465135574341,0.056366629898548126,-0.14814281463623047,0.3244796693325043,0.0007669632323086262,0.9926643371582031,-0.006503983400762081,-0.004144076257944107,-15.19939136505127,408000
629.4735717773438,656.7289428710938,660.0202026367188,15.029839515686035,-657.3526611328125,-654.81396484375,-5.44691276550293,2.908208131790161,0.05944793298840523,-0.10737019032239914,0.3260805010795593,0.002880997955799103,0.9914853572845459,-0.008357207290828228,-0.010770811699330807,-14.674640655517578,409000
9.327295303344727,657.64599609375,660.4688720703125,632.900634765625,-658.9339599609375,-656.195068359375,-5.463563919067383,2.7246720790863037,0.06096925586462021,0.07858557999134064,0.32694441080093384,0.00015294004697352648,0.9945448040962219,-0.0028004159685224295,0.0,-14.650251388549805,410000
229.74046325683594,655.3104248046875,658.7438354492188,247.24505615234375,-656.0565185546875,-653.4432373046875,-5.280003070831299,2.666761636734009,0.057717252522706985,0.06963580846786499,0.32396531105041504,0.0005964425508864224,0.9871522188186646,-0.011092018336057663,-0.009266972541809082,-14.25471305847168,411000
436.766845703125,656.1253051757812,658.857421875,345.2223205566406,-657.5435180664062,-655.0543212890625,-5.132697105407715,2.643500804901123,0.0611024871468544,0.20900782942771912,0.32617270946502686,0.00012632993457373232,0.9900052547454834,-0.009438522160053253,-0.007425213698297739,-13.872787475585938,412000
28.686803817749023,656.2042846679688,659.063232421875,518.8386840820312,-657.7819213867188,-655.0651245117188,-5.535068035125732,2.818288564682007,0.05744858458638191,-0.128004252910614,0.32716625928878784,0.00030978646827861667,0.9886031150817871,-0.006843315437436104,-0.003235409501940012,-15.037062644958496,413000
8.086624145507812,656.527099609375,658.9200439453125,638.9591064453125,-657.9136352539062,-655.20458984375,-5.519716739654541,2.810689687728882,0.05749397352337837,-0.04164045304059982,0.32711637020111084,0.00015798200911376625,0.9944629669189453,-0.0028436549473553896,0.0,-14.83927059173584,414000
1266.399169921875,652.906005859375,658.0269775390625,35.94755554199219,-653.760009765625,-651.757080078125,-4.8599629402160645,2.8570761680603027,0.06630489230155945,-0.11333413422107697,0.32222631573677063,0.0003443260211497545,0.9739347100257874,-0.031395651400089264,-0.027471553534269333,-14.073015213012695,415000
7.175431251525879,654.8818969726562,657.6862182617188,633.8938598632812,-656.457275390625,-653.696533203125,-5.705082893371582,2.944305419921875,0.05268510431051254,-0.15646818280220032,0.32286643981933594,1.981977402465418e-05,0.9977505803108215,-0.0011344647500663996,0.0,-15.455973625183105,416000
8.685111045837402,653.2318115234375,656.3408203125,625.6085205078125,-654.6738891601562,-651.95556640625,-5.613687038421631,2.8953680992126465,0.052900530397892,-0.17018456757068634,0.32126742601394653,1.913768755912315e-06,0.9985673427581787,-0.0007172991754487157,0.0,-15.058744430541992,417000
78.95713806152344,651.0200805664062,654.2601318359375,540.112548828125,-652.3316650390625,-649.7186279296875,-5.189347743988037,2.5763003826141357,0.05962337553501129,0.26772019267082214,0.32187145948410034,0.00015890761278569698,0.9957952499389648,-0.0024290308356285095,-0.0009284359402954578,-13.925820350646973,418000
8.457763671875,651.941650390625,654.1961669921875,626.4063110351562,-653.3699340820312,-650.7254638671875,-5.538646221160889,2.8941574096679688,0.054264068603515625,-0.03748941794037819,0.32246193289756775,5.19456898473436e-06,0.9981769323348999,-0.0009141191840171814,0.0,-14.929579734802246,419000
34.11445617675781,651.7923583984375,654.0272827148438,551.7842407226562,-653.59423828125,-650.8936767578125,-5.290592193603516,2.5900399684906006,0.05904122814536095,0.12717100977897644,0.31976526975631714,0.00036746897967532277,0.992664098739624,-0.005055344197899103,-0.0026694072876125574,-14.27463436126709,420000
42.82353591918945,652.9041748046875,655.4682006835938,583.7135620117188,-654.5310668945312,-651.8277587890625,-5.274896144866943,2.571610689163208,0.060725849121809006,0.09631087630987167,0.3194860816001892,0.0003057624271605164,0.9928051233291626,-0.004372583702206612,-0.0023826733231544495,-14.473124504089355,421000
328.3876647949219,653.7228393554688,656.58154296875,211.1324920654297,-654.7941284179688,-652.329345703125,-5.027525424957275,2.5627474784851074,0.06100073829293251,0.16055907309055328,0.320624977350235,0.0003396878018975258,0.986781120300293,-0.01202947273850441,-0.008646814152598381,-13.971742630004883,422000
6.421132564544678,655.1817626953125,657.5427856445312,647.7647094726562,-656.7411499023438,-654.0677490234375,-5.632229804992676,2.9587748050689697,0.05481903627514839,-0.2061496078968048,0.31884825229644775,0.0006081197643652558,0.9960340857505798,-0.0020309295505285263,-0.003302207449451089,-15.320255279541016,423000
4.338356018066406,656.6809692382812,658.681884765625,651.9715576171875,-658.4940185546875,-655.846923828125,-5.394112586975098,2.7470226287841797,0.05669182166457176,-0.004779473878443241,0.3202407658100128,5.132601654622704e-05,0.9967840909957886,-0.0016266705933958292,-0.0006550921243615448,-14.712445259094238,424000
281.2804260253906,656.2398681640625,659.8135986328125,229.12608337402344,-657.3723754882812,-655.0017700195312,-5.140218734741211,2.7695648670196533,0.06078307703137398,-0.044351063668727875,0.319680392742157,0.005431016441434622,0.9893127083778381,-0.009084083139896393,-0.014115998521447182,-14.290430068969727,425000
269.16741943359375,658.3552856445312,660.90234375,314.54180908203125,-660.0856323242188,-657.5555419921875,-5.18572473526001,2.6556522846221924,0.05960681289434433,0.027868228033185005,0.31775301694869995,0.0008301432826556265,0.9899886846542358,-0.010441597551107407,-0.011868944391608238,-14.441243171691895,426000
6.278425693511963,659.9019775390625,662.3445434570312,654.44921875,-661.7031860351562,-659.0087890625,-5.43710994720459,2.74275803565979,0.05562063679099083,-0.12458287924528122,0.32049739360809326,2.1212801584624685e-05,0.9962910413742065,-0.0018824166618287563,-0.0002990288194268942,-14.77537727355957,427000
4.952343940734863,660.9658203125,663.224853515625,656.84375,-662.5840454101562,-659.9371948242188,-4.9351911544799805,2.28835391998291,0.06030699983239174,0.3320215940475464,0.3182908296585083,1.0560375812929124e-05,0.9967542886734009,-0.0016320714494213462,-0.00017430125444661826,-13.594351768493652,428000
5.173208713531494,661.7164306640625,663.4922485351562,657.0841674804688,-663.2979125976562,-660.796630859375,-5.374002933502197,2.872767686843872,0.05808050557971001,0.10258749127388,0.32014042139053345,5.945626980974339e-05,0.9951042532920837,-0.002562450710684061,-0.0007126557757146657,-14.699579238891602,429000
16.300912857055664,661.687744140625,664.5070190429688,590.3673706054688,-662.9415893554688,-660.3272705078125,-5.385197162628174,2.770848274230957,0.054757196456193924,-0.006927441339939833,0.31835153698921204,4.8804089601617306e-05,0.9949455857276917,-0.0025513824075460434,-1.2017949302389752e-05,-14.801544189453125,430000
6.117251396179199,662.962890625,665.977294921875,656.6756591796875,-664.7529907226562,-662.0711059570312,-5.34953498840332,2.6676363945007324,0.05832517147064209,0.04405297338962555,0.3150758445262909,0.00012769483146257699,0.9953446388244629,-0.002365334890782833,-0.0006460151053033769,-14.73486614227295,431000
878.6976318359375,663.22802734375,666.574951171875,101.25049591064453,-663.9490966796875,-661.4825439453125,-5.367509841918945,2.900944948196411,0.054439447820186615,-0.03001929633319378,0.3169521391391754,0.001341779949143529,0.9948046207427979,-0.0028298236429691315,-0.0036845572758466005,-14.823631286621094,432000
5.393453121185303,665.4358520507812,667.4893798828125,655.2273559570312,-667.2684326171875,-664.7154541015625,-4.918120861053467,2.3650894165039062,0.059830743819475174,0.17496515810489655,0.3133942782878876,4.978958531864919e-05,0.9961041212081909,-0.0019723253790289164,0.0,-13.62305736541748,433000
5.394447326660156,666.4520263671875,668.6223754882812,658.8832397460938,-668.2249755859375,-665.4882202148438,-5.406083106994629,2.669318914413452,0.05823611468076706,-0.12424860149621964,0.31667521595954895,1.698951018624939e-05,0.997020423412323,-0.0014981835847720504,0.0,-14.920494079589844,434000
7.604891777038574,667.5248413085938,669.6837768554688,647.0360107421875,-669.3283081054688,-666.7457275390625,-5.147373199462891,2.5648391246795654,0.05790263041853905,0.06109563633799553,0.31335461139678955,0.00011304100189590827,0.9946019649505615,-0.0027501953300088644,-0.0002210596576333046,-14.317583084106445,435000
990.8479614257812,667.130615234375,669.6383056640625,252.7028350830078,-668.3705444335938,-665.9210205078125,-5.2761969566345215,2.8266782760620117,0.05586862191557884,-0.10772740095853806,0.31252405047416687,0.0008475771173834801,0.9904384613037109,-0.01011098176240921,-0.010630560107529163,-14.866884231567383,436000
47.9813117980957,668.90234375,671.0333251953125,521.685546875,-670.7010498046875,-667.9992065429688,-5.414310455322266,2.712493658065796,0.0585959255695343,-0.11975717544555664,0.31354638934135437,0.00019689692999236286,0.9977823495864868,-0.0011178096756339073,-0.001151309465058148,-15.0330228805542,437000
3.866053581237793,671.0225830078125,672.9403686523438,666.2398681640625,-672.8902587890625,-670.2154541015625,-5.087000370025635,2.412146806716919,0.05883428826928139,0.10550424456596375,0.30760863423347473,3.105251380475238e-05,0.9985947608947754,-0.0007125242846086621,-0.0002061904378933832,-14.155336380004883,438000
4.929300308227539,672.75390625,674.9475708007812,665.9187622070312,-674.52294921875,-671.7943115234375,-5.343605995178223,2.6150007247924805,0.057373564690351486,-0.14537014067173004,0.30143457651138306,6.088237205403857e-05,0.9981451034545898,-0.000933944946154952,-0.0007355926791206002,-14.828763961791992,439000
45.407630920410156,672.3070068359375,674.4420776367188,517.3682250976562,-673.7640380859375,-671.2568969726562,-5.118396282196045,2.61124849319458,0.05870770663022995,0.11297869682312012,0.31078189611434937,0.0006560838082805276,0.9900516271591187,-0.009476842358708382,-0.00677800877019763,-14.253349304199219,440000
8.190950393676758,673.6459350585938,675.2515258789062,628.6654663085938,-675.3185424804688,-672.97021484375,-5.066267967224121,2.717973232269287,0.058287717401981354,-0.061954837292432785,0.31021618843078613,0.00035962017136625946,0.9862725734710693,-0.010990830138325691,-0.008388680405914783,-14.39760971069336,441000
9.775707244873047,675.2996826171875,677.4638671875,665.9691162109375,-676.4137573242188,-673.8793334960938,-5.189746379852295,2.655308961868286,0.055252689868211746,-0.04872889071702957,0.3120867908000946,3.768623719224706e-05,0.9958786964416504,-0.002079190220683813,0.0,-14.569012641906738,442000
4.280766010284424,675.3103637695312,677.1691284179688,664.8009033203125,-677.1173095703125,-674.3970947265625,-5.338518142700195,2.618269443511963,0.057676833122968674,-0.14872530102729797,0.3085455000400543,4.0273724152939394e-05,0.9969223737716675,-0.0015585151268169284,0.0,-14.971136093139648,443000
897.6380004882812,673.8345947265625,676.4158935546875,47.519248962402344,-674.562255859375,-672.26171875,-4.845780849456787,2.545212745666504,0.06361789256334305,0.1414671242237091,0.3095759451389313,0.003783790161833167,0.9887841939926147,-0.0076072425581514835,-0.010843375697731972,-13.943025588989258,444000
1910.3974609375,673.0234375,677.1163330078125,25.626537322998047,-671.9279174804688,-669.3438720703125,-5.381251335144043,2.7971689701080322,0.0576857328414917,-0.16615939140319824,0.30861812829971313,0.0003002438461408019,0.9952976703643799,-0.0024160363245755434,-0.001996150240302086,-15.078805923461914,445000
889.5615234375,673.437744140625,676.7462768554688,89.4431381225586,-673.956298828125,-671.645751953125,-5.182453155517578,2.8718628883361816,0.05631845071911812,-0.19497327506542206,0.30998003482818604,0.0010814423440024257,0.9892700910568237,-0.011098978109657764,-0.007229045033454895,-14.974830627441406,446000
6.161624908447266,673.0925903320312,675.70166015625,654.1853637695312,-674.5108642578125,-671.9525146484375,-5.4780144691467285,2.9197051525115967,0.05153927952051163,-0.2760898470878601,0.3092568814754486,4.418429671204649e-05,0.9947986006736755,-0.0026225820183753967,0.0,-15.411941528320312,447000
12.476232528686523,672.2831420898438,675.3700561523438,646.7904663085938,-673.5120849609375,-671.0076904296875,-5.257386207580566,2.752986192703247,0.05499777942895889,-0.12097444385290146,0.3103686273097992,0.00034551284625194967,0.9893174171447754,-0.005597340874373913,-0.0006128918030299246,-14.876907348632812,448000
41.07125473022461,672.6875,674.9564208984375,535.8309326171875,-673.6683349609375,-671.1204833984375,-5.153476715087891,2.6056270599365234,0.05818315967917442,-0.12687018513679504,0.30639374256134033,0.0007495563477277756,0.9876910448074341,-0.009515272453427315,-0.004880191758275032,-14.75438117980957,449000
1318.2548828125,671.462890625,674.0836181640625,478.0075988769531,-672.3273315429688,-669.921142578125,-4.979362487792969,2.5731735229492188,0.05848393589258194,-0.022078702226281166,0.3038519322872162,0.00048356116167269647,0.9900854229927063,-0.006526581011712551,-0.006419979967176914,-14.434144973754883,450000
888.4013061523438,670.9949340820312,674.6876831054688,83.52814483642578,-672.05859375,-669.6448974609375,-5.156151294708252,2.7424232959747314,0.056442949920892715,-0.10252565890550613,0.3044711947441101,0.00023132502974476665,0.9914050102233887,-0.008921542204916477,-0.007097200490534306,-14.805009841918945,451000
6.872223377227783,672.142822265625,674.4627685546875,649.71875,-673.75048828125,-671.2392578125,-5.148514747619629,2.637279748916626,0.05724029615521431,0.01821749471127987,0.30621984601020813,0.0011331358691677451,0.9974931478500366,-0.0012610082048922777,-0.002454748610034585,-14.596323013305664,452000
8.247447967529297,671.6930541992188,674.29833984375,646.8203735351562,-673.0286865234375,-670.5358276367188,-5.129525184631348,2.63668155670166,0.055339112877845764,0.034348562359809875,0.30388107895851135,0.00022284124861471355,0.9933937788009644,-0.003329257480800152,-0.0009660805808380246,-14.704347610473633,453000
9.637441635131836,669.8121337890625,672.5375366210938,639.1237182617188,-670.8712158203125,-668.4168090820312,-4.9370293617248535,2.4825856685638428,0.05655974522233009,0.10957149416208267,0.30930447578430176,0.0015576255973428488,0.9822354316711426,-0.009451151825487614,-0.00108655437361449,-14.356741905212402,454000
35.8725700378418,669.2730712890625,671.8576049804688,597.338623046875,-670.2777709960938,-667.9120483398438,-4.825392246246338,2.4596331119537354,0.06314161419868469,0.08832600712776184,0.3027331829071045,0.0014729802496731281,0.9891821146011353,-0.008450178429484367,-0.012168538756668568,-14.045194625854492,455000
13.444984436035156,668.4588012695312,671.0343627929688,638.3461303710938,-669.7867431640625,-667.2889404296875,-4.969635486602783,2.47184419631958,0.06034454330801964,0.13765129446983337,0.30545058846473694,0.0017171320505440235,0.9966716766357422,-0.0017052649054676294,-0.0036263088695704937,-14.19527530670166,456000
4.990246772766113,669.0919189453125,671.0546264648438,662.5888061523438,-670.8193969726562,-668.3741455078125,-4.730320453643799,2.285092830657959,0.061069995164871216,0.381992906332016,0.3042858839035034,0.00015116541180759668,0.9947420358657837,-0.002718303119763732,-0.0017386116087436676,-13.53203010559082,457000
245.18783569335938,668.6627807617188,671.598876953125,212.8651885986328,-670.4044189453125,-667.8905029296875,-5.0768723487854,2.562955856323242,0.058216508477926254,-0.09700702875852585,0.30125465989112854,0.006726420484483242,0.9948632717132568,-0.0028138908091932535,-0.007021346129477024,-14.611841201782227,458000
1193.6431884765625,669.9691772460938,672.2518920898438,417.2354736328125,-670.9483642578125,-668.5111083984375,-4.9777092933654785,2.5404953956604004,0.058998726308345795,0.026968708261847496,0.29973119497299194,0.003108689794316888,0.9908931255340576,-0.007725193630903959,-0.0028127797413617373,-14.335721015930176,459000
1213.773681640625,669.2646484375,673.0845336914062,192.63107299804688,-669.9515380859375,-667.630859375,-5.117430686950684,2.796725034713745,0.060379646718502045,-0.3223269581794739,0.30037248134613037,0.0037885515484958887,0.9873284101486206,-0.008971608243882656,-0.012225968763232231,-15.10522174835205,460000
4.935108184814453,672.0985107421875,674.18115234375,661.077880859375,-673.611083984375,-671.1495361328125,-4.998307704925537,2.536731719970703,0.05661310255527496,0.16370293498039246,0.3036651909351349,0.00038694561226293445,0.9903093576431274,-0.004968688823282719,-0.000734169443603605,-14.39558219909668,461000
5.663027763366699,673.6343994140625,675.2905883789062,665.8110961914062,-675.4650268554688,-672.9734497070312,-5.165005207061768,2.673424243927002,0.05493958666920662,-0.16195866465568542,0.30211442708969116,0.0003049053775612265,0.9904286861419678,-0.004908086732029915,-0.0007262779981829226,-15.111600875854492,462000
4.775289058685303,673.867919921875,675.9868774414062,662.0386962890625,-675.423583984375,-672.9818725585938,-4.77335262298584,2.331678867340088,0.06151266023516655,0.23436753451824188,0.30113568902015686,3.492928954074159e-05,0.9962290525436401,-0.001899010967463255,-0.00017383073281962425,-13.755399703979492,463000
1107.6837158203125,673.4466552734375,677.2317504882812,160.64796447753906,-674.6951293945312,-672.5817260742188,-4.755982398986816,2.6425702571868896,0.06562168896198273,-0.3284928500652313,0.29437056183815,0.0070872558280825615,0.984181821346283,-0.01939961686730385,-0.026971416547894478,-14.343158721923828,464000
6.335263729095459,675.9814453125,678.305419921875,664.453857421875,-677.3623046875,-674.8213500976562,-4.9148759841918945,2.3738880157470703,0.06111205369234085,0.09167993068695068,0.29653361439704895,4.151878965785727e-05,0.998075544834137,-0.0010236992966383696,-0.0003123141941614449,-14.117019653320312,465000
6.50009822845459,676.1754150390625,678.4725341796875,656.8674926757812,-677.6427612304688,-675.0510864257812,-5.211063385009766,2.619359016418457,0.05608241632580757,-0.04599342495203018,0.29910174012184143,5.1185306801926345e-06,0.9990707635879517,-0.0004671504138968885,0.0,-14.988703727722168,466000
350.7768859863281,674.36376953125,677.4724731445312,261.3298645019531,-674.7656860351562,-672.4559326171875,-4.897507667541504,2.5877859592437744,0.05648885667324066,0.11272922158241272,0.29899537563323975,0.00042342141387052834,0.9966046810150146,-0.0017503557028248906,-0.0024596471339464188,-14.31483268737793,467000
884.580810546875,674.270263671875,677.6828002929688,52.96426010131836,-674.693115234375,-672.2962646484375,-4.970364093780518,2.5734751224517822,0.06210586801171303,-0.0346057265996933,0.2988077998161316,0.0002033017372014001,0.990119993686676,-0.007887065410614014,-0.006754152476787567,-14.498821258544922,468000
140.3141326904297,675.2440185546875,678.1057739257812,414.4627380371094,-676.4112548828125,-674.30810546875,-4.51624059677124,2.4130778312683105,0.0617184080183506,0.19308386743068695,0.29885828495025635,0.00012337298539932817,0.9873706102371216,-0.010754759423434734,-0.008696029894053936,-13.430700302124023,469000
7.114535808563232,675.4369506835938,678.0582885742188,661.1947021484375,-676.9057006835938,-674.390625,-5.086166858673096,2.571119785308838,0.05672254413366318,0.08319863677024841,0.29520657658576965,2.4656812456669286e-05,0.9975311756134033,-0.00124102714471519,-0.00021634381846524775,-14.749221801757812,470000
1192.1734619140625,673.126953125,678.12548828125,158.02996826171875,-673.6072998046875,-671.7272338867188,-4.4124016761779785,2.532336950302124,0.06641529500484467,0.05306064337491989,0.292836457490921,0.002023216336965561,0.9740796089172363,-0.02656549960374832,-0.024602292105555534,-13.871219635009766,471000
5.500168800354004,676.054931640625,678.2789306640625,656.1650390625,-677.6221923828125,-675.139892578125,-5.160757541656494,2.678445816040039,0.05589289590716362,-0.14626871049404144,0.2882709801197052,6.18402409600094e-05,0.9940158724784851,-0.0030905120074748993,-0.0010169052984565496,-15.179391860961914,472000
6.723727226257324,674.7930908203125,677.431884765625,652.7947387695312,-675.9625244140625,-673.5203857421875,-4.943212509155273,2.5010762214660645,0.055248912423849106,0.016470493748784065,0.2969028055667877,0.00027278115157969296,0.9973234534263611,-0.001364783733151853,-0.001231851172633469,-14.449199676513672,473000
5.223059177398682,674.7291870117188,676.7548217773438,660.9551391601562,-676.269775390625,-673.73828125,-5.142887115478516,2.611398458480835,0.054491519927978516,-0.09988801926374435,0.29628705978393555,1.9242514099460095e-05,0.9971625804901123,-0.0014282269403338432,0.0,-14.9996976852417,474000
10.14102554321289,674.392333984375,677.1292724609375,653.916748046875,-675.6109008789062,-673.071044921875,-5.08803653717041,2.5481791496276855,0.05388464778661728,-0.06268391758203506,0.2994228005409241,0.000148565843119286,0.9908409714698792,-0.004652478266507387,0.0,-15.047383308410645,475000
1767.739013671875,670.1574096679688,675.3187255859375,11.263853073120117,-669.0162963867188,-667.0078125,-4.555761814117432,2.5472733974456787,0.06298603862524033,-0.09243407100439072,0.294548898935318,0.003222127677872777,0.9795541763305664,-0.018675990402698517,-0.020027298480272293,-14.119951248168945,476000
1030.6690673828125,671.709228515625,675.3088989257812,209.7919158935547,-673.160888671875,-671.0711669921875,-4.786107540130615,2.6964128017425537,0.06195724010467529,-0.21217197179794312,0.29639774560928345,0.000724374083802104,0.9795102477073669,-0.020249037072062492,-0.019296707585453987,-14.742746353149414,477000
3.7117207050323486,674.2744140625,676.1337890625,668.7235107421875,-675.666748046875,-673.3553466796875,-5.03873872756958,2.7273826599121094,0.050901517271995544,-0.09177949279546738,0.29300016164779663,9.657482587499544e-05,0.9955971240997314,-0.002247818512842059,0.0,-14.9593505859375,478000
4.9730706214904785,675.397705078125,677.600830078125,665.2271118164062,-676.7992553710938,-674.1842041015625,-4.992401599884033,2.3773725032806396,0.05748061090707779,-0.00759053835645318,0.2904987037181854,5.143750058778096e-06,0.9981361031532288,-0.0009345063590444624,0.0,-14.752911567687988,479000
174.73834228515625,675.5902099609375,678.0415649414062,390.017578125,-676.93359375,-674.6188354492188,-4.84578275680542,2.530977487564087,0.059916526079177856,-0.05714141204953194,0.29319119453430176,7.673108484596014e-05,0.9908319711685181,-0.01017482578754425,-0.008620708249509335,-14.544779777526855,480000
73.66956329345703,677.0919189453125,679.7959594726562,451.6907653808594,-678.8720703125,-676.4029541015625,-4.814172267913818,2.345003604888916,0.060966070741415024,0.08487729728221893,0.2912728488445282,0.000523606373462826,0.9929865598678589,-0.005723949056118727,-0.003624356584623456,-14.484006881713867,481000
4.9189910888671875,677.9673461914062,680.0755004882812,671.4312133789062,-679.5609130859375,-677.0562744140625,-5.078644752502441,2.57403826713562,0.05561811104416847,-0.14327076077461243,0.2917967736721039,2.9203622034401633e-05,0.9977957010269165,-0.0011116000823676586,-0.0003850156790576875,-14.996044158935547,482000
12.185660362243652,677.9666137695312,680.4557495117188,648.2647094726562,-679.3056640625,-676.8599243164062,-4.7070794105529785,2.261350154876709,0.06003381311893463,0.1028105840086937,0.2906051576137543,0.00011239292507525533,0.9976478219032288,-0.0011975605739280581,-0.001375532359816134,-13.922889709472656,483000
1038.8421630859375,678.3394775390625,681.163330078125,283.27294921875,-679.6361083984375,-677.3275146484375,-4.43316650390625,2.1245572566986084,0.06417927145957947,0.3247734606266022,0.28746092319488525,0.0030885469168424606,0.9967625141143799,-0.0016695234226062894,-0.004986060317605734,-13.257140159606934,484000
6.237113952636719,679.8253173828125,681.7381591796875,666.7896118164062,-681.3704223632812,-678.9324951171875,-4.9366536140441895,2.4987008571624756,0.058121826499700546,0.04464554414153099,0.2903658151626587,4.9431819206802174e-06,0.9980646967887878,-0.000970099528785795,0.0,-14.523078918457031,485000
483.2528076171875,679.0286254882812,682.197509765625,141.64566040039062,-679.8958740234375,-677.6511840820312,-4.74592924118042,2.5012269020080566,0.06072451174259186,-0.12219806015491486,0.29024139046669006,0.0008984777959994972,0.9902591705322266,-0.011924581602215767,-0.008840179070830345,-14.415492057800293,486000
144.71234130859375,679.7586059570312,681.77587890625,589.0867919921875,-681.2003173828125,-678.763916015625,-4.817755699157715,2.381317377090454,0.0583244226872921,0.050714265555143356,0.2928439974784851,0.00038702148594893515,0.9926322102546692,-0.0037523063365370035,-0.002354026772081852,-14.294143676757812,487000
16.377017974853516,680.5179443359375,682.52294921875,603.8055419921875,-681.9688110351562,-679.611083984375,-5.089240074157715,2.731524705886841,0.05259857699275017,-0.1911347359418869,0.29070544242858887,2.9212744266260415e-05,0.9965944290161133,-0.001713837729766965,-0.00018540314340498298,-15.197574615478516,488000
7.941624164581299,680.6358032226562,682.7993774414062,651.7559204101562,-682.0932006835938,-679.5894165039062,-4.790468692779541,2.2866952419281006,0.058046434074640274,0.1311667561531067,0.2872826159000397,5.344417877495289e-05,0.9963549375534058,-0.001848719548434019,0.0,-14.289043426513672,489000
6.985668182373047,680.3605346679688,682.5505981445312,662.7515258789062,-681.7535400390625,-679.41064453125,-4.825058937072754,2.4821689128875732,0.05968097969889641,0.10939298570156097,0.2908805310726166,0.0010661949636414647,0.9956129193305969,-0.002222783397883177,-0.002085774904116988,-14.431062698364258,490000
11.249160766601562,679.5457153320312,682.1417236328125,657.344970703125,-680.7451782226562,-678.263427734375,-4.907925128936768,2.4261679649353027,0.06109987944364548,-0.10032865405082703,0.28989216685295105,0.002232237718999386,0.9949161410331726,-0.002557273954153061,-0.002940006088465452,-14.81009292602539,491000
6.820521354675293,677.8653564453125,680.3872680664062,655.8827514648438,-679.0477905273438,-676.6990356445312,-4.728339672088623,2.3796005249023438,0.05392956733703613,0.12135893106460571,0.28857290744781494,8.483481360599399e-05,0.9939934015274048,-0.003042232943698764,-0.0004391446418594569,-14.242055892944336,492000
8.10326099395752,675.5709228515625,677.9508056640625,654.6304931640625,-676.7351684570312,-674.3468627929688,-4.847227096557617,2.4589009284973145,0.05518552288413048,0.010562893003225327,0.2838335335254669,4.082419764017686e-05,0.9951822757720947,-0.002430965192615986,-0.00010728174675023183,-14.622488021850586,493000
4.115398406982422,677.7169799804688,678.5560913085938,674.642333984375,-679.6455688476562,-677.2237548828125,-4.719174385070801,2.297363042831421,0.057393066585063934,0.08270638436079025,0.28900471329689026,2.2151005396153778e-05,0.9964771866798401,-0.0017699261661618948,-0.0001780444144969806,-14.138526916503906,494000
901.4910278320312,677.6865234375,680.7752075195312,-66.63448333740234,-678.6538696289062,-676.4237060546875,-4.7719807624816895,2.541835308074951,0.059403154999017715,-0.2135475128889084,0.2896846830844879,0.000367098196875304,0.9873100519180298,-0.01154128834605217,-0.010944025591015816,-14.756265640258789,495000
5.471899509429932,681.0989379882812,683.0224609375,677.47265625,-682.412109375,-680.1602783203125,-4.851659774780273,2.5998549461364746,0.05725080892443657,-0.05101105198264122,0.28815197944641113,6.382500578183681e-05,0.9943143129348755,-0.0028687692247331142,-0.00040455523412674665,-14.663200378417969,496000
54.419700622558594,682.3447265625,684.3319091796875,639.6837158203125,-683.4606323242188,-681.2443237304688,-4.619351863861084,2.4030063152313232,0.05935663357377052,0.06488905847072601,0.2867400050163269,5.857583892066032e-05,0.9913861155509949,-0.006963332649320364,-0.006218673195689917,-14.204903602600098,497000
5.378775596618652,683.8524169921875,686.1796264648438,681.1878051757812,-685.3977661132812,-682.931884765625,-5.013499736785889,2.5476300716400146,0.05506913736462593,-0.13680125772953033,0.2846280634403229,6.242072686291067e-06,0.9979498386383057,-0.0010282028233632445,0.0,-15.089012145996094,498000
1021.7618408203125,683.3372802734375,687.123291015625,43.378150939941406,-684.5077514648438,-682.636474609375,-4.31926155090332,2.4479966163635254,0.06256333738565445,0.022129539400339127,0.2833036482334137,0.0007513049058616161,0.9812459945678711,-0.021976953372359276,-0.02088109590113163,-13.896461486816406,499000
3.719836711883545,686.51123046875,688.4193115234375,680.50146484375,-687.9429321289062,-685.5849609375,-4.874281406402588,2.5163228511810303,0.05312833562493324,-0.08971422165632248,0.28232964873313904,1.1010450180037878e-05,0.9973136186599731,-0.0013486886164173484,0.0,-14.786556243896484,500000
