critic/q_loss,critic/q_mean,critic/q_max,critic/q_min,actor/total_loss,actor/q_loss,actor/bc_loss,actor/entropy_loss,actor/mse,beta/beta_loss,beta/beta,encoder/encoder_loss,encoder/dot_mean,encoder/kl_target_mean,encoder/nll_raw_mean,step
452.5390625,-0.01119971927255392,0.09357224404811859,-0.108396515250206,-1.5354366302490234,-0.16842180490493774,9.694526672363281,-11.061541557312012,0.37805336713790894,19.372241973876953,0.9997000694274902,0.42481541633605957,0.23151558637619019,-0.4201442003250122,8.958333015441895,0
21.584819793701172,59.50019836425781,59.51707077026367,59.48337936401367,-65.4570083618164,-59.52680969238281,-8.657716751098633,2.72751784324646,0.083438940346241,3.9684207439422607,0.7992528676986694,0.0677775889635086,0.19126847386360168,0.4048647880554199,-8.828989028930664,1000
9.365938186645508,86.72603607177734,86.73046112060547,86.72135925292969,-93.88249969482422,-86.79435729980469,-11.414233207702637,4.326089382171631,0.06729013472795486,1.410301685333252,0.6958732604980469,0.021408405154943466,0.5184667110443115,0.5136447548866272,-11.714061737060547,2000
11.763416290283203,108.29513549804688,108.2973861694336,108.29293823242188,-115.94136810302734,-108.302978515625,-12.97104549407959,5.332657337188721,0.0597529262304306,-0.11282683163881302,0.6468331813812256,0.015569089911878109,0.5807722806930542,0.5628105401992798,-13.099943161010742,3000
9.08203411102295,127.32180786132812,127.32186126708984,127.32170867919922,-134.295654296875,-127.33932495117188,-12.098313331604004,5.14198637008667,0.06241907924413681,0.6264832615852356,0.6385100483894348,0.029509101063013077,0.5285890102386475,0.5297967195510864,-12.194199562072754,4000
8.661012649536133,143.26779174804688,143.26995849609375,143.26560974121094,-151.06346130371094,-143.31060791015625,-13.561670303344727,5.808818817138672,0.059996604919433594,0.19518129527568817,0.6592351794242859,0.020449241623282433,0.5897228717803955,0.5757169723510742,-13.5896577835083,5000
8.432455062866211,158.20411682128906,158.22694396972656,158.18128967285156,-166.03076171875,-158.15701293945312,-13.779840469360352,5.906097888946533,0.059202712029218674,-0.2274700552225113,0.6755605340003967,0.015006388537585735,0.6096080541610718,0.5884748101234436,-13.985925674438477,6000
11.423585891723633,171.82371520996094,171.82382202148438,171.8236083984375,-179.66310119628906,-171.86216735839844,-13.326600074768066,5.525660991668701,0.05813509225845337,0.05096479132771492,0.6899815201759338,0.015743177384138107,0.5955759286880493,0.5758237838745117,-13.616409301757812,7000
8.896610260009766,184.7928466796875,184.79302978515625,184.7926483154297,-192.59481811523438,-184.773681640625,-14.07563591003418,6.2545061111450195,0.056390032172203064,-0.26068830490112305,0.6952463388442993,0.011494172737002373,0.5974042415618896,0.6001061201095581,-14.327508926391602,8000
13.366260528564453,196.5048065185547,196.50511169433594,196.50450134277344,-203.96044921875,-196.45623779296875,-13.729552268981934,6.225344181060791,0.061704061925411224,0.0458231084048748,0.7041575312614441,0.020354382693767548,0.5857821702957153,0.5797574520111084,-13.869363784790039,9000
13.08763313293457,207.63113403320312,207.6318817138672,207.63040161132812,-215.4527130126953,-207.63002014160156,-13.713555335998535,5.890863418579102,0.058417171239852905,-0.1229175478219986,0.7102949619293213,0.01835012435913086,0.5871396064758301,0.5843711495399475,-13.95161247253418,10000
13.572933197021484,218.0123291015625,218.02142333984375,218.00411987304688,-225.6962127685547,-217.90481567382812,-13.755921363830566,5.964529991149902,0.05879149213433266,0.2384256273508072,0.7170510292053223,0.016084549948573112,0.5922197103500366,0.5778535008430481,-13.7853364944458,11000
9.57228946685791,227.60057067871094,229.22288513183594,221.86444091796875,-234.7613983154297,-227.05320739746094,-13.639387130737305,5.9311957359313965,0.06080353260040283,-0.14449188113212585,0.7106103301048279,0.010680470615625381,0.5764337778091431,0.5840346217155457,-13.859698295593262,12000
220.62184143066406,234.95529174804688,234.96141052246094,234.95330810546875,-242.66534423828125,-234.88235473632812,-14.143791198730469,6.360815525054932,0.05724276602268219,-0.20582637190818787,0.7185046672821045,0.009319004602730274,0.5833927392959595,0.6021150350570679,-14.392065048217773,13000
12.31232738494873,243.26797485351562,243.29818725585938,243.24478149414062,-251.34886169433594,-243.2263946533203,-14.25597858428955,6.133504390716553,0.057889197021722794,-0.023735426366329193,0.727343738079071,0.01308978721499443,0.5940330028533936,0.6024664044380188,-14.526519775390625,14000
248.486083984375,251.2293701171875,251.2413330078125,251.22703552246094,-258.9618835449219,-251.19882202148438,-14.030601501464844,6.267544746398926,0.05898068845272064,0.22198745608329773,0.7267264127731323,0.012255003675818443,0.6058934926986694,0.5887526869773865,-14.159576416015625,15000
12.438481330871582,258.6840515136719,261.05206298828125,253.0984344482422,-265.7926025390625,-258.0873107910156,-14.04993724822998,6.344625949859619,0.05708394944667816,0.10124590992927551,0.7268489599227905,0.011364313773810863,0.5738577842712402,0.5910221338272095,-14.113707542419434,16000
13.012821197509766,267.06732177734375,268.0111083984375,264.78948974609375,-273.9895935058594,-266.26953125,-13.553110122680664,5.833032608032227,0.05867256224155426,0.29677245020866394,0.7214770913124084,0.014359750784933567,0.5953880548477173,0.5807851552963257,-13.846978187561035,17000
17.92666244506836,271.715087890625,272.7994079589844,249.9624481201172,-279.46002197265625,-271.5822448730469,-13.050300598144531,5.172525882720947,0.06433609127998352,0.5485180616378784,0.7318881154060364,0.013522185385227203,0.5917997360229492,0.5644749402999878,-13.339262008666992,18000
240.78904724121094,275.54083251953125,280.0253601074219,189.1598663330078,-281.1591796875,-273.33685302734375,-14.030976295471191,6.208638668060303,0.05902612954378128,0.026041485369205475,0.732867956161499,0.01277064997702837,0.6148284673690796,0.5888487100601196,-14.109319686889648,19000
14.178535461425781,280.06396484375,284.0245361328125,269.6716003417969,-287.09112548828125,-279.36297607421875,-13.760364532470703,6.032225608825684,0.057370226830244064,0.19391345977783203,0.7314053177833557,0.009317269548773766,0.581244707107544,0.592240571975708,-14.114419937133789,20000
14.220629692077637,283.33465576171875,287.9578857421875,275.77667236328125,-290.0328063964844,-282.4238586425781,-13.849906921386719,6.2409563064575195,0.057339563965797424,0.35258209705352783,0.7355378270149231,0.008939464576542377,0.6026511192321777,0.5931591391563416,-14.157971382141113,21000
13.265995025634766,285.7992248535156,289.08404541015625,276.2574157714844,-293.3642883300781,-285.42474365234375,-14.054121971130371,6.114562511444092,0.05812115594744682,-0.13063596189022064,0.7274614572525024,0.013488944619894028,0.6518449783325195,0.5935593843460083,-14.202754974365234,22000
66.39263916015625,288.52716064453125,293.64215087890625,155.21653747558594,-295.3623352050781,-287.47869873046875,-13.598352432250977,5.7147345542907715,0.06110299378633499,0.15634247660636902,0.7342334389686584,0.012061994522809982,0.559886634349823,0.5881788730621338,-14.068345069885254,23000
86.22740173339844,291.384033203125,297.02471923828125,172.80599975585938,-297.7366027832031,-289.7117919921875,-14.505569458007812,6.480745315551758,0.053353819996118546,-0.5827453136444092,0.7321022748947144,0.008613165467977524,0.6000497341156006,0.6123265027999878,-14.907827377319336,24000
72.5427474975586,294.73406982421875,300.4556884765625,123.38641357421875,-301.3013000488281,-293.5637512207031,-13.178500175476074,5.440963268280029,0.06178421899676323,0.3915683329105377,0.721406102180481,0.018727954477071762,0.6037287712097168,0.5662654042243958,-13.478364944458008,25000
15.402469635009766,297.49267578125,303.185302734375,284.96026611328125,-305.1717834472656,-297.38299560546875,-14.594379425048828,6.805601596832275,0.05389737710356712,-0.4232134521007538,0.7199468612670898,0.008682756684720516,0.6180940866470337,0.6070597767829895,-14.600849151611328,26000
11.980523109436035,301.74822998046875,308.51470947265625,276.18048095703125,-308.95526123046875,-301.17462158203125,-14.267983436584473,6.487329483032227,0.05855540558695793,-0.054096706211566925,0.7236055731773376,0.010384430177509785,0.6179240942001343,0.6009743213653564,-14.346809387207031,27000
75.80192565917969,306.7174072265625,313.0460205078125,108.13729095458984,-313.5889587402344,-306.001220703125,-13.462789535522461,5.875057697296143,0.06161009520292282,0.34151750802993774,0.7213498950004578,0.010477762669324875,0.5472337007522583,0.5818406343460083,-13.775191307067871,28000
14.913248062133789,309.3243713378906,316.109130859375,267.67718505859375,-316.2735290527344,-308.56512451171875,-13.969581604003906,6.261158466339111,0.05923900753259659,-0.07208698987960815,0.7170405387878418,0.01013587974011898,0.601786196231842,0.589491069316864,-14.108756065368652,29000
12.251850128173828,312.96588134765625,318.8284606933594,267.5921325683594,-320.1569519042969,-312.48187255859375,-13.759730339050293,6.084653377532959,0.06277681887149811,0.21325910091400146,0.7235229015350342,0.011284805834293365,0.5915042161941528,0.5887508392333984,-14.101211547851562,30000
72.21537780761719,315.5201416015625,322.8757019042969,173.978271484375,-323.0771789550781,-315.31524658203125,-14.139541625976562,6.377601146697998,0.06214870512485504,0.0096798250451684,0.7159864902496338,0.017700808122754097,0.5991015434265137,0.5990325808525085,-14.512246131896973,31000
12.120916366577148,321.1918029785156,326.9930725097656,291.3719787597656,-328.87542724609375,-321.2325439453125,-13.621424674987793,5.978534698486328,0.0640948936343193,0.07918211817741394,0.7114568948745728,0.013443153351545334,0.6041877269744873,0.5824947357177734,-13.92667007446289,32000
281.0694885253906,325.12725830078125,333.88409423828125,110.77189636230469,-331.8740234375,-324.4381408691406,-13.151535987854004,5.7156572341918945,0.06431064754724503,0.5425437092781067,0.715965211391449,0.01686038449406624,0.5605063438415527,0.565248429775238,-13.431203842163086,33000
13.378095626831055,331.3197021484375,338.610107421875,288.8730163574219,-338.8868713378906,-331.1019287109375,-13.904576301574707,6.119621276855469,0.06454753130674362,-0.23743659257888794,0.7076835632324219,0.007922643795609474,0.5979799032211304,0.6014668941497803,-14.41800308227539,34000
95.37311553955078,335.66876220703125,343.7911376953125,124.92341613769531,-342.6354675292969,-335.1173095703125,-13.23019790649414,5.712029457092285,0.06971735507249832,0.3684212565422058,0.7057039737701416,0.013790895231068134,0.5724637508392334,0.5733516216278076,-13.634325981140137,35000
10.811250686645508,340.5609130859375,348.642822265625,290.4884033203125,-348.15997314453125,-340.6390686035156,-13.299545288085938,5.778620719909668,0.0665401741862297,0.2849286198616028,0.704998791217804,0.008507476188242435,0.5719925165176392,0.5825067758560181,-13.758081436157227,36000
30.478607177734375,344.3440246582031,351.7978515625,232.37648010253906,-351.71533203125,-343.7350769042969,-13.750738143920898,5.770475387573242,0.0628628209233284,0.23121072351932526,0.7034903764724731,0.012715846300125122,0.6223206520080566,0.591375470161438,-14.159330368041992,37000
20.431047439575195,349.1810302734375,356.03448486328125,284.5569763183594,-356.41455078125,-348.70440673828125,-13.579096794128418,5.868956565856934,0.06532678753137589,0.10310477763414383,0.7000157833099365,0.01148864347487688,0.6087373495101929,0.5869445204734802,-14.068077087402344,38000
121.91248321533203,351.1617126464844,359.39068603515625,92.76771545410156,-358.6400451660156,-350.91510009765625,-13.477714538574219,5.752768516540527,0.06455135345458984,0.1888006329536438,0.7046146392822266,0.016704946756362915,0.6341485977172852,0.5736122727394104,-13.606430053710938,39000
48.85296630859375,355.7589111328125,363.5400695800781,113.12947845458984,-363.152587890625,-355.2848205566406,-13.557219505310059,5.689456462860107,0.06300508230924606,0.10526042431592941,0.6989536881446838,0.007887866348028183,0.5862962007522583,0.5864311456680298,-13.90505313873291,40000
11.364978790283203,361.102783203125,367.8086242675781,308.9738464355469,-368.8914489746094,-361.1379089355469,-13.620551109313965,5.867000102996826,0.06069822981953621,-0.11161348223686218,0.6974837779998779,0.007205107249319553,0.5914407968521118,0.596756637096405,-14.177349090576172,41000
10.56368637084961,364.98040771484375,372.1165771484375,300.9468994140625,-372.6714782714844,-364.9139099121094,-14.164900779724121,6.407317638397217,0.06321334838867188,-0.4605051279067993,0.6923342943191528,0.013745532371103764,0.5821831822395325,0.6064190864562988,-14.681690216064453,42000
8.978367805480957,369.96697998046875,376.3694763183594,301.9950866699219,-377.5404052734375,-369.6821594238281,-13.93336009979248,6.075093746185303,0.06165686622262001,0.019278837367892265,0.6952201128005981,0.00955122709274292,0.6058543920516968,0.5983721017837524,-14.295889854431152,43000
13.941301345825195,373.91162109375,380.75048828125,312.8236389160156,-381.9563903808594,-373.8978271484375,-14.011063575744629,5.952522277832031,0.06297198683023453,-0.23205389082431793,0.6951659917831421,0.010352721437811852,0.582810640335083,0.6043764352798462,-14.602744102478027,44000
10.902584075927734,376.55352783203125,383.4827880859375,334.973876953125,-384.3024597167969,-376.5699462890625,-13.880486488342285,6.147987365722656,0.05981253832578659,-0.1271337866783142,0.6910994052886963,0.007598553318530321,0.6128355860710144,0.5985822677612305,-14.341414451599121,45000
158.00637817382812,381.0093994140625,388.6992492675781,217.9691619873047,-388.836669921875,-380.87744140625,-13.922350883483887,5.963129043579102,0.06594754755496979,-0.20144595205783844,0.6825141906738281,0.014935515820980072,0.6224833726882935,0.5942409038543701,-14.345535278320312,46000
11.186824798583984,385.0570983886719,393.6153259277344,326.2215270996094,-392.4841613769531,-384.7973327636719,-13.84398365020752,6.157159328460693,0.0631130039691925,-0.2967883348464966,0.6798827648162842,0.018052000552415848,0.5238342881202698,0.6054104566574097,-14.586719512939453,47000
9.696765899658203,393.91583251953125,402.06451416015625,326.0694274902344,-402.1434326171875,-393.8416748046875,-14.346870422363281,6.045101642608643,0.0632324069738388,-0.6348350048065186,0.6813826560974121,0.009164562448859215,0.6514343619346619,0.6155728697776794,-14.863069534301758,48000
14.512561798095703,400.76141357421875,408.40985107421875,349.06854248046875,-408.3291320800781,-400.59649658203125,-13.758537292480469,6.025903224945068,0.06535458564758301,0.13100866973400116,0.6767078638076782,0.01001736894249916,0.5851963758468628,0.5924612283706665,-14.125690460205078,49000
28.9447021484375,406.001708984375,415.3944091796875,104.92542266845703,-413.79840087890625,-405.9251403808594,-13.801668167114258,5.92839241027832,0.06382664293050766,-0.17923995852470398,0.6796284317970276,0.008803041651844978,0.5992356538772583,0.5982263088226318,-14.325672149658203,50000
12.354159355163574,412.9520568847656,421.84912109375,353.3209533691406,-420.3265075683594,-412.5991516113281,-13.279134750366211,5.55177640914917,0.06537879258394241,0.04659371078014374,0.6737821102142334,0.01102531235665083,0.5563905239105225,0.5828614234924316,-13.830077171325684,51000
176.82418823242188,415.1778869628906,427.91192626953125,72.91790771484375,-422.8650207519531,-414.91943359375,-13.688353538513184,5.7427544593811035,0.06863603740930557,-0.00809207558631897,0.6654086709022522,0.00895905401557684,0.6063308715820312,0.584491491317749,-13.957239151000977,52000
11.342353820800781,423.87225341796875,433.90325927734375,360.65191650390625,-432.3468017578125,-424.38037109375,-13.408466339111328,5.442060470581055,0.06606381386518478,0.3966762125492096,0.673614501953125,0.01107206754386425,0.5991048812866211,0.5818163156509399,-13.82096004486084,53000
148.60476684570312,427.72967529296875,439.4570617675781,193.79322814941406,-436.0960693359375,-428.25775146484375,-13.536666870117188,5.698358535766602,0.06848781555891037,-0.009638567455112934,0.6649837493896484,0.015456289052963257,0.5891810059547424,0.5813866853713989,-13.845560073852539,54000
15.502626419067383,434.3514709472656,444.35723876953125,351.45281982421875,-442.74560546875,-434.9053039550781,-13.541589736938477,5.701289653778076,0.06510446965694427,-0.1118517741560936,0.6655375957489014,0.007521900348365307,0.5634188652038574,0.5929163694381714,-14.232685089111328,55000
13.167688369750977,439.70263671875,448.8959655761719,381.413818359375,-447.86859130859375,-440.0836181640625,-13.220658302307129,5.43569278717041,0.0709225982427597,0.07587114721536636,0.6575687527656555,0.010845540091395378,0.5905802845954895,0.578791618347168,-13.70479965209961,56000
31.070863723754883,442.64208984375,453.1871337890625,112.40446472167969,-451.1027526855469,-443.05157470703125,-13.456653594970703,5.405472278594971,0.07106608897447586,0.13689658045768738,0.6637944579124451,0.01353511307388544,0.6024103164672852,0.5836440920829773,-13.976024627685547,57000
11.430082321166992,447.1964111328125,457.1412353515625,384.0293884277344,-455.4360656738281,-447.5603942871094,-13.682943344116211,5.807281017303467,0.06387531012296677,0.10830788314342499,0.6605269908905029,0.011400233954191208,0.6211593747138977,0.5853761434555054,-14.013596534729004,58000
128.97801208496094,450.05633544921875,460.9015808105469,107.19898986816406,-457.8584899902344,-450.2470703125,-13.206619262695312,5.595189094543457,0.0716407522559166,-0.12020619213581085,0.6615839004516602,0.016482524573802948,0.5685151815414429,0.5751535892486572,-13.799909591674805,59000
11.117107391357422,453.53460693359375,464.7087097167969,395.6737060546875,-461.60028076171875,-453.832763671875,-13.611459732055664,5.843937873840332,0.06515819579362869,-0.09429486840963364,0.6618385314941406,0.006904885172843933,0.5638614892959595,0.5982218980789185,-14.299720764160156,60000
126.75190734863281,456.72174072265625,468.3181457519531,217.61460876464844,-463.9768371582031,-456.0819396972656,-13.667816162109375,5.772922515869141,0.06547640264034271,-0.08633888512849808,0.6537051200866699,0.014007993042469025,0.6124933958053589,0.584922730922699,-13.992371559143066,61000
22.233139038085938,461.78759765625,471.87890625,45.090057373046875,-469.3675231933594,-461.42535400390625,-13.174798011779785,5.232639312744141,0.07059554010629654,0.04409993067383766,0.6532946825027466,0.013130901381373405,0.5789527297019958,0.5729169249534607,-13.615876197814941,62000
81.21509552001953,466.1111755371094,474.87054443359375,296.0088195800781,-474.89093017578125,-466.904541015625,-13.721680641174316,5.7352776527404785,0.06401410698890686,-0.20594385266304016,0.6613354682922363,0.008566904813051224,0.5806549191474915,0.5995574593544006,-14.330838203430176,63000
46.005096435546875,469.1726379394531,480.0418395996094,119.26028442382812,-476.3670654296875,-468.2167053222656,-13.8152437210083,5.664889335632324,0.06518036872148514,0.044258587062358856,0.6557556390762329,0.009254137054085732,0.6037430167198181,0.5953207015991211,-14.291418075561523,64000
18.495765686035156,474.29864501953125,482.7535705566406,413.8039245605469,-481.7320861816406,-473.99957275390625,-13.19581413269043,5.463275909423828,0.06883160024881363,0.44241029024124146,0.6569190621376038,0.009824552573263645,0.5564132332801819,0.5840543508529663,-13.868538856506348,65000
10.683025360107422,479.100830078125,488.4878845214844,436.5135498046875,-487.4513854980469,-479.17950439453125,-13.883392333984375,5.611526012420654,0.06517993658781052,-0.11761903017759323,0.6534472107887268,0.008660254999995232,0.5970290899276733,0.603840172290802,-14.55298900604248,66000
17.92708969116211,485.43682861328125,492.8143615722656,439.47442626953125,-493.20819091796875,-484.9990234375,-13.24372386932373,5.034542083740234,0.06779135018587112,0.18432587385177612,0.6493037939071655,0.008573980070650578,0.6025951504707336,0.5863394737243652,-13.918346405029297,67000
22.09340476989746,484.8460388183594,495.9910583496094,72.48543548583984,-492.3289489746094,-484.2276611328125,-13.707399368286133,5.606112480163574,0.06635744124650955,-0.27837681770324707,0.6443637609481812,0.013500737026333809,0.5499969720840454,0.5993971824645996,-14.582304954528809,68000
9.796374320983887,490.7520751953125,498.1700744628906,450.0096435546875,-498.6121520996094,-490.6203918457031,-13.811184883117676,5.819435119628906,0.06632470339536667,-0.3122881352901459,0.6374749541282654,0.012213669717311859,0.5945788621902466,0.5934172868728638,-14.264387130737305,69000
79.40139770507812,488.42083740234375,502.6933898925781,69.45746612548828,-496.6694641113281,-488.93017578125,-13.12636947631836,5.3870954513549805,0.07433391362428665,-0.04974905028939247,0.6495468020439148,0.012946880422532558,0.5665530562400818,0.5698061585426331,-13.534636497497559,70000
12.942989349365234,498.422607421875,505.3388977050781,453.9349670410156,-506.8721008300781,-498.664306640625,-13.395788192749023,5.188016891479492,0.06914622336626053,0.10805828124284744,0.6455921530723572,0.00905938446521759,0.6002527475357056,0.5878333449363708,-13.998690605163574,71000
233.02528381347656,497.4808349609375,508.19268798828125,145.2112274169922,-505.3525695800781,-497.9847412109375,-12.786282539367676,5.418466091156006,0.0722133219242096,0.2135394960641861,0.6459078192710876,0.011254267767071724,0.5378228425979614,0.5752253532409668,-13.719929695129395,72000
14.83851146697998,502.54083251953125,511.1602783203125,82.13890075683594,-510.2628173828125,-502.0338134765625,-13.818782806396484,5.589771270751953,0.06703463941812515,-0.45135241746902466,0.6327953338623047,0.0075293672271072865,0.6035441160202026,0.6032496690750122,-14.507291793823242,73000
12.932695388793945,505.78411865234375,515.6361083984375,283.16961669921875,-513.84765625,-505.6954040527344,-13.706888198852539,5.554628849029541,0.06439876556396484,-0.020176393911242485,0.6284545660018921,0.009852256625890732,0.5698959231376648,0.6022728085517883,-14.48076057434082,74000
10.298555374145508,510.21405029296875,518.8389892578125,467.6421203613281,-518.7466430664062,-510.7088928222656,-13.407548904418945,5.369819164276123,0.06539274752140045,-0.11606380343437195,0.6365674734115601,0.012129141017794609,0.6039187908172607,0.5826164484024048,-13.935867309570312,75000
9.554576873779297,512.572998046875,521.6296997070312,467.50189208984375,-520.65625,-512.6090698242188,-13.56883716583252,5.521679401397705,0.0642966702580452,-0.09183080494403839,0.6314812898635864,0.010299775749444962,0.5702033042907715,0.5950462818145752,-14.249374389648438,76000
8.464795112609863,515.5185546875,525.4172973632812,461.01605224609375,-524.1788940429688,-515.726806640625,-13.792287826538086,5.340188980102539,0.06942185014486313,-0.0010922052897512913,0.6280519962310791,0.007540776859968901,0.6109492778778076,0.6045246124267578,-14.486555099487305,77000
76.60877990722656,517.3419189453125,527.7229614257812,81.718017578125,-525.9496459960938,-517.9617919921875,-13.52769660949707,5.539877891540527,0.06570880115032196,-0.03956639766693115,0.6337144374847412,0.01125447265803814,0.6054050922393799,0.5904965400695801,-14.125527381896973,78000
11.602131843566895,520.370361328125,530.8080444335938,469.41619873046875,-528.8213500976562,-520.9356689453125,-13.101799964904785,5.216139316558838,0.06780543178319931,0.07229067385196686,0.6293264627456665,0.012268226593732834,0.579957902431488,0.5778835415840149,-13.66964340209961,79000
10.154529571533203,523.0546264648438,534.3502807617188,39.70491409301758,-530.95849609375,-522.742919921875,-13.423487663269043,5.207870960235596,0.06559809297323227,0.09213695675134659,0.6282568573951721,0.014331568032503128,0.5738832950592041,0.5881685018539429,-14.09263801574707,80000
22.521289825439453,526.491943359375,537.4148559570312,84.99728393554688,-534.1393432617188,-526.1649169921875,-13.766246795654297,5.791798114776611,0.06488459557294846,-0.3814670145511627,0.622296929359436,0.01666894555091858,0.5755826830863953,0.6023310422897339,-14.557265281677246,81000
21.746509552001953,529.8929443359375,539.4571533203125,168.61448669433594,-538.16064453125,-530.1185302734375,-13.743441581726074,5.701329231262207,0.06535603851079941,-0.4317546784877777,0.6172711849212646,0.010923190042376518,0.5551692843437195,0.603703498840332,-14.606027603149414,82000
9.753674507141113,533.653076171875,541.6367797851562,483.5599670410156,-542.578125,-534.4505615234375,-12.816686630249023,4.689150333404541,0.06855447590351105,0.3806844651699066,0.6205413937568665,0.011360112577676773,0.5699599981307983,0.5678986310958862,-13.39077377319336,83000
120.49684143066406,534.1295166015625,544.2846069335938,268.8536682128906,-542.4635009765625,-534.0935668945312,-13.658769607543945,5.288834095001221,0.06606240570545197,-0.12880845367908478,0.613636314868927,0.012557058595120907,0.6009390354156494,0.594609260559082,-14.283830642700195,84000
25.11504554748535,536.957763671875,547.5060424804688,267.82537841796875,-545.718017578125,-537.488037109375,-13.091005325317383,4.861009120941162,0.07166100293397903,0.06430375576019287,0.6194908022880554,0.011559983715415001,0.5849728584289551,0.5803972482681274,-13.848482131958008,85000
17.23329734802246,544.7964477539062,550.4404907226562,491.8240966796875,-551.600830078125,-543.875732421875,-13.108922958374023,5.383856773376465,0.06347179412841797,0.17580023407936096,0.618220865726471,0.01373210083693266,0.5377291440963745,0.5868129730224609,-13.962751388549805,86000
10.529932022094727,546.3035888671875,553.9107666015625,509.91900634765625,-554.5989379882812,-546.2021484375,-13.696292877197266,5.29952335357666,0.06725464761257172,-0.08356138318777084,0.6179882884025574,0.00779618788510561,0.5990626215934753,0.6010366678237915,-14.446388244628906,87000
11.523036003112793,549.9313354492188,557.4921264648438,507.5811462402344,-558.0065307617188,-549.7222900390625,-13.928431510925293,5.644181251525879,0.06198171153664589,-0.26123303174972534,0.6149109601974487,0.007986906915903091,0.6066057682037354,0.6094844341278076,-14.810420989990234,88000
9.856562614440918,553.15576171875,560.5938110351562,535.3563232421875,-561.7285766601562,-553.6700439453125,-13.590031623840332,5.531506061553955,0.06672574579715729,-0.0962672084569931,0.611433207988739,0.008775182068347931,0.5912677049636841,0.5924604535102844,-14.253211975097656,89000
293.005126953125,555.2109375,562.7371215820312,293.48675537109375,-562.1126098632812,-553.7224731445312,-13.597196578979492,5.2070488929748535,0.06617924571037292,-0.003889151383191347,0.6132674217224121,0.008975161239504814,0.5879397392272949,0.5940186977386475,-14.328357696533203,90000
83.78466033935547,558.4697875976562,567.1500854492188,76.02694702148438,-566.0463256835938,-557.8858642578125,-13.638476371765137,5.478013038635254,0.061889950186014175,-0.012986384332180023,0.6105879545211792,0.010217027738690376,0.6009469032287598,0.5871418118476868,-14.153884887695312,91000
58.36201477050781,560.590087890625,571.1566772460938,68.04846954345703,-568.7818603515625,-560.3326416015625,-13.613168716430664,5.163939952850342,0.06741170585155487,-0.2440996766090393,0.6007121801376343,0.011036116629838943,0.5803022384643555,0.6004657745361328,-14.434885025024414,92000
59.23323059082031,563.08203125,573.1439819335938,60.00376892089844,-571.1343994140625,-563.0450439453125,-13.023548126220703,4.934206962585449,0.0700267106294632,0.015945812687277794,0.6064124703407288,0.00845213234424591,0.5651440620422363,0.5822030305862427,-13.717601776123047,93000
9.884292602539062,566.8525390625,575.0965576171875,524.1066284179688,-575.2049560546875,-566.8292236328125,-13.605377197265625,5.229586124420166,0.06992921978235245,0.060372721403837204,0.6039882898330688,0.007767332252115011,0.614432692527771,0.5932291746139526,-14.173556327819824,94000
10.598265647888184,569.675048828125,578.1332397460938,533.18701171875,-578.2128295898438,-570.2059326171875,-12.891218185424805,4.884350776672363,0.06826120615005493,0.39044398069381714,0.5976406931877136,0.011937865987420082,0.5548966526985168,0.573162317276001,-13.552656173706055,95000
14.292318344116211,572.2564697265625,579.9450073242188,524.445068359375,-579.9891967773438,-571.75,-13.27534008026123,5.036135673522949,0.07012409716844559,0.15374691784381866,0.6056637763977051,0.013646818697452545,0.613845944404602,0.5774812698364258,-13.759295463562012,96000
20.87396240234375,570.4798583984375,581.4573974609375,168.9388885498047,-578.459228515625,-569.9937744140625,-13.749778747558594,5.2843122482299805,0.06439455598592758,-0.3055846095085144,0.5991278290748596,0.009719336405396461,0.606702446937561,0.5973533391952515,-14.364654541015625,97000
30.370878219604492,573.5943603515625,583.0494995117188,73.19744110107422,-580.4696044921875,-572.3958740234375,-12.995359420776367,4.921602249145508,0.07358086109161377,0.15018345415592194,0.5966252684593201,0.012410078197717667,0.5673782825469971,0.5803669691085815,-13.77000617980957,98000
10.089147567749023,576.8169555664062,584.9844970703125,538.09375,-585.1311645507812,-576.9920043945312,-13.148961067199707,5.009853363037109,0.0681784525513649,0.1947140246629715,0.597550630569458,0.013055553659796715,0.5712177753448486,0.5776766538619995,-13.888830184936523,99000
10.27719497680664,579.8898315429688,585.0028686523438,551.0045166015625,-588.5059204101562,-580.0078125,-13.276132583618164,4.778010845184326,0.0665680542588234,0.23304374516010284,0.5996509790420532,0.011810322292149067,0.6205667853355408,0.576309084892273,-13.75949764251709,100000
95.9017333984375,577.6552734375,588.0946655273438,414.0301513671875,-586.1268310546875,-577.76611328125,-13.68381118774414,5.323131561279297,0.06558535248041153,-0.4198003113269806,0.5954096913337708,0.01097145862877369,0.5594732761383057,0.6079293489456177,-14.92410659790039,101000
8.318967819213867,581.9735107421875,589.4146728515625,520.9745483398438,-589.9459228515625,-581.4022216796875,-13.439125061035156,4.895463943481445,0.06618137657642365,0.08293689787387848,0.5907471179962158,0.006622742861509323,0.5937397480010986,0.5939637422561646,-14.136556625366211,102000
40.23737335205078,582.53466796875,590.761962890625,114.34336853027344,-591.6217041015625,-583.1224365234375,-13.54985237121582,5.050590515136719,0.06642657518386841,-0.16485701501369476,0.5946313738822937,0.0109432153403759,0.6123437285423279,0.5886012315750122,-14.101734161376953,103000
10.856131553649902,584.8303833007812,592.449951171875,530.1959228515625,-593.2970581054688,-584.98095703125,-13.152277946472168,4.83621072769165,0.06935230642557144,0.06819096952676773,0.5944377183914185,0.00912746973335743,0.5683929920196533,0.5852092504501343,-13.981532096862793,104000
10.241273880004883,585.708984375,594.9842529296875,317.0505676269531,-593.4498901367188,-584.8939208984375,-13.870652198791504,5.314681529998779,0.06352107971906662,-0.36885178089141846,0.5934656858444214,0.008631211705505848,0.6243129372596741,0.600559413433075,-14.487571716308594,105000
66.89752960205078,586.787353515625,596.8624877929688,200.3656768798828,-595.221435546875,-587.0338134765625,-13.268253326416016,5.080651760101318,0.06629668176174164,-0.12392266094684601,0.5875890254974365,0.015027733519673347,0.5769988894462585,0.5816233158111572,-13.887063026428223,106000
824.23681640625,590.11962890625,599.2449951171875,25.154376983642578,-596.7022705078125,-588.478271484375,-13.174395561218262,4.950360298156738,0.06881588697433472,-0.03943406417965889,0.5865928530693054,0.008141625672578812,0.5682497024536133,0.5854393243789673,-14.038249969482422,107000
312.6750183105469,591.2701416015625,602.1332397460938,26.655517578125,-599.5098876953125,-591.4642333984375,-12.782459259033203,4.736787796020508,0.07040446251630783,0.27030861377716064,0.5810306072235107,0.014853107742965221,0.573861837387085,0.5649644136428833,-13.465131759643555,108000
8.919811248779297,597.6199951171875,603.6055908203125,559.472412109375,-605.9650268554688,-597.6166381835938,-12.81737995147705,4.468992710113525,0.06964243203401566,0.250877320766449,0.5837928652763367,0.0077494047582149506,0.5914848446846008,0.5718494653701782,-13.47072982788086,109000
11.06092357635498,597.1282958984375,604.729736328125,542.4048461914062,-604.7039184570312,-596.192626953125,-13.611066818237305,5.099796772003174,0.06723736226558685,-0.1453564167022705,0.586279034614563,0.0101577527821064,0.5929409861564636,0.5955439805984497,-14.436103820800781,110000
25.607141494750977,596.5775756835938,605.5133056640625,170.10519409179688,-605.9827880859375,-597.477294921875,-13.578034400939941,5.072542190551758,0.0669054314494133,-0.16265451908111572,0.582884669303894,0.0076256562024354935,0.5926780104637146,0.5993593335151672,-14.325156211853027,111000
12.249982833862305,600.77783203125,606.3706665039062,561.1205444335938,-608.7598266601562,-600.052734375,-13.873970985412598,5.166863441467285,0.06226998195052147,-0.30441370606422424,0.5806725025177002,0.011507335118949413,0.6085007786750793,0.6104764938354492,-14.840790748596191,112000
11.207094192504883,600.8468017578125,607.1884765625,554.4056396484375,-609.3516235351562,-600.74267578125,-13.571386337280273,4.9624786376953125,0.06676658242940903,0.00468191783875227,0.5829984545707703,0.00941027794033289,0.5880222320556641,0.6007856726646423,-14.492231369018555,113000
203.8445281982422,600.4749755859375,609.1555786132812,37.75250244140625,-607.914306640625,-599.5209350585938,-13.653389930725098,5.260013103485107,0.06759916245937347,-0.4912029802799225,0.5841154456138611,0.01063825748860836,0.5883514285087585,0.6030462384223938,-14.663470268249512,114000
93.48217010498047,602.217041015625,611.125244140625,361.1784973144531,-610.1577758789062,-601.79150390625,-12.822501182556152,4.456242084503174,0.0739239975810051,0.3644199073314667,0.5776318311691284,0.009473593905568123,0.5774238109588623,0.5698233246803284,-13.534856796264648,115000
330.6854553222656,604.323486328125,611.8312377929688,29.78696060180664,-613.3804321289062,-604.9383544921875,-13.192333221435547,4.750237941741943,0.07172945886850357,0.3305925130844116,0.576729416847229,0.011731228791177273,0.6027896404266357,0.5715886354446411,-13.597322463989258,116000
19.619176864624023,607.5780029296875,613.3666381835938,435.1490783691406,-615.2365112304688,-606.9925537109375,-13.121100425720215,4.8771467208862305,0.06662554293870926,0.12413976341485977,0.5733932256698608,0.009746510535478592,0.566257894039154,0.57764732837677,-13.794864654541016,117000
21.653173446655273,608.5767822265625,616.611328125,533.57666015625,-617.621337890625,-609.0852661132812,-13.28388500213623,4.747775554656982,0.06899243593215942,0.27363309264183044,0.5741283297538757,0.011649120599031448,0.6055135726928711,0.5842806696891785,-13.966228485107422,118000
7.518644332885742,612.1238403320312,616.3810424804688,582.9168090820312,-619.9815673828125,-611.5625,-13.28465461730957,4.865575313568115,0.06246126443147659,0.0438583642244339,0.576374351978302,0.009717486798763275,0.5882744193077087,0.5883451700210571,-14.125308990478516,119000
7.868290901184082,611.924072265625,616.8380737304688,585.1270141601562,-620.3646850585938,-611.75,-13.331243515014648,4.716556549072266,0.0666380524635315,0.023823082447052002,0.5751575231552124,0.009814801625907421,0.6080726385116577,0.5852081179618835,-14.049308776855469,120000
109.86796569824219,613.8761596679688,618.5110473632812,340.3045349121094,-622.0615234375,-613.572998046875,-13.314109802246094,4.825534343719482,0.07208114117383957,0.0705023780465126,0.5693286657333374,0.017316967248916626,0.6101763248443604,0.5824680328369141,-13.931382179260254,121000
23.98147201538086,613.5230712890625,618.7646484375,397.4437255859375,-621.7312622070312,-613.3780517578125,-12.674830436706543,4.32161808013916,0.06925787031650543,0.18311719596385956,0.5675845742225647,0.01322358101606369,0.5487914681434631,0.5786811113357544,-13.683053016662598,122000
9.576998710632324,616.7442626953125,620.2854614257812,600.5753784179688,-625.3726806640625,-616.376220703125,-13.51008415222168,4.513636112213135,0.06318216025829315,0.012863938696682453,0.572126567363739,0.00976952537894249,0.6335151195526123,0.5905299186706543,-14.139928817749023,123000
81.59053802490234,613.3388061523438,624.5066528320312,40.45427322387695,-620.690185546875,-612.560302734375,-12.988995552062988,4.859146595001221,0.0670766830444336,-0.022705337032675743,0.5667893290519714,0.009385221637785435,0.568813145160675,0.5834928750991821,-13.919567108154297,124000
11.102486610412598,619.379150390625,626.0093994140625,587.513427734375,-627.7620849609375,-619.0360107421875,-13.54784107208252,4.8217597007751465,0.06704428046941757,-0.24902595579624176,0.5632688999176025,0.010335493832826614,0.6079731583595276,0.598270058631897,-14.425174713134766,125000
14.016504287719727,619.4006958007812,625.341796875,562.5501098632812,-626.500732421875,-618.1396484375,-13.262221336364746,4.901120662689209,0.06653209030628204,-0.1112539991736412,0.5553334355354309,0.0070368885062634945,0.5799270272254944,0.6002689599990845,-14.386089324951172,126000
20.212024688720703,619.7648315429688,626.41259765625,152.0885467529297,-628.3937377929688,-619.7554931640625,-13.343417167663574,4.7051897048950195,0.06948006898164749,-0.007513204123824835,0.5522598624229431,0.009226389229297638,0.6095662117004395,0.5852270126342773,-14.005683898925781,127000
8.796628952026367,621.08154296875,627.6702880859375,588.2027587890625,-629.5913696289062,-620.940185546875,-13.557941436767578,4.906713008880615,0.06835891306400299,-0.4507344961166382,0.5603983402252197,0.0077173663303256035,0.5968998074531555,0.60228031873703,-14.551362991333008,128000
14.557353973388672,619.3193359375,628.4774169921875,72.82804870605469,-627.1055908203125,-618.9110717773438,-13.142356872558594,4.94781494140625,0.07212318480014801,-0.16131934523582458,0.556990921497345,0.011484265327453613,0.5714287757873535,0.5827957391738892,-14.143255233764648,129000
8.917545318603516,620.8135986328125,630.121337890625,572.8847045898438,-629.391357421875,-621.18798828125,-12.836935043334961,4.633520603179932,0.06805258989334106,0.17097339034080505,0.5551937222480774,0.008998830802738667,0.57771897315979,0.5745706558227539,-13.648078918457031,130000
78.77742767333984,620.9124755859375,631.3809204101562,64.25829315185547,-630.2179565429688,-621.9703369140625,-12.978161811828613,4.730513095855713,0.07433288544416428,0.09823174774646759,0.549811601638794,0.011198578402400017,0.5990908145904541,0.569367527961731,-13.596762657165527,131000
132.3072509765625,620.4757080078125,629.42822265625,63.84032440185547,-629.683837890625,-621.4583129882812,-12.750319480895996,4.524765491485596,0.07132264971733093,0.2158527970314026,0.5522422790527344,0.01000850647687912,0.5737051963806152,0.5663580894470215,-13.483912467956543,132000
42.71686553955078,627.0123291015625,633.3455810546875,497.5205383300781,-636.1763305664062,-627.6422119140625,-13.31805419921875,4.783933639526367,0.0671900138258934,0.07441383600234985,0.5540642738342285,0.008180675096809864,0.5921066999435425,0.5894220471382141,-14.146832466125488,133000
8.45068359375,628.782958984375,634.5284423828125,595.1975708007812,-636.5950927734375,-628.412109375,-12.553548812866211,4.370560169219971,0.07159876078367233,0.24512305855751038,0.5526390075683594,0.01047151256352663,0.5436770915985107,0.5665310621261597,-13.470500946044922,134000
470.5354309082031,627.6920776367188,636.4756469726562,23.423311233520508,-637.3306884765625,-628.7827758789062,-13.47738265991211,4.929434776306152,0.06656181067228317,-0.3339921534061432,0.5517390370368958,0.010358093306422234,0.5904927253723145,0.5996475219726562,-14.481575965881348,135000
6.773805141448975,631.62939453125,636.9371948242188,600.8486938476562,-641.13232421875,-632.2021484375,-13.35029125213623,4.420131683349609,0.0702228918671608,0.1276167333126068,0.5474503636360168,0.010834373533725739,0.6213879585266113,0.5842901468276978,-13.939105033874512,136000
47.30058288574219,634.9385375976562,640.18115234375,410.5916748046875,-643.5064086914062,-635.1801147460938,-13.672276496887207,5.346024036407471,0.062177468091249466,-0.5426911115646362,0.5475951433181763,0.01223053690046072,0.5530948638916016,0.6175233125686646,-15.077476501464844,137000
13.825836181640625,637.1686401367188,643.074951171875,428.7079772949219,-646.1525268554688,-637.349853515625,-13.749883651733398,4.947220325469971,0.06239945814013481,-0.27847278118133545,0.5488713979721069,0.010073363780975342,0.6237901449203491,0.6022788882255554,-14.595903396606445,138000
22.517364501953125,639.84326171875,645.9561157226562,605.97265625,-647.37939453125,-639.03857421875,-13.050006866455078,4.709172248840332,0.06640786677598953,-0.07906999439001083,0.5438433885574341,0.012567630037665367,0.5488552451133728,0.5946993827819824,-14.41185188293457,139000
22.588022232055664,639.9694213867188,645.4929809570312,603.6723022460938,-646.9544677734375,-637.9403686523438,-13.962610244750977,4.94847297668457,0.062280528247356415,-0.3644125759601593,0.5486307144165039,0.010258680209517479,0.6297973394393921,0.6090158224105835,-14.974997520446777,140000
10.061483383178711,641.6805419921875,647.3357543945312,612.267333984375,-649.585693359375,-641.164794921875,-13.071785926818848,4.650901794433594,0.06371378153562546,0.06528759747743607,0.5452609658241272,0.008933010511100292,0.566673994064331,0.5899771451950073,-14.101956367492676,141000
330.51361083984375,641.5234375,650.69384765625,152.1403045654297,-651.0921020507812,-642.3748168945312,-13.274402618408203,4.557140827178955,0.07694826275110245,0.03750995919108391,0.5411204099655151,0.009616509079933167,0.6029682159423828,0.5802471041679382,-13.923391342163086,142000
61.624351501464844,644.0576171875,650.4398803710938,204.871337890625,-651.5722045898438,-643.322998046875,-13.029007911682129,4.779755592346191,0.06748256087303162,-0.025868775323033333,0.5416098237037659,0.009353633038699627,0.5799788236618042,0.5858027935028076,-13.971576690673828,143000
18.189716339111328,644.53076171875,651.1646118164062,275.201904296875,-653.141845703125,-644.6893310546875,-13.104545593261719,4.65204381942749,0.06782247871160507,-0.026253318414092064,0.5363851189613342,0.00914059393107891,0.5787943601608276,0.5882089138031006,-14.05940055847168,144000
42.746070861816406,642.690185546875,651.74755859375,86.20694732666016,-651.708740234375,-643.6090087890625,-12.571451187133789,4.471712589263916,0.07590749859809875,0.27919450402259827,0.5400539040565491,0.010861581191420555,0.5679892301559448,0.5662966966629028,-13.38352108001709,145000
12.43934440612793,645.6234130859375,650.2898559570312,598.3092651367188,-653.71875,-644.9981079101562,-13.27889633178711,4.558221340179443,0.06790006160736084,0.035936467349529266,0.5352965593338013,0.008433740586042404,0.5935961008071899,0.5850341320037842,-14.050010681152344,146000
934.3036499023438,638.4547119140625,652.41845703125,49.920188903808594,-646.5630493164062,-638.109130859375,-12.821281433105469,4.367374897003174,0.07797101140022278,0.2390461415052414,0.5364555716514587,0.010744933038949966,0.602392315864563,0.5595564842224121,-13.199819564819336,147000
8.82723617553711,645.9837646484375,653.3613891601562,599.3607177734375,-654.2918701171875,-645.8045654296875,-13.208294868469238,4.7210373878479,0.06600321829319,-0.015458066016435623,0.5335919260978699,0.008964004926383495,0.5758984684944153,0.5869193077087402,-14.137697219848633,148000
7.983859539031982,647.08984375,653.6188354492188,601.5114135742188,-655.33447265625,-646.6146240234375,-13.013073921203613,4.293198585510254,0.0651518777012825,-0.006818034220486879,0.5279117822647095,0.010852651670575142,0.5853908658027649,0.5806139707565308,-13.852056503295898,149000
7.950505256652832,646.8766479492188,653.8387451171875,602.0297241210938,-655.7181396484375,-647.2163696289062,-12.902502059936523,4.400728702545166,0.06564684957265854,0.22460311651229858,0.5346173048019409,0.010636815801262856,0.5767766237258911,0.5743353366851807,-13.614957809448242,150000
10.633305549621582,646.6157836914062,653.9847412109375,585.1270141601562,-655.7216796875,-646.7693481445312,-13.506525039672852,4.55421257019043,0.06763289868831635,-0.0935443788766861,0.5322975516319275,0.009018984623253345,0.6198611259460449,0.5967761278152466,-14.394710540771484,151000
8.479241371154785,647.6672973632812,654.5626831054688,593.8629150390625,-656.0634155273438,-647.7238159179688,-12.49666976928711,4.1570611000061035,0.07050715386867523,0.2675950825214386,0.5330317616462708,0.009201988577842712,0.5525311827659607,0.568483829498291,-13.506500244140625,152000
8.659429550170898,648.7010498046875,654.5975341796875,608.1453857421875,-657.1856079101562,-648.47998046875,-12.781145095825195,4.075475692749023,0.06954490393400192,0.4693029224872589,0.5282686948776245,0.010673505254089832,0.6074100732803345,0.5606674551963806,-13.22944450378418,153000
34.04261016845703,645.547607421875,654.810791015625,404.635986328125,-654.1964721679688,-646.1275634765625,-11.930177688598633,3.86126708984375,0.08098700642585754,0.5607432126998901,0.5253995656967163,0.009614050388336182,0.5328278541564941,0.5476658344268799,-12.935532569885254,154000
95.14239501953125,649.0236206054688,654.1229248046875,418.339111328125,-657.4588623046875,-648.7322387695312,-13.129323959350586,4.402713775634766,0.06417007744312286,0.24519206583499908,0.5279504656791687,0.012602433562278748,0.6107528209686279,0.5749456882476807,-13.697713851928711,155000
7.909523010253906,647.709716796875,653.5180053710938,592.3359985351562,-656.3729858398438,-647.5665283203125,-13.040115356445312,4.233645915985107,0.06758597493171692,-0.018894165754318237,0.5278027057647705,0.008818862028419971,0.5844532251358032,0.5848893523216248,-13.945577621459961,156000
16.363203048706055,644.898681640625,655.5186767578125,98.02388763427734,-653.5578002929688,-644.9732666015625,-12.690705299377441,4.106194972991943,0.07422392070293427,0.27796369791030884,0.5215885043144226,0.011985326185822487,0.586841344833374,0.5654183626174927,-13.271551132202148,157000
6.905043601989746,647.8153076171875,654.843505859375,596.7747192382812,-656.69482421875,-648.1553344726562,-12.897705078125,4.358205795288086,0.06718676537275314,0.12541483342647552,0.5248136520385742,0.011879021301865578,0.5660218000411987,0.5793628096580505,-13.921491622924805,158000
7.299020767211914,648.7182006835938,654.3016967773438,613.2377319335938,-657.7162475585938,-648.8164672851562,-12.929410934448242,4.029575347900391,0.06904597580432892,0.2885325849056244,0.5211964845657349,0.009671205654740334,0.6028115153312683,0.5709457993507385,-13.550520896911621,159000
8.205863952636719,648.029296875,655.9276733398438,591.0875854492188,-655.8704833984375,-646.889892578125,-13.001972198486328,4.02137565612793,0.0709826797246933,0.09812049567699432,0.5160848498344421,0.007261424325406551,0.5950928330421448,0.5815036296844482,-13.824813842773438,160000
7.389152526855469,649.9166259765625,656.5875854492188,603.397216796875,-658.6033935546875,-649.8662719726562,-12.900497436523438,4.163403034210205,0.06842360645532608,0.16222533583641052,0.5210358500480652,0.007213881239295006,0.5879884362220764,0.5754717588424683,-13.683127403259277,161000
37.32915115356445,648.7113037109375,657.1505126953125,87.12478637695312,-657.032958984375,-648.6324462890625,-12.632606506347656,4.232110023498535,0.06840076297521591,0.24230320751667023,0.5168560743331909,0.008211605250835419,0.5713407397270203,0.569934606552124,-13.521750450134277,162000
38.25221633911133,649.378662109375,658.2919921875,122.28216552734375,-658.068115234375,-649.5225830078125,-12.953239440917969,4.407686233520508,0.07050691545009613,-0.07003692537546158,0.5110424757003784,0.006668713875114918,0.5863685011863708,0.5858678817749023,-13.956851959228516,163000
7.179745197296143,652.2656860351562,660.1053466796875,591.25439453125,-661.3884887695312,-653.1708374023438,-12.206716537475586,3.9890754222869873,0.07154487818479538,0.3040449917316437,0.5155491828918457,0.01085530873388052,0.5250891447067261,0.568658709526062,-13.425270080566406,164000
61.8065185546875,650.2091064453125,661.3261108398438,130.799560546875,-659.0316772460938,-650.3819580078125,-13.234975814819336,4.58524227142334,0.07037152349948883,-0.19999457895755768,0.5145448446273804,0.0085275424644351,0.6088988780975342,0.5908286571502686,-14.207033157348633,165000
50.9995231628418,654.0738525390625,663.3050537109375,50.765316009521484,-662.9229736328125,-654.3448486328125,-12.692427635192871,4.114311218261719,0.07406576722860336,-0.028651038184762,0.506260871887207,0.007668614853173494,0.5766792893409729,0.5765318870544434,-13.67262077331543,166000
10.992206573486328,657.7821044921875,665.8314819335938,615.9772338867188,-665.9517211914062,-657.2220458984375,-12.664817810058594,3.935114622116089,0.06809643656015396,0.4950273633003235,0.5110325217247009,0.00926416926085949,0.578251302242279,0.5678466558456421,-13.3958740234375,167000
342.43572998046875,657.0526123046875,667.3292236328125,131.2363739013672,-665.8970947265625,-657.6920776367188,-12.692609786987305,4.487608909606934,0.07217103987932205,0.07004350423812866,0.5095070004463196,0.009280659258365631,0.5443251132965088,0.5819621086120605,-13.867918014526367,168000
7.516356468200684,662.422607421875,667.3683471679688,610.0997314453125,-671.2110595703125,-662.1437377929688,-13.368087768554688,4.300790786743164,0.06855335086584091,0.09223426878452301,0.513588011264801,0.009141124784946442,0.6184309720993042,0.5857736468315125,-14.094762802124023,169000
15.490936279296875,664.84033203125,673.1863403320312,246.2920684814453,-673.4055786132812,-665.146728515625,-12.626840591430664,4.36798095703125,0.07251129299402237,0.07847382128238678,0.508635938167572,0.009378094226121902,0.5647289752960205,0.5770232677459717,-13.7859468460083,170000
14.341375350952148,669.164794921875,674.366455078125,631.7752075195312,-677.2880859375,-668.2529907226562,-13.543229103088379,4.508144855499268,0.06600028276443481,-0.34377652406692505,0.503343939781189,0.011297672986984253,0.6149177551269531,0.6001042723655701,-14.553216934204102,171000
7.531122207641602,669.6707153320312,676.520751953125,623.244140625,-678.244873046875,-669.6929931640625,-12.738433837890625,4.186543941497803,0.06970041245222092,-0.07093552500009537,0.5007622838020325,0.008164919912815094,0.5535445213317871,0.5862432718276978,-14.146230697631836,172000
246.38528442382812,668.6707763671875,677.9561157226562,77.13375091552734,-678.068359375,-669.3992919921875,-13.131145477294922,4.46209192276001,0.07413753122091293,-0.1912812739610672,0.5013156533241272,0.007459564600139856,0.5819482207298279,0.5973889231681824,-14.373382568359375,173000
138.77597045898438,668.399658203125,678.733154296875,91.95246124267578,-676.6608276367188,-668.181640625,-12.716930389404297,4.23773193359375,0.07812979817390442,-0.013006329536437988,0.5047920346260071,0.007836024276912212,0.574759304523468,0.5667133331298828,-13.558316230773926,174000
8.291617393493652,672.0462036132812,679.6397705078125,603.587646484375,-680.674560546875,-672.166259765625,-12.409982681274414,3.9016647338867188,0.07320555299520493,0.5079387426376343,0.49835118651390076,0.008258167654275894,0.5895464420318604,0.5559282898902893,-13.002640724182129,175000
14.442798614501953,668.1376953125,679.983154296875,66.59638977050781,-677.6805419921875,-668.8165283203125,-13.41515064239502,4.5511555671691895,0.07110058516263962,-0.4001057744026184,0.4955374598503113,0.009757950901985168,0.5934243202209473,0.6000257134437561,-14.462665557861328,176000
37.66551208496094,672.22509765625,679.7608032226562,482.6238708496094,-681.2161865234375,-672.603759765625,-13.24911880493164,4.6366987228393555,0.06987515836954117,-0.5264784693717957,0.4984072148799896,0.007845619693398476,0.5745847821235657,0.5997369885444641,-14.524264335632324,177000
11.259142875671387,672.0778198242188,680.1785278320312,596.888427734375,-681.3097534179688,-672.6216430664062,-12.965807914733887,4.277709007263184,0.07136674225330353,-0.15778085589408875,0.4949585795402527,0.007534329779446125,0.5857372879981995,0.5803955793380737,-13.868486404418945,178000
13.235386848449707,669.2962036132812,680.9235229492188,46.67847442626953,-677.31787109375,-669.4046630859375,-11.846007347106934,3.9328253269195557,0.07957471162080765,0.27337557077407837,0.49145883321762085,0.012405503541231155,0.518024206161499,0.5552818775177002,-12.99046516418457,179000
11.185370445251465,672.59033203125,680.8194580078125,614.0172729492188,-681.1746215820312,-672.0289916992188,-13.500008583068848,4.354362964630127,0.07369530946016312,-0.18747539818286896,0.4896704852581024,0.0081267599016428,0.6222066879272461,0.597051739692688,-14.3305082321167,180000
8.04356575012207,672.490478515625,681.8333129882812,600.044189453125,-680.8467407226562,-672.0648193359375,-13.049327850341797,4.267405033111572,0.06764677911996841,-0.11547497659921646,0.4930800795555115,0.00826161727309227,0.5578022003173828,0.6005183458328247,-14.382556915283203,181000
217.5814208984375,670.5720825195312,680.2905883789062,70.70648956298828,-678.9161987304688,-669.7618408203125,-13.158416748046875,4.004118919372559,0.07292026281356812,0.1642204225063324,0.49184486269950867,0.011455708183348179,0.6119896769523621,0.5791844129562378,-13.865047454833984,182000
9.731199264526367,672.73046875,681.4415893554688,589.1028442382812,-680.9207153320312,-672.4807739257812,-12.233137130737305,3.793184518814087,0.07689086347818375,0.2588340938091278,0.4908877909183502,0.006826505530625582,0.5532466173171997,0.5644010305404663,-13.303864479064941,183000
40.74081802368164,670.4739990234375,681.6148681640625,59.8551139831543,-679.2619018554688,-670.347900390625,-12.973947525024414,4.0599260330200195,0.07189972698688507,-0.19330072402954102,0.48771044611930847,0.011971591040492058,0.5952732563018799,0.5785578489303589,-13.895901679992676,184000
31.244478225708008,671.5360107421875,682.3639526367188,72.86953735351562,-680.04833984375,-671.4080200195312,-12.436208724975586,3.79589581489563,0.0760204941034317,0.3118364214897156,0.4874219298362732,0.014099295251071453,0.5856119394302368,0.555113673210144,-13.129006385803223,185000
68.02708435058594,670.1689453125,682.2207641601562,197.5537567138672,-678.8263549804688,-670.3826293945312,-12.580840110778809,4.137081146240234,0.07456865161657333,0.033752843737602234,0.487533301115036,0.007423724979162216,0.5631961822509766,0.5706597566604614,-13.599267959594727,186000
6.712935447692871,675.3070068359375,681.6669311523438,609.5858764648438,-684.4552612304688,-675.387939453125,-13.304656028747559,4.23732328414917,0.06659973412752151,0.0016130036674439907,0.4815502464771271,0.006189047358930111,0.611261248588562,0.5975750684738159,-14.291885375976562,187000
89.9327392578125,671.6007080078125,682.4960327148438,313.1458740234375,-681.1047973632812,-672.813720703125,-12.475236892700195,4.184122562408447,0.07240364700555801,-0.04634026437997818,0.47977182269096375,0.010319739580154419,0.5505555272102356,0.5840373635292053,-13.84008502960205,188000
322.2530212402344,674.490478515625,681.6551513671875,250.0717010498047,-682.3189086914062,-673.297119140625,-13.295343399047852,4.273545742034912,0.06796792149543762,-0.08221784234046936,0.48289215564727783,0.0074197351932525635,0.6171178817749023,0.5918014049530029,-14.152156829833984,189000
8.533934593200684,673.1072998046875,681.5299072265625,590.466552734375,-682.5397338867188,-673.87548828125,-12.840845108032227,4.1765456199646,0.07377082109451294,-0.06099940091371536,0.48008355498313904,0.008340805768966675,0.572992205619812,0.5821686387062073,-13.87332534790039,190000
11.878961563110352,673.5654296875,682.375732421875,600.0966796875,-682.3103637695312,-673.9075927734375,-12.235934257507324,3.833205461502075,0.07935208827257156,0.2435193657875061,0.4773377776145935,0.009727342054247856,0.5498558878898621,0.5574746131896973,-13.259056091308594,191000
7.960984230041504,674.650390625,682.0277709960938,612.1444702148438,-683.5618896484375,-674.737548828125,-13.312606811523438,4.488280296325684,0.06899809837341309,-0.4432675838470459,0.4767354726791382,0.0066467104479670525,0.5871551036834717,0.5995190739631653,-14.53177261352539,192000
6.476992607116699,674.92578125,681.9930419921875,592.2310791015625,-683.9446411132812,-674.9443969726562,-13.082548141479492,4.082290172576904,0.06310637295246124,-0.04813632369041443,0.4803529381752014,0.007959225215017796,0.5780984163284302,0.5887137055397034,-14.170736312866211,193000
23.741634368896484,673.050048828125,681.7791137695312,227.5582733154297,-682.1259765625,-673.458740234375,-12.71492862701416,4.047674655914307,0.07641369104385376,-0.11382116377353668,0.48533955216407776,0.008077442646026611,0.5709236264228821,0.5789098739624023,-13.972009658813477,194000
7.799820423126221,674.0198364257812,681.5230102539062,615.9284057617188,-683.35888671875,-674.224365234375,-13.279216766357422,4.144693851470947,0.06603629142045975,0.026053480803966522,0.4790089726448059,0.007635342888534069,0.6196954250335693,0.5862494707107544,-13.929275512695312,195000
7.030013084411621,675.4613037109375,683.0612182617188,627.41650390625,-683.6492919921875,-675.298095703125,-12.109262466430664,3.7580597400665283,0.07083938270807266,0.31558406352996826,0.4802568554878235,0.011650821194052696,0.536332368850708,0.563335120677948,-13.378922462463379,196000
681.5582885742188,676.46240234375,684.7579956054688,175.16990661621094,-685.3551025390625,-676.6099243164062,-12.788342475891113,4.043173789978027,0.07047077268362045,-0.04718271642923355,0.47752997279167175,0.010659100487828255,0.5906704664230347,0.5735752582550049,-13.689642906188965,197000
6.368320465087891,678.21484375,688.6500244140625,610.3984375,-688.0099487304688,-679.0578002929688,-12.893702507019043,3.941558361053467,0.07691359519958496,-0.07202000916004181,0.47330039739608765,0.007689701393246651,0.5786000490188599,0.5798038244247437,-13.98789119720459,198000
6.929346084594727,680.0792236328125,689.3719482421875,600.3228759765625,-689.4141845703125,-680.5324096679688,-12.602909088134766,3.721115827560425,0.06890835613012314,0.4076984226703644,0.47327253222465515,0.009167605079710484,0.5948416590690613,0.5617054104804993,-13.24625015258789,199000
77.1614761352539,682.64697265625,690.9028930664062,599.4682006835938,-691.6992797851562,-682.8184814453125,-12.938180923461914,4.057401657104492,0.07146959751844406,-0.011132468469440937,0.47047093510627747,0.008552300743758678,0.6023205518722534,0.5770976543426514,-13.792545318603516,200000
7.043998718261719,683.5852661132812,692.4539184570312,609.5935668945312,-692.0171508789062,-683.39306640625,-12.94822883605957,4.324129104614258,0.07224292308092117,-0.14557059109210968,0.46771931648254395,0.009189069271087646,0.561257004737854,0.5937692523002625,-14.323792457580566,201000
6.356533050537109,685.7720947265625,693.9033813476562,603.298828125,-695.1369018554688,-686.445556640625,-12.64736557006836,3.955967903137207,0.07281187921762466,-0.0392192080616951,0.46998485922813416,0.007723652292042971,0.5665595531463623,0.5810175538063049,-13.891112327575684,202000
26.4918270111084,688.1181640625,694.855224609375,614.6674194335938,-696.3517456054688,-687.2193603515625,-12.915904998779297,3.783518075942993,0.06951253861188889,0.2902338206768036,0.4671216309070587,0.010847152210772038,0.6117271780967712,0.5690664052963257,-13.469204902648926,203000
11.576162338256836,689.948486328125,697.296630859375,626.146240234375,-698.9821166992188,-690.3965454101562,-12.239290237426758,3.6537675857543945,0.07279760390520096,0.3792901039123535,0.4709436595439911,0.010431680828332901,0.5447206497192383,0.5638424158096313,-13.332374572753906,204000
31.820533752441406,687.1967163085938,697.175537109375,233.09230041503906,-697.1201782226562,-687.9345703125,-13.090238571166992,3.9045913219451904,0.07276053726673126,-0.16047900915145874,0.4702087938785553,0.007681708782911301,0.5938040018081665,0.5924350023269653,-14.124835968017578,205000
6.328413009643555,691.5013427734375,698.5537719726562,587.89501953125,-699.9124145507812,-691.183837890625,-12.418950080871582,3.690340757369995,0.07215028256177902,0.33051735162734985,0.46808576583862305,0.008106216788291931,0.5772051811218262,0.5681316256523132,-13.369810104370117,206000
112.20918273925781,690.8369750976562,700.4666137695312,427.6650695800781,-700.509033203125,-691.5013427734375,-13.151006698608398,4.143295764923096,0.068756103515625,-0.30407655239105225,0.4610019028186798,0.00628141313791275,0.5774800777435303,0.6044837236404419,-14.600014686584473,207000
18.31401824951172,695.336669921875,702.1443481445312,592.3922119140625,-703.5057983398438,-694.9886474609375,-12.3328857421875,3.8157169818878174,0.0798870399594307,0.09803306311368942,0.46064528822898865,0.012415660545229912,0.5542424321174622,0.5662115812301636,-13.54419994354248,208000
7.287304401397705,696.5689697265625,704.382568359375,639.7902221679688,-705.4835815429688,-696.4345092773438,-13.060348510742188,4.011286735534668,0.07279068231582642,-0.24318867921829224,0.46048232913017273,0.009810734540224075,0.5763922333717346,0.5975121259689331,-14.45639419555664,209000
6.244950294494629,699.0829467773438,706.3557739257812,630.9404296875,-708.568603515625,-699.4805908203125,-13.218531608581543,4.130491256713867,0.07057075202465057,-0.18555277585983276,0.4638197422027588,0.009174086153507233,0.6047906875610352,0.589541494846344,-14.17154312133789,210000
14.572687149047852,695.2144775390625,705.6509399414062,83.08643341064453,-704.3062744140625,-695.8309326171875,-12.204244613647461,3.728872776031494,0.0731356218457222,0.3357335031032562,0.4665297567844391,0.009601734578609467,0.5567837953567505,0.5556696057319641,-13.002229690551758,211000
304.0762939453125,696.7891845703125,705.9812622070312,269.232177734375,-705.7859497070312,-696.7977294921875,-12.751347541809082,3.7631471157073975,0.07367859035730362,0.0644056424498558,0.4650472402572632,0.011862273328006268,0.6095033288002014,0.5619802474975586,-13.372527122497559,212000
5.615753650665283,699.0105590820312,706.2012329101562,639.747314453125,-708.4525756835938,-699.10888671875,-12.990543365478516,3.6468379497528076,0.0707956925034523,0.018861643970012665,0.45549702644348145,0.010036459192633629,0.5986770987510681,0.5860427618026733,-14.04159927368164,213000
8.966411590576172,698.8172607421875,706.178955078125,606.7392578125,-707.447998046875,-698.5394287109375,-12.839871406555176,3.9312493801116943,0.06806913763284683,0.08858461678028107,0.45876508951187134,0.008115965873003006,0.5720117092132568,0.5820239186286926,-13.963005065917969,214000
234.2855224609375,697.6153564453125,705.6357421875,216.45201110839844,-706.9454956054688,-697.9093017578125,-13.159194946289062,4.122987270355225,0.06903894990682602,-0.15566386282444,0.46166300773620605,0.011374039575457573,0.5990488529205322,0.592100203037262,-14.400638580322266,215000
22.09695816040039,699.592529296875,706.63818359375,613.6965942382812,-709.180908203125,-700.2088623046875,-12.86932373046875,3.897258996963501,0.06830701977014542,-0.10356301814317703,0.4617624282836914,0.006759355776011944,0.5768246054649353,0.5888879299163818,-14.156031608581543,216000
70.73985290527344,702.4269409179688,709.2216186523438,529.492919921875,-710.778076171875,-701.998291015625,-12.814094543457031,4.034274578094482,0.0782051756978035,-0.12201399356126785,0.45690250396728516,0.009773810394108295,0.5840123891830444,0.5794837474822998,-14.006111145019531,217000
9.378883361816406,701.5941772460938,709.985595703125,599.1273193359375,-709.9298706054688,-700.97998046875,-12.682855606079102,3.73294734954834,0.07024627178907394,0.054670337587594986,0.4542796015739441,0.010262902826070786,0.5809589624404907,0.5805662870407104,-13.928984642028809,218000
10.328812599182129,706.0489501953125,710.2670288085938,634.0377807617188,-714.4057006835938,-705.3450317382812,-13.109140396118164,4.048452377319336,0.06521525233983994,-0.3492886424064636,0.45166951417922974,0.007312542758882046,0.5690353512763977,0.611154317855835,-14.792547225952148,219000
6.429120063781738,707.8351440429688,714.7296752929688,658.2869873046875,-716.6664428710938,-707.7554931640625,-12.561199188232422,3.6502747535705566,0.0716157779097557,0.4294188916683197,0.4608193039894104,0.005877619609236717,0.5797950029373169,0.5719060897827148,-13.49002456665039,220000
5.939035415649414,707.91796875,713.6316528320312,649.2296142578125,-716.3837890625,-707.3151245117188,-12.67214584350586,3.6034271717071533,0.06811628490686417,0.25578731298446655,0.45776456594467163,0.008678936399519444,0.5864415168762207,0.5742136240005493,-13.672011375427246,221000
143.5941162109375,706.9467163085938,713.7061157226562,545.1184692382812,-716.04150390625,-706.9429321289062,-13.004587173461914,3.9059855937957764,0.06741514056921005,-0.2518174350261688,0.4482177495956421,0.007107489742338657,0.5744857788085938,0.6047120094299316,-14.533561706542969,222000
7.580157279968262,710.2962036132812,714.84814453125,689.3591918945312,-718.98779296875,-709.7545166015625,-13.144630432128906,3.911360025405884,0.06425566971302032,-0.20704111456871033,0.45332157611846924,0.005860976874828339,0.5836484432220459,0.5997837781906128,-14.430917739868164,223000
8.120719909667969,710.6384887695312,715.6258544921875,680.8277587890625,-719.8455810546875,-710.6326904296875,-13.245731353759766,4.0328545570373535,0.06256595999002457,-0.0316784605383873,0.452536016702652,0.006847080774605274,0.5966324210166931,0.5945594310760498,-14.392788887023926,224000
13.917221069335938,710.3009033203125,715.829345703125,686.187255859375,-719.8148193359375,-710.5193481445312,-12.965389251708984,3.669926643371582,0.07026452571153641,0.027797890827059746,0.45412677526474,0.008105471730232239,0.6015743017196655,0.5837161540985107,-14.024919509887695,225000
296.4759521484375,714.04052734375,718.6008911132812,423.2786560058594,-723.9158325195312,-714.982177734375,-12.465656280517578,3.531984806060791,0.06614609807729721,0.4673433303833008,0.45253536105155945,0.007846685126423836,0.5682976245880127,0.5692931413650513,-13.552492141723633,226000
6.205233573913574,718.3729248046875,722.912109375,682.658447265625,-727.091064453125,-717.9385375976562,-13.189844131469727,4.037309169769287,0.06369613856077194,-0.10500786453485489,0.45444247126579285,0.008624749258160591,0.5908529758453369,0.6005811095237732,-14.459493637084961,227000
7.733889579772949,720.56591796875,724.7628173828125,676.3154296875,-729.3153076171875,-720.1976318359375,-13.02479362487793,3.9071149826049805,0.06097044050693512,0.01639227196574211,0.45275911688804626,0.009791417047381401,0.5815609693527222,0.5927243232727051,-14.290630340576172,228000
6.008154392242432,719.8106689453125,725.8575439453125,664.8416748046875,-729.4165649414062,-720.388916015625,-12.764455795288086,3.73681902885437,0.06511671841144562,0.11981537938117981,0.45066553354263306,0.00929996743798256,0.5774753093719482,0.5826370716094971,-13.857087135314941,229000
4.280315399169922,725.6182861328125,728.4737548828125,703.908203125,-734.522705078125,-725.4009399414062,-13.174257278442383,4.0524797439575195,0.05651593953371048,-0.08343219757080078,0.4514228105545044,0.008029714226722717,0.5898267030715942,0.6104503870010376,-14.684455871582031,230000
6.435362339019775,727.0543212890625,730.0045776367188,714.41943359375,-735.7091064453125,-726.6990966796875,-12.737794876098633,3.727806329727173,0.06031432002782822,0.04943005368113518,0.4527968764305115,0.007899509742856026,0.5693459510803223,0.5941517353057861,-14.192692756652832,231000
12.939669609069824,730.084228515625,730.9462280273438,721.436279296875,-739.2236328125,-729.62646484375,-13.19088077545166,3.593676805496216,0.06337370723485947,0.04560833051800728,0.45075246691703796,0.006888444535434246,0.6097723841667175,0.5928494334220886,-14.226119995117188,232000
13.947633743286133,730.8406982421875,734.7926025390625,716.7919921875,-738.6785888671875,-729.265625,-13.193349838256836,3.780388593673706,0.06117788329720497,-0.0791153684258461,0.44927167892456055,0.007701431401073933,0.5945454835891724,0.59620201587677,-14.43346118927002,233000
6.871703624725342,732.72314453125,736.6339111328125,714.4320068359375,-741.9158935546875,-732.670654296875,-13.166829109191895,3.9215707778930664,0.06195730343461037,-0.13063709437847137,0.45275503396987915,0.010328356176614761,0.6007454991340637,0.595282793045044,-14.387611389160156,234000
237.93211364746094,736.284912109375,741.24560546875,415.8959655761719,-744.8955688476562,-735.6197509765625,-13.458562850952148,4.182717800140381,0.06581934541463852,-0.31643539667129517,0.45450329780578613,0.007647345308214426,0.6083767414093018,0.6121453046798706,-14.841327667236328,235000
17.85055923461914,739.904052734375,745.0701904296875,394.57281494140625,-749.2138061523438,-739.7100830078125,-13.43975830078125,3.9360079765319824,0.0625418946146965,-0.2268696129322052,0.4423495829105377,0.008175624534487724,0.6148924827575684,0.6032335162162781,-14.530998229980469,236000
774.5653076171875,737.604248046875,745.2093505859375,126.44956970214844,-748.0438232421875,-739.136962890625,-12.235143661499023,3.3282973766326904,0.07551421970129013,0.20771163702011108,0.44543084502220154,0.013843271881341934,0.5750515460968018,0.5503305792808533,-12.814775466918945,237000
207.98057556152344,741.6062622070312,746.4668579101562,159.1110382080078,-749.9795532226562,-740.7135620117188,-12.997146606445312,3.7311534881591797,0.06571494042873383,0.022075502201914787,0.45086178183555603,0.008715981617569923,0.5971426963806152,0.585443377494812,-14.054486274719238,238000
18.54380226135254,745.3414306640625,749.5203857421875,591.7599487304688,-754.5208740234375,-745.471435546875,-12.661697387695312,3.6122260093688965,0.06755875051021576,0.14312219619750977,0.44625818729400635,0.009497294202446938,0.5943113565444946,0.5702697038650513,-13.531704902648926,239000
8.359124183654785,749.8649291992188,752.4938354492188,730.66455078125,-757.3890991210938,-748.3508911132812,-12.68893814086914,3.6507818698883057,0.06353943794965744,0.05155368894338608,0.44355252385139465,0.00898931734263897,0.5783933401107788,0.5794069766998291,-13.823101043701172,240000
8.083510398864746,748.5968017578125,752.94091796875,526.9755859375,-757.935302734375,-748.55859375,-12.971671104431152,3.594971179962158,0.062349241226911545,0.04174176976084709,0.43847259879112244,0.0063485754653811455,0.6002849340438843,0.5841251015663147,-13.856346130371094,241000
4.776432037353516,751.82568359375,753.9246215820312,742.5474853515625,-760.9645385742188,-751.7093505859375,-13.072997093200684,3.817793130874634,0.06002437323331833,-0.025061216205358505,0.44498664140701294,0.0072028301656246185,0.5850945711135864,0.6007338762283325,-14.541080474853516,242000
12.829229354858398,751.3623046875,757.4336547851562,107.9209976196289,-760.6367797851562,-751.6773681640625,-12.89828109741211,3.9388339519500732,0.06384336948394775,-0.12478241324424744,0.44243940711021423,0.00826079398393631,0.573242723941803,0.5940152406692505,-14.30569839477539,243000
45.19256591796875,754.0172729492188,757.6343994140625,616.5540161132812,-763.1010131835938,-753.7952270507812,-12.98897933959961,3.68316912651062,0.06578338891267776,-0.0454694889485836,0.4401876926422119,0.00646442174911499,0.6019871830940247,0.5850720405578613,-13.984289169311523,244000
15.763062477111816,752.5135498046875,757.2674560546875,554.1051025390625,-762.2498168945312,-753.4081420898438,-12.485042572021484,3.6433849334716797,0.06766653060913086,0.1377643197774887,0.4402419328689575,0.008477259427309036,0.5638102293014526,0.5804665088653564,-13.83806037902832,245000
6.492372989654541,752.3500366210938,756.868896484375,736.6010131835938,-761.3482055664062,-751.8419189453125,-13.254095077514648,3.7477900981903076,0.06547991186380386,0.008716830052435398,0.44046810269355774,0.007478252053260803,0.6121959686279297,0.5944181084632874,-14.281923294067383,246000
23.844642639160156,750.299072265625,756.4061889648438,569.1535034179688,-759.2732543945312,-750.4071044921875,-12.260154724121094,3.3940019607543945,0.07125718891620636,0.2380167692899704,0.4327070415019989,0.006715937051922083,0.5627687573432922,0.5596990585327148,-13.296095848083496,247000
189.71896362304688,751.3087158203125,758.6369018554688,212.67222595214844,-760.0908203125,-751.5374755859375,-12.29129409790039,3.7379910945892334,0.07857966423034668,-0.1348859667778015,0.43544134497642517,0.007623189594596624,0.5742036700248718,0.5620335340499878,-13.268903732299805,248000
14.436397552490234,751.290771484375,757.5614013671875,713.6526489257812,-760.0557250976562,-750.8267211914062,-12.78646469116211,3.5574116706848145,0.07399505376815796,0.28190556168556213,0.4340536594390869,0.00862148404121399,0.5981693267822266,0.5745338201522827,-13.67542839050293,249000
131.14364624023438,748.4422607421875,754.1992797851562,400.21282958984375,-757.3413696289062,-747.98291015625,-13.242260932922363,3.8837802410125732,0.06698741763830185,-0.19810093939304352,0.43572279810905457,0.006489558611065149,0.5992785692214966,0.6018244028091431,-14.524724960327148,250000
21.773406982421875,747.8803100585938,754.8629760742188,663.5556030273438,-758.6397094726562,-749.3363037109375,-13.069656372070312,3.7662301063537598,0.06442392617464066,-0.08264347165822983,0.43582862615585327,0.005884275771677494,0.5825233459472656,0.6001043319702148,-14.45231819152832,251000
147.19944763183594,749.6141357421875,755.022705078125,390.77398681640625,-759.3135986328125,-750.2723388671875,-12.54334545135498,3.5020837783813477,0.07075420022010803,0.2854677736759186,0.43513914942741394,0.008056056685745716,0.5722368359565735,0.5726395845413208,-13.609138488769531,252000
7.973024368286133,749.52294921875,756.2626342773438,713.3055419921875,-758.5236206054688,-749.4248046875,-12.807065963745117,3.7082529067993164,0.06618506461381912,0.01902386173605919,0.4345467686653137,0.007001969963312149,0.5874960422515869,0.5868281126022339,-14.043242454528809,253000
11.169188499450684,748.7030639648438,756.2041625976562,704.8931884765625,-757.1290893554688,-748.131103515625,-12.677262306213379,3.6792821884155273,0.06986870616674423,-0.17661365866661072,0.43243923783302307,0.007234673947095871,0.5721145868301392,0.5879403352737427,-14.186771392822266,254000
10.823220252990723,747.6509399414062,755.0746459960938,695.9774780273438,-756.8076782226562,-747.8641357421875,-12.72250747680664,3.77897310256958,0.06368770450353622,0.007837912067770958,0.431254506111145,0.008134754374623299,0.5655598640441895,0.5932565927505493,-14.322038650512695,255000
6.150518417358398,748.58935546875,755.442138671875,704.8534545898438,-758.0267944335938,-748.5776977539062,-13.07042121887207,3.6213090419769287,0.06684911251068115,-0.0787261426448822,0.4302320182323456,0.007008093409240246,0.6007017493247986,0.5923000574111938,-14.166999816894531,256000
1061.960205078125,746.9596557617188,755.3250122070312,509.4847717285156,-755.4068603515625,-746.5595703125,-12.682235717773438,3.834949016571045,0.07105781137943268,-0.21643218398094177,0.42493924498558044,0.006601308472454548,0.5643501281738281,0.5909240245819092,-14.055940628051758,257000
44.511756896972656,749.2846069335938,757.2855224609375,51.250755310058594,-758.9579467773438,-750.0965576171875,-12.624605178833008,3.76322078704834,0.06885021924972534,-0.08960988372564316,0.42764943838119507,0.007318586111068726,0.5728554725646973,0.5791522264480591,-13.776373863220215,258000
8.190333366394043,750.748779296875,757.4207763671875,684.6747436523438,-759.8896484375,-750.3109130859375,-13.109875679016113,3.5311195850372314,0.06602390110492706,0.049258049577474594,0.42922306060791016,0.007266737520694733,0.6130513548851013,0.5889333486557007,-14.089092254638672,259000
12.723560333251953,748.2003173828125,756.605712890625,673.4041137695312,-757.20947265625,-747.7551879882812,-13.119329452514648,3.665024757385254,0.06794366240501404,-0.07722677290439606,0.4274199903011322,0.00793240126222372,0.6004458665847778,0.5935787558555603,-14.242263793945312,260000
12.443877220153809,751.036865234375,757.4895629882812,665.3260498046875,-759.3033447265625,-750.3485717773438,-12.420696258544922,3.465940475463867,0.06889153271913528,0.11265004426240921,0.4247327744960785,0.008037440478801727,0.5524730682373047,0.5780612826347351,-13.818774223327637,261000
8.408072471618652,748.7049560546875,756.9286499023438,659.5902709960938,-757.883544921875,-748.7142944335938,-12.936807632446289,3.7675771713256836,0.07137734442949295,-0.21188242733478546,0.4236035645008087,0.00817339401692152,0.5846720933914185,0.5912966132164001,-14.281709671020508,262000
8.993780136108398,750.3616943359375,757.8341674804688,667.9063720703125,-759.3076782226562,-750.289794921875,-12.680999755859375,3.6631643772125244,0.06724758446216583,-0.11165772378444672,0.4142109155654907,0.007703997194766998,0.5836879014968872,0.5795331001281738,-13.853795051574707,263000
204.72940063476562,747.0663452148438,757.2428588867188,135.19070434570312,-756.758544921875,-747.5452880859375,-12.92266845703125,3.709407091140747,0.07465363293886185,-0.05518040806055069,0.42052727937698364,0.006338990293443203,0.5996639728546143,0.5858119130134583,-13.9666109085083,264000
21.34763526916504,748.5372314453125,757.09814453125,113.29109954833984,-756.7781982421875,-748.1263427734375,-12.345869064331055,3.694021224975586,0.06997928768396378,0.06871721148490906,0.42685118317604065,0.00661601684987545,0.5549346208572388,0.5766043066978455,-13.701990127563477,265000
5.827467918395996,753.5679931640625,759.3328247070312,705.9913330078125,-763.2520141601562,-753.5431518554688,-13.263932228088379,3.555025815963745,0.06826558709144592,0.12922285497188568,0.4189675748348236,0.009454835206270218,0.6295889616012573,0.5847082138061523,-13.962199211120605,266000
643.1922607421875,749.716064453125,761.4716186523438,65.23616790771484,-757.7374877929688,-749.3101806640625,-11.768354415893555,3.3410837650299072,0.0767505094408989,0.09803719073534012,0.40938445925712585,0.008677802979946136,0.5344549417495728,0.5590778589248657,-12.924097061157227,267000
7.761220455169678,755.8828125,762.25537109375,702.9115600585938,-763.1469116210938,-754.16845703125,-12.64351749420166,3.665055990219116,0.06667273491621017,-0.06360989063978195,0.42179760336875916,0.00743795046582818,0.5632059574127197,0.589405357837677,-14.172137260437012,268000
6.038711071014404,756.318359375,763.4006958007812,716.6968994140625,-765.1417846679688,-755.8251342773438,-13.05170726776123,3.7350265979766846,0.06370627135038376,0.05672089383006096,0.4228013753890991,0.007638946175575256,0.5910382270812988,0.5970786809921265,-14.4358491897583,269000
5.691671371459961,757.7994995117188,762.8474731445312,741.0437622070312,-767.3171997070312,-757.642333984375,-13.353452682495117,3.6785850524902344,0.0615491159260273,-0.04262697324156761,0.4217159152030945,0.005779400933533907,0.6119705438613892,0.607852041721344,-14.702720642089844,270000
6.1307830810546875,756.10693359375,762.5204467773438,707.686767578125,-764.8920288085938,-755.754638671875,-12.581653594970703,3.4442505836486816,0.0623876191675663,0.11381887644529343,0.42457491159439087,0.007812866941094398,0.5559366941452026,0.5899721384048462,-14.108210563659668,271000
455.10498046875,752.678466796875,759.8527221679688,85.42182922363281,-760.5042114257812,-751.2266235351562,-12.708059310913086,3.4304676055908203,0.0676553025841713,-0.15783418715000153,0.4205970764160156,0.007843484170734882,0.583849310874939,0.5823225975036621,-13.968255996704102,272000
37.37198257446289,757.389892578125,764.1207885742188,703.8792724609375,-766.2330322265625,-757.0054321289062,-12.46661376953125,3.239015817642212,0.07033323496580124,0.3646785020828247,0.41851338744163513,0.007384553086012602,0.5912117958068848,0.5606324672698975,-13.253171920776367,273000
7.663808822631836,758.4554443359375,763.632080078125,713.7653198242188,-767.787353515625,-758.18701171875,-12.946867942810059,3.3464791774749756,0.0638563334941864,0.07971719652414322,0.41540172696113586,0.007207319140434265,0.5961371064186096,0.5922820568084717,-14.129311561584473,274000
6.994835376739502,759.122314453125,764.5106201171875,711.1779174804688,-767.5823364257812,-758.6107177734375,-12.494478225708008,3.522907257080078,0.06353415548801422,-0.06416704505681992,0.4172128438949585,0.006772360764443874,0.5584564208984375,0.5842112898826599,-13.967966079711914,275000
9.121466636657715,757.388671875,764.3784790039062,712.130859375,-766.4198608398438,-756.8834228515625,-13.358757019042969,3.8223302364349365,0.06082609295845032,-0.32043731212615967,0.415250688791275,0.0055898213759064674,0.5945525169372559,0.6156612634658813,-15.078553199768066,276000
293.3751220703125,757.6419677734375,765.5123291015625,206.95199584960938,-766.9195556640625,-757.8754272460938,-12.430246353149414,3.386098623275757,0.06785879284143448,-0.06027837097644806,0.4151359796524048,0.006914401426911354,0.5572590827941895,0.5785464644432068,-13.744316101074219,277000
6.51509952545166,763.2794799804688,767.582275390625,725.2445068359375,-772.4271240234375,-762.8253173828125,-13.178497314453125,3.576641321182251,0.06370566785335541,-0.06205430626869202,0.4132134020328522,0.007601085118949413,0.6030542850494385,0.60165935754776,-14.484898567199707,278000
6.824352741241455,765.2138671875,768.88720703125,730.8698120117188,-774.1953125,-764.6862182617188,-12.718307495117188,3.209258794784546,0.06390038132667542,0.20189668238162994,0.41074061393737793,0.007122389506548643,0.5909477472305298,0.5800405740737915,-13.83285903930664,279000
11.61834716796875,764.9994506835938,770.77783203125,727.8423461914062,-773.58984375,-764.1648559570312,-12.748029708862305,3.3230748176574707,0.0635775551199913,0.12966030836105347,0.4138515293598175,0.005390763748437166,0.5835214853286743,0.58321213722229,-13.994695663452148,280000
7.737268924713135,766.8692016601562,772.2267456054688,739.1688232421875,-775.9386596679688,-766.2244873046875,-13.334476470947266,3.6203019618988037,0.06210320070385933,-0.08041957765817642,0.41192638874053955,0.007221676874905825,0.6142410039901733,0.5997624397277832,-14.391650199890137,281000
11.052356719970703,765.7891845703125,770.8775634765625,700.7174682617188,-774.9876098632812,-765.734375,-12.915273666381836,3.662027597427368,0.06614179164171219,0.013466184027493,0.4138638377189636,0.008012570440769196,0.584087610244751,0.5902104377746582,-14.241622924804688,282000
9.20586109161377,767.6192626953125,772.3663940429688,708.2279663085938,-776.7603759765625,-767.2186279296875,-12.914312362670898,3.3725712299346924,0.06794190406799316,0.1760840117931366,0.4109729826450348,0.006250185426324606,0.6010023355484009,0.5855077505111694,-14.013158798217773,283000
6.272946357727051,764.1229248046875,772.0707397460938,694.0106811523438,-773.0477294921875,-763.8331298828125,-12.877150535583496,3.6625375747680664,0.06852763891220093,-0.003755290759727359,0.41202476620674133,0.007065739016979933,0.5795236825942993,0.5965192317962646,-14.365428924560547,284000
32.863101959228516,766.1921997070312,772.657470703125,581.882568359375,-773.5357666015625,-764.4888305664062,-12.564407348632812,3.5174806118011475,0.07314389199018478,-0.053998563438653946,0.40881940722465515,0.008322259411215782,0.5683090686798096,0.5835517644882202,-13.862255096435547,285000
67.29840087890625,762.8345336914062,772.8109130859375,34.28872299194336,-771.2947998046875,-762.38427734375,-12.41124153137207,3.5007152557373047,0.07714338600635529,0.1511489450931549,0.40779516100883484,0.007921826094388962,0.5772985219955444,0.5654289722442627,-13.42953872680664,286000
1098.106201171875,765.1810913085938,772.666748046875,425.7262878417969,-773.8355102539062,-764.8169555664062,-12.163256645202637,3.1446852684020996,0.06988368183374405,0.32586538791656494,0.41271722316741943,0.006648379378020763,0.5624831318855286,0.5624914169311523,-13.173262596130371,287000
7.068335056304932,766.9241943359375,772.9708862304688,702.7296142578125,-776.5551147460938,-766.84912109375,-13.216086387634277,3.5100834369659424,0.0577065609395504,-0.05899997055530548,0.41288092732429504,0.004921487532556057,0.6150540113449097,0.6013109683990479,-14.410585403442383,288000
975.4769897460938,766.5667114257812,772.700439453125,93.31918334960938,-774.5098266601562,-765.3363037109375,-12.571861267089844,3.398338794708252,0.06902060657739639,0.06992975622415543,0.40691739320755005,0.010477939620614052,0.5952728986740112,0.5658458471298218,-13.418344497680664,289000
15.267383575439453,768.1602172851562,774.1929321289062,711.8491821289062,-776.7440185546875,-767.4751586914062,-12.701295852661133,3.432407855987549,0.06816157698631287,0.10036498308181763,0.4074414372444153,0.006530207581818104,0.5914537906646729,0.5788301229476929,-13.737588882446289,290000
14.192645072937012,768.2774658203125,774.4114990234375,721.066650390625,-776.49560546875,-767.5152587890625,-12.533774375915527,3.5534093379974365,0.06160999834537506,-0.14294663071632385,0.4038897156715393,0.007234252989292145,0.5509253740310669,0.5936658382415771,-14.202590942382812,291000
9.616338729858398,767.6124877929688,773.052490234375,719.7615966796875,-776.6324462890625,-767.0081176757812,-13.039146423339844,3.414804458618164,0.06105378270149231,0.06432073563337326,0.4048329293727875,0.006577343679964542,0.6122894287109375,0.5916959047317505,-14.16102409362793,292000
82.8665542602539,765.4701538085938,774.59619140625,59.44316864013672,-775.0764770507812,-765.2191162109375,-13.173378944396973,3.316067695617676,0.07183702290058136,-0.19418245553970337,0.4004882574081421,0.009911905974149704,0.6286078691482544,0.5885709524154663,-13.960158348083496,293000
7.654666900634766,769.6332397460938,775.273681640625,711.9374389648438,-777.9002075195312,-768.6259765625,-12.640926361083984,3.36667799949646,0.059412598609924316,0.062031105160713196,0.4059770405292511,0.008602866902947426,0.5734729766845703,0.5856120586395264,-13.948594093322754,294000
7.2736639976501465,769.0419921875,775.8717041015625,359.7923278808594,-778.7913818359375,-769.43701171875,-12.754864692687988,3.400538444519043,0.06617795675992966,0.026557089760899544,0.40361014008522034,0.008299016393721104,0.5975797772407532,0.5793584585189819,-13.81248664855957,295000
22.886642456054688,769.4891967773438,775.4036865234375,583.7186889648438,-778.263427734375,-769.1982421875,-12.544271469116211,3.479057788848877,0.07205294072628021,-0.005746206268668175,0.39983683824539185,0.007175442762672901,0.5644132494926453,0.5836485028266907,-14.075214385986328,296000
101.96952819824219,768.184814453125,776.4852294921875,366.7480773925781,-777.9977416992188,-768.84716796875,-12.763744354248047,3.613161087036133,0.07131492346525192,0.004165442660450935,0.40402084589004517,0.009815346449613571,0.594825267791748,0.5724836587905884,-13.633125305175781,297000
5.799994945526123,771.32568359375,777.66748046875,728.0206909179688,-780.3414916992188,-770.795166015625,-13.068962097167969,3.522669792175293,0.05912023410201073,0.007874409668147564,0.408622145652771,0.0074362438172101974,0.598315417766571,0.597292423248291,-14.38968276977539,298000
7.195040702819824,772.2462158203125,776.92919921875,738.94482421875,-780.9605712890625,-771.515869140625,-12.89388656616211,3.449127435684204,0.06086992472410202,-0.2917996346950531,0.4016193747520447,0.0077608865685760975,0.5891393423080444,0.5915259122848511,-14.338164329528809,299000
7.311090469360352,771.7615966796875,778.8751220703125,727.501953125,-780.7023315429688,-771.2686157226562,-12.925880432128906,3.492191791534424,0.060979533940553665,0.013083858415484428,0.4011244475841522,0.006301646586507559,0.5980433225631714,0.5939141511917114,-14.135313034057617,300000
8.110515594482422,770.6968383789062,778.7640991210938,702.056640625,-780.3404541015625,-771.2164306640625,-12.38132095336914,3.2573492527008057,0.06385946273803711,0.2549046277999878,0.4070133566856384,0.007041258737444878,0.5782840251922607,0.57143235206604,-13.607088088989258,301000
214.19459533691406,771.86669921875,777.9762573242188,311.9910888671875,-782.1785888671875,-772.3690185546875,-13.410809516906738,3.6012685298919678,0.06758460402488708,-0.28832119703292847,0.3968295454978943,0.00926491990685463,0.6322557926177979,0.5939140915870667,-14.372304916381836,302000
87.92813110351562,774.3469848632812,781.4781494140625,113.01554107666016,-784.7147216796875,-775.9309692382812,-12.252523422241211,3.468768835067749,0.0638652965426445,0.09561730921268463,0.4037272036075592,0.007184997200965881,0.5517147779464722,0.5799038410186768,-13.691925048828125,303000
15.076512336730957,779.2487182617188,784.7987670898438,721.414794921875,-788.0433959960938,-778.531494140625,-12.370304107666016,2.858375310897827,0.07155798375606537,0.37682440876960754,0.39561936259269714,0.012494174763560295,0.5972291231155396,0.5514764785766602,-13.053733825683594,304000
9.595504760742188,779.4891357421875,786.0999145507812,737.2496948242188,-789.0277709960938,-779.62890625,-12.790050506591797,3.391173839569092,0.0631532371044159,-0.06368371099233627,0.3975658416748047,0.006451359484344721,0.5823007822036743,0.5916875600814819,-14.209303855895996,305000
23.550872802734375,781.6842041015625,787.2511596679688,576.9544067382812,-789.4918823242188,-780.25537109375,-12.681182861328125,3.4446184635162354,0.06266884505748749,-0.05290748551487923,0.3986419141292572,0.007290820591151714,0.5719559192657471,0.5922062397003174,-14.269155502319336,306000
6.450418472290039,781.965576171875,788.7779541015625,732.3280029296875,-790.408447265625,-781.1019287109375,-12.733308792114258,3.426833152770996,0.06484853476285934,0.014696238562464714,0.39486995339393616,0.00649598054587841,0.5875962972640991,0.5815460681915283,-13.95646858215332,307000
6.326623916625977,783.62451171875,789.9876098632812,729.193359375,-792.4487915039062,-783.3262329101562,-12.31104850769043,3.1885063648223877,0.0645955353975296,0.1730027049779892,0.39055120944976807,0.006915896665304899,0.5704796314239502,0.5761995315551758,-13.700416564941406,308000
26.03742027282715,781.9637451171875,790.1365356445312,496.3741760253906,-792.0272216796875,-782.7269287109375,-12.63818359375,3.337891101837158,0.06961137801408768,0.14779123663902283,0.3983400762081146,0.0070933387614786625,0.59236079454422,0.5779659748077393,-13.802443504333496,309000
9.02988052368164,782.4027709960938,789.4110107421875,714.8634643554688,-792.1784057617188,-782.945068359375,-12.567636489868164,3.3343067169189453,0.06432174146175385,0.06924232095479965,0.3921980559825897,0.005743158049881458,0.5828652381896973,0.5783318281173706,-13.975715637207031,310000
17.0081787109375,782.36572265625,788.9081420898438,611.1075439453125,-791.4202880859375,-782.2176513671875,-12.25355339050293,3.050908327102661,0.07058446854352951,0.1782570630311966,0.39206427335739136,0.009212779812514782,0.5657528042793274,0.5674447417259216,-13.440534591674805,311000
32.011474609375,783.4139404296875,788.9364013671875,679.74169921875,-793.2646484375,-783.6224365234375,-12.89594841003418,3.253694534301758,0.06343000382184982,0.21988224983215332,0.3939030170440674,0.007221932522952557,0.6059306859970093,0.5795353055000305,-13.881779670715332,312000
16.67237091064453,780.5009155273438,789.880859375,700.3026123046875,-788.54638671875,-779.5250244140625,-12.105536460876465,3.0841784477233887,0.07632923871278763,0.14519274234771729,0.3880939781665802,0.008448097854852676,0.573458731174469,0.5509268641471863,-12.969287872314453,313000
42.245826721191406,779.5760498046875,788.1288452148438,296.1661682128906,-788.90087890625,-780.05224609375,-11.97503662109375,3.126398801803589,0.0752982646226883,0.20606544613838196,0.38841500878334045,0.010551854968070984,0.5614070892333984,0.5523629188537598,-13.05575180053711,314000
8.431007385253906,781.4932861328125,788.7583618164062,694.70654296875,-791.0338745117188,-781.4996337890625,-12.536115646362305,3.0019166469573975,0.06899504363536835,0.20772480964660645,0.38716578483581543,0.007752579636871815,0.5923821926116943,0.5714578628540039,-13.524282455444336,315000
18.189468383789062,780.9616088867188,790.3050537109375,393.5941162109375,-790.3787231445312,-781.4371337890625,-12.065439224243164,3.1238622665405273,0.08051927387714386,0.05103467404842377,0.3840595483779907,0.00691718515008688,0.5738799571990967,0.5584226250648499,-13.064352035522461,316000
26.412944793701172,783.174072265625,790.6215209960938,100.06390380859375,-793.0833740234375,-783.6304321289062,-12.878839492797852,3.425881862640381,0.06559714674949646,-0.22245608270168304,0.38861995935440063,0.005921280011534691,0.5918424725532532,0.5991230607032776,-14.426398277282715,317000
7.606503486633301,784.8643798828125,791.3447265625,718.3671264648438,-793.5060424804688,-784.34619140625,-12.571904182434082,3.412076950073242,0.06488905847072601,-0.043985072523355484,0.3851988911628723,0.007030162960290909,0.5681161880493164,0.59098219871521,-14.223388671875,318000
37.94328308105469,783.2838745117188,792.02880859375,357.3511657714844,-792.6032104492188,-783.1253662109375,-12.931673049926758,3.4538450241088867,0.06757762283086777,-0.0178803913295269,0.38538098335266113,0.008437564596533775,0.6035431623458862,0.5836970806121826,-13.986421585083008,319000
20.753589630126953,785.3175659179688,791.9598388671875,275.5106201171875,-794.3829956054688,-785.1994018554688,-12.280054092407227,3.0964107513427734,0.06802833080291748,0.1392914056777954,0.3875839412212372,0.007118335925042629,0.5782257914543152,0.564012885093689,-13.392679214477539,320000
15.041179656982422,785.739013671875,792.8501586914062,41.1268310546875,-795.9948120117188,-786.5509643554688,-12.800825119018555,3.3570053577423096,0.06570114940404892,-0.20257948338985443,0.3895094692707062,0.006432671099901199,0.588943362236023,0.5904253125190735,-14.012228965759277,321000
7.30832576751709,786.2125244140625,792.7125244140625,713.0076293945312,-794.2023315429688,-784.9475708007812,-12.532571792602539,3.2778568267822266,0.07039918750524521,0.047796834260225296,0.3843980133533478,0.008606298826634884,0.5789645314216614,0.5796945095062256,-13.78436279296875,322000
204.77191162109375,783.3056030273438,793.2216186523438,192.94696044921875,-791.40185546875,-782.0109252929688,-12.756235122680664,3.3652663230895996,0.0681237280368805,-0.18825781345367432,0.3919871151447296,0.0057606808841228485,0.6012336015701294,0.5843168497085571,-13.967443466186523,323000
10.538843154907227,786.0615234375,791.3156127929688,715.5535888671875,-794.2863159179688,-784.8200073242188,-12.752718925476074,3.2864255905151367,0.06050585210323334,0.010720396414399147,0.3825542628765106,0.0067884661257267,0.5909150838851929,0.5910524129867554,-14.070693969726562,324000
50.35569763183594,784.8126220703125,792.510009765625,638.2781982421875,-793.7376708984375,-784.458984375,-12.424489974975586,3.1458399295806885,0.06951635330915451,-0.04233996942639351,0.3819812536239624,0.009864668361842632,0.574074923992157,0.5769742727279663,-13.688615798950195,325000
7.894245624542236,786.333251953125,793.0559692382812,717.9807739257812,-795.4341430664062,-785.7677001953125,-13.134208679199219,3.467771530151367,0.05990729108452797,-0.19877126812934875,0.3845547139644623,0.005822489038109779,0.6069729328155518,0.5993676781654358,-14.493240356445312,326000
143.78298950195312,785.6185302734375,794.22900390625,312.1562805175781,-795.1226196289062,-785.9231567382812,-12.484480857849121,3.285015821456909,0.07383894175291061,-0.17171542346477509,0.38209420442581177,0.005576944909989834,0.581364631652832,0.5822618007659912,-13.807937622070312,327000
10.268710136413574,787.6177978515625,794.6611938476562,720.9314575195312,-797.6251831054688,-788.1754150390625,-12.799920082092285,3.350175619125366,0.06413133442401886,0.011623382568359375,0.3795417845249176,0.006438088603317738,0.5926945209503174,0.5888224840164185,-14.190896987915039,328000
87.48136901855469,788.1319580078125,795.5712890625,455.6114807128906,-797.7591552734375,-788.406982421875,-12.818086624145508,3.465940237045288,0.06426181644201279,-0.05962361767888069,0.38855668902397156,0.0063573261722922325,0.5848780870437622,0.5943357348442078,-14.176677703857422,329000
186.86984252929688,787.6002807617188,796.833251953125,132.7281951904297,-797.4462890625,-787.8309326171875,-13.030818939208984,3.415489435195923,0.06684529036283493,-0.35652047395706177,0.37728968262672424,0.0050544533878564835,0.5955149531364441,0.6072157621383667,-14.572908401489258,330000
158.6643829345703,788.3812255859375,795.110107421875,340.14483642578125,-798.1871948242188,-789.1458129882812,-12.090322494506836,3.048950433731079,0.06618842482566833,0.16861027479171753,0.38647088408470154,0.006007015239447355,0.5586156845092773,0.5673303008079529,-13.426350593566895,331000
50.01323318481445,785.1749267578125,796.6996459960938,23.716880798339844,-793.9974975585938,-785.007568359375,-12.366958618164062,3.37699556350708,0.06978582590818405,-0.10922848433256149,0.3841656446456909,0.005704027134925127,0.5700085163116455,0.5793554186820984,-13.70376205444336,332000
12.419276237487793,785.8326416015625,794.4378051757812,26.01426124572754,-794.0657348632812,-784.7153930664062,-12.415151596069336,3.0648131370544434,0.0691799595952034,0.16227175295352936,0.3766455352306366,0.006423010025173426,0.5881683826446533,0.5710386037826538,-13.462663650512695,333000
20.390342712402344,788.12353515625,795.2139282226562,638.2686157226562,-796.3416137695312,-786.898681640625,-12.61695384979248,3.173983335494995,0.07000288367271423,-0.018586987629532814,0.38156917691230774,0.007421829272061586,0.5851531028747559,0.5893695950508118,-14.08273696899414,334000
68.42794799804688,792.642578125,797.5346069335938,624.890380859375,-801.870849609375,-792.6704711914062,-12.167021751403809,2.9665989875793457,0.06737639009952545,0.3033399283885956,0.37963199615478516,0.006115085911005735,0.5603007078170776,0.5744848251342773,-13.603729248046875,335000
5.9022016525268555,790.4837646484375,797.5101928710938,732.4951171875,-800.5657958984375,-790.4353637695312,-13.333613395690918,3.20320987701416,0.06177370622754097,-0.07978790253400803,0.3746461272239685,0.010098906233906746,0.6374915838241577,0.5879496335983276,-14.108386993408203,336000
404.3968200683594,788.3995361328125,798.304931640625,109.48933410644531,-798.391357421875,-789.7303466796875,-11.971429824829102,3.3104217052459717,0.06917021423578262,0.05224071443080902,0.38831889629364014,0.007918145507574081,0.5471802949905396,0.579757034778595,-13.614982604980469,337000
5.907097816467285,794.3851318359375,799.8868408203125,760.781982421875,-803.5560913085938,-793.99462890625,-12.66969108581543,3.1082425117492676,0.06373453140258789,0.03825356066226959,0.37066149711608887,0.006887698546051979,0.5801242589950562,0.5956919193267822,-14.287053108215332,338000
169.55282592773438,792.8787841796875,800.2344970703125,63.03994369506836,-803.0056762695312,-793.369873046875,-12.8702974319458,3.2345261573791504,0.06545065343379974,-0.1586335301399231,0.37568172812461853,0.007131690625101328,0.605847954750061,0.5848485231399536,-13.983287811279297,339000
99.53711700439453,790.034423828125,799.9922485351562,369.00982666015625,-799.5533447265625,-790.5208740234375,-12.223901748657227,3.1914007663726807,0.07088439911603928,-0.13226284086704254,0.3786745071411133,0.00832340493798256,0.5616309642791748,0.5782848596572876,-13.754981994628906,340000
665.7932739257812,793.1976318359375,800.4260864257812,409.6156311035156,-803.2745971679688,-793.892333984375,-12.743917465209961,3.361661434173584,0.06776121258735657,-0.1874673068523407,0.3749607801437378,0.008118031546473503,0.5856307148933411,0.5914615392684937,-14.100105285644531,341000
9.099611282348633,793.0350341796875,801.242919921875,728.9892578125,-801.664306640625,-792.2552490234375,-12.685011863708496,3.275914192199707,0.06741563975811005,-0.05737601965665817,0.3703162670135498,0.00781457033008337,0.5868363976478577,0.582207202911377,-13.983379364013672,342000
22.343097686767578,792.837646484375,800.1427001953125,732.3248291015625,-801.7387084960938,-792.2376708984375,-12.466468811035156,2.9654428958892822,0.06907733529806137,0.14302143454551697,0.3737674951553345,0.006346864625811577,0.581233024597168,0.5724518299102783,-13.567049026489258,343000
532.5582885742188,787.0604858398438,799.304931640625,43.688560485839844,-797.0508422851562,-788.3257446289062,-11.906539916992188,3.1814777851104736,0.07615216821432114,0.06577899307012558,0.3741544187068939,0.007550686132162809,0.5548372268676758,0.5657167434692383,-13.144144058227539,344000
23.05701446533203,791.5084228515625,800.5388793945312,614.983154296875,-801.2716064453125,-792.1751708984375,-12.234070777893066,3.137606382369995,0.07138185203075409,0.09191147983074188,0.3667151927947998,0.007987961173057556,0.5695734024047852,0.5733939409255981,-13.675643920898438,345000
9.623661994934082,792.8458862304688,798.39208984375,739.2560424804688,-802.8078002929688,-792.7445068359375,-12.990620613098145,2.92732572555542,0.06542355567216873,0.11474357545375824,0.37300005555152893,0.00799063965678215,0.6261593103408813,0.5874331593513489,-13.93423843383789,346000
8.375655174255371,790.9590454101562,798.6785278320312,713.5810546875,-799.8781127929688,-790.5630493164062,-12.288259506225586,2.9731953144073486,0.07006608694791794,-0.018613576889038086,0.36866363883018494,0.007406827062368393,0.560348391532898,0.581135630607605,-13.888726234436035,347000
7.104042053222656,791.797119140625,797.5113525390625,716.7708129882812,-800.4989624023438,-791.1378784179688,-12.712607383728027,3.3515002727508545,0.063675157725811,-0.27795663475990295,0.3705344498157501,0.007722098845988512,0.5600085854530334,0.6022694706916809,-14.649515151977539,348000
8.42515754699707,790.7900390625,797.4784545898438,718.48876953125,-800.6498413085938,-790.6302490234375,-13.049652099609375,3.0301191806793213,0.06561952084302902,-0.030977778136730194,0.36984488368034363,0.007430309429764748,0.620086669921875,0.5929995775222778,-14.161606788635254,349000
7.112370491027832,789.9720458984375,797.4833374023438,719.2864379882812,-798.0655517578125,-789.073486328125,-12.20001220703125,3.2079739570617676,0.06656081229448318,-0.011777060106396675,0.37200015783309937,0.008104288950562477,0.549593448638916,0.5828726291656494,-14.049132347106934,350000
204.54803466796875,788.8206176757812,797.6433715820312,458.29449462890625,-798.2611083984375,-788.409912109375,-12.707784652709961,2.8565714359283447,0.07304640114307404,0.20447517931461334,0.3662186563014984,0.01235334761440754,0.6129913330078125,0.5641932487487793,-13.46085262298584,351000
7.867814064025879,791.4892578125,798.7027587890625,711.9404296875,-800.5087890625,-791.0802612304688,-12.34192180633545,2.9134137630462646,0.06715507805347443,0.2950594425201416,0.36990848183631897,0.008565505966544151,0.5814517736434937,0.5639790296554565,-13.364516258239746,352000
6.902109146118164,790.1331176757812,797.8755493164062,725.9004516601562,-798.8990478515625,-789.6270751953125,-12.479154586791992,3.2071242332458496,0.0622720941901207,0.013238471001386642,0.37410882115364075,0.007070018909871578,0.5635770559310913,0.5887392163276672,-14.146852493286133,353000
35.771148681640625,786.4781494140625,796.5311279296875,89.45201110839844,-796.1137084960938,-786.587158203125,-12.610275268554688,3.08376407623291,0.06613469123840332,-0.003336495952680707,0.3665054440498352,0.009272122755646706,0.5969130992889404,0.5708729028701782,-13.535520553588867,354000
12.092789649963379,790.7412109375,796.4525756835938,701.8386840820312,-800.0401000976562,-790.4456787109375,-12.646049499511719,3.051622152328491,0.06857769936323166,0.12778054177761078,0.36539164185523987,0.007595881354063749,0.5911830067634583,0.5844588279724121,-13.95559310913086,355000
7.839901924133301,788.4366455078125,797.3106079101562,697.3948974609375,-797.8472290039062,-788.09130859375,-12.955513000488281,3.1995890140533447,0.06216207146644592,-0.08429732918739319,0.368821918964386,0.007550294045358896,0.5993754267692566,0.5983846783638,-14.416275024414062,356000
7.903599739074707,789.3046875,796.7163696289062,742.72998046875,-798.28466796875,-789.351318359375,-11.818825721740723,2.8855032920837402,0.06519372761249542,0.15383996069431305,0.36566123366355896,0.007147751748561859,0.543781578540802,0.5637142658233643,-13.301965713500977,357000
6.175429821014404,787.9029541015625,796.1362915039062,700.0220336914062,-797.6631469726562,-787.6705932617188,-13.101755142211914,3.1091787815093994,0.06169726699590683,-0.15303796529769897,0.36327123641967773,0.006072641350328922,0.6092751622200012,0.6069595813751221,-14.686150550842285,358000
27.94623565673828,784.5372314453125,791.8509521484375,680.5693359375,-793.5677490234375,-783.996826171875,-12.598350524902344,3.0273869037628174,0.06044986844062805,-0.07313235849142075,0.36396053433418274,0.007171690464019775,0.5708739757537842,0.5941295623779297,-14.274084091186523,359000
44.42619323730469,786.440673828125,795.4234619140625,33.438331604003906,-795.3956298828125,-786.1959228515625,-12.26500415802002,3.0653326511383057,0.06513313949108124,-0.059232987463474274,0.36845797300338745,0.007873088121414185,0.567109227180481,0.5815234780311584,-13.75396728515625,360000
696.7499389648438,781.8363037109375,795.45751953125,53.134429931640625,-790.4442138671875,-781.379150390625,-12.127054214477539,3.0620388984680176,0.0679534375667572,0.04901570826768875,0.3644985258579254,0.006829624064266682,0.5688422322273254,0.5654023289680481,-13.326942443847656,361000
4.1253461837768555,792.3021240234375,795.105712890625,731.3987426757812,-801.2244873046875,-791.7291259765625,-12.97659683227539,3.481278419494629,0.0565611906349659,-0.36176797747612,0.3679375648498535,0.00651690736413002,0.5823464393615723,0.6191213130950928,-15.085049629211426,362000
6.986753463745117,790.3065795898438,794.9383544921875,730.2095336914062,-799.0391845703125,-789.2909545898438,-13.003429412841797,3.255164384841919,0.06112011894583702,-0.08300881087779999,0.36479324102401733,0.005811148323118687,0.596476674079895,0.6066784262657166,-14.639400482177734,363000
6.905117034912109,789.4979248046875,796.4248046875,707.1856689453125,-798.443603515625,-788.68505859375,-12.69108772277832,2.9325649738311768,0.06288100779056549,0.012846189551055431,0.36339372396469116,0.010443504899740219,0.5968132019042969,0.5758607387542725,-13.756877899169922,364000
6.4755330085754395,792.6800537109375,797.288818359375,715.77294921875,-802.0562744140625,-792.4203491210938,-12.531766891479492,2.895836353302002,0.06425199657678604,0.16132842004299164,0.3594331741333008,0.0062088570557534695,0.5829811096191406,0.5800125598907471,-13.861059188842773,365000
9.212746620178223,790.8377685546875,797.670166015625,709.7838134765625,-799.9064331054688,-790.2112426757812,-12.717422485351562,3.022219657897949,0.06189471110701561,0.1119704321026802,0.36198946833610535,0.005104455631226301,0.5930538177490234,0.5880428552627563,-13.986490249633789,366000
44.60608673095703,788.6798095703125,796.6795043945312,227.79373168945312,-799.0843505859375,-790.0015869140625,-11.959466934204102,2.876692295074463,0.07084117084741592,0.21042874455451965,0.36438068747520447,0.0076815299689769745,0.5522170662879944,0.5679663419723511,-13.408646583557129,367000
9.92990493774414,785.3854370117188,796.6087646484375,18.318099975585938,-794.8013916015625,-785.05126953125,-12.833888053894043,3.0837442874908447,0.06734864413738251,0.04106093570590019,0.3595311641693115,0.007980787195265293,0.608432412147522,0.5813421607017517,-13.871561050415039,368000
5.683666229248047,790.362060546875,796.2646484375,719.1071166992188,-799.4956665039062,-790.0222778320312,-12.525189399719238,3.0518105030059814,0.06338844448328018,-0.0034337646793574095,0.3602754771709442,0.00882661622017622,0.5662614703178406,0.5894620418548584,-14.186311721801758,369000
5.049127578735352,791.4793701171875,797.1476440429688,724.5746459960938,-800.2662353515625,-790.6363525390625,-12.753721237182617,3.12384295463562,0.06006831303238869,0.05096874386072159,0.3632427453994751,0.006202199496328831,0.5827661156654358,0.5938072204589844,-14.213075637817383,370000
6.754344463348389,791.7227172851562,796.9022827148438,736.4539794921875,-800.963134765625,-791.1360473632812,-12.68780517578125,2.8607068061828613,0.06365210562944412,0.22105051577091217,0.36463087797164917,0.008456403389573097,0.6055536270141602,0.5733740329742432,-13.58615493774414,371000
12.964563369750977,790.889404296875,796.3994140625,719.4521484375,-799.7188720703125,-790.3009033203125,-12.469314575195312,3.051347255706787,0.061712853610515594,-0.03241362050175667,0.3618648946285248,0.005819535814225674,0.5715357661247253,0.5884536504745483,-14.009727478027344,372000
7.2361226081848145,790.6492919921875,796.8094482421875,759.36865234375,-800.210205078125,-790.439208984375,-12.772696495056152,3.001697063446045,0.06309453397989273,0.0633273720741272,0.3602335453033447,0.0070038968697190285,0.5958757996559143,0.5841177701950073,-13.9951753616333,373000
117.80068969726562,788.6703491210938,796.2554931640625,713.9358520507812,-795.9862670898438,-786.9097290039062,-12.266824722290039,3.1903154850006104,0.06763340532779694,-0.14867503941059113,0.36082592606544495,0.008376906625926495,0.5525984764099121,0.5775294303894043,-13.901372909545898,374000
19.010738372802734,788.5989379882812,798.183837890625,26.262657165527344,-796.7835693359375,-787.332275390625,-12.281136512756348,2.8298323154449463,0.06928209215402603,0.25125443935394287,0.36154720187187195,0.009110338985919952,0.5946431159973145,0.5585345029830933,-12.991241455078125,375000
10.933758735656738,791.8409423828125,797.4826049804688,737.2465209960938,-799.67041015625,-790.343017578125,-12.202213287353516,2.8748302459716797,0.06659793853759766,0.09690821915864944,0.35888779163360596,0.005904592573642731,0.5686519742012024,0.5791634917259216,-13.695734977722168,376000
496.2658386230469,791.3529663085938,797.8331909179688,304.4599914550781,-798.9485473632812,-789.6547241210938,-12.371037483215332,3.0772018432617188,0.06637908518314362,0.06214739382266998,0.3645884096622467,0.0057080890983343124,0.5766290426254272,0.5783458352088928,-13.698134422302246,377000
31.961259841918945,789.5645751953125,799.47998046875,145.75852966308594,-799.5128784179688,-790.0108642578125,-12.627601623535156,3.1256046295166016,0.06711319833993912,-0.12271013110876083,0.3540618419647217,0.007715795189142227,0.5913761854171753,0.5837013125419617,-13.850019454956055,378000
55.62087631225586,793.8189697265625,800.1821899414062,577.9481811523438,-802.0812377929688,-792.94384765625,-11.998231887817383,2.860865592956543,0.0739874318242073,0.08504440635442734,0.3491547107696533,0.00918109156191349,0.5668982267379761,0.5648984909057617,-13.247827529907227,379000
54.486061096191406,792.5874633789062,800.9723510742188,151.09930419921875,-803.1895141601562,-793.7149047851562,-12.885123252868652,3.4105277061462402,0.060765590518713,-0.3238787055015564,0.3579028248786926,0.0069623906165361404,0.5931132435798645,0.600043773651123,-14.42795467376709,380000
5.292044639587402,796.4544067382812,800.8955078125,744.7310180664062,-805.4326782226562,-795.7254638671875,-12.71475601196289,3.007547378540039,0.06270961463451385,-0.0006186817772686481,0.3608754873275757,0.005353671032935381,0.5927189588546753,0.5913867950439453,-14.16502571105957,381000
83.99034881591797,794.2870483398438,802.46337890625,60.13674545288086,-803.0977783203125,-793.798828125,-12.289552688598633,2.990577459335327,0.06272558867931366,0.020276840776205063,0.3530740439891815,0.006532280705869198,0.5706444978713989,0.5763317346572876,-13.624420166015625,382000
56.10344696044922,793.3865966796875,802.92724609375,29.96891975402832,-803.7119750976562,-794.344482421875,-12.402822494506836,3.0353188514709473,0.06709697842597961,0.02327149175107479,0.3583955466747284,0.006404068786650896,0.5923564434051514,0.5691197514533997,-13.451602935791016,383000
59.0539436340332,795.879638671875,803.7281494140625,293.330078125,-806.12353515625,-796.32763671875,-12.835409164428711,3.03948974609375,0.06432053446769714,-0.13486182689666748,0.3556191027164459,0.006719239056110382,0.6045628190040588,0.5896146893501282,-14.081417083740234,384000
22.0352783203125,799.9457397460938,805.1533813476562,254.39605712890625,-809.8577880859375,-800.4425048828125,-12.421257019042969,3.005988121032715,0.06652844697237015,-0.0043807970359921455,0.35375866293907166,0.0075873928144574165,0.5662063360214233,0.5870742797851562,-14.068136215209961,385000
31.576744079589844,796.8990478515625,806.6771850585938,-9.698707580566406,-805.8422241210938,-796.2763061523438,-12.577088356018066,3.0111405849456787,0.06377673149108887,0.14290013909339905,0.35556793212890625,0.00565680768340826,0.5901196599006653,0.58022141456604,-13.795555114746094,386000
5.047635078430176,802.6737670898438,807.99267578125,747.5802612304688,-812.3853759765625,-802.48095703125,-12.851373672485352,2.946953058242798,0.05894360691308975,0.036621883511543274,0.3512892425060272,0.007303981576114893,0.6011898517608643,0.5900909900665283,-14.067998886108398,387000
47.735416412353516,799.84716796875,808.6883544921875,245.38836669921875,-809.3255004882812,-800.3060302734375,-12.036661148071289,3.0172359943389893,0.06470228731632233,0.0599578320980072,0.353715181350708,0.006887755356729031,0.5481886863708496,0.5822875499725342,-13.78913688659668,388000
6.343766212463379,802.1939697265625,808.9601440429688,746.5108642578125,-811.2130737304688,-801.741943359375,-12.292007446289062,2.820890188217163,0.06603536009788513,0.07515818625688553,0.34774911403656006,0.008698614314198494,0.5820571184158325,0.5706683993339539,-13.666685104370117,389000
135.43275451660156,797.872314453125,809.0214233398438,47.775840759277344,-808.8900756835938,-800.1096801757812,-11.58963394165039,2.8092923164367676,0.07537803798913956,0.07693061977624893,0.3505471646785736,0.0058923447504639626,0.546498715877533,0.5518383979797363,-12.751551628112793,390000
16.225431442260742,801.8587036132812,808.8038330078125,740.1052856445312,-810.87158203125,-800.849609375,-12.920730590820312,2.898742914199829,0.06313051283359528,0.015219545923173428,0.3507471978664398,0.007694517262279987,0.6197994947433472,0.58333420753479,-13.920482635498047,391000
6.723239898681641,805.5699462890625,810.164306640625,738.7657470703125,-814.4541015625,-804.987548828125,-12.246204376220703,2.7796878814697266,0.06417190283536911,0.17817923426628113,0.34992310404777527,0.006430136039853096,0.5706532001495361,0.5717442035675049,-13.629776954650879,392000
5.1196088790893555,806.92138671875,811.3344116210938,761.8672485351562,-816.0108642578125,-806.2568969726562,-12.820919036865234,3.0669503211975098,0.059824325144290924,-0.049146752804517746,0.34957972168922424,0.006186029873788357,0.6033596396446228,0.5943312644958496,-14.205760955810547,393000
307.486572265625,805.1622314453125,814.3048706054688,170.68051147460938,-815.2703857421875,-805.7659912109375,-12.513248443603516,3.0088255405426025,0.06718064844608307,-0.17850647866725922,0.35076600313186646,0.006981587037444115,0.5784719586372375,0.5904790163040161,-14.18741226196289,394000
9.640116691589355,811.6079711914062,817.2962646484375,758.7064819335938,-821.1939697265625,-811.3544311523438,-12.902181625366211,3.062650203704834,0.05978277325630188,-0.18687647581100464,0.3473205864429474,0.006242015864700079,0.5918288826942444,0.6087855100631714,-14.690415382385254,395000
8.95964241027832,812.541259765625,817.9262084960938,763.22607421875,-821.1716918945312,-811.8035888671875,-12.364860534667969,2.996762275695801,0.06559624522924423,-0.06815582513809204,0.34551766514778137,0.006850193254649639,0.5711227655410767,0.5794200897216797,-14.043197631835938,396000
8.158380508422852,814.5357666015625,819.8648071289062,755.9303588867188,-823.7637329101562,-813.7347412109375,-13.04759407043457,3.0186283588409424,0.06463244557380676,-0.1876406967639923,0.34765625,0.008687272667884827,0.6128758192062378,0.5994031429290771,-14.459814071655273,397000
9.208076477050781,816.3928833007812,821.80078125,758.7122802734375,-825.5377197265625,-816.0198364257812,-12.353189468383789,2.835317373275757,0.06262380629777908,0.04181453213095665,0.3427761197090149,0.007424314506351948,0.580771803855896,0.5752318501472473,-13.731401443481445,398000
128.58502197265625,816.12060546875,824.3531494140625,77.40650177001953,-825.4769287109375,-816.7357177734375,-11.898700714111328,3.157500982284546,0.0689360648393631,-0.08010947704315186,0.34500566124916077,0.008576053194701672,0.541685938835144,0.5790249705314636,-13.694838523864746,399000
6.118526458740234,821.10888671875,825.5492553710938,783.9115600585938,-830.3177490234375,-820.4478759765625,-12.921923637390137,3.0520691871643066,0.06174773350358009,-0.06113337352871895,0.3482602536678314,0.006627692375332117,0.5964773893356323,0.5980731844902039,-14.417285919189453,400000
11.808502197265625,818.4423217773438,828.0114135742188,37.6355094909668,-826.9603271484375,-817.6541748046875,-12.26717758178711,2.9610061645507812,0.07188624143600464,0.00695836404338479,0.3432890474796295,0.006740993354469538,0.5745478868484497,0.5707721710205078,-13.57520580291748,401000
1021.9017944335938,819.6004638671875,828.32861328125,207.5176239013672,-828.3841552734375,-819.451171875,-11.9667329788208,3.0337300300598145,0.07289520651102066,-0.1497163474559784,0.3542848825454712,0.005102151073515415,0.5505006909370422,0.5760701894760132,-13.59727668762207,402000
6.341279029846191,822.341552734375,828.8566284179688,768.689697265625,-831.7849731445312,-822.24755859375,-12.519901275634766,2.9824793338775635,0.06399045139551163,-0.017676332965493202,0.3477298319339752,0.006587830372154713,0.5774973630905151,0.5898464918136597,-14.121618270874023,403000
5.606171607971191,825.0181884765625,830.2156982421875,780.561767578125,-834.5333862304688,-824.9249877929688,-12.37584114074707,2.7674808502197266,0.06687643378973007,0.15526661276817322,0.34335777163505554,0.005625894758850336,0.5822687745094299,0.5686639547348022,-13.466819763183594,404000
8.247038841247559,825.890625,831.6810302734375,782.484619140625,-835.2275390625,-825.6905517578125,-12.485881805419922,2.948934316635132,0.06217497959733009,-0.030343689024448395,0.3443796932697296,0.010479236952960491,0.5700546503067017,0.582660436630249,-13.974735260009766,405000
32.89992904663086,825.9567260742188,831.8617553710938,777.2135009765625,-835.40869140625,-825.7483520507812,-12.53394603729248,2.8735992908477783,0.0648924708366394,0.04023158177733421,0.3443007469177246,0.007873883470892906,0.6041036248207092,0.5673011541366577,-13.50901985168457,406000
7.601229667663574,824.227783203125,831.1246337890625,732.71826171875,-833.3015747070312,-823.727294921875,-12.50092887878418,2.9266645908355713,0.06701605767011642,0.004663566593080759,0.34091100096702576,0.006446884013712406,0.5810656547546387,0.5873205661773682,-13.977559089660645,407000
15.849194526672363,825.58642578125,831.0294799804688,607.457275390625,-835.6054077148438,-825.9263916015625,-12.751506805419922,3.072481632232666,0.0602627657353878,-0.15019665658473969,0.34721776843070984,0.006812144536525011,0.5855363011360168,0.603105902671814,-14.460214614868164,408000
200.34266662597656,827.1573486328125,832.3378295898438,180.09925842285156,-836.7413940429688,-826.8719482421875,-12.960430145263672,3.090998649597168,0.06290952116250992,-0.16239239275455475,0.34277981519699097,0.005837998352944851,0.607990026473999,0.594852864742279,-14.162429809570312,409000
4.671331405639648,828.1771240234375,834.65966796875,790.576171875,-837.2786254882812,-827.885009765625,-12.168615341186523,2.7749955654144287,0.0656324252486229,0.15159940719604492,0.34018176794052124,0.006503114011138678,0.5613917112350464,0.5843113660812378,-13.931612014770508,410000
103.3377456665039,829.138671875,835.513671875,177.5258331298828,-839.3907470703125,-829.6395263671875,-12.738765716552734,2.9875376224517822,0.06229614466428757,-0.1247347742319107,0.33747628331184387,0.007323904894292355,0.5948549509048462,0.5874630212783813,-14.049066543579102,411000
11.799474716186523,831.709716796875,836.75,599.9235229492188,-841.1387329101562,-831.8482666015625,-12.167869567871094,2.8773765563964844,0.06252125650644302,0.1330844908952713,0.344014048576355,0.005379961803555489,0.5680361986160278,0.5758070945739746,-13.54843807220459,412000
5.935760498046875,833.5687255859375,838.7694702148438,788.6442260742188,-843.5513305664062,-833.700439453125,-12.803390502929688,2.952500343322754,0.05949150770902634,-0.10282603651285172,0.34383878111839294,0.007954638451337814,0.5975922346115112,0.591771125793457,-14.330520629882812,413000
6.256024360656738,833.6854248046875,839.1831665039062,796.4099731445312,-843.3202514648438,-833.3585815429688,-12.890382766723633,2.9287257194519043,0.0619354248046875,-0.013290670700371265,0.34418824315071106,0.005689953453838825,0.6136859655380249,0.5916087627410889,-14.116950988769531,414000
183.34674072265625,827.90966796875,840.6342163085938,23.89893913269043,-839.7608032226562,-831.06640625,-11.647272109985352,2.9528727531433105,0.07295940816402435,-0.07680854946374893,0.33981096744537354,0.00706933718174696,0.5380010008811951,0.5660715103149414,-13.284734725952148,415000
3.6382904052734375,838.6364135742188,841.898193359375,801.8707885742188,-848.4127197265625,-838.1962890625,-13.187692642211914,2.9712414741516113,0.055022645741701126,-0.020639613270759583,0.33891236782073975,0.00706452876329422,0.6184253692626953,0.6059327721595764,-14.66543197631836,416000
4.6414690017700195,839.873046875,843.2991333007812,800.2621459960938,-849.6522216796875,-839.6775512695312,-12.979753494262695,3.00508189201355,0.05526295676827431,-0.14642532169818878,0.3412715196609497,0.004598069004714489,0.6044122576713562,0.6064894199371338,-14.538138389587402,417000
15.054259300231934,838.40625,843.08349609375,730.4244384765625,-847.5027465820312,-837.8848266601562,-12.506745338439941,2.8888356685638428,0.06539566069841385,0.047692716121673584,0.3316463828086853,0.006824463605880737,0.5844277143478394,0.5816215872764587,-13.838830947875977,418000
5.7409281730651855,838.1766357421875,844.3980712890625,786.3270263671875,-847.5099487304688,-838.119873046875,-12.225510597229004,2.8354673385620117,0.061860647052526474,0.09943114966154099,0.33449095487594604,0.0053617265075445175,0.5628032088279724,0.5813316702842712,-13.8935546875,419000
9.723676681518555,841.46142578125,844.3054809570312,727.3734130859375,-851.1389770507812,-841.2232666015625,-12.781713485717773,2.866055488586426,0.061604905873537064,-0.04570493474602699,0.3355226218700409,0.0059221042320132256,0.6083076000213623,0.5905751585960388,-14.13217830657959,420000
13.854825019836426,841.6348876953125,845.8435668945312,793.9295043945312,-851.068359375,-841.5667114257812,-12.158138275146484,2.6565115451812744,0.06271795928478241,0.18376097083091736,0.3396610915660858,0.006205709185451269,0.5619127154350281,0.5783236622810364,-13.818954467773438,421000
81.8384017944336,841.7415771484375,847.6293334960938,154.48507690429688,-851.6328735351562,-842.1202392578125,-12.245458602905273,2.7328341007232666,0.06527558714151382,0.10300961136817932,0.3357293903827667,0.008124886080622673,0.5851160287857056,0.5676144361495972,-13.345141410827637,422000
5.286618709564209,844.520751953125,848.5410766601562,805.3385009765625,-854.3974609375,-844.2791748046875,-13.10421371459961,2.985903263092041,0.05675329267978668,-0.10498873144388199,0.33438047766685486,0.007176732178777456,0.6192338466644287,0.5993634462356567,-14.488363265991211,423000
4.938540935516357,845.048095703125,849.8348388671875,802.1167602539062,-854.1904907226562,-844.78564453125,-12.244405746459961,2.8395538330078125,0.060817986726760864,0.06507199257612228,0.3351699411869049,0.007402998395264149,0.5569449067115784,0.5838348865509033,-13.953256607055664,424000
290.17535400390625,844.181640625,850.1345825195312,224.93911743164062,-854.261474609375,-845.2120361328125,-12.050455093383789,3.001066207885742,0.06332607567310333,-0.17119677364826202,0.33541807532310486,0.006969803012907505,0.5534332990646362,0.5798667669296265,-13.896469116210938,425000
56.35457229614258,844.8328857421875,851.4454956054688,254.8236846923828,-854.4760131835938,-844.6763305664062,-12.636917114257812,2.837202548980713,0.06090589240193367,0.03162326291203499,0.3397902846336365,0.007558607961982489,0.5964886546134949,0.5850186347961426,-13.877814292907715,426000
6.708601951599121,845.4720458984375,851.2066650390625,794.0091552734375,-854.229736328125,-844.615478515625,-12.362091064453125,2.7477903366088867,0.060917727649211884,0.011041439138352871,0.335990309715271,0.006624254863709211,0.5755189657211304,0.5821181535720825,-13.875502586364746,427000
7.501795768737793,844.739990234375,850.8876342773438,793.3847045898438,-854.5982055664062,-844.5648193359375,-12.61216926574707,2.578826427459717,0.05994660034775734,0.1851535588502884,0.33618292212486267,0.006774846464395523,0.6103951334953308,0.5710777640342712,-13.523014068603516,428000
6.0307817459106445,845.229736328125,849.7777709960938,803.956298828125,-854.573486328125,-845.406005859375,-12.024130821228027,2.8566057682037354,0.061816126108169556,0.22907422482967377,0.3349289894104004,0.007026188541203737,0.543814480304718,0.576230525970459,-13.791786193847656,429000
5.533998012542725,846.1885375976562,851.2523193359375,798.6010131835938,-853.590087890625,-843.13916015625,-13.33366584777832,2.8827364444732666,0.05721266195178032,-0.03669249266386032,0.3292081952095032,0.01027593296021223,0.6401981711387634,0.5949487686157227,-14.313419342041016,430000
4.176695346832275,847.8833618164062,852.3143920898438,834.699951171875,-856.918212890625,-847.4351806640625,-12.388580322265625,2.905494451522827,0.05915089324116707,-0.0037588325794786215,0.3352369964122772,0.007536521181464195,0.5571136474609375,0.5952490568161011,-14.412832260131836,431000
135.41107177734375,844.5524291992188,852.1710205078125,182.23468017578125,-853.9243774414062,-844.1566772460938,-12.755106925964355,2.987401247024536,0.057083096355199814,0.03248857334256172,0.3358328938484192,0.007306808605790138,0.6006994247436523,0.5879998207092285,-14.15998363494873,432000
5.098229885101318,847.1263427734375,852.2029418945312,797.897705078125,-856.1983032226562,-846.5958251953125,-12.195287704467773,2.592819929122925,0.06188534200191498,0.1290959268808365,0.3327592611312866,0.005553185474127531,0.5744028687477112,0.5663795471191406,-13.280784606933594,433000
5.813963413238525,844.948974609375,852.0109252929688,794.5027465820312,-854.2346801757812,-844.5894775390625,-12.343849182128906,2.69864821434021,0.06456045806407928,-0.04692769795656204,0.3293897211551666,0.007353094406425953,0.5758333802223206,0.5827033519744873,-13.949609756469727,434000
31.210922241210938,844.255615234375,851.0126953125,756.96630859375,-852.79541015625,-843.1699829101562,-12.357810020446777,2.7323458194732666,0.06218218803405762,0.06569357961416245,0.33289188146591187,0.005833020433783531,0.5832887887954712,0.5767351388931274,-13.661225318908691,435000
130.6805877685547,843.8815307617188,851.3970947265625,135.283203125,-854.6013793945312,-844.4359130859375,-13.24026107788086,3.0747461318969727,0.059625767171382904,-0.19832460582256317,0.33090314269065857,0.005465466529130936,0.6218942403793335,0.6038743257522583,-14.452255249023438,436000
111.39645385742188,843.2182006835938,851.616943359375,573.98779296875,-852.5966796875,-843.0485229492188,-12.304597854614258,2.7564775943756104,0.06705091893672943,-0.05765683203935623,0.32362696528434753,0.009220472536981106,0.5718176364898682,0.5742459297180176,-13.807123184204102,437000
6.170340538024902,843.3648071289062,850.4464111328125,780.1256713867188,-853.1561889648438,-843.3021240234375,-12.616926193237305,2.762861967086792,0.060031428933143616,-0.05120333284139633,0.3289293944835663,0.005945415236055851,0.5893381834030151,0.5890264511108398,-14.029119491577148,438000
8.624431610107422,843.4649658203125,849.9859008789062,779.6351318359375,-852.8834228515625,-842.8972778320312,-12.74951171875,2.7633941173553467,0.060579054057598114,-0.09521318972110748,0.3275511860847473,0.0067634680308401585,0.5948305726051331,0.593227744102478,-14.202840805053711,439000
10.69998836517334,844.2156982421875,850.6705322265625,758.7889404296875,-853.5877075195312,-844.0479736328125,-12.404373168945312,2.8646304607391357,0.06564687192440033,-0.06356943398714066,0.31654125452041626,0.008478773757815361,0.5742020606994629,0.5811638832092285,-14.072340965270996,440000
80.0491943359375,843.4114990234375,850.67138671875,588.785888671875,-852.5112915039062,-843.65087890625,-11.589628219604492,2.729186773300171,0.06700556725263596,0.008264071308076382,0.3211503028869629,0.01237349770963192,0.5179591774940491,0.5651742219924927,-13.547021865844727,441000
8.001123428344727,844.4537963867188,850.0174560546875,795.290771484375,-853.95947265625,-844.125244140625,-12.470410346984863,2.636160373687744,0.062093645334243774,0.10207564383745193,0.3247651755809784,0.007858721539378166,0.6026191711425781,0.566200315952301,-13.481527328491211,442000
6.217963218688965,844.4609375,849.4728393554688,786.4960327148438,-854.1539306640625,-844.1461181640625,-12.759820938110352,2.752021074295044,0.0645306259393692,-0.1766728013753891,0.3255285918712616,0.006596215534955263,0.5990819931030273,0.5952042937278748,-14.358061790466309,443000
20.582704544067383,841.68603515625,849.5960693359375,25.070960998535156,-850.92431640625,-841.7561645507812,-11.743986129760742,2.575779438018799,0.07521186023950577,0.10772120207548141,0.31499114632606506,0.013091105967760086,0.5528544187545776,0.5567101836204529,-13.135364532470703,444000
79.36276245117188,840.8258056640625,849.5230102539062,51.34048843383789,-849.455322265625,-839.3447875976562,-13.110956192016602,3.0004477500915527,0.062286607921123505,-0.20756229758262634,0.3273508846759796,0.007511771749705076,0.6217262744903564,0.6012763977050781,-14.44552993774414,445000
12.432876586914062,841.8788452148438,849.5938110351562,46.7415885925293,-851.2068481445312,-841.8360595703125,-12.347354888916016,2.9765875339508057,0.06092891842126846,-0.15070505440235138,0.3257242739200592,0.007322503253817558,0.5683279633522034,0.5920029282569885,-14.16221809387207,446000
6.505365371704102,841.911376953125,847.1842041015625,791.2808837890625,-850.8831787109375,-841.14208984375,-12.588292121887207,2.847224712371826,0.0585223026573658,-0.09652695804834366,0.3223569393157959,0.006447151768952608,0.585318922996521,0.5899715423583984,-14.176233291625977,447000
5.793590545654297,840.0497436523438,847.19287109375,779.17138671875,-849.232666015625,-839.6187133789062,-12.410604476928711,2.796643018722534,0.06166695058345795,-0.09353530406951904,0.3215482234954834,0.008795793168246746,0.582937479019165,0.5873473882675171,-13.976540565490723,448000
38.709754943847656,839.6549072265625,846.5249633789062,442.5726623535156,-849.6893310546875,-840.1555786132812,-12.28380012512207,2.7500877380371094,0.0647587776184082,-0.17474853992462158,0.31715908646583557,0.006011652294546366,0.5673328042030334,0.5850391983985901,-13.988178253173828,449000
990.3953247070312,837.57470703125,845.6526489257812,490.1624450683594,-846.6346435546875,-836.7587890625,-12.432966232299805,2.5571045875549316,0.07164424657821655,0.168983593583107,0.3209592401981354,0.015014098957180977,0.6068810820579529,0.5563979148864746,-13.128816604614258,450000
53.75146484375,837.3593139648438,846.4677734375,102.04275512695312,-847.1507568359375,-838.1807250976562,-11.784191131591797,2.814121961593628,0.06497952342033386,-0.07778540998697281,0.3183705508708954,0.008412178605794907,0.5444809198379517,0.5791140198707581,-13.697824478149414,451000
13.206039428710938,840.50439453125,845.9208984375,750.6035766601562,-851.0107421875,-841.020263671875,-12.773757934570312,2.783287525177002,0.059868909418582916,0.020291052758693695,0.3252597153186798,0.0059363823384046555,0.6099696755409241,0.5876114368438721,-13.985066413879395,452000
13.679655075073242,837.3056640625,845.4838256835938,787.8237915039062,-846.2800903320312,-836.9188232421875,-12.053563117980957,2.6923410892486572,0.06332382559776306,0.10249496251344681,0.3158263862133026,0.006855806335806847,0.5506961941719055,0.5806331634521484,-13.836197853088379,453000
6.548672199249268,840.3844604492188,847.3231201171875,796.1347045898438,-850.036865234375,-839.7984619140625,-12.963607788085938,2.7252349853515625,0.060172852128744125,-0.0789397656917572,0.3123478591442108,0.007353277876973152,0.6116681098937988,0.5938586592674255,-14.277634620666504,454000
57.67891311645508,842.1538696289062,848.7600708007812,741.9384765625,-850.9306640625,-841.62841796875,-11.83895492553711,2.5366528034210205,0.06852423399686813,0.14070817828178406,0.3159748613834381,0.00869477167725563,0.5534772276878357,0.5607234239578247,-13.265697479248047,455000
7.470635414123535,840.0337524414062,848.4122924804688,769.00146484375,-848.4954833984375,-839.1632080078125,-11.964391708374023,2.6321494579315186,0.06431145966053009,0.127640500664711,0.32384979724884033,0.008151575922966003,0.5594875812530518,0.5722169280052185,-13.541336059570312,456000
16.186676025390625,837.711181640625,846.45751953125,723.758544921875,-846.3642578125,-836.8880004882812,-12.064208984375,2.587944507598877,0.06484521180391312,0.19836272299289703,0.317155659198761,0.008961265906691551,0.5636465549468994,0.5670886039733887,-13.436050415039062,457000
210.4763946533203,836.4356689453125,844.7683715820312,168.78573608398438,-847.8825073242188,-838.0820922851562,-12.436546325683594,2.6360836029052734,0.06714833527803421,0.0022803943138569593,0.31740954518318176,0.0077736699022352695,0.5952204465866089,0.5652885437011719,-13.306885719299316,458000
463.7845153808594,836.0455322265625,845.50146484375,116.34453582763672,-845.3348388671875,-835.9223022460938,-11.976265907287598,2.5637083053588867,0.0669863373041153,0.12840896844863892,0.3149338364601135,0.007684609852731228,0.5723179578781128,0.5611064434051514,-13.157358169555664,459000
291.45977783203125,831.3961181640625,844.2391357421875,270.2341003417969,-842.178466796875,-833.0889892578125,-11.93295669555664,2.84352445602417,0.07484359294176102,-0.25787562131881714,0.31192547082901,0.009192496538162231,0.5603310465812683,0.5687539577484131,-13.420042037963867,460000
26.640653610229492,837.11181640625,842.9909057617188,770.7757568359375,-845.697998046875,-835.805419921875,-12.639528274536133,2.7469751834869385,0.06203501299023628,0.035890065133571625,0.31425708532333374,0.0071376776322722435,0.5916972756385803,0.5849512815475464,-13.987607955932617,461000
20.10999298095703,836.5904541015625,842.6654052734375,767.384765625,-845.2278442382812,-835.7467041015625,-12.24013900756836,2.7589447498321533,0.06353536993265152,-0.13449732959270477,0.3133677542209625,0.00864466093480587,0.5580258965492249,0.5889739990234375,-14.22965145111084,462000
8.545948028564453,835.5899658203125,842.0652465820312,757.8201293945312,-844.4637451171875,-834.9617919921875,-12.131182670593262,2.6292338371276855,0.0640229806303978,-0.02940152771770954,0.31075945496559143,0.008085904642939568,0.565436065196991,0.5762813091278076,-13.738716125488281,463000
139.2933349609375,828.57373046875,841.2581176757812,46.259681701660156,-838.8202514648438,-829.6500244140625,-12.091638565063477,2.9213924407958984,0.06971575319766998,-0.39634984731674194,0.3244774639606476,0.009506326168775558,0.5640974640846252,0.576371967792511,-13.489864349365234,464000
8.203877449035645,835.453125,841.727783203125,774.4741821289062,-844.035400390625,-834.4974975585938,-11.955052375793457,2.417205572128296,0.06348595768213272,0.1672610640525818,0.31317922472953796,0.0058553749695420265,0.5710681080818176,0.5586720705032349,-13.164804458618164,465000
7.131479740142822,833.3023681640625,841.1268310546875,754.6919555664062,-844.2468872070312,-834.3992309570312,-12.519819259643555,2.6721718311309814,0.060443680733442307,-0.024031776934862137,0.30782151222229004,0.005691427271813154,0.5789434909820557,0.591273307800293,-14.11971664428711,466000
370.0077209472656,831.6025390625,841.1638793945312,122.2210922241211,-839.2380981445312,-829.8295288085938,-12.223388671875,2.8148136138916016,0.057679686695337296,0.03215391933917999,0.31195205450057983,0.006619189400225878,0.5637966990470886,0.5837490558624268,-13.939077377319336,467000
64.8989486694336,830.4617919921875,840.2785034179688,122.09724426269531,-840.8755493164062,-831.1527099609375,-12.431289672851562,2.7084152698516846,0.06998828053474426,-0.06224372982978821,0.31504330039024353,0.008401833474636078,0.5972616076469421,0.5705483555793762,-13.453838348388672,468000
35.60388946533203,831.0512084960938,839.9506225585938,426.2182922363281,-839.0950317382812,-829.7138671875,-12.052456855773926,2.6712687015533447,0.06563916057348251,0.03963300213217735,0.31399932503700256,0.007257011719048023,0.5764330625534058,0.5607824921607971,-13.125287055969238,469000
8.368395805358887,832.0711059570312,840.4073486328125,767.005615234375,-840.4553833007812,-830.4773559570312,-12.750959396362305,2.7729456424713135,0.06345678865909576,0.06958067417144775,0.3146349787712097,0.005916927009820938,0.5998251438140869,0.5912228226661682,-14.188019752502441,470000
132.86097717285156,826.8677978515625,841.2890014648438,138.34544372558594,-836.3017578125,-827.6193237304688,-11.546602249145508,2.864201784133911,0.07359542697668076,-0.06044302508234978,0.3150671720504761,0.00828966498374939,0.5284818410873413,0.5639030933380127,-13.221529006958008,471000
6.754498481750488,835.3112182617188,842.2387084960938,764.820068359375,-843.4071655273438,-833.413818359375,-12.846464157104492,2.853090524673462,0.06073026731610298,-0.13497519493103027,0.30939844250679016,0.00514837633818388,0.6048200130462646,0.5985435247421265,-14.478913307189941,472000
7.308217525482178,835.8203125,841.598876953125,785.9339599609375,-846.071533203125,-836.1560668945312,-12.571264266967773,2.655825614929199,0.06241656094789505,0.034869804978370667,0.3141420781612396,0.006866255775094032,0.5918523073196411,0.5846133828163147,-13.921119689941406,473000
5.0279998779296875,835.3638305664062,841.7803955078125,773.8445434570312,-844.6713256835938,-834.7254638671875,-12.749638557434082,2.8037703037261963,0.06009151041507721,-0.14556629955768585,0.3108619153499603,0.0069045573472976685,0.592705488204956,0.602738618850708,-14.411070823669434,474000
8.70310115814209,834.3111572265625,842.5106201171875,769.9546508789062,-844.196044921875,-834.2056274414062,-12.538851737976074,2.5484914779663086,0.06374472379684448,0.017767364159226418,0.309221476316452,0.005402929149568081,0.5956929922103882,0.5851250290870667,-13.945381164550781,475000
297.6130065917969,827.7879028320312,842.0878295898438,25.9501953125,-837.5349731445312,-828.6578979492188,-11.629938125610352,2.752883195877075,0.07221304625272751,-0.1949472874403,0.30703961849212646,0.007066592574119568,0.5585454702377319,0.5553048849105835,-12.876985549926758,476000
236.01296997070312,833.6275634765625,842.5673828125,196.6981658935547,-841.5535278320312,-832.276611328125,-12.004485130310059,2.7275099754333496,0.0705857127904892,-0.1544329971075058,0.3086748719215393,0.007174116559326649,0.5624034404754639,0.5765151977539062,-13.68044376373291,477000
7.389642715454102,833.3494262695312,840.9605712890625,740.378662109375,-842.76953125,-832.9170532226562,-12.68029499053955,2.8278050422668457,0.05715157836675644,-0.08207866549491882,0.30583441257476807,0.011002101004123688,0.5965254902839661,0.5844641327857971,-14.054533004760742,478000
8.67434024810791,833.779541015625,841.4201049804688,737.1143188476562,-842.7747802734375,-833.3179931640625,-11.907297134399414,2.4505209922790527,0.06850725412368774,0.06257849931716919,0.3045647442340851,0.009838695637881756,0.559582531452179,0.5729725360870361,-13.67197036743164,479000
13.01805305480957,830.9230346679688,841.3905029296875,218.8415985107422,-841.0999755859375,-831.1783447265625,-12.588411331176758,2.6668124198913574,0.06845761835575104,-0.10479437559843063,0.3059687912464142,0.006527813151478767,0.6042225360870361,0.5828502774238586,-13.762733459472656,480000
48.68862533569336,833.3873291015625,841.7476806640625,675.371337890625,-843.136962890625,-833.81689453125,-11.992259979248047,2.6721625328063965,0.06741376221179962,-0.04372866079211235,0.3112749457359314,0.007954288274049759,0.5501859784126282,0.5873575210571289,-13.932768821716309,481000
7.428018093109131,834.7774047851562,841.8378295898438,777.6038208007812,-844.657470703125,-834.6727294921875,-12.664054870605469,2.679328441619873,0.06290605664253235,-0.08674279600381851,0.30633753538131714,0.006711849942803383,0.5952310562133789,0.5825014710426331,-13.92237663269043,482000
9.732107162475586,835.5162353515625,842.4702758789062,758.9928588867188,-844.671630859375,-834.808349609375,-12.421035766601562,2.557725191116333,0.06520376354455948,-0.11744537949562073,0.30113813281059265,0.006748434156179428,0.594223141670227,0.5745196342468262,-13.712701797485352,483000
216.6033477783203,833.52001953125,842.3452758789062,84.27758026123047,-843.3064575195312,-834.144287109375,-11.761089324951172,2.5989253520965576,0.06779403984546661,0.0638943612575531,0.31112849712371826,0.007390608079731464,0.5563104748725891,0.5602893233299255,-13.130937576293945,484000
5.93800163269043,836.458984375,843.3161010742188,764.475830078125,-845.5152587890625,-835.9345703125,-12.247642517089844,2.6669540405273438,0.0626283660531044,0.07693909108638763,0.30958107113838196,0.006346077658236027,0.5771170854568481,0.5739129781723022,-13.637758255004883,485000
37.19525146484375,832.7835693359375,843.6276245117188,190.76522827148438,-842.0641479492188,-832.2771606445312,-12.319574356079102,2.5325655937194824,0.06837337464094162,-0.07144609093666077,0.2991081774234772,0.008317027240991592,0.5875301361083984,0.5734580755233765,-13.519914627075195,486000
39.95890808105469,836.66943359375,843.9520263671875,659.6183471679688,-844.3048095703125,-834.8687133789062,-12.084465026855469,2.6483960151672363,0.06105301156640053,-0.23521214723587036,0.295386403799057,0.00912744365632534,0.5516184568405151,0.5860500335693359,-14.102928161621094,487000
13.749135971069336,836.1932373046875,845.3258666992188,746.6422119140625,-845.0228881835938,-835.2493286132812,-12.698659896850586,2.9251391887664795,0.05784418433904648,-0.234781876206398,0.30780771374702454,0.008634964004158974,0.5861095190048218,0.5944048166275024,-14.368429183959961,488000
9.81864070892334,836.8134765625,844.5181884765625,754.385498046875,-844.34814453125,-834.4110107421875,-12.391975402832031,2.4548494815826416,0.06079602241516113,0.08148070424795151,0.3035085201263428,0.007036249153316021,0.5806732773780823,0.5776026248931885,-13.789409637451172,489000
10.188234329223633,838.448486328125,845.602294921875,748.5206298828125,-848.8467407226562,-839.412353515625,-12.004859924316406,2.5705068111419678,0.06765419989824295,0.18258725106716156,0.3040677309036255,0.006011675111949444,0.5640358328819275,0.5631851553916931,-13.346512794494629,490000
7.071496486663818,838.3182373046875,846.3823852539062,752.6632080078125,-848.2230224609375,-838.7296142578125,-11.927806854248047,2.4344139099121094,0.07109661400318146,0.007831275463104248,0.30251047015190125,0.008965791203081608,0.5595117211341858,0.5691607594490051,-13.644124984741211,491000
10.853740692138672,837.7366943359375,846.0279541015625,750.1852416992188,-848.4855346679688,-838.751220703125,-12.232019424438477,2.497706413269043,0.06459944695234299,0.09198056161403656,0.2971917688846588,0.009389564394950867,0.5822961926460266,0.5560548305511475,-13.231040954589844,492000
12.166885375976562,835.4550170898438,845.9219970703125,741.9813842773438,-844.5693969726562,-835.06005859375,-12.060251235961914,2.550917625427246,0.06276977807283401,0.07771901041269302,0.30110880732536316,0.007319386582821608,0.5624112486839294,0.573103666305542,-13.636979103088379,493000
7.022234916687012,837.6189575195312,846.2894287109375,754.1751098632812,-846.7191162109375,-837.5491943359375,-11.528519630432129,2.3585965633392334,0.06808427721261978,0.08109207451343536,0.29566335678100586,0.007076362147927284,0.5419431924819946,0.5563554763793945,-13.1561861038208,494000
26.793516159057617,836.7059936523438,847.0433959960938,53.15235900878906,-846.420166015625,-836.419189453125,-12.665956497192383,2.664984703063965,0.06477588415145874,-0.22187162935733795,0.30100560188293457,0.009151481091976166,0.6047751903533936,0.577731192111969,-13.801057815551758,495000
15.105245590209961,840.9970703125,848.3733520507812,761.873779296875,-850.0635375976562,-840.4227905273438,-12.358758926391602,2.7180089950561523,0.06172126159071922,-0.07889430969953537,0.29781150817871094,0.009380968287587166,0.5753539204597473,0.5856032371520996,-14.02212142944336,496000
217.93399047851562,839.7459716796875,848.32080078125,522.3631591796875,-849.0169067382812,-839.716796875,-11.883773803710938,2.583662271499634,0.06783004105091095,-0.006248833611607552,0.2989760637283325,0.006965202279388905,0.5614280700683594,0.5665012001991272,-13.252700805664062,497000
11.498601913452148,839.6234741210938,846.9354858398438,734.1885375976562,-850.618896484375,-840.492431640625,-12.739110946655273,2.6126465797424316,0.06618352234363556,-0.08407343178987503,0.2953636348247528,0.011293359100818634,0.6041838526725769,0.5813382863998413,-14.015918731689453,498000
74.49190521240234,836.6691284179688,848.5706176757812,36.84345245361328,-845.7898559570312,-836.4266357421875,-11.80510425567627,2.441906213760376,0.06696261465549469,0.15591594576835632,0.29624393582344055,0.006383989937603474,0.5721068978309631,0.5517871379852295,-12.817353248596191,499000
5.646484851837158,842.94921875,850.5550537109375,760.3619995117188,-851.3896484375,-841.7596435546875,-12.238239288330078,2.6082024574279785,0.05963493138551712,-0.11123093962669373,0.2919505834579468,0.006563471630215645,0.5661959648132324,0.5921095609664917,-14.032785415649414,500000
