critic/q_loss,critic/q_mean,critic/q_max,critic/q_min,actor/total_loss,actor/q_loss,actor/bc_loss,actor/entropy_loss,actor/mse,beta/beta_loss,beta/beta,encoder/encoder_loss,encoder/dot_mean,encoder/log_dot_mean,encoder/kl_target_mean,encoder/nll_raw_mean,step
452.5390625,-0.01119971927255392,0.09357224404811859,-0.108396515250206,-1.5354366302490234,-0.16842180490493774,9.694526672363281,-11.061541557312012,0.37805336713790894,19.46450424194336,0.9997000694274902,0.1942923218011856,0.9854780435562134,-0.00730761606246233,-0.4479166269302368,8.958333015441895,0
24.02945899963379,59.874271392822266,59.877811431884766,59.870540618896484,-65.7195816040039,-59.90972137451172,-8.651589393615723,2.841726541519165,0.0818696990609169,3.9512999057769775,0.7985523343086243,0.0007053040317259729,0.996811032295227,-0.0015974990092217922,-0.0023273578844964504,-8.93632984161377,1000
9.532073974609375,87.51791381835938,87.53448486328125,87.50059509277344,-94.4496078491211,-87.56369018554688,-11.329872131347656,4.443953990936279,0.0645502358675003,1.0696049928665161,0.693097710609436,1.6811458408483304e-05,0.998988926410675,-0.000505714793689549,-0.00025472528068348765,-11.811588287353516,2000
10.538017272949219,109.3017578125,109.31037139892578,109.29315185546875,-116.73330688476562,-109.27407836914062,-12.527341842651367,5.068117618560791,0.06262537837028503,0.33110013604164124,0.6417728662490845,3.281383840203489e-07,0.9990025162696838,-0.0004988986765965819,0.0,-12.999998092651367,3000
12.155153274536133,128.22879028320312,128.23081970214844,128.226806640625,-135.23745727539062,-128.21954345703125,-12.265759468078613,5.2478485107421875,0.06395181268453598,0.40357616543769836,0.62828528881073,0.00334797496907413,0.9986093044281006,-0.000695667287800461,-0.004505400080233812,-12.809751510620117,4000
8.016924858093262,145.53048706054688,145.53097534179688,145.53001403808594,-152.65370178222656,-145.57708740234375,-12.932699203491211,5.856074810028076,0.05515182018280029,0.004501851741224527,0.639848530292511,0.0007881797500886023,0.9963147044181824,-0.0018453664379194379,-0.002299733692780137,-13.626579284667969,5000
7.9162116050720215,161.45437622070312,161.45553588867188,161.4532470703125,-168.79319763183594,-161.40725708007812,-13.22074031829834,5.834787368774414,0.05598573759198189,-0.15712620317935944,0.6518719792366028,4.4487574086815584e-06,0.9975578784942627,-0.0012221263023093343,-0.00010452303104102612,-14.17840576171875,6000
11.166513442993164,176.2384033203125,176.2388458251953,176.23756408691406,-183.58412170410156,-176.27743530273438,-12.766584396362305,5.459902763366699,0.060759685933589935,0.08920099586248398,0.6598324179649353,6.784081779187545e-05,0.9986051321029663,-0.0006977804005146027,-0.0005128807388246059,-13.972084999084473,7000
8.32115364074707,189.9495391845703,190.01919555664062,189.8798828125,-196.7970733642578,-189.8768310546875,-13.126864433288574,6.2066264152526855,0.054859910160303116,-0.4605996012687683,0.6621002554893494,4.317511184126488e-07,0.9988577961921692,-0.0005713142454624176,0.0,-14.403972625732422,8000
11.205036163330078,203.01559448242188,203.017333984375,203.0138397216797,-209.8890380859375,-202.9800567626953,-12.609848976135254,5.700859546661377,0.060255423188209534,-0.1806054562330246,0.6665489077568054,0.000641680380795151,0.9989192485809326,-0.0005405471893027425,-0.0025690612383186817,-13.81954288482666,9000
11.105396270751953,215.5767822265625,215.5811004638672,215.57244873046875,-222.49771118164062,-215.59017944335938,-12.67025089263916,5.76272439956665,0.05939524993300438,-0.11642378568649292,0.6631842851638794,0.0007447544485330582,0.9987059831619263,-0.000647291075438261,-0.002748290076851845,-14.09396743774414,10000
11.234123229980469,227.68841552734375,227.68861389160156,227.68821716308594,-234.16957092285156,-227.61451721191406,-12.38082504272461,5.825779438018799,0.05620090290904045,0.1524537056684494,0.668374240398407,0.0001602621196070686,0.9985901117324829,-0.00070526625495404,-0.0011701085604727268,-13.75230598449707,11000
9.299797058105469,239.0080108642578,239.00843811035156,239.00758361816406,-245.99642944335938,-239.01931762695312,-12.276041030883789,5.298935413360596,0.06022684648633003,-0.03198776766657829,0.6629558801651001,2.792441819110536e-06,0.9987128973007202,-0.000643860490527004,-0.00010042805661214516,-13.891481399536133,12000
245.29847717285156,249.08792114257812,249.09996032714844,249.07589721679688,-255.55072021484375,-249.01736450195312,-12.437896728515625,5.904548168182373,0.05816030129790306,0.020358068868517876,0.6678279042243958,4.6399185521295294e-05,0.9987640380859375,-0.0006182416109368205,-0.0004248569312039763,-14.148149490356445,13000
11.104317665100098,259.1575927734375,259.1630859375,259.152099609375,-265.7744445800781,-259.1356201171875,-12.709440231323242,6.0706281661987305,0.0550718791782856,-0.4291161298751831,0.6697294116020203,2.2678999812342227e-05,0.9988290071487427,-0.0005857087671756744,-0.00035100491368211806,-14.672197341918945,14000
280.6720886230469,268.5301513671875,268.5309143066406,268.52935791015625,-274.8493957519531,-268.5040588378906,-12.52112865447998,6.175775527954102,0.05701998248696327,-0.03828858211636543,0.6682820916175842,0.00020508645684458315,0.998988687992096,-0.0005058048409409821,-0.0008954188087955117,-14.423944473266602,15000
12.543680191040039,277.955810546875,277.9580078125,277.9536437988281,-284.4060974121094,-277.9187316894531,-12.35649299621582,5.869142055511475,0.05830550938844681,-0.23153278231620789,0.662335216999054,1.388161035720259e-05,0.9990314245223999,-0.00048442103434354067,-0.0002348779235035181,-14.262913703918457,16000
11.367462158203125,287.06488037109375,287.0649108886719,287.0648498535156,-293.2384033203125,-287.1086730957031,-11.519491195678711,5.389759063720703,0.058768775314092636,0.3210104703903198,0.6576592326164246,0.0005116940592415631,0.999045193195343,-0.00047754260594956577,-0.0015172262210398912,-13.621013641357422,17000
13.241832733154297,295.04815673828125,295.05108642578125,295.0452575683594,-301.5089111328125,-295.1038818359375,-11.500823974609375,5.0957932472229,0.06045106053352356,0.39249762892723083,0.6564521789550781,5.739982589147985e-05,0.9989047050476074,-0.0005478672683238983,-0.0006663112435489893,-13.771951675415039,18000
357.8641662597656,303.7567138671875,303.76336669921875,303.7500915527344,-309.9340515136719,-303.73028564453125,-11.868792533874512,5.665046215057373,0.060653939843177795,0.16288791596889496,0.6612364649772644,0.00042338500497862697,0.9988600015640259,-0.0005702344933524728,-0.0017163611482828856,-14.063281059265137,19000
11.406599044799805,311.71832275390625,311.7464294433594,311.6902160644531,-318.06146240234375,-311.7615966796875,-11.58902645111084,5.2891459465026855,0.058308567851781845,0.20970413088798523,0.6547795534133911,0.00021199899492785335,0.9986829161643982,-0.0006588420365005732,-0.0009134506690315902,-14.18128776550293,20000
11.497833251953125,319.2557373046875,319.2571716308594,319.25433349609375,-325.0621643066406,-319.262939453125,-11.436244010925293,5.637030124664307,0.05801734700798988,0.11048103868961334,0.6555965542793274,0.00016806041821837425,0.9984689950942993,-0.000765904551371932,-0.0008096592500805855,-14.03620719909668,21000
10.837554931640625,326.5941162109375,326.5944519042969,326.5937805175781,-332.8393249511719,-326.5770263671875,-11.682624816894531,5.420328617095947,0.059997860342264175,-0.0753503069281578,0.6447053551673889,5.920643525314517e-05,0.9986189603805542,-0.0006908373907208443,-0.00047934241592884064,-14.303332328796387,22000
10.774190902709961,333.96392822265625,333.9648742675781,333.96295166015625,-339.9380798339844,-333.9792785644531,-11.30246353149414,5.343666076660156,0.05765407904982567,0.276923269033432,0.6468175053596497,8.432177310169209e-06,0.9984585642814636,-0.0007711321813985705,-0.0002187945501646027,-14.104263305664062,23000
11.911840438842773,340.8356628417969,340.8373107910156,340.8340148925781,-347.0061950683594,-340.8488464355469,-11.791282653808594,5.633928298950195,0.0563400536775589,-0.25588223338127136,0.6433758735656738,5.11116297730041e-07,0.9987486600875854,-0.0006259284564293921,0.0,-14.753435134887695,24000
9.356157302856445,347.4678955078125,347.4679870605469,347.46783447265625,-353.2119140625,-347.46051025390625,-11.149333000183105,5.397927761077881,0.06041792035102844,0.038238417357206345,0.643061637878418,0.0011701516341418028,0.9989198446273804,-0.0005402680253610015,-0.0021398274693638086,-13.965343475341797,25000
13.136831283569336,353.29376220703125,353.29376220703125,353.29376220703125,-359.3182373046875,-353.3009033203125,-11.546825408935547,5.529489040374756,0.05841882899403572,-0.25580793619155884,0.6364829540252686,4.641011628336855e-07,0.9988160133361816,-0.0005922213313169777,0.0,-14.466850280761719,26000
11.55419921875,359.6104431152344,359.6104736328125,359.61041259765625,-365.3641357421875,-359.6170959472656,-11.393966674804688,5.646916389465332,0.053694747388362885,0.20576438307762146,0.6332857012748718,3.673831088235602e-07,0.9989398717880249,-0.000530268473085016,0.0,-14.309820175170898,27000
8.71462631225586,365.13641357421875,365.15313720703125,365.1197204589844,-370.90643310546875,-365.1188049316406,-10.566574096679688,4.778945446014404,0.06136123463511467,0.5002895593643188,0.6321408152580261,3.2675569627826917e-07,0.9990182518959045,-0.0004910401767119765,0.0,-13.636856079101562,28000
11.576860427856445,370.5255126953125,370.5376892089844,370.51336669921875,-376.30133056640625,-370.5306091308594,-11.122200965881348,5.351468563079834,0.05680994316935539,0.15734130144119263,0.6253460049629211,6.819333066232502e-05,0.9989717602729797,-0.0005142900627106428,-0.0005287969252094626,-14.304441452026367,29000
9.454629898071289,376.1131286621094,376.1564025878906,376.0698547363281,-381.7392272949219,-376.0892639160156,-11.04434871673584,5.394386291503906,0.05482017993927002,-0.09313113242387772,0.6236274838447571,9.296436473960057e-05,0.9990146160125732,-0.0004928582347929478,-0.0008143322775140405,-14.460078239440918,30000
12.738960266113281,381.2702331542969,381.2763366699219,381.2641296386719,-387.03509521484375,-381.2639465332031,-11.208096504211426,5.436950206756592,0.058772653341293335,-0.07986245304346085,0.6228266954421997,7.244828884722665e-05,0.9990241527557373,-0.00048807027633301914,-0.0005338726914487779,-14.808215141296387,31000
12.061321258544922,386.88262939453125,386.88299560546875,386.88226318359375,-392.5799560546875,-386.91632080078125,-10.813112258911133,5.149487495422363,0.05976010859012604,0.08099895715713501,0.6160448789596558,0.0014853517059236765,0.9990952014923096,-0.0004525245458353311,-0.0027076760306954384,-14.42828369140625,32000
595.3954467773438,392.336181640625,392.3382873535156,392.33404541015625,-397.93072509765625,-392.2601013183594,-10.529562950134277,4.858947277069092,0.0589275099337101,0.09936360269784927,0.6152695417404175,5.236559559307352e-07,0.998829185962677,-0.0005856654606759548,0.0,-14.032157897949219,33000
11.170461654663086,397.3681640625,397.36834716796875,397.3679504394531,-402.9074401855469,-397.3982849121094,-10.62089729309082,5.1117658615112305,0.058354754000902176,0.006607151124626398,0.6096619367599487,5.90453200857155e-05,0.9989970922470093,-0.0005016322247684002,-0.00048001372488215566,-14.50049877166748,34000
9.65785026550293,402.6049499511719,402.605712890625,402.60418701171875,-408.140869140625,-402.5909423828125,-10.399840354919434,4.849925994873047,0.06041034683585167,0.05469079688191414,0.6025578379631042,2.7363671506464016e-07,0.9991086721420288,-0.00044578092638403177,0.0,-14.285813331604004,35000
10.210334777832031,407.24609375,407.24774169921875,407.24444580078125,-412.578369140625,-407.2622375488281,-10.277997970581055,4.961858749389648,0.05968933179974556,0.02138543501496315,0.5985583662986755,2.3037725327412772e-07,0.9991669654846191,-0.00041663521551527083,0.0,-14.337100982666016,36000
11.434926986694336,412.3697509765625,412.3707580566406,412.3687744140625,-417.6891174316406,-412.3561096191406,-10.517169952392578,5.184170722961426,0.057057760655879974,-0.027331756427884102,0.5997574329376221,0.00017046926950570196,0.9991582036018372,-0.00042100826976820827,-0.0008165406179614365,-14.450441360473633,37000
11.229236602783203,416.86358642578125,416.86724853515625,416.8598937988281,-422.5650939941406,-416.88055419921875,-10.342087745666504,4.657553672790527,0.05691579356789589,0.09447328746318817,0.5950143933296204,5.3270432545104995e-05,0.9992039203643799,-0.00039813024341128767,-0.0004584223497658968,-14.636021614074707,38000
14.079263687133789,421.54400634765625,421.5478820800781,421.54010009765625,-426.7247009277344,-421.5794677734375,-10.150862693786621,5.005606174468994,0.055799853056669235,0.21527905762195587,0.5962153077125549,0.0049272021278738976,0.9991008043289185,-0.0004497176269069314,-0.004388768691569567,-14.020029067993164,39000
9.44009017944336,425.3570556640625,425.4833068847656,425.2308044433594,-430.42071533203125,-425.301513671875,-9.936636924743652,4.817453861236572,0.05688825622200966,0.15459676086902618,0.5908851027488708,3.824326029189251e-07,0.9989489912986755,-0.0005257090087980032,0.0,-13.974553108215332,40000
8.077722549438477,430.0503845214844,430.0540771484375,430.04669189453125,-435.4396667480469,-430.0751647949219,-10.03061294555664,4.666118621826172,0.05779806151986122,-0.16035489737987518,0.5860141515731812,3.6438621009438066e-07,0.9989686012268066,-0.0005158817511983216,0.0,-14.516836166381836,41000
10.83845329284668,434.26934814453125,434.2706604003906,434.26806640625,-439.654296875,-434.2921447753906,-10.62880802154541,5.266664505004883,0.05164597928524017,-0.19639520347118378,0.5824307203292847,2.1372161427279934e-06,0.9990440607070923,-0.0004781378956977278,-8.597913983976468e-05,-15.165678024291992,42000
10.466732025146484,438.5570068359375,438.606689453125,438.5073547363281,-443.6730041503906,-438.5349426269531,-10.103846549987793,4.965782642364502,0.05548522621393204,0.10731615871191025,0.5806995034217834,2.2250327447181917e-07,0.9991561770439148,-0.0004220156988594681,0.0,-14.432415008544922,43000
10.8328857421875,442.9058532714844,442.9063415527344,442.9053649902344,-448.1369323730469,-442.9396057128906,-10.158479690551758,4.961148738861084,0.05578683316707611,-0.04299033433198929,0.5770224332809448,0.00017222101450897753,0.9991693496704102,-0.0004154484486207366,-0.0008209550869651139,-14.720697402954102,44000
11.241045951843262,447.04327392578125,447.04351806640625,447.04302978515625,-452.0888671875,-447.0346984863281,-10.297115325927734,5.242959022521973,0.05685525760054588,-0.5022875070571899,0.5760973691940308,2.3157772943704913e-07,0.9991657733917236,-0.0004172546905465424,0.0,-15.051658630371094,45000
10.763129234313965,451.03924560546875,451.03948974609375,451.0389709472656,-456.0794982910156,-451.0347900390625,-10.350231170654297,5.305514812469482,0.05679371580481529,-0.474135160446167,0.5695912837982178,2.711817046474607e-07,0.9991112947463989,-0.00044449191773310304,0.0,-15.256509780883789,46000
10.142731666564941,454.6144714355469,454.61474609375,454.61419677734375,-459.50689697265625,-454.57989501953125,-9.73474407196045,4.807726860046387,0.06084531918168068,0.04727892577648163,0.5675815939903259,4.4070060312151327e-07,0.9989035129547119,-0.000548473559319973,0.0,-14.450464248657227,47000
10.762712478637695,458.89007568359375,458.8916931152344,458.8884582519531,-464.01287841796875,-458.8428649902344,-10.310757637023926,5.140739440917969,0.05589620769023895,-0.503099799156189,0.5635308623313904,8.292071242976817e-07,0.9985907673835754,-0.0007050306885503232,0.0,-15.509197235107422,48000
9.686298370361328,462.8347473144531,462.8358459472656,462.8336486816406,-467.8348693847656,-462.81402587890625,-9.712430000305176,4.691574573516846,0.05880073830485344,0.08655988425016403,0.5566741228103638,1.504391275375383e-05,0.9992730021476746,-0.0003635891480371356,-0.0002423889236524701,-14.468621253967285,49000
10.72931957244873,466.13433837890625,466.1369934082031,466.13165283203125,-471.02532958984375,-466.10040283203125,-9.710786819458008,4.7858734130859375,0.056706126779317856,-0.0455339178442955,0.5564638376235962,1.8986730765391258e-07,0.9992567300796509,-0.0003717377840075642,0.0,-14.695199966430664,50000
11.813802719116211,470.41485595703125,470.4157409667969,470.4139404296875,-475.1539001464844,-470.4068603515625,-9.609575271606445,4.862557411193848,0.055363837629556656,0.2015148401260376,0.5543040037155151,2.1393661597812752e-07,0.9992198944091797,-0.00039018207462504506,0.0,-14.615877151489258,51000
871.0958251953125,474.4401550292969,474.45635986328125,474.4239501953125,-479.3421630859375,-474.4279479980469,-9.547497749328613,4.633274555206299,0.057389695197343826,-0.11249364912509918,0.550849437713623,9.459768079977948e-06,0.9993128776550293,-0.0003436513361521065,-0.0002669602108653635,-14.613107681274414,52000
10.090278625488281,477.69384765625,477.7140197753906,477.6737060546875,-482.60809326171875,-477.7266540527344,-9.277615547180176,4.396190166473389,0.05802129954099655,0.278099924325943,0.5509048104286194,1.564435052614499e-07,0.9993042349815369,-0.0003479525912553072,0.0,-14.060882568359375,53000
10.12331771850586,481.4703063964844,481.48309326171875,481.45751953125,-486.50445556640625,-481.4955139160156,-9.39533805847168,4.386377811431885,0.06006001681089401,0.1081635132431984,0.5453518629074097,5.186246198718436e-05,0.9992566108703613,-0.000371809903299436,-0.00045086132013238966,-14.439088821411133,54000
10.632434844970703,484.8727111816406,484.8746032714844,484.8708190917969,-489.67572021484375,-484.88409423828125,-9.493215560913086,4.701590538024902,0.05349917337298393,-0.10882546007633209,0.5381900668144226,1.6702065863682947e-07,0.9992902874946594,-0.0003549511602614075,0.0,-14.876513481140137,55000
8.917243957519531,488.17291259765625,488.1758728027344,488.169921875,-492.97430419921875,-488.19183349609375,-9.06132984161377,4.278872013092041,0.057877443730831146,0.06458505243062973,0.5357734560966492,1.5603083625137515e-07,0.9993035793304443,-0.00034827389754354954,0.0,-14.174864768981934,56000
10.527480125427246,491.5415344238281,491.5444641113281,491.5386047363281,-496.4640808105469,-491.60882568359375,-9.198392868041992,4.343142986297607,0.05826469138264656,0.19455170631408691,0.5330105423927307,0.00014324809308163822,0.9992247223854065,-0.00038775004213675857,-0.001045015174895525,-14.616748809814453,57000
9.733268737792969,494.9862060546875,494.986328125,494.9861145019531,-499.7614440917969,-495.0027160644531,-9.170960426330566,4.412243366241455,0.060485754162073135,0.016386521980166435,0.5319089293479919,1.6483360809615988e-07,0.9993016719818115,-0.0003492527175694704,0.0,-14.632187843322754,58000
9.891993522644043,497.63348388671875,497.7069091796875,497.5600280761719,-502.08172607421875,-497.52264404296875,-9.136663436889648,4.577560901641846,0.056331608444452286,-0.08019917458295822,0.5290989279747009,1.3343505997909233e-06,0.9993335604667664,-0.00033328658901154995,-7.107356941560283e-05,-14.676629066467285,59000
9.296258926391602,500.9414367675781,500.9417419433594,500.9411315917969,-505.70538330078125,-500.9364318847656,-9.248053550720215,4.479092597961426,0.05556614696979523,-0.297690212726593,0.5257697105407715,1.5130164854326722e-07,0.9993274211883545,-0.0003363952855579555,0.0,-14.980592727661133,60000
8.711069107055664,504.63641357421875,504.6735534667969,504.59930419921875,-509.19403076171875,-504.59393310546875,-9.067588806152344,4.467482089996338,0.052589815109968185,0.03006613627076149,0.5199011564254761,1.3077990956844587e-07,0.9993597269058228,-0.000320181658025831,0.0,-14.483282089233398,61000
9.642513275146484,507.7265625,507.7291259765625,507.7239685058594,-512.132568359375,-507.708251953125,-8.711979866027832,4.287647247314453,0.05958227440714836,0.28704002499580383,0.5199105739593506,0.0007185075082816184,0.9992617964744568,-0.00036919768899679184,-0.0023400455247610807,-14.07738971710205,62000
11.403504371643066,510.859130859375,510.8641357421875,510.8541564941406,-515.49072265625,-510.8229064941406,-8.976903915405273,4.309099197387695,0.05868464335799217,-0.121165931224823,0.5178059935569763,0.0004840630863327533,0.9989815950393677,-0.0005094195366837084,-0.0013765720650553703,-14.631016731262207,63000
10.94984245300293,513.13818359375,513.1383666992188,513.137939453125,-517.6357421875,-513.1895141601562,-8.818778991699219,4.372572898864746,0.05594337359070778,0.039688583463430405,0.5148023962974548,5.2696457714773715e-05,0.9990584850311279,-0.00047092640306800604,-0.00045609386870637536,-14.452174186706543,64000
9.730241775512695,516.7587280273438,516.77587890625,516.7415771484375,-521.2748413085938,-516.798828125,-8.627445220947266,4.151431560516357,0.05596483498811722,0.2663213908672333,0.5141403675079346,2.2700842237100005e-06,0.9991058111190796,-0.0004472552100196481,-9.717472130432725e-05,-14.32602310180664,65000
10.579652786254883,520.09423828125,520.0942993164062,520.0941162109375,-524.6820068359375,-520.1350708007812,-8.593986511230469,4.04707670211792,0.05912027508020401,0.041569944471120834,0.5063492655754089,2.2063325388899102e-07,0.999210000038147,-0.00039507326437160373,0.0,-14.387754440307617,66000
9.558510780334473,522.570556640625,522.5709228515625,522.5701904296875,-527.052734375,-522.6228637695312,-8.667070388793945,4.237154960632324,0.055832553654909134,0.001099701039493084,0.5076281428337097,2.209501417382853e-07,0.9992238283157349,-0.0003881990851368755,0.0,-14.639077186584473,67000
9.654261589050293,525.7257080078125,525.7257690429688,525.7256469726562,-530.1577758789062,-525.7191772460938,-8.733217239379883,4.294593811035156,0.056627608835697174,-0.07705366611480713,0.506015419960022,1.0549676517257467e-05,0.9993672370910645,-0.00031644297996535897,-0.0002033925411524251,-14.802934646606445,68000
9.679001808166504,528.24462890625,528.2453002929688,528.243896484375,-532.6721801757812,-528.2118530273438,-8.657139778137207,4.196809768676758,0.05906520038843155,-0.0388757549226284,0.49904829263687134,3.9555732655571774e-05,0.9993540048599243,-0.0003230686706956476,-0.00039370195008814335,-14.80357837677002,69000
1088.04052734375,531.5005493164062,531.5028686523438,531.4982299804688,-535.8642578125,-531.4750366210938,-8.670522689819336,4.281291961669922,0.05895552784204483,0.1121399998664856,0.5018320083618164,4.612580960383639e-05,0.9990413188934326,-0.00047952591557987034,-0.00042440611287020147,-14.517557144165039,70000
8.023008346557617,534.1005859375,534.104248046875,534.0968627929688,-538.2523193359375,-534.0989990234375,-8.375838279724121,4.22252082824707,0.05742643401026726,0.38278889656066895,0.4963230788707733,0.0002728634572122246,0.998784065246582,-0.0006082967156544328,-0.0010326947085559368,-14.24439525604248,71000
10.354626655578613,536.6485595703125,536.6530151367188,536.64404296875,-540.8395385742188,-536.6597290039062,-8.201498031616211,4.0216851234436035,0.06010054051876068,0.020917708054184914,0.494711697101593,1.1056525181629695e-05,0.9990174770355225,-0.0004914663732051849,-0.000210339087061584,-14.503835678100586,72000
8.959927558898926,539.525634765625,539.5264282226562,539.52490234375,-543.8920288085938,-539.5211181640625,-8.625006675720215,4.254065036773682,0.05608535185456276,-0.365755558013916,0.4889352023601532,1.7322136613984185e-07,0.999284029006958,-0.0003580846532713622,0.0,-15.113323211669922,73000
8.596536636352539,542.208984375,542.2109375,542.2070922851562,-546.5527954101562,-542.199462890625,-8.477367401123047,4.123993396759033,0.05661819875240326,0.07832685858011246,0.4887308180332184,1.7416635955669335e-07,0.9992779493331909,-0.0003611152060329914,0.0,-14.79249382019043,74000
10.697734832763672,545.07666015625,545.113037109375,545.040283203125,-549.3478393554688,-545.0911865234375,-8.02475643157959,3.768120050430298,0.060995619744062424,0.3326616883277893,0.4882238209247589,5.0075734179699793e-05,0.9992916584014893,-0.0003542233898770064,-0.0004422060155775398,-14.296506881713867,75000
11.682052612304688,547.0926513671875,547.0938720703125,547.0913696289062,-551.3262329101562,-547.1204833984375,-8.201404571533203,3.995645523071289,0.055753443390131,0.03853762149810791,0.48503395915031433,1.6724114004773583e-07,0.9992938041687012,-0.0003531835973262787,0.0,-14.431697845458984,76000
7.990179061889648,549.8504638671875,549.863525390625,549.8373413085938,-554.08642578125,-549.9064331054688,-8.55817985534668,4.378156661987305,0.05295410752296448,-0.25341135263442993,0.4784488081932068,2.728841650423419e-07,0.999146580696106,-0.0004268334887456149,0.0,-15.29280948638916,77000
9.81832218170166,552.2324829101562,552.2330932617188,552.2318725585938,-556.4254150390625,-552.283203125,-8.237879753112793,4.095659255981445,0.05496111139655113,0.09513530135154724,0.4795612394809723,0.00011320110206725076,0.9991074800491333,-0.00044642010470852256,-0.000666065898258239,-14.70553970336914,78000
7.806245803833008,554.9484252929688,554.9492797851562,554.9475708007812,-558.9827270507812,-554.9783325195312,-7.8514404296875,3.8470335006713867,0.056649766862392426,0.044902052730321884,0.4720326364040375,4.087961497134529e-05,0.9992642402648926,-0.0003679645014926791,-0.0003995737642981112,-14.38569450378418,79000
9.070469856262207,556.9971923828125,556.9977416992188,556.9967041015625,-561.0802001953125,-556.970458984375,-7.815008163452148,3.705247640609741,0.05746176838874817,0.15092262625694275,0.47504013776779175,1.4024300298842718e-07,0.9993307590484619,-0.0003346752200741321,0.0,-14.249038696289062,80000
9.75096321105957,559.59423828125,559.5952758789062,559.5932006835938,-563.634033203125,-559.5733642578125,-8.305673599243164,4.244984149932861,0.05426478385925293,-0.2719731032848358,0.4712720513343811,0.00028162309899926186,0.9993737936019897,-0.00031318215769715607,-0.0010498975170776248,-15.161888122558594,81000
9.88623046875,562.4306640625,562.4307861328125,562.4306030273438,-566.4451293945312,-562.4268798828125,-8.39770221710205,4.3794403076171875,0.05419912189245224,-0.42250171303749084,0.4684384763240814,0.0001232950744451955,0.999402642250061,-0.00029872567392885685,-0.0006949721137061715,-15.349538803100586,82000
10.596700668334961,564.1865234375,564.1869506835938,564.1860961914062,-568.3528442382812,-564.2390747070312,-7.495198726654053,3.3814034461975098,0.06168431416153908,0.38155385851860046,0.46479737758636475,1.0443817188843241e-07,0.9994350075721741,-0.00028253771597519517,0.0,-14.029375076293945,83000
9.61766529083252,566.9198608398438,566.9203491210938,566.9193725585938,-571.0828857421875,-566.9547729492188,-7.90886116027832,3.780745267868042,0.056107401847839355,0.09251897037029266,0.4609844982624054,8.73531718070808e-08,0.9994761943817139,-0.0002619147999212146,0.0,-14.738905906677246,84000
9.599130630493164,569.2657470703125,569.2662353515625,569.2651977539062,-573.1240844726562,-569.2568969726562,-7.942572593688965,4.075389862060547,0.05446430668234825,-0.2661397159099579,0.46211954951286316,2.3530259568360634e-05,0.9994630217552185,-0.00026853728923015296,-0.0003976387088187039,-14.838563919067383,85000
9.539271354675293,571.513916015625,571.515869140625,571.5120239257812,-575.2376708984375,-571.439208984375,-7.85976505279541,4.061287879943848,0.05484238266944885,-0.06948938965797424,0.4587046205997467,9.584206850377086e-08,0.9994514584541321,-0.00027431658236309886,0.0,-14.689690589904785,86000
8.992950439453125,573.7094116210938,573.7098999023438,573.7089233398438,-577.68505859375,-573.73828125,-8.364062309265137,4.417295932769775,0.05070332810282707,-0.3128984868526459,0.4566761553287506,7.690032788332246e-08,0.9995045065879822,-0.00024778841179795563,0.0,-15.754264831542969,87000
10.022712707519531,576.1097412109375,576.1137084960938,576.1058349609375,-579.9541625976562,-576.0615234375,-8.145318984985352,4.252711296081543,0.051366858184337616,-0.3422505259513855,0.452663779258728,0.00013017344463150948,0.9994874000549316,-0.00025635608471930027,-0.000713579123839736,-15.477603912353516,88000
9.934852600097656,578.1500244140625,578.1507568359375,578.1493530273438,-582.1752319335938,-578.1363525390625,-7.800052165985107,3.76114559173584,0.05663023889064789,0.035937048494815826,0.4522421658039093,7.600645091088154e-08,0.9995048642158508,-0.0002475986839272082,0.0,-14.94460678100586,89000
9.77157974243164,580.5484619140625,580.5762329101562,580.5206298828125,-584.4073486328125,-580.5678100585938,-7.662627220153809,3.8230438232421875,0.05617223680019379,0.040165435522794724,0.4515113830566406,7.746270421193913e-05,0.9994692802429199,-0.0002653950359672308,-0.0005507042515091598,-14.566925048828125,90000
9.55192756652832,582.8116455078125,582.8495483398438,582.773681640625,-586.544677734375,-582.7509155273438,-7.446340084075928,3.6525681018829346,0.05981314927339554,0.20482692122459412,0.44961217045783997,8.749786672979099e-08,0.9994767308235168,-0.0002616887795738876,0.0,-14.068984985351562,91000
9.632669448852539,585.46728515625,585.4700927734375,585.4644775390625,-589.3021850585938,-585.511474609375,-7.63571834564209,3.8450076580047607,0.055016256868839264,-0.1394861489534378,0.4439239203929901,9.022958380455748e-08,0.9994715452194214,-0.0002642794861458242,0.0,-14.786483764648438,92000
5270.4033203125,587.9501953125,587.95068359375,587.9497680664062,-591.7151489257812,-587.8521728515625,-7.226365089416504,3.3634328842163086,0.059603411704301834,0.25312453508377075,0.44424036145210266,1.0874293820961611e-07,0.9994183778762817,-0.0002908707829192281,0.0,-14.161153793334961,93000
8.084651947021484,590.2340087890625,590.372314453125,590.0956420898438,-593.8071899414062,-590.0525512695312,-7.774672985076904,4.020015239715576,0.054125696420669556,-0.29751548171043396,0.441084086894989,9.465285444321125e-08,0.9994513988494873,-0.00027432903880253434,0.0,-15.097602844238281,94000
9.21090316772461,592.0078735351562,592.0092163085938,592.0065307617188,-595.8240966796875,-592.0123291015625,-7.0333147048950195,3.221545696258545,0.06016375869512558,0.48103412985801697,0.44055914878845215,3.791844574152492e-05,0.9994402527809143,-0.0002799300418701023,-0.0003854673122987151,-13.794410705566406,95000
9.437223434448242,593.7718505859375,593.7720336914062,593.7716674804688,-597.5069580078125,-593.7725830078125,-7.3443989753723145,3.6100733280181885,0.058513276278972626,0.16520172357559204,0.43827447295188904,1.1522649856487988e-07,0.9994028806686401,-0.0002986389445140958,0.0,-14.548517227172852,96000
8.473291397094727,596.3761596679688,596.3797607421875,596.37255859375,-600.02099609375,-596.3739013671875,-7.566864967346191,3.919816017150879,0.05461577698588371,-0.11613766103982925,0.43664610385894775,1.115692924713585e-07,0.9994349479675293,-0.0002825654810294509,0.0,-14.960801124572754,97000
9.275243759155273,598.4573974609375,598.4576416015625,598.4572143554688,-602.1180419921875,-598.45263671875,-7.711994171142578,4.046590805053711,0.053454574197530746,-0.2222605049610138,0.43195536732673645,1.8439264692915458e-07,0.9993026852607727,-0.00034873138065449893,0.0,-15.220755577087402,98000
7.562314033508301,600.4705810546875,600.4712524414062,600.4698486328125,-604.1333618164062,-600.5027465820312,-7.051547050476074,3.420933246612549,0.05737416073679924,0.26783132553100586,0.4302699863910675,2.401687311248679e-07,0.9991923570632935,-0.0004039471095893532,0.0,-14.169401168823242,99000
8.42746639251709,601.6888427734375,601.807861328125,601.56982421875,-605.29931640625,-601.5616455078125,-7.21909236907959,3.4814462661743164,0.05783739686012268,0.11406827718019485,0.43093419075012207,5.203161890676711e-06,0.9994122982025146,-0.0002939104160759598,-0.0001421188935637474,-14.534342765808105,100000
9.720314025878906,604.1986694335938,604.2012329101562,604.1961059570312,-607.8449096679688,-604.1226196289062,-7.594199180603027,3.871870756149292,0.05580470338463783,-0.2866743803024292,0.4272816479206085,3.840286080958322e-05,0.9994230270385742,-0.00028857565484941006,-0.00042118498822674155,-15.467435836791992,101000
7.005875587463379,606.203369140625,606.20361328125,606.2031860351562,-609.8799438476562,-606.2510375976562,-7.252956390380859,3.6240427494049072,0.05504978820681572,-0.01868303492665291,0.4209505617618561,8.742406265582758e-08,0.9994863271713257,-0.0002569043426774442,0.0,-14.871994018554688,102000
7.690357208251953,608.05615234375,608.0564575195312,608.055908203125,-611.7482299804688,-608.0515747070312,-7.257981300354004,3.5613434314727783,0.0577530600130558,0.08958476036787033,0.4201728105545044,0.00011694843124132603,0.9995009303092957,-0.0002495835651643574,-0.0006762924022041261,-14.709625244140625,103000
7.947912693023682,610.1978759765625,610.1982421875,610.1975708007812,-613.6754150390625,-610.2027587890625,-7.053025722503662,3.580385446548462,0.05910050868988037,0.210227370262146,0.42176109552383423,8.836715892357461e-08,0.9994823932647705,-0.00025885802460834384,0.0,-14.291707038879395,104000
6.617559432983398,612.3040771484375,612.30615234375,612.3020629882812,-615.8800659179688,-612.339599609375,-6.9642744064331055,3.42384934425354,0.056558530777692795,0.1492464244365692,0.4159909784793854,9.794294442144746e-08,0.9994893074035645,-0.0002554052625782788,0.0,-14.261835098266602,105000
7.982767105102539,614.4735717773438,614.523681640625,614.4234619140625,-618.0517578125,-614.4462280273438,-6.862391471862793,3.2568562030792236,0.05922187119722366,0.09517212957143784,0.41595321893692017,0.00039293483132496476,0.9994946718215942,-0.00025271010235883296,-0.0012395987287163734,-14.243444442749023,106000
8.354043960571289,616.5126953125,616.52099609375,616.50439453125,-620.0599365234375,-616.5027465820312,-7.230357646942139,3.67313551902771,0.05532483384013176,-0.09214659035205841,0.4139285385608673,9.488948649050144e-08,0.9994858503341675,-0.0002571183140389621,0.0,-15.049932479858398,107000
1490.3829345703125,617.8765869140625,617.8780517578125,617.8751831054688,-621.2013549804688,-617.83251953125,-6.83687686920166,3.4680023193359375,0.05788562074303627,0.23051218688488007,0.411769300699234,0.00039758271304890513,0.9994927644729614,-0.00025365082547068596,-0.0022767423652112484,-14.372915267944336,108000
7.716536521911621,620.1921997070312,620.1929931640625,620.19140625,-623.6243286132812,-620.2098999023438,-6.887498378753662,3.4730634689331055,0.055983807891607285,0.12004361301660538,0.41205278038978577,1.1733551019688093e-07,0.9994281530380249,-0.00028597121126949787,0.0,-14.404642105102539,109000
8.307764053344727,621.7185668945312,621.762451171875,621.6746826171875,-625.1569213867188,-621.7111206054688,-7.207326889038086,3.7615556716918945,0.053319789469242096,-0.1748673915863037,0.4088524878025055,3.1736692562844837e-07,0.9991678595542908,-0.0004162234836257994,0.0,-15.131986618041992,110000
8.127756118774414,623.8118286132812,623.8126831054688,623.8109741210938,-627.2083129882812,-623.7603149414062,-7.188526630401611,3.7405388355255127,0.0545768216252327,-0.15575942397117615,0.40717968344688416,3.4562128803372616e-07,0.9991753697395325,-0.0004125020350329578,0.0,-15.191993713378906,111000
7.586197376251221,625.4874267578125,625.4886474609375,625.4862670898438,-629.1782836914062,-625.4735107421875,-7.363662242889404,3.658900737762451,0.056137051433324814,-0.3213241398334503,0.4014281928539276,0.00031866561039350927,0.9990251660346985,-0.00048762967344373465,-0.0011160908034071326,-15.592324256896973,112000
6.318594932556152,627.4215087890625,627.4227905273438,627.420166015625,-630.97021484375,-627.4454956054688,-6.815597057342529,3.2909178733825684,0.05978717654943466,0.07466600090265274,0.4057176113128662,0.0002328052360098809,0.99942547082901,-0.0002873026533052325,-0.0009557255543768406,-14.574028015136719,113000
9.385055541992188,628.6204833984375,628.6256103515625,628.6152954101562,-632.2155151367188,-628.6599731445312,-7.124734878540039,3.5692079067230225,0.05598963424563408,-0.2861582338809967,0.4037211835384369,1.213783491493814e-07,0.9993999600410461,-0.0003000731812790036,0.0,-15.39759349822998,114000
8.112345695495605,630.3729248046875,630.3733520507812,630.37255859375,-633.79443359375,-630.39404296875,-6.720595359802246,3.3201956748962402,0.05340040475130081,0.11007367074489594,0.4012429714202881,1.1095180241227354e-07,0.9994274377822876,-0.0002863244735635817,0.0,-14.578653335571289,115000
6.822597503662109,632.4143676757812,632.4152221679688,632.4135131835938,-635.8178100585938,-632.4412231445312,-6.866425037384033,3.4898874759674072,0.05400610715150833,0.05247126519680023,0.3991043269634247,9.804742973074099e-08,0.9994795918464661,-0.0002602586755529046,0.0,-14.755826950073242,116000
7.532491683959961,633.4692993164062,633.4752197265625,633.46337890625,-636.8117065429688,-633.4328002929688,-6.8875203132629395,3.508584976196289,0.05374090373516083,0.011658066883683205,0.39670807123184204,6.97960658158081e-08,0.9995288252830505,-0.00023560968111269176,0.0,-14.978033065795898,117000
8.130362510681152,635.259033203125,635.26513671875,635.2529907226562,-638.5106811523438,-635.2610473632812,-6.6287994384765625,3.3791723251342773,0.0576891265809536,0.2036176323890686,0.3957609534263611,1.0430986208120885e-07,0.9994536638259888,-0.0002732279244810343,0.0,-14.303852081298828,118000
7.106418132781982,636.8363037109375,636.8365478515625,636.8361206054688,-640.0143432617188,-636.85888671875,-6.488667964935303,3.3331973552703857,0.05483635514974594,0.09571380913257599,0.39349690079689026,2.272664914926281e-06,0.9994227886199951,-0.0002886843867599964,-9.469621727475896e-05,-14.296308517456055,119000
7.781033515930176,638.32470703125,638.32861328125,638.32080078125,-641.6913452148438,-638.3658447265625,-6.716900825500488,3.3914105892181396,0.058562230318784714,-0.01810554787516594,0.3919861912727356,1.7324655345873907e-06,0.9993817806243896,-0.0003091854741796851,-8.002247341210023e-05,-14.910141944885254,120000
8.200533866882324,639.907958984375,639.9158325195312,639.9000244140625,-643.31591796875,-639.894775390625,-6.872866630554199,3.45169734954834,0.057469241321086884,-0.10556777566671371,0.3906141519546509,1.1668787180951767e-07,0.9994340538978577,-0.0002830458106473088,0.0,-15.166561126708984,121000
7.537424087524414,641.6734008789062,641.7859497070312,641.5608520507812,-644.8969116210938,-641.6407470703125,-6.202310562133789,2.946141004562378,0.0577029287815094,0.2456224262714386,0.38666850328445435,7.69010148360394e-05,0.9994090795516968,-0.0002955512027256191,-0.0005489223985932767,-13.990243911743164,122000
8.005075454711914,643.3246459960938,643.3626098632812,643.2866821289062,-646.4420776367188,-643.2857666015625,-6.331038951873779,3.174760341644287,0.05850817263126373,0.2049255669116974,0.3880821466445923,1.3460490322358964e-07,0.9994243383407593,-0.00028789322823286057,0.0,-14.23119068145752,123000
1607.475830078125,645.5543212890625,645.5569458007812,645.5516357421875,-648.7593994140625,-645.5359497070312,-6.390981197357178,3.1675431728363037,0.05426304414868355,0.043263960629701614,0.3852774202823639,1.1490114104617533e-07,0.999417245388031,-0.00029142730636522174,0.0,-14.589858055114746,124000
8.031450271606445,646.677978515625,646.6781005859375,646.6779174804688,-649.9373168945312,-646.632568359375,-6.6750922203063965,3.370352268218994,0.05500790849328041,-0.054163627326488495,0.38440361618995667,1.1093374268966727e-05,0.9994342923164368,-0.00028290192130953074,-0.0002077172975987196,-15.165143013000488,125000
6.85577917098999,648.3055419921875,648.3095703125,648.3015747070312,-651.5794067382812,-648.281982421875,-6.404485702514648,3.107069492340088,0.057968590408563614,0.04051180183887482,0.38320693373680115,9.515366627965705e-08,0.9994778037071228,-0.00026116525987163186,0.0,-14.672172546386719,126000
7.888393402099609,649.932861328125,649.93310546875,649.9326171875,-653.1395263671875,-649.9568481445312,-6.653489589691162,3.4708354473114014,0.05389758199453354,-0.12373815476894379,0.38350147008895874,9.281102819613807e-08,0.9994838237762451,-0.00025813799584284425,0.0,-15.103212356567383,127000
8.425241470336914,651.68017578125,651.8572387695312,651.5031127929688,-654.7686767578125,-651.4993286132812,-6.720025062561035,3.450711965560913,0.05141255632042885,-0.1969933807849884,0.379654198884964,7.507713917220826e-07,0.9988742470741272,-0.0005632714601233602,0.0,-15.38092041015625,128000
8.399227142333984,652.8607177734375,652.8619995117188,652.859375,-656.0647583007812,-652.8854370117188,-6.634169101715088,3.4548609256744385,0.055490072816610336,-0.0859837606549263,0.37695378065109253,0.00037366122705861926,0.9994724988937378,-0.0002637913275975734,-0.0012091912794858217,-15.232897758483887,129000
7.97967529296875,654.304443359375,654.3423461914062,654.2665405273438,-657.3410034179688,-654.2720336914062,-6.414331912994385,3.345320463180542,0.05702618137001991,0.021509071812033653,0.377230703830719,5.7754832027967495e-08,0.999581515789032,-0.00020928517915308475,0.0,-14.644556999206543,130000
7.585664749145508,656.1358642578125,656.1390991210938,656.1326904296875,-659.3246459960938,-656.1822509765625,-6.1723198890686035,3.029921054840088,0.055226586759090424,0.12576279044151306,0.374494343996048,7.251021827414661e-08,0.9995436668395996,-0.00022819978767074645,0.0,-14.517257690429688,131000
6.798288822174072,657.5460815429688,657.5473022460938,657.5448608398438,-660.7134399414062,-657.510009765625,-6.219357967376709,3.015941858291626,0.0587402880191803,-0.0038200290873646736,0.37222152948379517,5.3476679084951684e-08,0.9995884895324707,-0.00020578243129421026,0.0,-14.682260513305664,132000
7.500421047210693,658.852294921875,658.8564453125,658.8482055664062,-662.0069580078125,-658.8829956054688,-6.347209930419922,3.2232463359832764,0.05507807061076164,0.03164103254675865,0.3711162209510803,5.4483930256310487e-08,0.9995862245559692,-0.00020694243721663952,0.0,-14.755687713623047,133000
7.406613349914551,659.86083984375,659.8684692382812,659.8532104492188,-662.9912109375,-659.8785400390625,-5.926281929016113,2.8135809898376465,0.06132202222943306,0.33618974685668945,0.37013426423072815,1.354577125312062e-05,0.99958336353302,-0.00020834409224335104,-0.000230300662224181,-13.741113662719727,134000
6.921339511871338,661.8529663085938,661.8534545898438,661.8524780273438,-665.0955810546875,-661.8526000976562,-6.399655342102051,3.1566574573516846,0.05564368888735771,-0.12852779030799866,0.3673310875892639,0.0002099769626511261,0.9995826482772827,-0.00020870620210189372,-0.0009063022444024682,-15.073132514953613,135000
6.164539813995361,662.6668701171875,662.8121948242188,662.521484375,-665.58544921875,-662.5250244140625,-6.182534217834473,3.1221559047698975,0.053971339017152786,0.16482408344745636,0.3661857843399048,6.449555201015755e-08,0.9995512366294861,-0.0002243985654786229,0.0,-14.604327201843262,136000
6.346821308135986,664.8486328125,664.8491821289062,664.84814453125,-668.0181884765625,-664.8558349609375,-6.58235502243042,3.420012950897217,0.052632227540016174,-0.2632429301738739,0.3649902045726776,7.068876328730767e-08,0.9995381236076355,-0.00023095654614735395,0.0,-15.640745162963867,137000
8.464563369750977,666.2357788085938,666.2363891601562,666.2351684570312,-669.352783203125,-666.2395629882812,-6.404078483581543,3.290834903717041,0.05527181923389435,-0.2177371233701706,0.3648137152194977,4.3620970245683566e-05,0.999437689781189,-0.0002812191960401833,-0.00041456660255789757,-15.303393363952637,138000
6.561574459075928,667.4713134765625,667.4721069335938,667.470458984375,-670.552490234375,-667.4596557617188,-6.499335765838623,3.4064910411834717,0.0535300076007843,-0.4012329876422882,0.3617384731769562,4.076075492775999e-05,0.9994944334030151,-0.00025284738512709737,-0.0003997595049440861,-15.638554573059082,139000
7.581905364990234,668.568603515625,668.5686645507812,668.5684814453125,-671.4682006835938,-668.5723266601562,-6.3378143310546875,3.4419779777526855,0.05390655994415283,-0.1831105500459671,0.3631909489631653,8.303520644403761e-07,0.9987853765487671,-0.000607747002504766,0.0,-15.361885070800781,140000
7.810596466064453,669.986328125,669.9888916015625,669.9837036132812,-673.0208129882812,-670.0078125,-5.991525173187256,2.978494167327881,0.054277580231428146,0.12146595120429993,0.3603973686695099,1.0211373080437625e-07,0.9994691610336304,-0.00026547402376309037,0.0,-14.472616195678711,141000
1740.9805908203125,671.42626953125,671.5362548828125,671.3162841796875,-674.3317260742188,-671.3363647460938,-6.127817153930664,3.132441997528076,0.05411970987915993,-0.020304396748542786,0.3593248128890991,4.327274837123696e-06,0.9994254112243652,-0.0002873476769309491,-0.00012877218250650913,-14.99168586730957,142000
6.6629414558410645,672.5958251953125,672.64599609375,672.5455932617188,-675.50830078125,-672.5297241210938,-5.9372711181640625,2.9587059020996094,0.05703384801745415,0.1914384514093399,0.35874712467193604,1.0115771146956831e-05,0.9994474649429321,-0.00027632364071905613,-0.00019916240125894547,-14.411064147949219,143000
7.455897331237793,674.307373046875,674.3075561523438,674.3071899414062,-677.3706665039062,-674.3043212890625,-6.120903015136719,3.054539680480957,0.053926657885313034,-0.12735353410243988,0.3568578064441681,7.731402007493671e-08,0.9995323419570923,-0.00023387069813907146,0.0,-15.031075477600098,144000
6.551347732543945,675.8027954101562,675.82470703125,675.7808837890625,-678.6839599609375,-675.8033447265625,-5.7245683670043945,2.84391713142395,0.059352125972509384,0.139907106757164,0.35349297523498535,0.0009217059705406427,0.9995615482330322,-0.0002192638930864632,-0.0018990060780197382,-14.193061828613281,145000
7.6895952224731445,677.2224731445312,677.2392578125,677.2056884765625,-680.0983276367188,-677.224853515625,-5.8943586349487305,3.020848274230957,0.05604802817106247,0.08115129172801971,0.35553857684135437,5.8483037719270214e-05,0.9927225112915039,-0.0036676761228591204,0.0,-14.61944580078125,146000
3536.54248046875,678.161865234375,678.2091674804688,678.114501953125,-681.0153198242188,-678.0806884765625,-5.718972206115723,2.7843337059020996,0.05784370005130768,0.19246000051498413,0.35055992007255554,0.00013136012421455234,0.9996137022972107,-0.00019317276019137353,-0.0007167734438553452,-14.192634582519531,147000
7.70175838470459,679.2069702148438,679.24853515625,679.1654052734375,-682.1551513671875,-679.1884155273438,-5.8657121658325195,2.8989665508270264,0.05749170482158661,0.08268216252326965,0.350492000579834,0.0002216264110757038,0.9996359944343567,-0.0001820278266677633,-0.0009309256565757096,-14.653678894042969,148000
7.7043328285217285,680.34765625,680.348388671875,680.3468627929688,-683.189453125,-680.3756103515625,-5.7255024909973145,2.911689043045044,0.05949435383081436,0.20961301028728485,0.3497776389122009,5.837149728904478e-05,0.9996401071548462,-0.0001799739256966859,-0.0004779137670993805,-14.36332893371582,149000
7.386431694030762,681.8305053710938,681.8319702148438,681.8290405273438,-684.7255249023438,-681.836181640625,-5.599508762359619,2.7101290225982666,0.05738292634487152,0.2926153242588043,0.34806132316589355,4.386210861184736e-08,0.9996195435523987,-0.00019025411165785044,0.0,-13.912360191345215,150000
7.651813983917236,682.837646484375,682.837890625,682.8373413085938,-685.7863159179688,-682.8466796875,-5.901940822601318,2.9622769355773926,0.05755405128002167,-0.005650600418448448,0.34584569931030273,4.038743384171539e-08,0.9996391534805298,-0.00018042947340290993,0.0,-14.863157272338867,151000
8.008262634277344,684.3673095703125,684.3794555664062,684.355224609375,-687.2410278320312,-684.330322265625,-5.6066694259643555,2.696002244949341,0.05828019604086876,0.16542424261569977,0.34501713514328003,4.1979266285352423e-08,0.9996299147605896,-0.00018506732885725796,0.0,-14.244245529174805,152000
6.618773460388184,685.9603271484375,685.962890625,685.9578247070312,-688.8995361328125,-685.975830078125,-5.551369667053223,2.627666473388672,0.0583641454577446,0.3034302592277527,0.34492620825767517,9.065181075129658e-05,0.9996304512023926,-0.0001848017273005098,-0.000595712976064533,-14.2281494140625,153000
6.552375793457031,687.5335083007812,687.5343017578125,687.53271484375,-690.3023071289062,-687.525390625,-5.570981502532959,2.7940406799316406,0.05625956133008003,0.2380283772945404,0.34205737709999084,4.149156325183867e-07,0.9996472001075745,-0.0001764227927196771,-3.89392844226677e-05,-14.39970588684082,154000
6.835490703582764,688.3763427734375,688.3779296875,688.3748168945312,-691.2053833007812,-688.3806762695312,-5.551997184753418,2.727278232574463,0.05865003913640976,0.21626266837120056,0.34232988953590393,0.00020148168550804257,0.9996170997619629,-0.00019149499712511897,-0.0008880041423253715,-14.0685396194458,155000
6.02250862121582,689.7699584960938,689.7702026367188,689.7697143554688,-692.5841674804688,-689.7649536132812,-5.464507579803467,2.6452651023864746,0.061390310525894165,0.14838598668575287,0.3375183641910553,4.4193797066327534e-08,0.9996219277381897,-0.00018904401804320514,0.0,-14.034721374511719,156000
7.373758316040039,691.1211547851562,691.1212768554688,691.1210327148438,-693.951171875,-691.0904541015625,-5.495334625244141,2.6346468925476074,0.06114235892891884,0.11988555639982224,0.338907927274704,0.00018470667419023812,0.9996620416641235,-0.00016901749768294394,-0.00119683425873518,-14.301578521728516,157000
6.468029022216797,692.5076904296875,692.5087890625,692.506591796875,-695.37939453125,-692.5302734375,-5.668152809143066,2.8190481662750244,0.05654819682240486,0.21435189247131348,0.33863818645477295,0.0002522782888263464,0.999625027179718,-0.00018749669834505767,-0.00131864077411592,-14.479400634765625,158000
5.333906650543213,693.6346435546875,693.6349487304688,693.63427734375,-696.3353271484375,-693.5888671875,-5.516134262084961,2.7696738243103027,0.058109577745199203,-0.06213737651705742,0.3298516571521759,4.2819504386670815e-08,0.9996256828308105,-0.0001872032880783081,0.0,-14.563516616821289,159000
5.62889289855957,694.3679809570312,694.3680419921875,694.367919921875,-697.1067504882812,-694.3525390625,-5.711122512817383,2.9569191932678223,0.05501668527722359,-0.005180272273719311,0.33463600277900696,4.63430609443094e-08,0.9996128678321838,-0.00019360415171831846,0.0,-15.01860237121582,160000
7.927860260009766,695.1837158203125,695.1844482421875,695.1829223632812,-697.9334716796875,-695.2075805664062,-5.380984306335449,2.6551003456115723,0.05748502537608147,0.3325148820877075,0.33304956555366516,2.5771992113732267e-06,0.9996260404586792,-0.00018699791689869016,-0.00010029228724306449,-13.984676361083984,161000
1869.3671875,696.4365234375,696.4385375976562,696.4345092773438,-699.2023315429688,-696.4354858398438,-5.446563243865967,2.6796693801879883,0.05706354230642319,0.13619008660316467,0.332715779542923,1.0469172593730036e-05,0.999642014503479,-0.0001790049282135442,-0.00020246671920176595,-14.249598503112793,162000
6.693480014801025,697.7835693359375,697.7864990234375,697.7805786132812,-700.591796875,-697.8064575195312,-5.727027416229248,2.9417238235473633,0.05303104221820831,-0.1878228336572647,0.3322124481201172,4.668974185051411e-08,0.9996227622032166,-0.0001886580721475184,0.0,-15.28541088104248,163000
6.553215503692627,698.7979736328125,698.8201904296875,698.7757568359375,-701.5611572265625,-698.8056030273438,-5.322415351867676,2.566849708557129,0.057725049555301666,0.24649856984615326,0.33032697439193726,4.258946972868216e-08,0.9996308088302612,-0.00018463247397448868,0.0,-14.276233673095703,164000
7.609382152557373,700.19580078125,700.1976318359375,700.1939697265625,-702.9859008789062,-700.216552734375,-5.654298782348633,2.8849332332611084,0.05409780517220497,-0.12154485285282135,0.3284923732280731,3.747253174424259e-08,0.9996480941772461,-0.00017597584519535303,0.0,-15.101186752319336,165000
7.348687648773193,700.6311645507812,700.7976684570312,700.4646606445312,-703.267578125,-700.52734375,-5.5001959800720215,2.7599706649780273,0.057176169008016586,0.057073112577199936,0.323284775018692,4.53063648819807e-08,0.9996168613433838,-0.00019160434021614492,-1.9711443144387886e-07,-14.508777618408203,166000
6.057558059692383,702.6673583984375,702.6718139648438,702.662841796875,-705.3772583007812,-702.6598510742188,-5.26398229598999,2.5465497970581055,0.058109674602746964,0.1708751916885376,0.3265286982059479,1.8049533537123352e-05,0.9996249079704285,-0.00018756877398118377,-0.00026562128914520144,-14.061195373535156,167000
8.00287914276123,703.697021484375,703.70556640625,703.6885375976562,-706.4530639648438,-703.701904296875,-5.41883659362793,2.6676480770111084,0.05857778340578079,0.1364259272813797,0.3248478174209595,4.590537017179486e-08,0.9996157884597778,-0.00019211428298149258,0.0,-14.405393600463867,168000
6.015447616577148,704.418701171875,704.41943359375,704.41796875,-707.1447143554688,-704.4308471679688,-5.554336071014404,2.8404624462127686,0.054816681891679764,0.041346658021211624,0.32455360889434814,4.615163007315459e-08,0.9996145367622375,-0.00019275516388006508,0.0,-14.961743354797363,169000
6.978508472442627,705.3471069335938,705.3482666015625,705.345947265625,-708.0429077148438,-705.36083984375,-5.376317501068115,2.694261312484741,0.05907515808939934,-0.030044127255678177,0.3236587643623352,4.304462564164169e-08,0.9996268153190613,-0.00018661223293747753,0.0,-14.619867324829102,170000
6.523766040802002,706.77783203125,706.7781982421875,706.7775268554688,-709.5077514648438,-706.7645263671875,-5.400205612182617,2.6570088863372803,0.056912023574113846,0.05914981663227081,0.32110702991485596,0.00041552120819687843,0.999622106552124,-0.0001889867999125272,-0.0012743048137053847,-14.641735076904297,171000
5.7415385246276855,707.220703125,707.224853515625,707.2164916992188,-709.8777465820312,-707.2417602539062,-5.408481597900391,2.7725017070770264,0.06028078496456146,-0.11304035037755966,0.32030192017555237,6.37884222669527e-05,0.9996300339698792,-0.0001850015250965953,-0.0005003519472666085,-14.886545181274414,172000
5.971308708190918,708.647216796875,708.64794921875,708.6465454101562,-711.36572265625,-708.6495971679688,-5.525099754333496,2.808964967727661,0.055135685950517654,-0.18931789696216583,0.32009899616241455,4.2244074904829176e-08,0.9996302127838135,-0.0001848965766839683,0.0,-15.259532928466797,173000
7.16551399230957,709.5902709960938,709.5916137695312,709.5889282226562,-712.1843872070312,-709.6099853515625,-5.372199058532715,2.797804832458496,0.05694935470819473,0.07061152160167694,0.3190266191959381,4.7088182242305265e-08,0.9996122121810913,-0.00019393654656596482,0.0,-14.737971305847168,174000
6.278027534484863,710.306396484375,710.3071899414062,710.3056030273438,-713.0045776367188,-710.3351440429688,-5.175561904907227,2.5061001777648926,0.05875447019934654,0.21456046402454376,0.3172607421875,4.3108663305702066e-08,0.9996237754821777,-0.00018814265786204487,0.0,-14.143316268920898,175000
6.877094268798828,711.2022705078125,711.20263671875,711.2018432617188,-713.991455078125,-711.2276000976562,-5.618311882019043,2.8544435501098633,0.05353489890694618,-0.23524224758148193,0.3154635429382324,4.425271882269044e-08,0.999621570110321,-0.00018924265168607235,0.0,-15.7310791015625,176000
7.256994247436523,712.365234375,712.4672241210938,712.26318359375,-714.8800659179688,-712.2827758789062,-5.5813117027282715,2.9839794635772705,0.05322409048676491,-0.1767778843641281,0.3147484064102173,4.556063970539981e-08,0.9996155500411987,-0.00019223519484512508,0.0,-15.420480728149414,177000
5.609291076660156,713.283447265625,713.2857055664062,713.28125,-715.9232177734375,-713.279541015625,-5.2689127922058105,2.6252143383026123,0.05813979730010033,0.015162574127316475,0.3128763735294342,0.00020160227722954005,0.9996196031570435,-0.00019021937623620033,-0.0008880630484782159,-14.663675308227539,178000
6.634821891784668,714.1422119140625,714.1423950195312,714.14208984375,-716.7185668945312,-714.1104125976562,-5.096609115600586,2.4884848594665527,0.05844368785619736,0.14052826166152954,0.31403541564941406,4.516505924812009e-08,0.9996161460876465,-0.00019197352230548859,0.0,-14.291393280029297,179000
6.65895938873291,715.7764282226562,715.7769165039062,715.7759399414062,-718.341064453125,-715.7758178710938,-5.49260950088501,2.92734694480896,0.05299611762166023,-0.1977819800376892,0.31232911348342896,4.2816218126517924e-08,0.999627411365509,-0.00018630152044352144,0.0,-15.491254806518555,180000
6.320974349975586,716.6451416015625,716.6522216796875,716.6380004882812,-719.2666015625,-716.6312866210938,-5.213179111480713,2.577857255935669,0.057645734399557114,0.05126054584980011,0.31127631664276123,4.6360458583194486e-08,0.9996157884597778,-0.00019213499035686255,0.0,-14.714062690734863,181000
7.758717060089111,717.241943359375,717.2421875,717.24169921875,-719.9480590820312,-717.2601928710938,-5.0631232261657715,2.3752565383911133,0.06388150900602341,0.10211929678916931,0.31136491894721985,3.233016832382418e-05,0.9996303915977478,-0.0001848293177317828,-0.0003557420277502388,-14.452268600463867,182000
7.44756555557251,718.090576171875,718.0929565429688,718.0881958007812,-720.6865844726562,-718.0887451171875,-5.216792106628418,2.6189730167388916,0.056920502334833145,0.032885100692510605,0.3096618354320526,4.001196174385768e-08,0.9996331930160522,-0.00018341370741836727,0.0,-14.876627922058105,183000
4.544110298156738,719.3939819335938,719.3970947265625,719.390869140625,-721.9390258789062,-719.4064331054688,-5.159359455108643,2.6267764568328857,0.05786005035042763,-0.039704710245132446,0.3044044077396393,4.131973696530622e-08,0.9996335506439209,-0.00018327560974285007,0.0,-14.723045349121094,184000
2003.529296875,720.9242553710938,720.9345703125,720.9139404296875,-723.4015502929688,-720.8806762695312,-5.009002685546875,2.488123893737793,0.05996046960353851,0.2192830592393875,0.30612099170684814,8.30252974992618e-05,0.9996362924575806,-0.00018187708337791264,-0.000622130639385432,-14.286041259765625,185000
6.685108184814453,722.0345458984375,722.03466796875,722.0343627929688,-724.6304931640625,-722.0394897460938,-5.153842926025391,2.5628602504730225,0.05813300237059593,0.05969729274511337,0.3041693866252899,0.00047807898954488337,0.9996189475059509,-0.00019056504243053496,-0.00191150838509202,-14.725862503051758,186000
5.654016494750977,722.0635986328125,722.0638427734375,722.0633544921875,-724.637451171875,-722.070556640625,-5.157954692840576,2.5910804271698,0.05469861626625061,-0.06924379616975784,0.30596375465393066,4.2438195180238836e-08,0.999630331993103,-0.00018483216990716755,0.0,-14.936460494995117,187000
6.211941719055176,723.495361328125,723.495849609375,723.4948120117188,-726.1817016601562,-723.5504760742188,-5.266027927398682,2.6348400115966797,0.05627632513642311,-0.19280147552490234,0.30344441533088684,4.048272472800818e-08,0.9996360540390015,-0.00018198856560047716,0.0,-15.553472518920898,188000
2050.13525390625,724.782470703125,724.8002319335938,724.7647094726562,-727.1931762695312,-724.7696533203125,-5.154687881469727,2.7311298847198486,0.05062534660100937,-0.045657332986593246,0.3032248914241791,5.2230518576834584e-08,0.9995990991592407,-0.00020046698045916855,0.0,-14.972855567932129,189000
6.048477649688721,725.2799682617188,725.2803344726562,725.2796020507812,-727.7083740234375,-725.2618408203125,-5.0462646484375,2.5997400283813477,0.05534396320581436,0.014542297460138798,0.30230826139450073,4.722515711819142e-08,0.9996110796928406,-0.00019447934755589813,0.0,-14.693849563598633,190000
6.264924049377441,726.3889770507812,726.4518432617188,726.3261108398438,-728.8252563476562,-726.3036499023438,-5.0316572189331055,2.510071277618408,0.05446857213973999,0.04450732097029686,0.3010060787200928,1.1116829227830749e-05,0.9996458292007446,-0.00017708954692352563,-0.0002950449415948242,-14.584043502807617,191000
5.463551998138428,727.2254028320312,727.2260131835938,727.2247924804688,-729.6654663085938,-727.2437744140625,-5.301305294036865,2.8796205520629883,0.05335626378655434,-0.19826941192150116,0.2999039888381958,0.00020820401550736278,0.999619722366333,-0.00019016279838979244,-0.0009021057048812509,-15.360511779785156,192000
6.040926933288574,728.211669921875,728.2118530273438,728.21142578125,-730.723876953125,-728.2215576171875,-5.015235900878906,2.5129642486572266,0.05722668394446373,-0.01684652268886566,0.29998207092285156,4.565020361724237e-08,0.9996210336685181,-0.0001895104069262743,0.0,-14.754587173461914,193000
7.654167175292969,728.2730712890625,728.2769775390625,728.2691650390625,-730.83935546875,-728.2598266601562,-5.165900707244873,2.586357355117798,0.055698808282613754,-0.22092963755130768,0.29632121324539185,1.0627377378114033e-05,0.9996297955513,-0.00018512042879592627,-0.0002047745365416631,-15.463000297546387,194000
5.469387054443359,729.66845703125,729.67138671875,729.66552734375,-732.161376953125,-729.6760864257812,-4.887533664703369,2.402200698852539,0.05696916580200195,0.07079146802425385,0.2975330352783203,3.839662099380803e-08,0.9996442794799805,-0.00017789621779229492,0.0,-14.413801193237305,195000
6.622720718383789,730.705810546875,730.7074584960938,730.7042236328125,-733.140625,-730.6963500976562,-4.8602447509765625,2.4159352779388428,0.05941638723015785,0.11198042333126068,0.29645705223083496,0.000125282967928797,0.9996374845504761,-0.0001812598784454167,-0.0007002247730270028,-14.35306167602539,196000
2067.4921875,731.9714965820312,731.9714965820312,731.9714965820312,-734.2808837890625,-731.9268798828125,-4.931493282318115,2.5775389671325684,0.05511591210961342,0.024887945502996445,0.2944428026676178,7.960084076330531e-06,0.9996341466903687,-0.0001829311077017337,-0.0002310551644768566,-14.619699478149414,197000
6.589696884155273,732.3091430664062,732.3109130859375,732.307373046875,-734.6671142578125,-732.2340698242188,-5.091854095458984,2.6588008403778076,0.05419747158885002,-0.07808008044958115,0.29477089643478394,4.063779712737414e-08,0.9996355772018433,-0.00018222356447950006,0.0,-15.169209480285645,198000
5.584877014160156,733.412109375,733.4124145507812,733.4118041992188,-735.9031982421875,-733.4277954101562,-4.690856456756592,2.215482473373413,0.06142657622694969,0.07685259729623795,0.2933025360107422,5.90703530178871e-05,0.9996281862258911,-0.00018593274580780417,-0.00048065767623484135,-14.063552856445312,199000
6.045732498168945,734.332275390625,734.332275390625,734.3322143554688,-736.7615356445312,-734.352783203125,-4.926938056945801,2.5181796550750732,0.05563381686806679,0.0524095855653286,0.2909354865550995,3.9081495373238795e-08,0.9996371269226074,-0.00018143813940696418,0.0,-14.69944953918457,200000
5.97263240814209,735.3509521484375,735.3821411132812,735.31982421875,-737.81298828125,-735.3235473632812,-5.113805294036865,2.624366521835327,0.054521314799785614,-0.1072770357131958,0.2892250418663025,6.067225513106678e-06,0.9996445775032043,-0.00017774563457351178,-0.00015404692385345697,-15.392417907714844,201000
6.1327290534973145,735.9260864257812,735.9271240234375,735.925048828125,-738.1650390625,-735.8976440429688,-4.907229900360107,2.639845848083496,0.0524459183216095,-0.06556985527276993,0.2904590666294098,3.7708595357344166e-08,0.9996486902236938,-0.00017566046153660864,0.0,-14.9470853805542,202000
6.256371974945068,737.552978515625,737.5532836914062,737.5526733398438,-739.9092407226562,-737.5491333007812,-4.77655553817749,2.4164721965789795,0.05520404130220413,0.1889730542898178,0.2891745865345001,4.3826432261084847e-08,0.99962317943573,-0.00018843894940800965,0.0,-14.241708755493164,203000
6.112194538116455,737.8497314453125,737.8505249023438,737.8489990234375,-740.3405151367188,-737.8640747070312,-4.55157470703125,2.0751359462738037,0.061536893248558044,0.3291695713996887,0.28952836990356445,4.422479804588875e-08,0.9996216893196106,-0.00018917839042842388,0.0,-13.82656192779541,204000
6.898830413818359,738.7828369140625,738.7863159179688,738.779296875,-741.1882934570312,-738.7598266601562,-4.820369243621826,2.3919296264648438,0.05838755890727043,0.06751804053783417,0.28614363074302673,4.4285997091719764e-08,0.9996306896209717,-0.00018468966300133616,0.0,-14.793776512145996,205000
5.805724143981934,739.023681640625,739.0248413085938,739.0225219726562,-741.4605712890625,-739.047607421875,-4.686710357666016,2.2737221717834473,0.05927750840783119,0.10338780283927917,0.28513285517692566,3.9220076075707766e-08,0.9996424913406372,-0.0001787902438081801,0.0,-14.500481605529785,206000
6.243729591369629,739.9903564453125,739.9909057617188,739.9898071289062,-742.3772583007812,-740.0305786132812,-5.014954566955566,2.668287515640259,0.051889535039663315,-0.23743441700935364,0.28565943241119385,3.285935434860221e-08,0.9996702075004578,-0.00016489917470607907,0.0,-15.509342193603516,207000
5.669323444366455,741.047607421875,741.0509643554688,741.044189453125,-743.4024047851562,-741.08740234375,-4.717993259429932,2.4030017852783203,0.06064847484230995,0.09656482934951782,0.2829144299030304,1.0634755653882166e-07,0.9996181726455688,-0.00019092739967163652,-1.6510020941495895e-05,-14.636259078979492,208000
5.959709167480469,741.604736328125,741.6053466796875,741.6040649414062,-744.0723876953125,-741.6483154296875,-4.847050189971924,2.422969102859497,0.056217871606349945,-0.05425301566720009,0.2837096154689789,3.728406028358222e-08,0.9996480941772461,-0.00017598435806576163,0.0,-14.976248741149902,209000
5.14225959777832,742.5137939453125,742.513916015625,742.513671875,-744.7755737304688,-742.5150146484375,-4.771514892578125,2.5109469890594482,0.05728989467024803,-0.005228586029261351,0.28046634793281555,3.998651720849011e-08,0.9996395111083984,-0.0001802479091566056,0.0,-14.701835632324219,210000
5.370889663696289,743.2651977539062,743.266357421875,743.2640380859375,-745.5899047851562,-743.3253173828125,-4.508366584777832,2.2438037395477295,0.05842529609799385,0.2354421466588974,0.28286346793174744,3.7038486055962494e-08,0.9996516704559326,-0.0001741721061989665,0.0,-14.031951904296875,211000
2130.880615234375,743.7462158203125,743.7506103515625,743.7418823242188,-746.0437622070312,-743.6728515625,-4.554144859313965,2.1832501888275146,0.058574408292770386,0.11941299587488174,0.2822796404361725,4.068415293545513e-08,0.9996362328529358,-0.00018192696734331548,0.0,-14.282337188720703,212000
5.90035343170166,744.787841796875,744.78857421875,744.7870483398438,-747.0950927734375,-744.77001953125,-4.644967079162598,2.31988525390625,0.05954188480973244,0.06104862317442894,0.28094470500946045,3.580548479931167e-08,0.9996551275253296,-0.0001724494795780629,0.0,-14.629318237304688,213000
6.8353071212768555,745.3186645507812,745.3189086914062,745.3184204101562,-747.6649169921875,-745.3241577148438,-4.532248020172119,2.1914422512054443,0.05944598466157913,0.10909806191921234,0.2797466814517975,4.3011933570369365e-08,0.9996244311332703,-0.00018780663958750665,0.0,-14.40416431427002,214000
5.853018760681152,746.488037109375,746.488037109375,746.4879760742188,-748.8289184570312,-746.4932861328125,-4.878756523132324,2.5431711673736572,0.055937040597200394,-0.23409925401210785,0.2775019407272339,0.00014208382344804704,0.9996869564056396,-0.00015654574963264167,-0.0009889743523672223,-15.514402389526367,215000
4.7474365234375,746.8655395507812,746.8668823242188,746.8641967773438,-749.1975708007812,-746.8626098632812,-4.721198558807373,2.3862314224243164,0.054756805300712585,-0.14998240768909454,0.275999516248703,3.826710326393368e-08,0.9996472001075745,-0.0001764172047842294,0.0,-14.97454833984375,216000
6.541661262512207,747.5527954101562,747.5527954101562,747.5527954101562,-749.82080078125,-747.5568237304688,-4.929827690124512,2.6658618450164795,0.05118200182914734,-0.26197338104248047,0.27780765295028687,3.855448937883921e-08,0.9996452331542969,-0.00017739362374413759,0.0,-15.710123062133789,217000
6.107453346252441,748.859130859375,748.8619995117188,748.8562622070312,-751.0758056640625,-748.8509521484375,-4.584573745727539,2.3597252368927,0.056491684168577194,0.07437016814947128,0.27550017833709717,3.430774597745767e-08,0.9996625185012817,-0.00016875533037818968,0.0,-14.618913650512695,218000
5.8810319900512695,749.3040771484375,749.3050537109375,749.3030395507812,-751.6986694335938,-749.3213500976562,-4.7855024337768555,2.4081952571868896,0.055690065026283264,-0.2093738168478012,0.27602413296699524,3.509896373543597e-08,0.9996625185012817,-0.00016875620349310338,0.0,-15.433927536010742,219000
6.2789459228515625,750.22900390625,750.2337036132812,750.2243041992188,-752.5413818359375,-750.272216796875,-4.35429573059082,2.0851213932037354,0.05818897858262062,0.14943669736385345,0.27610331773757935,3.8192119689028914e-08,0.9996472597122192,-0.00017638970166444778,0.0,-14.179696083068848,220000
4.905381202697754,750.9197998046875,750.9207153320312,750.9189453125,-753.1154174804688,-750.9070434570312,-4.5140061378479,2.3056228160858154,0.055735282599925995,-0.007558828219771385,0.2732333838939667,3.4645175617242785e-08,0.9996587038040161,-0.00017066820873878896,0.0,-14.462453842163086,221000
6.782735347747803,750.9273681640625,750.9285888671875,750.9262084960938,-753.289794921875,-750.9267578125,-4.747997283935547,2.384977102279663,0.05479680746793747,-0.24644671380519867,0.27086341381073,3.458648833998268e-08,0.9996697902679443,-0.00016512052388861775,0.0,-15.539697647094727,222000
5.307736396789551,752.7642822265625,752.7645874023438,752.763916015625,-755.0742797851562,-752.7572021484375,-4.667182445526123,2.3501107692718506,0.055752307176589966,-0.12751764059066772,0.27195388078689575,3.7621227022555104e-08,0.9996529221534729,-0.00017356075113639235,0.0,-15.103995323181152,223000
6.60968542098999,753.1312255859375,753.1312255859375,753.1311645507812,-755.3742065429688,-753.1345825195312,-4.5585126876831055,2.318889617919922,0.05614255741238594,-0.03471937030553818,0.2706804871559143,3.770443512962629e-08,0.9996542930603027,-0.00017288746312260628,0.0,-14.8292236328125,224000
7.1596293449401855,753.4544067382812,753.49609375,753.4127197265625,-755.7484130859375,-753.3902587890625,-4.688089370727539,2.329965591430664,0.0554652139544487,-0.13017916679382324,0.27053362131118774,3.5242432971926974e-08,0.9996583461761475,-0.0001708489580778405,0.0,-15.350038528442383,225000
5.421154499053955,754.195068359375,754.2218017578125,754.1683349609375,-756.3392944335938,-754.1848754882812,-4.38967227935791,2.2352075576782227,0.05822496488690376,0.011771436780691147,0.27012941241264343,0.00031899253372102976,0.9996466636657715,-0.00017670341185294092,-0.0011820209911093116,-14.396574020385742,226000
5.746330261230469,754.9764404296875,754.9764404296875,754.9763793945312,-757.21484375,-754.9994506835938,-4.607778072357178,2.392415761947632,0.054806437343358994,-0.0669579952955246,0.2659740149974823,3.9057859169133735e-08,0.9996438026428223,-0.00017813287558965385,0.0,-15.058201789855957,227000
6.458949089050293,755.9444580078125,755.9446411132812,755.9442138671875,-758.1796264648438,-755.9412841796875,-4.424543857574463,2.1862051486968994,0.059566400945186615,0.04551783949136734,0.2667159140110016,9.076264541363344e-05,0.9996611475944519,-0.00016944360686466098,-0.0005958283436484635,-14.522199630737305,228000
4.985942840576172,756.848388671875,756.8484497070312,756.8483276367188,-759.0380859375,-756.8513793945312,-4.190293312072754,2.003610134124756,0.06131734699010849,0.21585313975811005,0.26758521795272827,3.712362683927495e-08,0.9996486902236938,-0.00017564970767125487,0.0,-13.912650108337402,229000
5.714965343475342,757.0059814453125,757.00732421875,757.0045776367188,-759.26123046875,-757.01904296875,-4.510479927062988,2.2683191299438477,0.058591701090335846,0.0348188579082489,0.26705631613731384,3.936392189984872e-08,0.9996399879455566,-0.00018002802971750498,0.0,-14.823779106140137,230000
5.69566011428833,758.7315673828125,758.732177734375,758.7308959960938,-760.9595947265625,-758.762451171875,-4.3857741355896,2.1886353492736816,0.05554506555199623,0.1499907374382019,0.2663845717906952,3.721627450659071e-08,0.9996564388275146,-0.00017179243150167167,0.0,-14.487553596496582,231000
5.002906799316406,759.4713134765625,759.4732666015625,759.4692993164062,-761.6754760742188,-759.5021362304688,-4.190597057342529,2.017256259918213,0.06069950386881828,0.21818383038043976,0.2629494071006775,3.573044438098805e-08,0.9996545910835266,-0.00017272256081923842,0.0,-14.027928352355957,232000
5.445470333099365,759.9281616210938,759.9291381835938,759.9271850585938,-762.1387939453125,-759.9857788085938,-4.319868087768555,2.166898488998413,0.057317014783620834,0.09872782230377197,0.26393449306488037,3.9739852297770994e-08,0.9996436834335327,-0.00017817023035604507,0.0,-14.416143417358398,233000
6.438884258270264,760.6755981445312,760.6762084960938,760.6749877929688,-762.8320922851562,-760.651123046875,-4.491324424743652,2.310344696044922,0.054757799953222275,-0.035224538296461105,0.26341333985328674,0.0001143385234172456,0.9996626377105713,-0.0001687070180196315,-0.0006689535803161561,-15.082183837890625,234000
5.4734344482421875,761.1483154296875,761.1488647460938,761.1477661132812,-763.4002685546875,-761.1546630859375,-4.652158737182617,2.406528949737549,0.05348186939954758,-0.20676250755786896,0.26298800110816956,4.5271129067714355e-08,0.9996190667152405,-0.0001904836972244084,0.0,-15.530384063720703,235000
5.860821723937988,761.9620971679688,761.9622802734375,761.9619140625,-764.2274780273438,-761.9714965820312,-4.511027812957764,2.255061626434326,0.05667551979422569,-0.15825189650058746,0.2614280879497528,3.704742113086468e-08,0.9996503591537476,-0.00017482777184341103,0.0,-15.218469619750977,236000
4.580472946166992,762.185546875,762.1875610351562,762.1835327148438,-764.3071899414062,-762.163818359375,-4.155512809753418,2.012171745300293,0.05976921692490578,0.2055237591266632,0.2598877549171448,3.8948805070049275e-08,0.9996498227119446,-0.00017510648467577994,0.0,-14.024616241455078,237000
5.295061111450195,763.1024169921875,763.2757568359375,762.9291381835938,-765.0077514648438,-762.9412231445312,-4.187530040740967,2.1209864616394043,0.05727143958210945,0.13734093308448792,0.2597479224205017,3.442094964611897e-08,0.9996658563613892,-0.0001670715573709458,0.0,-14.317888259887695,238000
5.458949089050293,763.8741455078125,763.8779296875,763.8703002929688,-766.0545043945312,-763.8690795898438,-4.219244003295898,2.0337929725646973,0.05807089805603027,0.03111467882990837,0.2555176317691803,2.318791302968748e-05,0.9996520280838013,-0.00017398713680449873,-0.0003012010711245239,-14.545066833496094,239000
6.0224714279174805,764.5509033203125,764.552001953125,764.5498046875,-766.6634521484375,-764.5751342773438,-4.148043632507324,2.059731960296631,0.06051835045218468,0.18217745423316956,0.25841107964515686,3.55346294611536e-08,0.999657392501831,-0.00017133128130808473,0.0,-14.145565032958984,240000
5.882823944091797,765.50732421875,765.5667724609375,765.4479370117188,-767.5226440429688,-765.440185546875,-4.3148932456970215,2.2324438095092773,0.05653330311179161,0.02481636218726635,0.2581186890602112,3.492149858175253e-08,0.9996602535247803,-0.00016989721916615963,0.0,-14.773420333862305,241000
5.917019844055176,766.02587890625,766.0342407226562,766.0174560546875,-768.25,-766.0546264648438,-4.261485576629639,2.066115617752075,0.05839657783508301,0.08943294733762741,0.257866233587265,1.8595012534206035e-06,0.9996552467346191,-0.00017241181922145188,-8.499263640260324e-05,-14.807839393615723,242000
5.947925567626953,766.8341064453125,767.0446166992188,766.6236572265625,-768.819091796875,-766.67919921875,-4.380079746246338,2.240159511566162,0.05723218619823456,-0.1352679580450058,0.2564232051372528,3.458725927885098e-08,0.999665379524231,-0.0001673107617534697,0.0,-15.173027038574219,243000
6.659980297088623,767.718505859375,767.7203369140625,767.7167358398438,-769.8638916015625,-767.75634765625,-4.216488361358643,2.108973741531372,0.055981967598199844,0.051592838019132614,0.25639790296554565,0.00010412129631731659,0.9996645450592041,-0.000167739053722471,-0.0006381418788805604,-14.654502868652344,244000
5.213799476623535,768.56005859375,768.5608520507812,768.5592041015625,-770.7078857421875,-768.5594482421875,-4.221059322357178,2.0726096630096436,0.05805805325508118,-0.022774411365389824,0.2544974982738495,3.855540242625466e-08,0.9996494650840759,-0.00017531978664919734,0.0,-14.837004661560059,245000
5.790008068084717,769.0257568359375,769.0297241210938,769.021728515625,-771.118896484375,-769.06201171875,-4.24648380279541,2.189586877822876,0.056920818984508514,0.012209736742079258,0.25420600175857544,3.5628417549560254e-08,0.9996591806411743,-0.00017045612912625074,0.0,-14.697787284851074,246000
6.1829962730407715,769.0799560546875,769.0812377929688,769.0786743164062,-771.1939697265625,-769.1046142578125,-4.025541305541992,1.9361814260482788,0.05965837463736534,0.19953438639640808,0.25363531708717346,1.1500132131914143e-05,0.9996634721755981,-0.00016828725347295403,-0.00021277251653373241,-14.061239242553711,247000
7.865949630737305,769.6719970703125,769.6730346679688,769.6709594726562,-771.8660278320312,-769.712890625,-4.251982688903809,2.0988149642944336,0.05913672596216202,0.009310766123235226,0.2532348036766052,3.439589590925607e-08,0.9996621608734131,-0.00016892419080249965,0.0,-15.02762222290039,248000
6.679980278015137,770.6879272460938,770.6892700195312,770.6865844726562,-772.7716064453125,-770.6993408203125,-4.204617977142334,2.132296085357666,0.05582187697291374,-0.123139888048172,0.2513726055622101,3.5644433182824287e-08,0.9996575713157654,-0.00017124986334238201,0.0,-14.744407653808594,249000
5.257013320922852,771.502197265625,771.5023193359375,771.5020141601562,-773.5818481445312,-771.5142822265625,-4.376403331756592,2.308865547180176,0.05164184421300888,-0.023311706259846687,0.2518441379070282,3.67137396040107e-08,0.9996570348739624,-0.0001714948593871668,0.0,-15.347879409790039,250000
5.280277252197266,772.3768310546875,772.3782958984375,772.3754272460938,-774.3847045898438,-772.3549194335938,-4.200504779815674,2.1707310676574707,0.05323120579123497,-0.02545454353094101,0.2485792338848114,3.424854355671414e-08,0.9996681213378906,-0.00016594526823610067,0.0,-14.958194732666016,251000
6.0541791915893555,772.9830322265625,772.9835815429688,772.982421875,-775.0963134765625,-772.9880981445312,-4.179945945739746,2.071721076965332,0.057638440281152725,0.10025995969772339,0.2503378093242645,3.665844161560017e-08,0.9996606111526489,-0.00016973511083051562,0.0,-14.621899604797363,252000
4.788276672363281,773.2581787109375,773.2587280273438,773.2576904296875,-775.3929443359375,-773.2738037109375,-4.1796441078186035,2.060485601425171,0.058737169951200485,0.02172999270260334,0.2485109120607376,3.5756158922595205e-08,0.9996626377105713,-0.0001687015756033361,0.0,-14.845813751220703,253000
5.890348434448242,773.8272094726562,773.8282470703125,773.826171875,-775.8709106445312,-773.7735595703125,-4.147902965545654,2.050518274307251,0.05663881450891495,-0.01088638324290514,0.24622765183448792,3.8204554186904716e-08,0.9996510744094849,-0.00017451681196689606,0.0,-14.773895263671875,254000
5.956219673156738,773.8397216796875,773.8465576171875,773.8329467773438,-775.8900146484375,-773.8477172851562,-4.336013317108154,2.2937138080596924,0.05317686125636101,-0.09377190470695496,0.24718065559864044,3.559710037848163e-08,0.9996557235717773,-0.00017215366824530065,0.0,-15.39627456665039,255000
5.507641315460205,774.557861328125,774.5651245117188,774.550537109375,-776.59423828125,-774.5265502929688,-4.1260881423950195,2.058424472808838,0.05692456662654877,-0.022575194016098976,0.24571974575519562,3.58745246842318e-08,0.9996632933616638,-0.0001683549489825964,0.0,-14.928205490112305,256000
2319.067138671875,775.8438720703125,775.8442993164062,775.8434448242188,-777.8330688476562,-775.7962036132812,-4.163787364959717,2.126875877380371,0.056742146611213684,-0.053006432950496674,0.24659952521324158,3.529774517119222e-08,0.9996600151062012,-0.00017002267122734338,0.0,-15.047005653381348,257000
5.699145317077637,776.0667724609375,776.0699462890625,776.0635375976562,-778.1321411132812,-776.101806640625,-4.210808753967285,2.180485248565674,0.05295811593532562,-0.06357257068157196,0.2468085139989853,3.1033696501481245e-08,0.9996798038482666,-0.000160131516167894,0.0,-15.218111038208008,258000
4.5609846115112305,776.85546875,776.8629760742188,776.8479614257812,-778.880615234375,-776.840576171875,-4.112281322479248,2.0722835063934326,0.05770936608314514,-0.04785291105508804,0.2461128681898117,3.592043285038926e-08,0.9996626973152161,-0.00016866324585862458,0.0,-14.80168342590332,259000
5.771317005157471,777.2232666015625,777.2393188476562,777.207275390625,-779.2567749023438,-777.2454223632812,-4.245296001434326,2.233978033065796,0.05603192001581192,-0.14600345492362976,0.24319814145565033,2.988793212921337e-08,0.9996861815452576,-0.00015693300520069897,0.0,-15.396875381469727,260000
5.456382751464844,778.27490234375,778.2783813476562,778.2713623046875,-780.27392578125,-778.2808227539062,-4.093182563781738,2.1001152992248535,0.05836566910147667,0.03251507505774498,0.244900181889534,3.262537262571641e-08,0.9996738433837891,-0.0001630892656976357,0.0,-14.84555721282959,261000
5.5183210372924805,778.9151000976562,778.9161987304688,778.9140014648438,-780.983642578125,-778.8857421875,-4.16664457321167,2.06870174407959,0.05739592760801315,-0.020312292501330376,0.2431676983833313,3.0635177949989156e-08,0.9996840953826904,-0.0001579706440679729,0.0,-15.093223571777344,262000
5.5470123291015625,779.0377197265625,779.0435180664062,779.031982421875,-780.913330078125,-778.96875,-4.028688907623291,2.0841219425201416,0.055076394230127335,0.033693477511405945,0.24257111549377441,3.128190684265064e-08,0.9996804594993591,-0.00015979264571797103,0.0,-14.733043670654297,263000
2366.380126953125,779.7613525390625,779.7614135742188,779.76123046875,-781.7715454101562,-779.6815795898438,-4.140125751495361,2.0501906871795654,0.05543167516589165,-0.11439504474401474,0.24101729691028595,3.24678950391899e-08,0.9996755719184875,-0.0001622361014597118,0.0,-15.281974792480469,264000
4.935333728790283,780.64697265625,780.685302734375,780.608642578125,-782.62255859375,-780.623779296875,-4.043310165405273,2.044543743133545,0.056332141160964966,0.00443316949531436,0.240746408700943,3.105233403744023e-08,0.9996814727783203,-0.0001592756452737376,0.0,-14.765129089355469,265000
6.120349884033203,780.705078125,780.7113647460938,780.6988525390625,-782.7235717773438,-780.7479248046875,-3.9603333473205566,1.984703540802002,0.0580921396613121,0.10620463639497757,0.23976899683475494,3.9301947253989056e-05,0.9996824264526367,-0.0001588007144164294,-0.0003920613962691277,-14.571479797363281,266000
4.827698230743408,781.9195556640625,781.9198608398438,781.9193115234375,-783.8770141601562,-781.9413452148438,-4.035846710205078,2.1001322269439697,0.05776605010032654,-0.09725562483072281,0.23991720378398895,2.7175847350235927e-08,0.9996997117996216,-0.00015016444376669824,0.0,-14.90410327911377,267000
4.938076019287109,782.7293701171875,782.9501342773438,782.5086669921875,-784.4735717773438,-782.526123046875,-4.001984596252441,2.0545945167541504,0.05513489991426468,0.0022104321978986263,0.24015653133392334,1.2874571439169813e-05,0.9996865391731262,-0.00015673143207095563,-0.00022494640143122524,-14.940710067749023,268000
5.919885158538818,782.989990234375,782.9906005859375,782.9893188476562,-784.9492797851562,-782.993408203125,-3.9969301223754883,2.0410614013671875,0.05778492987155914,0.039087653160095215,0.23854675889015198,2.855534120271841e-08,0.9996935129165649,-0.00015327271830756217,0.0,-14.82497501373291,269000
4.452119827270508,783.4261474609375,783.4269409179688,783.4253540039062,-785.4970092773438,-783.4271850585938,-4.174548625946045,2.1047260761260986,0.05562484264373779,-0.1888306885957718,0.23733961582183838,2.9077783736397578e-08,0.9996860027313232,-0.00015703692042734474,0.0,-15.678906440734863,270000
5.777639865875244,784.01171875,784.0360107421875,783.9873657226562,-785.8488159179688,-783.9083862304688,-3.8776142597198486,1.937204360961914,0.05436858907341957,0.07290463894605637,0.23786567151546478,5.3545882110483944e-05,0.9996850490570068,-0.00015748987789265811,-0.0004579363449010998,-14.496532440185547,271000
4.674299240112305,784.4052734375,784.56201171875,784.2485961914062,-786.21923828125,-784.2682495117188,-3.9752614498138428,2.02429461479187,0.06014097481966019,-0.0002992362715303898,0.23596569895744324,3.308942453372765e-08,0.9996700286865234,-0.00016501500795129687,0.0,-14.925004959106445,272000
6.16646671295166,784.6694946289062,784.676513671875,784.6624755859375,-786.594970703125,-784.6812133789062,-3.7664754390716553,1.8527079820632935,0.05681218206882477,0.134795680642128,0.23721635341644287,2.7102451838345587e-08,0.9997007846832275,-0.00014962120621930808,0.0,-14.066131591796875,273000
5.761965751647949,784.8796997070312,784.8797607421875,784.879638671875,-786.7503662109375,-784.8665771484375,-3.8195927143096924,1.9357887506484985,0.05607681721448898,0.07575792819261551,0.23429840803146362,2.7483206821443673e-08,0.9996988773345947,-0.00015059113502502441,0.0,-14.403539657592773,274000
5.325559616088867,785.419189453125,785.4212646484375,785.4171142578125,-787.2910766601562,-785.4027709960938,-3.835747480392456,1.9474241733551025,0.05706970393657684,0.13202442228794098,0.23476050794124603,3.379120272484215e-08,0.9996675252914429,-0.0001662759023020044,0.0,-14.520593643188477,275000
5.601675033569336,785.4767456054688,785.4774169921875,785.47607421875,-787.4075317382812,-785.4601440429688,-4.216837406158447,2.2694573402404785,0.05306725576519966,-0.2361379712820053,0.2324962615966797,3.1897574359618375e-08,0.9996800422668457,-0.00016000971663743258,0.0,-15.984931945800781,276000
2390.386962890625,786.000244140625,786.1324462890625,785.8681030273438,-787.7229614257812,-785.8158569335938,-3.8907809257507324,1.9837167263031006,0.05605664104223251,-0.1027894914150238,0.23293466866016388,3.100012690993026e-08,0.9996820688247681,-0.00015897316916380078,0.0,-14.822021484375,277000
6.236035346984863,786.0987548828125,786.0996704101562,786.0977783203125,-787.9727783203125,-786.0735473632812,-3.972214937210083,2.072981595993042,0.05394642427563667,-0.04298728331923485,0.23398220539093018,2.7093248533560654e-08,0.9997018575668335,-0.00014906146680004895,0.0,-15.035881042480469,278000
6.753167152404785,787.4862060546875,787.486328125,787.486083984375,-789.4442138671875,-787.4927978515625,-3.8339502811431885,1.882478952407837,0.05652167275547981,0.057784855365753174,0.231240376830101,2.7339527974845623e-08,0.9996974468231201,-0.00015127418737392873,0.0,-14.501659393310547,279000
5.412065505981445,787.9326171875,787.93994140625,787.9252319335938,-789.9191284179688,-787.9297485351562,-3.9409422874450684,1.951534628868103,0.05625789985060692,-0.08861922472715378,0.231405109167099,3.0884773849493286e-08,0.9996867775917053,-0.0001566264108987525,0.0,-15.213787078857422,280000
5.15265417098999,788.9556884765625,788.9569702148438,788.9544067382812,-790.8419799804688,-788.965087890625,-3.8172030448913574,1.9402793645858765,0.05584752559661865,0.07790350168943405,0.23153024911880493,1.806391628633719e-05,0.999687671661377,-0.00015619771147612482,-0.0002657874720171094,-14.737316131591797,281000
6.35260009765625,788.1443481445312,788.1483764648438,788.1403198242188,-790.053955078125,-788.0657348632812,-3.995917797088623,2.0076773166656494,0.05483711510896683,-0.05297093838453293,0.22976623475551605,2.6814328535351706e-08,0.9996997714042664,-0.00015013189113233238,0.0,-15.383856773376465,282000
7.032656669616699,788.709716796875,788.8682250976562,788.5512084960938,-790.5653686523438,-788.640869140625,-3.726438045501709,1.8019241094589233,0.057680148631334305,0.02625979110598564,0.22779496014118195,4.863512731390074e-05,0.9996964931488037,-0.00015178817557170987,-0.00043599429773166776,-14.367635726928711,283000
5.706333160400391,790.0504150390625,790.0634155273438,790.037353515625,-791.9161376953125,-790.0136108398438,-3.964449882507324,2.061934232711792,0.05401420593261719,-0.0976463034749031,0.2301524579524994,2.7402226265849094e-08,0.9997009038925171,-0.00014956896484363824,0.0,-15.060323715209961,284000
4.766742706298828,790.726318359375,790.726806640625,790.7257690429688,-792.6445922851562,-790.7550048828125,-3.784951686859131,1.8953744173049927,0.05678963661193848,0.10969743877649307,0.22756996750831604,2.881651361974491e-08,0.9996952414512634,-0.00015237947809509933,0.0,-14.508501052856445,285000
2432.4453125,790.9225463867188,790.92333984375,790.9217529296875,-792.7786865234375,-790.8966064453125,-3.810150146484375,1.9280939102172852,0.055617235600948334,0.021160129457712173,0.22865091264247894,2.935100518186573e-08,0.9996889233589172,-0.00015554344281554222,0.0,-14.675795555114746,286000
2416.541015625,791.626220703125,791.671630859375,791.580810546875,-793.4802856445312,-791.6082763671875,-3.6700875759124756,1.798120141029358,0.057995401322841644,0.10639429092407227,0.22877836227416992,2.9762960096491042e-08,0.9996887445449829,-0.00015566170623060316,0.0,-14.251737594604492,287000
5.625862121582031,791.47314453125,791.4752807617188,791.4710083007812,-793.4000244140625,-791.49267578125,-3.9043996334075928,1.9970577955245972,0.05476218834519386,-0.06352070719003677,0.22651787102222443,3.049241570352024e-08,0.9996844530105591,-0.00015780481044203043,0.0,-15.267156600952148,288000
2437.380859375,791.8890380859375,791.8914184570312,791.8866577148438,-793.7135009765625,-791.8526000976562,-3.634282112121582,1.7733761072158813,0.05746810510754585,0.08875394612550735,0.22670705616474152,6.972421397222206e-05,0.9996774792671204,-0.00016126115224324167,-0.0005222648615017533,-14.216423034667969,289000
6.2328081130981445,792.94384765625,792.9448852539062,792.9428100585938,-794.8429565429688,-792.9677124023438,-3.7735137939453125,1.8982837200164795,0.05682060495018959,-0.0033921217545866966,0.22662106156349182,2.9217829933259054e-08,0.9996897578239441,-0.00015514338156208396,0.0,-14.801017761230469,290000
5.938506126403809,793.3936157226562,793.3966064453125,793.390625,-795.201171875,-793.3627319335938,-3.852703332901001,2.0142879486083984,0.05271582305431366,-0.08942759037017822,0.2245556116104126,2.8456605960514025e-08,0.9996950626373291,-0.00015248151612468064,0.0,-15.103004455566406,291000
5.440869331359863,793.66015625,793.8373413085938,793.4829711914062,-795.3278198242188,-793.4844360351562,-3.743731737136841,1.900312066078186,0.05586416646838188,0.037065304815769196,0.22528547048568726,2.9259410894155735e-08,0.9996955990791321,-0.000152215565321967,0.0,-14.869770050048828,292000
2427.928466796875,793.7225341796875,793.723388671875,793.7217407226562,-795.5526733398438,-793.703857421875,-3.916855573654175,2.068024158477783,0.05480916425585747,-0.12080387771129608,0.22486786544322968,2.695074030611977e-08,0.9996997117996216,-0.0001501522201579064,0.0,-15.464259147644043,293000
6.176258563995361,794.5518798828125,794.5656127929688,794.5381469726562,-796.4068603515625,-794.55224609375,-3.632362127304077,1.7777451276779175,0.057964492589235306,0.10661432892084122,0.2230435311794281,3.2239402258937844e-08,0.9996798634529114,-0.00016008393140509725,0.0,-14.420223236083984,294000
4.987542152404785,795.5343017578125,795.5345458984375,795.5341186523438,-797.3529663085938,-795.5258178710938,-3.635270595550537,1.808118224143982,0.056785330176353455,0.06698457896709442,0.22126953303813934,9.197475492328522e-08,0.9997093677520752,-0.00014532740169670433,-1.6704505469533615e-05,-14.598833084106445,295000
5.469876289367676,795.6356201171875,795.6356201171875,795.6355590820312,-797.4664306640625,-795.6531372070312,-3.863866090774536,2.050581932067871,0.054761625826358795,-0.11340060830116272,0.2224249392747879,3.092898381851228e-08,0.9996867775917053,-0.0001566192222526297,0.0,-15.441675186157227,296000
4.484199523925781,796.57568359375,796.5768432617188,796.5745849609375,-798.4210815429688,-796.5934448242188,-3.6951708793640137,1.8675357103347778,0.06076649948954582,-0.014455679804086685,0.22306065261363983,2.6883753889705986e-08,0.9997040033340454,-0.0001480450591770932,0.0,-14.65119743347168,297000
5.669374942779541,797.18212890625,797.184814453125,797.1793823242188,-799.0335693359375,-797.208984375,-3.703847646713257,1.879265546798706,0.0596335344016552,0.08344344049692154,0.22214555740356445,2.5682886928279913e-08,0.9997054934501648,-0.00014726401423104107,0.0,-14.719779014587402,298000
5.6011962890625,798.1549072265625,798.15673828125,798.1531372070312,-799.9842529296875,-798.1705932617188,-3.855241060256958,2.041551351547241,0.055281076580286026,-0.09288676083087921,0.22059811651706696,2.7756605902595766e-08,0.9996973276138306,-0.00015136381261982024,0.0,-15.341560363769531,299000
5.424620628356934,798.8118896484375,798.81298828125,798.810791015625,-800.6317749023438,-798.81103515625,-3.738595485687256,1.9178292751312256,0.05556283891201019,-0.10713304579257965,0.21747413277626038,2.811338006836195e-08,0.9996963739395142,-0.00015181754133664072,0.0,-15.095465660095215,300000
5.510745525360107,799.3291015625,799.3753051757812,799.2828979492188,-801.0546875,-799.2483520507812,-3.700866222381592,1.8945406675338745,0.05380367860198021,-0.0478958934545517,0.22024494409561157,2.768121021290426e-08,0.9996997117996216,-0.00015017122495919466,0.0,-15.048076629638672,301000
5.517023086547852,799.2259521484375,799.227294921875,799.2246704101562,-801.0342407226562,-799.2130737304688,-3.7283308506011963,1.9071911573410034,0.058329351246356964,-0.01385244820266962,0.22057197988033295,2.8021831965929778e-08,0.9996963739395142,-0.00015183239884208888,0.0,-15.025091171264648,302000
4.725711822509766,800.1884765625,800.1924438476562,800.1845092773438,-802.0012817382812,-800.2153930664062,-3.580028533935547,1.7941153049468994,0.05798617750406265,0.08291292935609818,0.2189725935459137,3.163123096783238e-08,0.9996805191040039,-0.0001597558002686128,0.0,-14.357439041137695,303000
6.080116271972656,800.9786987304688,800.9786987304688,800.9786987304688,-802.6463623046875,-800.9774169921875,-3.465684413909912,1.79673433303833,0.06131947785615921,0.14653687179088593,0.218929722905159,9.684829274192452e-05,0.9996986389160156,-0.00015070851077325642,-0.0008229518425650895,-14.054288864135742,304000
6.207352638244629,801.180908203125,801.34716796875,801.0146484375,-802.8032836914062,-801.0128784179688,-3.629725933074951,1.839270830154419,0.05503843352198601,0.05938463285565376,0.21650813519954681,2.793753495211604e-08,0.9996997714042664,-0.0001501096412539482,0.0,-14.681085586547852,305000
6.0563249588012695,801.46435546875,801.4649658203125,801.4638061523438,-803.2907104492188,-801.4873046875,-3.561751365661621,1.7583774328231812,0.05818881466984749,0.10498103499412537,0.21750137209892273,2.7198927554650254e-08,0.9996987581253052,-0.0001506526896264404,0.0,-14.490558624267578,306000
5.258082389831543,802.1137084960938,802.12939453125,802.0980224609375,-803.8955688476562,-802.0760498046875,-3.5839309692382812,1.7644003629684448,0.05535909906029701,0.07512687891721725,0.21651874482631683,3.214079313806906e-08,0.999675989151001,-0.00016199122183024883,0.0,-14.735697746276855,307000
5.844793796539307,802.7542114257812,802.7551879882812,802.7532348632812,-804.5592651367188,-802.730712890625,-3.5759871006011963,1.7474257946014404,0.05744175985455513,0.029636021703481674,0.21704745292663574,2.7912818723052624e-08,0.999698281288147,-0.00015087237989064306,0.0,-14.664237022399902,308000
4.776925086975098,803.150390625,803.1505126953125,803.1502685546875,-805.0134887695312,-803.1936645507812,-3.6006617546081543,1.7808464765548706,0.058799561113119125,0.0066366116516292095,0.21561476588249207,5.79062761971727e-05,0.9997050166130066,-0.00014748686226084828,-0.0004761553427670151,-14.823775291442871,309000
5.953392505645752,803.7152099609375,803.7156372070312,803.71484375,-805.4237670898438,-803.7534790039062,-3.3951780796051025,1.724906325340271,0.059440866112709045,0.20268546044826508,0.21534711122512817,1.1141328286612406e-06,0.9996857643127441,-0.00015710278239566833,-6.596983439521864e-05,-13.985675811767578,310000
4.114015102386475,804.6300659179688,804.6325073242188,804.6276245117188,-806.417724609375,-804.6365966796875,-3.5484259128570557,1.7673028707504272,0.05574164167046547,0.0324992761015892,0.21438929438591003,2.6055488433485152e-08,0.9997066259384155,-0.00014671450480818748,0.0,-14.687376022338867,311000
4.858945846557617,804.995849609375,804.9981689453125,804.9934692382812,-806.6653442382812,-804.9202880859375,-3.5713324546813965,1.8263005018234253,0.05702941492199898,0.014450010843575,0.21417173743247986,2.8145194619355607e-08,0.9996969699859619,-0.00015155562141444534,0.0,-14.659534454345703,312000
5.142402648925781,805.7593994140625,805.7692260742188,805.7495727539062,-807.4393310546875,-805.7362060546875,-3.337766170501709,1.6346381902694702,0.05846375972032547,0.23480106890201569,0.21409809589385986,0.00014691454998683184,0.9996952414512634,-0.00015239123604260385,-0.0007577959331683815,-13.788329124450684,313000
4.634836673736572,806.189697265625,806.1917114257812,806.187744140625,-807.8848266601562,-806.1976318359375,-3.326854944229126,1.6396229267120361,0.06175621971487999,0.20771947503089905,0.2140958607196808,0.0002535571693442762,0.9996899962425232,-0.00015503738541156054,-0.0014404009561985731,-13.864730834960938,314000
4.627738952636719,806.5413818359375,806.5414428710938,806.5413818359375,-808.226806640625,-806.5608520507812,-3.507643461227417,1.8416898250579834,0.05648097023367882,0.06451217830181122,0.21110008656978607,2.779995433854765e-08,0.9996963739395142,-0.000151825079228729,0.0,-14.573019027709961,315000
4.567415714263916,806.72265625,806.7227172851562,806.7225341796875,-808.46337890625,-806.66943359375,-3.49685001373291,1.7028909921646118,0.0573308989405632,0.01727413199841976,0.21166184544563293,2.6740529790458822e-08,0.9997049570083618,-0.00014754835865460336,0.0,-14.597932815551758,316000
5.082814693450928,806.693603515625,806.7341918945312,806.6530151367188,-808.3881225585938,-806.6410522460938,-3.7027037143707275,1.955643892288208,0.05248214304447174,-0.0825178250670433,0.21229273080825806,3.1635920549888397e-08,0.9996844530105591,-0.000157781396410428,0.0,-15.616641998291016,317000
5.593344211578369,807.492919921875,807.4937744140625,807.4921264648438,-809.2603149414062,-807.51123046875,-3.5205540657043457,1.7714672088623047,0.05742068588733673,-0.10666900873184204,0.21230541169643402,3.3400468169020314e-08,0.9996792674064636,-0.00016037438763305545,0.0,-14.84872817993164,318000
5.711269378662109,808.1368408203125,808.1372680664062,808.136474609375,-809.9573974609375,-808.1514282226562,-3.667329788208008,1.8613885641098022,0.05388384684920311,-0.06764305382966995,0.21049828827381134,3.860506330966018e-05,0.9996840357780457,-0.0001579987001605332,-0.00038865403621457517,-15.422563552856445,319000
5.542019844055176,808.0565185546875,808.0570068359375,808.0560302734375,-809.7726440429688,-808.0838012695312,-3.392352819442749,1.7035114765167236,0.057988714426755905,0.13246315717697144,0.21062242984771729,2.652675590297804e-08,0.9997045397758484,-0.00014774150622542948,0.0,-14.343694686889648,320000
2544.55126953125,808.33056640625,808.3370971679688,808.3240966796875,-809.9976806640625,-808.312255859375,-3.3603315353393555,1.6749521493911743,0.05552400276064873,0.019745726138353348,0.20854003727436066,2.6665372132583798e-08,0.9996983408927917,-0.00015083752805367112,0.0,-14.287900924682617,321000
4.67098331451416,809.1480102539062,809.1485595703125,809.1474609375,-810.9331665039062,-809.1765747070312,-3.5009078979492188,1.7443532943725586,0.055840864777565,-0.05818875506520271,0.2095518857240677,3.058549680190481e-08,0.9996859431266785,-0.00015703884128015488,0.0,-14.962456703186035,322000
2522.6669921875,808.7972412109375,808.8031616210938,808.7913208007812,-810.4127807617188,-808.692138671875,-3.4979286193847656,1.7772752046585083,0.05730244517326355,0.05562132969498634,0.20987915992736816,2.8854531208821754e-08,0.9996905326843262,-0.00015473412349820137,0.0,-14.895648956298828,323000
5.219552993774414,809.4028930664062,809.4044799804688,809.4013061523438,-811.220703125,-809.4614868164062,-3.468076467514038,1.7088583707809448,0.05476593226194382,0.030862459912896156,0.20701541006565094,3.044742058477823e-08,0.9996839165687561,-0.00015806112787686288,0.0,-14.800178527832031,324000
5.319799900054932,809.971435546875,809.9714965820312,809.9713745117188,-811.7550659179688,-809.9944458007812,-3.5331802368164062,1.7725533246994019,0.058099981397390366,-0.000975399452727288,0.2090817391872406,0.0002480869588907808,0.9996852874755859,-0.00015737800276838243,-0.0009847460314631462,-14.992794036865234,325000
4.985620021820068,810.46044921875,810.4617919921875,810.4591674804688,-812.2752075195312,-810.5061645507812,-3.585920572280884,1.8168978691101074,0.05635711923241615,-0.11483481526374817,0.2073955088853836,2.4726812597464232e-08,0.9997133612632751,-0.000143349650898017,0.0,-15.339570045471191,326000
6.06436014175415,810.340087890625,810.3416748046875,810.3385620117188,-811.9276123046875,-810.244140625,-3.494184732437134,1.81074059009552,0.05651502683758736,0.03200291469693184,0.2066546082496643,2.6077183079564747e-08,0.9997095465660095,-0.00014523114077746868,0.0,-14.996843338012695,327000
4.57797908782959,811.372314453125,811.3736572265625,811.3709716796875,-813.0756225585938,-811.3763427734375,-3.3937554359436035,1.694469690322876,0.05869085341691971,0.039428140968084335,0.2058645784854889,2.756857142571789e-08,0.999700665473938,-0.00014967522292863578,0.0,-14.66176700592041,328000
4.540142059326172,811.37939453125,811.381591796875,811.3772583007812,-813.138427734375,-811.408447265625,-3.525186061859131,1.7951991558074951,0.05603279173374176,-0.056177787482738495,0.20673364400863647,2.835230716868864e-08,0.9997018575668335,-0.0001490958675276488,0.0,-15.161466598510742,329000
5.9340338706970215,811.4329833984375,811.4343872070312,811.4315795898438,-813.2765502929688,-811.509033203125,-3.565916061401367,1.7984278202056885,0.0566105879843235,-0.11546418070793152,0.20645974576473236,2.373581686754278e-08,0.9997191429138184,-0.00014041736721992493,0.0,-15.370634078979492,330000
4.822580337524414,812.3854370117188,812.38671875,812.3841552734375,-814.0701904296875,-812.401123046875,-3.243793249130249,1.57473623752594,0.0634939968585968,0.20398610830307007,0.20525115728378296,2.4396300091211742e-08,0.9997162818908691,-0.0001418731117155403,0.0,-13.95770263671875,331000
2555.604248046875,812.272705078125,812.2727661132812,812.272705078125,-813.930419921875,-812.2587280273438,-3.3923232555389404,1.720671534538269,0.05844448506832123,-0.013764260336756706,0.2034509927034378,2.5009114779095398e-08,0.9997149705886841,-0.00014254070993047208,0.0,-14.75448226928711,332000
2548.38427734375,813.082275390625,813.0828857421875,813.0816040039062,-814.7896728515625,-813.0628662109375,-3.204059362411499,1.4772111177444458,0.062319062650203705,0.15615728497505188,0.20375928282737732,2.4836001699668486e-08,0.9997159838676453,-0.0001420111657353118,0.0,-14.112262725830078,333000
5.911477088928223,813.4573364257812,813.466796875,813.4478759765625,-815.1002807617188,-813.4277954101562,-3.4760189056396484,1.803541898727417,0.058160994201898575,-0.05129401013255119,0.20446869730949402,0.0005036679212935269,0.9997216463088989,-0.00013918898184783757,-0.0014029977610334754,-15.161853790283203,334000
4.886016845703125,813.6876220703125,813.692138671875,813.6831665039062,-815.3819580078125,-813.6931762695312,-3.2980597019195557,1.6092655658721924,0.05895189568400383,0.014056162908673286,0.20300520956516266,2.7281849668270297e-08,0.9997021555900574,-0.00014895867207087576,0.0,-14.44391918182373,335000
5.343997478485107,814.4279174804688,814.4990844726562,814.3567504882812,-816.0633544921875,-814.36083984375,-3.350417137145996,1.6478666067123413,0.05736721307039261,0.018720442429184914,0.203456848859787,2.5528457570089813e-08,0.9997105598449707,-0.00014475402713287622,0.0,-14.698107719421387,336000
2558.088134765625,814.39990234375,814.400146484375,814.3995971679688,-816.0555419921875,-814.3798217773438,-3.272139072418213,1.5964280366897583,0.05878671631217003,0.07011719793081284,0.2025168538093567,2.778455510110689e-08,0.9997014999389648,-0.00014926461153663695,0.0,-14.495366096496582,337000
4.535566806793213,815.2337646484375,815.2346801757812,815.2327880859375,-816.8908081054688,-815.236572265625,-3.34116530418396,1.6869659423828125,0.058759212493896484,0.037122003734111786,0.20095372200012207,1.6656295542816224e-07,0.9997063875198364,-0.00014683687186334282,-2.4049077183008194e-05,-14.725069046020508,338000
4.462562561035156,815.6270751953125,815.6770629882812,815.5770874023438,-817.276611328125,-815.607177734375,-3.269221305847168,1.5998203754425049,0.05907176434993744,0.14315862953662872,0.20071908831596375,2.5249891066891905e-08,0.9997124671936035,-0.00014376762555912137,0.0,-14.40931224822998,339000
5.413331508636475,816.3115844726562,816.31396484375,816.3092041015625,-817.946044921875,-816.3184204101562,-3.3430263996124268,1.715386986732483,0.057629361748695374,-0.0018018039409071207,0.20066721737384796,1.6750967915868387e-05,0.9997199773788452,-0.0001399999891873449,-0.00025596082559786737,-14.873361587524414,340000
2575.193359375,816.29345703125,816.2950439453125,816.2918090820312,-817.93310546875,-816.2583618164062,-3.368845224380493,1.6940808296203613,0.05624932423233986,-0.021341729909181595,0.20151793956756592,2.5783574386650798e-08,0.9997035264968872,-0.00014822007506154478,0.0,-14.94835376739502,341000
5.195035934448242,817.270263671875,817.274658203125,817.2658081054688,-818.96435546875,-817.279052734375,-3.4288129806518555,1.743536353111267,0.055089693516492844,-0.11323481053113937,0.19934819638729095,2.767706952511162e-08,0.9997038841247559,-0.00014808782725594938,0.0,-15.261248588562012,342000
5.801673889160156,817.0891723632812,817.0900268554688,817.0883178710938,-818.7797241210938,-817.1469116210938,-3.3329288959503174,1.7001322507858276,0.05751224234700203,0.020169582217931747,0.19926568865776062,2.6546054243681283e-08,0.9997013807296753,-0.0001493142917752266,0.0,-14.844335556030273,343000
5.542708396911621,817.3382568359375,817.3392333984375,817.3372192382812,-818.9671630859375,-817.3732299804688,-3.2881455421447754,1.6942218542099,0.057729292660951614,0.10951478034257889,0.1996895670890808,2.6548537590542765e-08,0.9997080564498901,-0.00014599156565964222,0.0,-14.651888847351074,344000
4.951579570770264,818.34326171875,818.3857421875,818.30078125,-819.8941650390625,-818.3157348632812,-3.283280611038208,1.704835057258606,0.05759391561150551,0.035852234810590744,0.1982986479997635,2.6570845079731953e-08,0.9997034072875977,-0.00014832896704319865,0.0,-14.627054214477539,345000
5.3529133796691895,818.220947265625,818.2222900390625,818.2195434570312,-819.85595703125,-818.2564697265625,-3.327117919921875,1.727661371231079,0.05533595755696297,-0.03545442968606949,0.19871783256530762,2.0983087267723022e-08,0.9997342824935913,-0.00013284992019180208,0.0,-14.886434555053711,346000
5.080358505249023,818.864990234375,818.867919921875,818.8619995117188,-820.5489501953125,-818.8963623046875,-3.373469829559326,1.720889687538147,0.055585820227861404,-0.021278781816363335,0.1960325688123703,2.7113152611946134e-08,0.9997069835662842,-0.0001465166569687426,0.0,-15.08112907409668,347000
4.786202907562256,819.390869140625,819.3909912109375,819.3908081054688,-821.0393676757812,-819.4105224609375,-3.368694543838501,1.7398462295532227,0.05846717953681946,-0.05246466398239136,0.1973705291748047,2.7567281790652487e-08,0.9997042417526245,-0.00014790966815780848,0.0,-15.139518737792969,348000
5.205141544342041,819.0443115234375,819.0520629882812,819.03662109375,-820.7034912109375,-819.0157470703125,-3.350104570388794,1.6623387336730957,0.057521555572748184,-0.06396998465061188,0.19754858314990997,2.07217425440831e-08,0.999737024307251,-0.00013149192091077566,0.0,-15.001710891723633,349000
4.932127952575684,820.1558837890625,820.1586303710938,820.153076171875,-821.7277221679688,-820.104736328125,-3.3272697925567627,1.704275369644165,0.0587250217795372,-0.01840156689286232,0.1971469670534134,2.234482465723886e-08,0.9997267127037048,-0.00013665342703461647,0.0,-14.890289306640625,350000
5.496495246887207,819.6801147460938,819.6819458007812,819.6782836914062,-821.1904907226562,-819.6151733398438,-3.2810235023498535,1.7056872844696045,0.05699990689754486,-0.029860762879252434,0.19580692052841187,2.3664192383421323e-08,0.9997199177742004,-0.00014005829871166497,0.0,-14.90877914428711,351000
4.61835241317749,820.59765625,820.6046142578125,820.5906982421875,-822.20068359375,-820.6088256835938,-3.107008695602417,1.5151548385620117,0.061928119510412216,0.13749398291110992,0.19614076614379883,1.910215630118728e-08,0.9997448921203613,-0.00012755580246448517,0.0,-14.011146545410156,352000
5.223863124847412,820.5718383789062,820.5768432617188,820.5668334960938,-822.2142333984375,-820.58642578125,-3.3233509063720703,1.695562720298767,0.0539892204105854,-0.01423488836735487,0.19330424070358276,2.3857069209043402e-08,0.9997204542160034,-0.00013976270565763116,0.0,-15.230916976928711,353000
4.966278076171875,820.970458984375,820.9719848632812,820.9688720703125,-822.6079711914062,-820.953125,-3.298776149749756,1.6438922882080078,0.058218229562044144,-0.047390665858983994,0.19452574849128723,2.1820969919872368e-08,0.999728798866272,-0.0001355991407763213,0.0,-15.060701370239258,354000
4.155332565307617,821.671875,821.6796875,821.6640625,-823.2601928710938,-821.6311645507812,-3.315695285797119,1.6866509914398193,0.055883560329675674,-0.02674613706767559,0.1953612118959427,2.262883391779269e-08,0.9997268319129944,-0.00013659185788128525,0.0,-15.185209274291992,355000
4.6799163818359375,822.02001953125,822.0213623046875,822.0186157226562,-823.6600952148438,-822.0003662109375,-3.354001522064209,1.6942545175552368,0.05760917812585831,-0.06507348269224167,0.1938842236995697,0.000390468689147383,0.9997434616088867,-0.00012828166654799134,-0.0012354160426184535,-15.435152053833008,356000
4.875527381896973,822.4683837890625,822.4781494140625,822.4585571289062,-824.0730590820312,-822.4834594726562,-3.167362689971924,1.5777666568756104,0.05816902220249176,-0.03339846059679985,0.19447240233421326,2.0339143702585716e-08,0.9997395277023315,-0.000130232801893726,0.0,-14.602264404296875,357000
6.029247760772705,822.154052734375,822.1619873046875,822.1461181640625,-823.7271728515625,-822.1775512695312,-3.3580141067504883,1.808402419090271,0.05458493530750275,-0.12202618271112442,0.19296105206012726,2.2853686942880813e-08,0.9997274279594421,-0.0001362932671327144,0.0,-15.492751121520996,358000
5.062577247619629,823.0728149414062,823.0728149414062,823.0728149414062,-824.6626586914062,-823.0906372070312,-3.2818572521209717,1.7098418474197388,0.056130655109882355,-0.05973291024565697,0.19339744746685028,1.8091377285145427e-08,0.9997541904449463,-0.00012289635196793824,0.0,-15.133278846740723,359000
4.798357009887695,823.2803344726562,823.2832641601562,823.2774047851562,-824.8146362304688,-823.2230834960938,-3.227292776107788,1.635732889175415,0.05686487257480621,0.009548293426632881,0.19276688992977142,1.975170782486657e-08,0.9997438192367554,-0.00012811213673558086,0.0,-14.96458625793457,360000
4.6829938888549805,823.9527587890625,823.9532470703125,823.9523315429688,-825.5798950195312,-823.9833374023438,-3.1127336025238037,1.5161741971969604,0.060291726142168045,0.04912214353680611,0.19201742112636566,2.0524028698787333e-08,0.9997410774230957,-0.0001294505927944556,0.0,-14.503938674926758,361000
4.115477561950684,824.976806640625,824.9784545898438,824.9752197265625,-826.5720825195312,-824.998291015625,-3.321859121322632,1.7480624914169312,0.053609203547239304,-0.11125501245260239,0.19073759019374847,2.1824675400239357e-08,0.9997332096099854,-0.00013338724966160953,0.0,-15.479045867919922,362000
5.540512561798096,824.6727905273438,824.6741943359375,824.67138671875,-826.2582397460938,-824.6786499023438,-3.2929611206054688,1.7133768796920776,0.0561530664563179,-0.06682172417640686,0.19011354446411133,2.1611697320622625e-08,0.9997346997261047,-0.00013265419693198055,0.0,-15.206684112548828,363000
5.726449489593506,825.52783203125,825.529541015625,825.5260620117188,-827.0728149414062,-825.5155029296875,-3.2366137504577637,1.679316759109497,0.057319894433021545,-0.044492948800325394,0.19025208055973053,0.0002030745818046853,0.9997273087501526,-0.0001363490300718695,-0.0008911676704883575,-15.067768096923828,364000
5.590299606323242,825.1119384765625,825.11865234375,825.1051635742188,-826.64599609375,-825.08642578125,-3.1831417083740234,1.6235872507095337,0.05648956075310707,0.10323800891637802,0.18996469676494598,2.0151684765323807e-08,0.9997413754463196,-0.00012932211393490434,0.0,-14.704669952392578,365000
5.133922100067139,825.97998046875,825.9804077148438,825.9795532226562,-827.5515747070312,-826.0088500976562,-3.02270770072937,1.4799621105194092,0.05892639234662056,0.09845160692930222,0.1903165578842163,2.136232879479394e-08,0.9997336864471436,-0.00013319423305802047,0.0,-14.204668045043945,366000
4.680424213409424,825.7965698242188,825.8595581054688,825.7335815429688,-827.3170776367188,-825.7592163085938,-3.118563413619995,1.560730218887329,0.057662658393383026,0.01442007441073656,0.18976141512393951,1.855231879233088e-08,0.9997511506080627,-0.00012444282765500247,0.0,-14.64841079711914,367000
5.33598518371582,826.110107421875,826.1102905273438,826.10986328125,-827.7233276367188,-826.1633911132812,-3.1619503498077393,1.6019953489303589,0.058330051600933075,0.013159294612705708,0.18917712569236755,1.9978337206794095e-08,0.999742329120636,-0.0001288358762394637,0.0,-14.874409675598145,368000
4.088534355163574,827.100830078125,827.3059692382812,826.8956298828125,-828.5386352539062,-826.9312133789062,-3.13358473777771,1.5261693000793457,0.055476799607276917,-0.03682990372180939,0.1891087293624878,2.9096019716234878e-05,0.9997467398643494,-0.0001266437175218016,-0.0003373110666871071,-14.786869049072266,369000
4.903929710388184,827.2708740234375,827.2713012695312,827.2705078125,-828.8518676757812,-827.2949829101562,-3.1195380687713623,1.5627118349075317,0.06095109134912491,0.026143599301576614,0.18799546360969543,1.918369285647259e-08,0.9997453689575195,-0.00012733069888781756,0.0,-14.669442176818848,370000
5.137842655181885,826.943603515625,826.9456176757812,826.9415893554688,-828.5686645507812,-827.0128173828125,-3.035910129547119,1.4800673723220825,0.056961771100759506,0.07094643265008926,0.18853268027305603,3.1176983611658216e-05,0.9997355341911316,-0.00013224354188423604,-0.0003491952084004879,-14.343024253845215,371000
5.2212958335876465,826.9134521484375,827.1170043945312,826.7098999023438,-828.27685546875,-826.7203979492188,-3.0905609130859375,1.5341086387634277,0.05809728056192398,0.07598142325878143,0.1871497631072998,2.123078779447951e-08,0.9997355341911316,-0.00013225284055806696,0.0,-14.519719123840332,372000
4.594516754150391,827.9801025390625,827.9812622070312,827.97900390625,-829.5070190429688,-827.97216796875,-3.153930425643921,1.619098424911499,0.059024907648563385,-7.213671324279858e-06,0.18676896393299103,1.9544312834796074e-08,0.9997443556785583,-0.00012784148566424847,0.0,-14.873298645019531,373000
4.882598876953125,828.9371337890625,828.947265625,828.9269409179688,-830.4724731445312,-828.9491577148438,-3.2105369567871094,1.6871706247329712,0.05477739870548248,-0.09737631678581238,0.18693000078201294,7.305843610083684e-06,0.999735951423645,-0.00013205331924837083,-0.00016954100283328444,-15.239484786987305,374000
2653.170654296875,829.2312622070312,829.2325439453125,829.22998046875,-830.6702880859375,-829.1543579101562,-2.968413829803467,1.4524521827697754,0.06061011180281639,0.06255736947059631,0.1868181824684143,2.1515376147362986e-08,0.9997339248657227,-0.0001330550730926916,0.0,-14.060547828674316,375000
5.583185195922852,829.0122680664062,829.03857421875,828.9859619140625,-830.5166625976562,-828.997802734375,-3.0045812129974365,1.4856927394866943,0.05837235599756241,0.0701586902141571,0.18697546422481537,1.958914097599518e-08,0.9997446537017822,-0.0001276587281608954,0.0,-14.415353775024414,376000
5.721410274505615,829.2109375,829.2127685546875,829.2091674804688,-830.6032104492188,-829.1400756835938,-3.053960084915161,1.5907912254333496,0.058200087398290634,0.05067678913474083,0.1864066869020462,2.1165350361229684e-08,0.9997327327728271,-0.0001336502464255318,0.0,-14.620672225952148,377000
5.774525165557861,830.3848876953125,830.3854370117188,830.3843994140625,-831.944091796875,-830.3841552734375,-3.2270591259002686,1.6670931577682495,0.054715901613235474,-0.06528498977422714,0.18532319366931915,2.209060667723861e-08,0.9997299909591675,-0.00013501393550541252,0.0,-15.599642753601074,378000
5.823634147644043,830.2242431640625,830.2255249023438,830.222900390625,-831.7760009765625,-830.2633056640625,-3.008424997329712,1.495741844177246,0.058930475264787674,0.00740600423887372,0.1851697862148285,0.0001664542651269585,0.9997309446334839,-0.00013452947314362973,-0.0011570423375815153,-14.569180488586426,379000
5.35972261428833,830.4389038085938,830.4425659179688,830.4352416992188,-832.0039672851562,-830.478271484375,-3.230048418045044,1.7043648958206177,0.05232805758714676,-0.11925894021987915,0.18294616043567657,0.00015628081746399403,0.9997372627258301,-0.00013138246140442789,-0.0007817104342393577,-15.546564102172852,380000
4.370965480804443,831.7652587890625,831.7652587890625,831.7651977539062,-833.2620239257812,-831.7573852539062,-3.123276948928833,1.6186336278915405,0.05711847543716431,-0.03771902248263359,0.184186190366745,2.406727617199067e-06,0.9997333884239197,-0.00013331021182239056,-9.682609379524365e-05,-15.15356159210205,381000
13163.4248046875,832.1534423828125,832.15478515625,832.152099609375,-833.3839111328125,-832.0120239257812,-2.947953224182129,1.5760383605957031,0.05359998717904091,0.03903357312083244,0.18377745151519775,2.1650311765597507e-08,0.9997374415397644,-0.00013129750732332468,0.0,-14.237333297729492,382000
2693.715087890625,832.0010986328125,832.0089111328125,831.9933471679688,-833.4547729492188,-831.9669189453125,-2.973965644836426,1.4860793352127075,0.0546807236969471,0.15371693670749664,0.18425172567367554,2.3191542908307383e-08,0.9997246265411377,-0.0001376999425701797,0.0,-14.446228981018066,383000
4.582373142242432,831.6275634765625,831.6279907226562,831.6271362304688,-833.115966796875,-831.6072998046875,-3.1217617988586426,1.6131237745285034,0.055444058030843735,-0.039154767990112305,0.18371908366680145,2.2075933969745165e-08,0.9997290968894958,-0.00013546980335377157,0.0,-15.124261856079102,384000
5.11444091796875,831.9185180664062,831.9220581054688,831.9149780273438,-833.3436889648438,-831.87939453125,-3.1344187259674072,1.6701055765151978,0.05377722531557083,-0.08056400716304779,0.18154782056808472,4.282032750779763e-05,0.9997237324714661,-0.000138142699142918,-0.00040912936674430966,-15.250038146972656,385000
4.610215187072754,832.515869140625,832.5161743164062,832.515625,-833.99609375,-832.5350341796875,-2.9848527908325195,1.5237762928009033,0.05463771894574165,0.010878700762987137,0.18218940496444702,1.9646350324364903e-08,0.999747097492218,-0.00012645711831282824,0.0,-14.675261497497559,386000
4.435357570648193,832.9752197265625,832.9769287109375,832.9735717773438,-834.399169921875,-832.9359130859375,-2.9297688007354736,1.466487169265747,0.05775509774684906,0.1589721143245697,0.18225964903831482,4.5254109863890335e-06,0.9997256994247437,-0.00013714592205360532,-0.00013296084944158792,-14.315791130065918,387000
5.490133285522461,833.6783447265625,833.7180786132812,833.638671875,-835.11181640625,-833.6486206054688,-3.0918056964874268,1.6285860538482666,0.05712798610329628,-0.04203443229198456,0.18149805068969727,1.8336866247636863e-08,0.9997523427009583,-0.00012385575973894447,0.0,-15.029607772827148,388000
4.594973564147949,833.85498046875,833.899169921875,833.8107299804688,-835.1727294921875,-833.705322265625,-2.9683399200439453,1.5009249448776245,0.05594131350517273,0.01917887106537819,0.18125101923942566,1.9126153105730737e-08,0.9997493028640747,-0.00012533602421171963,0.0,-14.717013359069824,389000
2683.008056640625,833.9171752929688,833.9237060546875,833.91064453125,-835.2769165039062,-833.8252563476562,-2.8360984325408936,1.3844562768936157,0.06084013730287552,0.10523702949285507,0.1803993284702301,2.021864808909868e-08,0.9997437000274658,-0.0001281638105865568,0.0,-13.94253921508789,390000
5.148951530456543,834.46435546875,834.5045166015625,834.4241943359375,-835.810302734375,-834.359619140625,-3.029633045196533,1.578976035118103,0.05701956897974014,-0.02445877157151699,0.180874764919281,1.9391595884599155e-08,0.9997450113296509,-0.00012747818254865706,0.0,-14.951272964477539,391000
5.258869171142578,834.94287109375,834.9429321289062,834.9427490234375,-836.4007568359375,-834.9547729492188,-2.903068780899048,1.4570739269256592,0.060309506952762604,0.051486786454916,0.18034426867961884,4.50721984179836e-08,0.9997525215148926,-0.00012376331142149866,-1.0766869309009053e-05,-14.336026191711426,392000
3.9661335945129395,835.35595703125,835.3568115234375,835.3551025390625,-836.8834228515625,-835.3764038085938,-2.937713623046875,1.4306615591049194,0.057525385171175,0.04892123118042946,0.17878787219524384,1.8514981547923526e-08,0.9997504949569702,-0.00012476829579100013,0.0,-14.469797134399414,393000
5.484458923339844,835.6927490234375,835.697509765625,835.68798828125,-837.2006225585938,-835.7216186523438,-3.1490976810455322,1.6701239347457886,0.056015338748693466,-0.1326153427362442,0.1798618584871292,1.5956285182028296e-08,0.999768853187561,-0.00011559441918507218,0.0,-15.622180938720703,394000
4.146198272705078,835.9236450195312,835.9247436523438,835.9225463867188,-837.3786010742188,-835.9166870117188,-3.029292583465576,1.5673542022705078,0.05254785344004631,0.01949026808142662,0.17902597784996033,2.0640658959791836e-08,0.9997378587722778,-0.00013106765982229263,0.0,-15.032438278198242,395000
4.773576736450195,836.1939697265625,836.1947021484375,836.1931762695312,-837.6384887695312,-836.1725463867188,-3.0865628719329834,1.6206341981887817,0.05640958622097969,-0.15039359033107758,0.17780837416648865,1.9031496378829615e-08,0.9997472167015076,-0.00012641955981962383,0.0,-15.438892364501953,396000
4.695526599884033,836.88427734375,836.885498046875,836.8829956054688,-838.3201293945312,-836.8839111328125,-2.9872593879699707,1.5510236024856567,0.055682387202978134,0.03792324289679527,0.17879840731620789,1.9892818059474848e-08,0.999748170375824,-0.00012591823178809136,0.0,-14.903861045837402,397000
5.4116291999816895,836.3194580078125,836.3203125,836.3186645507812,-837.784423828125,-836.3372192382812,-2.888812780380249,1.4415736198425293,0.05786590650677681,0.06689559668302536,0.1748207062482834,1.939081251123298e-08,0.999747097492218,-0.0001264669990632683,0.0,-14.42557144165039,398000
2701.359619140625,836.9437255859375,836.9442138671875,836.9431762695312,-838.3488159179688,-836.900390625,-2.990341901779175,1.541904091835022,0.05590111389756203,-0.015532240271568298,0.17778776586055756,0.0001091411686502397,0.9997622966766357,-0.0001188817186630331,-0.0006537679000757635,-14.921121597290039,399000
4.614630699157715,836.9884033203125,836.9894409179688,836.9873657226562,-838.4296875,-836.9554443359375,-3.039039134979248,1.5648006200790405,0.056651435792446136,-0.09560402482748032,0.17690494656562805,1.798909821104644e-08,0.9997554421424866,-0.0001222783757839352,0.0,-15.273723602294922,400000
4.760708808898926,837.1205444335938,837.1226196289062,837.1184692382812,-838.5958862304688,-837.134765625,-2.9025721549987793,1.441489815711975,0.05806506425142288,0.0031935488805174828,0.17540132999420166,6.134452996775508e-05,0.9997540712356567,-0.0001229870249517262,-0.0006056748679839075,-14.781660079956055,401000
2703.470703125,837.385986328125,837.3875122070312,837.3843994140625,-838.8026123046875,-837.3465576171875,-3.017763614654541,1.5617257356643677,0.05614814907312393,-0.07190818339586258,0.17521722614765167,1.678967720408764e-08,0.9997633099555969,-0.00011834387260023504,0.0,-15.126863479614258,402000
4.403072357177734,838.0264282226562,838.2821044921875,837.770751953125,-839.2684326171875,-837.781982421875,-3.089963436126709,1.6034983396530151,0.0555744469165802,-0.18652932345867157,0.17591255903244019,1.8226501197204925e-08,0.9997525215148926,-0.0001237478863913566,0.0,-15.760021209716797,403000
5.5694475173950195,837.8684692382812,837.8716430664062,837.8652954101562,-839.3282470703125,-837.8967895507812,-2.912245512008667,1.4807826280593872,0.056129880249500275,-0.00903003104031086,0.17640309035778046,1.8304787019474134e-08,0.9997535347938538,-0.00012326156138442457,0.0,-14.791172981262207,404000
5.258262634277344,838.6171875,838.6177368164062,838.6165771484375,-840.0562133789062,-838.6469116210938,-2.7293617725372314,1.3200550079345703,0.0636942908167839,0.19990158081054688,0.1748914122581482,8.6231593741104e-06,0.9997534155845642,-0.00012330772005952895,-0.0001839523174567148,-13.95528793334961,405000
4.64863395690918,839.1952514648438,839.1956176757812,839.1948852539062,-840.62744140625,-839.1992797851562,-3.02108097076416,1.5929087400436401,0.0546090230345726,-0.08309070765972137,0.1756899058818817,2.0377999732090757e-08,0.9997407793998718,-0.0001296274713240564,0.0,-15.195561408996582,406000
5.2741804122924805,839.5523681640625,839.55615234375,839.548583984375,-840.9937744140625,-839.5382690429688,-2.9665720462799072,1.5110636949539185,0.05677742883563042,-0.10440851002931595,0.17438285052776337,1.8919983801879425e-08,0.9997477531433105,-0.0001261298602912575,0.0,-15.10090446472168,407000
4.640405654907227,839.12353515625,839.2691040039062,838.9779663085938,-840.4090576171875,-839.0167236328125,-2.8306572437286377,1.438266396522522,0.057179611176252365,-0.00022925106168258935,0.17345182597637177,1.8236034904361986e-08,0.9997541904449463,-0.000122939731227234,0.0,-14.541192054748535,408000
4.427099227905273,839.460693359375,839.4613647460938,839.4600830078125,-840.9135131835938,-839.470458984375,-2.9623992443084717,1.5193681716918945,0.05402091145515442,-0.05204540118575096,0.17341484129428864,2.1557635676572318e-08,0.999732494354248,-0.0001337607973255217,0.0,-15.098727226257324,409000
4.812909126281738,840.517822265625,840.5191650390625,840.5165405273438,-841.9609375,-840.5300903320312,-2.933863639831543,1.5029698610305786,0.055000949651002884,-0.021513434126973152,0.17265911400318146,2.035583435144872e-08,0.9997403621673584,-0.00012984330533072352,0.0,-14.991527557373047,410000
5.066296577453613,840.1337890625,840.1348876953125,840.1326904296875,-841.5335083007812,-840.1725463867188,-2.8628463745117188,1.5018672943115234,0.05449166148900986,0.037488751113414764,0.1733037382364273,1.8802431611675274e-08,0.9997458457946777,-0.00012707439600490034,0.0,-14.66269302368164,411000
4.501310348510742,840.857177734375,840.8572998046875,840.8570556640625,-842.2706909179688,-840.9035034179688,-2.811654567718506,1.4444319009780884,0.05674472823739052,0.017087966203689575,0.17246223986148834,7.955246417168382e-08,0.999744176864624,-0.0001278883428312838,-1.568139487062581e-05,-14.542701721191406,412000
4.867155075073242,841.4177856445312,841.4190673828125,841.41650390625,-842.866943359375,-841.44580078125,-2.9132208824157715,1.4920668601989746,0.055766668170690536,0.02456720359623432,0.1738186478614807,2.1960747886851095e-08,0.999732494354248,-0.0001337675203103572,0.0,-15.086599349975586,413000
4.707810878753662,841.854248046875,841.9146118164062,841.7938232421875,-843.2194213867188,-841.8471069335938,-2.893890619277954,1.5215985774993896,0.05706758797168732,-0.0797615796327591,0.17210587859153748,2.331959159107555e-08,0.9997279644012451,-0.00013604738342110068,0.0,-15.008302688598633,414000
2738.67333984375,841.5618896484375,841.563232421875,841.5606079101562,-842.9823608398438,-841.52294921875,-2.890090227127075,1.4306753873825073,0.05756824463605881,-0.03501846268773079,0.1723143309354782,1.850620101606637e-08,0.9997519254684448,-0.00012404349399730563,0.0,-15.024848937988281,415000
4.181612014770508,841.7345581054688,841.8897705078125,841.579345703125,-842.9974975585938,-841.5776977539062,-2.9172537326812744,1.4974644184112549,0.059062156826257706,-0.05794047564268112,0.1718149334192276,5.799797872896306e-05,0.9997454881668091,-0.00012726959539577365,-0.0004760162846650928,-15.223237991333008,416000
4.958549976348877,841.4247436523438,841.4296264648438,841.4198608398438,-842.8018188476562,-841.3550415039062,-2.8873183727264404,1.4405263662338257,0.05566433444619179,-0.055107951164245605,0.17094534635543823,1.91290503437358e-08,0.9997529983520508,-0.0001235134113812819,0.0,-15.0819673538208,417000
5.7853779792785645,841.876220703125,842.0086059570312,841.7438354492188,-843.1458129882812,-841.8219604492188,-2.779277801513672,1.4554404020309448,0.05509667098522186,0.10183083266019821,0.16956956684589386,2.0738273320830558e-08,0.9997420310974121,-0.0001289978390559554,0.0,-14.408175468444824,418000
4.755259990692139,842.402099609375,842.590576171875,842.213623046875,-843.6093139648438,-842.229248046875,-2.8529465198516846,1.4728926420211792,0.05605807155370712,0.028824951499700546,0.17058341205120087,1.8217436448253466e-08,0.9997563362121582,-0.0001218228426296264,0.0,-14.870319366455078,419000
3.8644280433654785,843.055419921875,843.058837890625,843.0519409179688,-844.4884033203125,-843.0947265625,-2.8291208744049072,1.4354287385940552,0.05665154755115509,0.01371858548372984,0.17043322324752808,1.8377443566919283e-08,0.9997543096542358,-0.0001228594919666648,0.0,-14.743430137634277,420000
5.129212379455566,843.46533203125,843.4654541015625,843.4652709960938,-844.824951171875,-843.4346313476562,-2.760026693344116,1.3696753978729248,0.058462075889110565,0.049544114619493484,0.1707402765750885,1.8441710381011944e-08,0.9997504949569702,-0.00012478991993702948,0.0,-14.47207260131836,421000
5.243847370147705,843.1383056640625,843.1383666992188,843.1383056640625,-844.5380249023438,-843.1611938476562,-2.7471084594726562,1.3703041076660156,0.058039456605911255,0.08976195752620697,0.1701008677482605,1.9258944661260102e-08,0.9997449517250061,-0.00012753516784869134,0.0,-14.32822036743164,422000
5.3182573318481445,843.3672485351562,843.3677978515625,843.36669921875,-844.7828979492188,-843.365478515625,-2.9000015258789062,1.4826289415359497,0.05415255203843117,-0.07416589558124542,0.16908369958400726,2.0005893020424992e-05,0.999737024307251,-0.00013148406287655234,-0.0002797039633151144,-15.360748291015625,423000
3.7933452129364014,844.457763671875,844.471923828125,844.4436645507812,-845.8818969726562,-844.4715576171875,-2.7669246196746826,1.3565375804901123,0.06093762814998627,-0.011766582727432251,0.16792599856853485,2.0667732414381135e-08,0.9997406005859375,-0.0001296809350606054,0.0,-14.66007137298584,424000
5.104146957397461,844.6160888671875,844.616455078125,844.6157836914062,-846.0623779296875,-844.6337280273438,-2.8668267726898193,1.4381734132766724,0.053919468075037,-0.07767046988010406,0.1692100614309311,1.972730956367741e-08,0.9997469186782837,-0.00012654424062930048,0.0,-15.11579704284668,425000
4.5305891036987305,844.9576416015625,844.9583740234375,844.9568481445312,-846.27783203125,-844.9387817382812,-2.8060646057128906,1.4670186042785645,0.053820595145225525,0.006262375041842461,0.16965462267398834,1.4512951565848198e-05,0.9997333288192749,-0.0001333388063358143,-0.00023837972548790276,-14.833599090576172,426000
6.541828155517578,845.321044921875,845.3235473632812,845.3184814453125,-846.686767578125,-845.2843627929688,-2.846534013748169,1.444161295890808,0.05496222898364067,0.027967218309640884,0.16899225115776062,2.3111002889208976e-08,0.9997300505638123,-0.00013500050408765674,-1.303548970099655e-06,-14.947278022766113,427000
4.7745208740234375,845.327392578125,845.3282470703125,845.3265380859375,-846.72314453125,-845.3583374023438,-2.647404670715332,1.2825865745544434,0.05868186429142952,0.14452724158763885,0.1680622398853302,2.130504128672328e-08,0.9997345805168152,-0.00013271503848955035,0.0,-14.057180404663086,428000
4.101698398590088,845.6936645507812,845.6943969726562,845.6929321289062,-847.0797119140625,-845.7315063476562,-2.7824313640594482,1.434220790863037,0.060219645500183105,-0.03479186072945595,0.1677432358264923,1.9161049635840754e-08,0.9997442364692688,-0.0001278911076951772,0.0,-14.767876625061035,429000
4.754465579986572,846.3199462890625,846.3201904296875,846.3197631835938,-847.6863403320312,-846.2861328125,-2.8441131114959717,1.443893313407898,0.05987562984228134,0.008808838203549385,0.16766759753227234,1.9451061206154918e-08,0.9997483491897583,-0.00012582604540511966,0.0,-15.109890937805176,430000
5.28331995010376,846.1923828125,846.1926879882812,846.1920166015625,-847.54833984375,-846.2009887695312,-2.7301995754241943,1.3828566074371338,0.057847049087285995,0.07776815444231033,0.16628563404083252,1.4845436169252935e-07,0.9997605681419373,-0.0001197301535285078,-2.3127184249460697e-05,-14.549753189086914,431000
2788.070068359375,846.827392578125,846.8275146484375,846.8272094726562,-848.19921875,-846.8421020507812,-2.894167423248291,1.5370501279830933,0.05631956085562706,-0.0161863025277853,0.1669812798500061,2.0097527198004173e-08,0.999742865562439,-0.0001285851903958246,0.0,-15.442436218261719,432000
4.502036094665527,846.514892578125,846.5158081054688,846.513916015625,-847.9122924804688,-846.5826416015625,-2.5887393951416016,1.2591086626052856,0.05711297690868378,0.08406104147434235,0.16627879440784454,0.00018116694991476834,0.9997618794441223,-0.00011906142754014581,-0.0008416632190346718,-13.909823417663574,433000
5.5280256271362305,847.52490234375,847.5252075195312,847.524658203125,-848.8860473632812,-847.5208740234375,-2.815507650375366,1.4503419399261475,0.05470656231045723,-0.012391479685902596,0.16637703776359558,1.743896405059786e-08,0.9997596740722656,-0.00012018448614981025,0.0,-15.077434539794922,434000
5.012707710266113,847.5707397460938,847.5716552734375,847.56982421875,-848.8720092773438,-847.5828857421875,-2.6512351036071777,1.3621082305908203,0.057571105659008026,0.09263603389263153,0.16546408832073212,1.7690208409248953e-08,0.9997601509094238,-0.00011992803774774075,0.0,-14.303775787353516,435000
2789.98828125,847.4952392578125,847.5654907226562,847.4249267578125,-848.7024536132812,-847.3443603515625,-2.8966360092163086,1.5385023355484009,0.05461819842457771,-0.08566039800643921,0.1661321222782135,1.8185739136811208e-08,0.9997557401657104,-0.00012212830188218504,0.0,-15.557945251464844,436000
4.979869842529297,847.6494750976562,847.6522827148438,847.6466674804688,-849.0840454101562,-847.716552734375,-2.845567464828491,1.4780776500701904,0.05599357187747955,-0.1104368045926094,0.1648295521736145,5.155540293344529e-06,0.9997488260269165,-0.00012557463196571916,-0.0001956593187060207,-15.46561336517334,437000
4.1236572265625,848.1148681640625,848.1228637695312,848.1068725585938,-849.4773559570312,-848.1082153320312,-2.66759991645813,1.2984708547592163,0.059758495539426804,0.06325957179069519,0.16528987884521484,1.7364374826911444e-08,0.9997647404670715,-0.00011761773203033954,0.0,-14.363778114318848,438000
4.633856773376465,848.6970825195312,848.697265625,848.6968994140625,-850.0802612304688,-848.7168579101562,-2.744319438934326,1.3809363842010498,0.055121392011642456,-0.01171092875301838,0.16504068672657013,1.675881122764622e-08,0.9997618794441223,-0.00011907308362424374,0.0,-14.835556030273438,439000
4.633974552154541,848.1531372070312,848.36376953125,847.9425048828125,-849.3884887695312,-847.9718627929688,-2.7416281700134277,1.3249828815460205,0.0575655922293663,0.015888208523392677,0.16504263877868652,1.677753225237666e-08,0.9997645616531372,-0.0001177061494672671,0.0,-14.915035247802734,440000
4.243024826049805,848.7857666015625,848.7927856445312,848.7786865234375,-850.1417846679688,-848.7994384765625,-2.7489264011383057,1.4065829515457153,0.05871476233005524,-0.024877598509192467,0.16386517882347107,7.17372604412958e-05,0.999763011932373,-0.00011850106238853186,-0.0005293841240927577,-14.929756164550781,441000
4.9880523681640625,848.76220703125,848.7644653320312,848.7599487304688,-850.0885620117188,-848.7858276367188,-2.6697967052459717,1.367057204246521,0.057610902935266495,0.007730321027338505,0.16383729875087738,1.9092075476123682e-08,0.9997497797012329,-0.00012510851956903934,0.0,-14.533897399902344,442000
3.463714122772217,849.0589599609375,849.0594482421875,849.0585327148438,-850.4003295898438,-849.0887451171875,-2.826186180114746,1.514583706855774,0.05266366899013519,-0.05131716653704643,0.16320212185382843,1.6874018626822362e-08,0.9997683763504028,-0.00011583050945773721,0.0,-15.477540016174316,443000
2785.23583984375,849.5302734375,849.5729370117188,849.4876098632812,-850.8274536132812,-849.4674072265625,-2.7184195518493652,1.358388066291809,0.05843563377857208,-0.011925101280212402,0.16350606083869934,1.6110753620068863e-08,0.9997683763504028,-0.00011581592116272077,0.0,-14.842399597167969,444000
5568.7578125,848.8121337890625,848.9473266601562,848.677001953125,-849.977783203125,-848.6412353515625,-2.75588059425354,1.4192867279052734,0.05881514400243759,-0.012966036796569824,0.16357141733169556,0.00019603798864409328,0.999747097492218,-0.00012645887909457088,-0.0008756630122661591,-15.051082611083984,445000
2783.933349609375,849.7371826171875,849.7376708984375,849.7367553710938,-851.103759765625,-849.7559204101562,-2.72615122795105,1.3783031702041626,0.056121934205293655,0.0326436348259449,0.16289761662483215,2.0793846644551195e-08,0.9997385144233704,-0.0001307531783822924,0.0,-14.998540878295898,446000
5.141828536987305,848.889404296875,848.8895874023438,848.8892822265625,-850.326416015625,-848.9273071289062,-2.7903761863708496,1.3913121223449707,0.055326130241155624,-0.055373821407556534,0.16268418729305267,2.100951590477962e-08,0.9997392892837524,-0.00013035701704211533,0.0,-15.315811157226562,447000
5.569180011749268,849.7003173828125,849.7014770507812,849.69921875,-850.9979858398438,-849.7284545898438,-2.6321089267730713,1.362519383430481,0.05537871643900871,0.04135105013847351,0.16152945160865784,7.424900832120329e-05,0.9997488260269165,-0.00012559231254272163,-0.0005388653953559697,-14.65119457244873,448000
3.820091724395752,850.2669677734375,850.2716674804688,850.2622680664062,-851.6535034179688,-850.2846069335938,-2.6810600757598877,1.3121517896652222,0.05644141137599945,-0.027401400730013847,0.16147014498710632,1.7452668643613833e-08,0.9997564554214478,-0.00012176122254459187,0.0,-14.896204948425293,449000
2800.5224609375,850.728271484375,850.7305908203125,850.7258911132812,-851.99755859375,-850.6911010742188,-2.6639280319213867,1.3574954271316528,0.056678976863622665,0.031031399965286255,0.16202010214328766,0.001221707439981401,0.9997532963752747,-0.00012336429790593684,-0.002184778917580843,-14.740924835205078,450000
2794.982421875,850.76123046875,850.7628173828125,850.7597045898438,-852.04931640625,-850.7141723632812,-2.689734935760498,1.3546255826950073,0.05409643426537514,0.021125856786966324,0.16059309244155884,2.0856543159197827e-08,0.9997387528419495,-0.0001306332997046411,0.0,-14.991754531860352,451000
4.025339126586914,850.68408203125,850.7340087890625,850.6340942382812,-851.939208984375,-850.6336669921875,-2.716312885284424,1.4107799530029297,0.05615076422691345,0.009582455269992352,0.16159266233444214,1.99930081379307e-08,0.9997434616088867,-0.0001282691810047254,0.0,-15.151494026184082,452000
5.071535110473633,850.4681396484375,850.4682006835938,850.4681396484375,-851.8409423828125,-850.4879150390625,-2.702470064163208,1.349411129951477,0.05623428523540497,-0.03211193159222603,0.15996865928173065,1.9708064513679346e-08,0.9997472167015076,-0.00012640732165891677,0.0,-14.99502182006836,453000
5.1610589027404785,850.9827270507812,850.9838256835938,850.9816284179688,-852.3062133789062,-850.9810791015625,-2.7526612281799316,1.4275373220443726,0.05555756017565727,-0.07614465057849884,0.1604984700679779,2.0576630177515653e-08,0.9997442364692688,-0.00012789740867447108,0.0,-15.364580154418945,454000
4.762353897094727,851.822021484375,851.8475341796875,851.7965087890625,-853.1561279296875,-851.8309326171875,-2.594285726547241,1.2691220045089722,0.05729584023356438,0.030888263136148453,0.1595245897769928,0.00018048200581688434,0.9997454881668091,-0.00012726816930808127,-0.0008403199026361108,-14.526317596435547,455000
5.23240852355957,851.6146240234375,851.6167602539062,851.612548828125,-852.8970947265625,-851.617431640625,-2.6028974056243896,1.3232539892196655,0.05504125356674194,0.08845692127943039,0.16041548550128937,2.0319726345974232e-08,0.9997485876083374,-0.00012572380364872515,0.0,-14.529930114746094,456000
11007.2890625,852.05322265625,852.0532836914062,852.0531616210938,-853.2523193359375,-851.9697265625,-2.5537171363830566,1.2710914611816406,0.05840242654085159,0.09158114343881607,0.15964275598526,2.2744115923956087e-08,0.9997349977493286,-0.00013250947813503444,0.0,-14.316740036010742,457000
4.009316444396973,852.385009765625,852.385498046875,852.384521484375,-853.6976318359375,-852.3829345703125,-2.6908726692199707,1.3761430978775024,0.05742593854665756,-0.01816665194928646,0.15887776017189026,2.1134400896016814e-08,0.9997351169586182,-0.00013245581067167222,0.0,-15.04314136505127,458000
2802.29638671875,853.0090942382812,853.04296875,852.9752197265625,-854.2640380859375,-852.956787109375,-2.6130752563476562,1.305829644203186,0.05987832695245743,0.0066982535645365715,0.15910525619983673,2.4705713030925835e-08,0.9997252225875854,-0.00013743317686021328,0.0,-14.651702880859375,459000
2808.80859375,853.1903076171875,853.1925048828125,853.1881713867188,-854.4271850585938,-853.1165771484375,-2.779128074645996,1.4685184955596924,0.054272741079330444,-0.11280632764101028,0.158630833029747,2.0942431788739668e-08,0.9997459650039673,-0.00012705822882708162,0.0,-15.524177551269531,460000
4.264047622680664,853.27734375,853.2780151367188,853.2766723632812,-854.5743408203125,-853.2949829101562,-2.6745922565460205,1.3952902555465698,0.056279394775629044,-0.028320496901869774,0.15789365768432617,1.7494448556476527e-08,0.9997597336769104,-0.00012015517859254032,0.0,-15.042143821716309,461000
5.045315265655518,853.991455078125,853.991943359375,853.9910278320312,-855.3538208007812,-854.0078735351562,-2.7798266410827637,1.433875322341919,0.055384110659360886,-0.14588546752929688,0.1568952351808548,0.00010969149298034608,0.9997575879096985,-0.00012120916653657332,-0.0006549508543685079,-15.665302276611328,462000
3.922079563140869,853.9833984375,853.9833984375,853.9833374023438,-855.24267578125,-853.9714965820312,-2.5074961185455322,1.2363243103027344,0.058119289577007294,0.10630182176828384,0.15669189393520355,2.078242999914437e-08,0.9997425079345703,-0.00012877528206445277,0.0,-14.186736106872559,463000
2814.2197265625,854.1099243164062,854.1117553710938,854.1080932617188,-855.355224609375,-854.0619506835938,-2.6938726902008057,1.4005464315414429,0.05630055069923401,-0.042203839868307114,0.15716420114040375,1.9816379648318616e-08,0.9997491836547852,-0.0001254285452887416,0.0,-15.366788864135742,464000
4.6673688888549805,854.010009765625,854.0113525390625,854.0086669921875,-855.2803955078125,-854.0123291015625,-2.531643867492676,1.263528823852539,0.058474112302064896,0.07846512645483017,0.15700693428516388,1.9295505637728638e-08,0.9997495412826538,-0.00012525693455245346,0.0,-14.330733299255371,465000
3.8112895488739014,854.7989501953125,854.8200073242188,854.7778930664062,-856.0331420898438,-854.7896118164062,-2.6023285388946533,1.3587969541549683,0.05643672123551369,-0.0054475353099405766,0.15724436938762665,1.7395448637103073e-08,0.9997624158859253,-0.00011879842350026593,0.0,-14.785148620605469,466000
4.105589866638184,854.8212890625,854.8314819335938,854.81103515625,-856.0865478515625,-854.840576171875,-2.627309799194336,1.3813245296478271,0.05509066581726074,-0.003628766629844904,0.15644563734531403,3.6312758311396465e-05,0.9997515678405762,-0.00012423627777025104,-0.00037722528213635087,-15.048025131225586,467000
2820.314208984375,854.9603881835938,854.9649047851562,854.9558715820312,-856.1859741210938,-854.9386596679688,-2.6176555156707764,1.3703417778015137,0.05644739419221878,-0.007416663225740194,0.15609072148799896,1.7151064568565744e-08,0.9997656345367432,-0.00011718408495653421,0.0,-14.850137710571289,468000
4.3390350341796875,855.4571533203125,855.4581909179688,855.4560546875,-856.701416015625,-855.4855346679688,-2.383667230606079,1.16777765750885,0.06036362797021866,0.155031219124794,0.15632903575897217,0.00014137696416582912,0.9997583627700806,-0.00012082462490070611,-0.0007442044443450868,-13.543343544006348,469000
5.835626125335693,855.0941772460938,855.095458984375,855.0928955078125,-856.3927612304688,-855.1032104492188,-2.662409782409668,1.3728824853897095,0.0529046468436718,-0.044289276003837585,0.1559712141752243,1.8682154490079483e-08,0.9997532367706299,-0.00012338117812760174,0.0,-15.214483261108398,470000
4.704151153564453,855.7806396484375,855.7896728515625,855.7715454101562,-857.0826416015625,-855.8145141601562,-2.5662333965301514,1.298125982284546,0.05799959972500801,0.007287273183465004,0.1563480645418167,6.785367440897971e-05,0.9997655153274536,-0.00011723121860995889,-0.0005154943792149425,-14.789649963378906,471000
3.886538505554199,856.155029296875,856.1553955078125,856.1546020507812,-857.490234375,-856.1428833007812,-2.706866502761841,1.3595026731491089,0.05252945423126221,-0.1027512475848198,0.15568824112415314,1.7371593941106767e-08,0.9997639060020447,-0.00011806197289843112,0.0,-15.588102340698242,472000
6.574625015258789,855.525390625,855.557373046875,855.493408203125,-856.7081909179688,-855.4528198242188,-2.5215280055999756,1.266185998916626,0.05864240601658821,0.0976482629776001,0.15524570643901825,1.9865403544372384e-08,0.99974524974823,-0.00012737387442030013,0.0,-14.500457763671875,473000
4.3061699867248535,856.5352172851562,856.7350463867188,856.3353881835938,-857.5447387695312,-856.3142700195312,-2.664247751235962,1.4337714910507202,0.053827088326215744,-0.049601633101701736,0.1543920934200287,1.623992673671637e-08,0.9997697472572327,-0.00011514333891682327,0.0,-15.371586799621582,474000
4.548545837402344,857.3675537109375,857.3786010742188,857.3565063476562,-858.6778564453125,-857.4014282226562,-2.564694881439209,1.2882425785064697,0.058015093207359314,0.012848065234720707,0.15294505655765533,1.8351499875279842e-08,0.9997566938400269,-0.00012168296962045133,0.0,-14.97215747833252,475000
5689.123046875,856.927001953125,856.9276733398438,856.9263916015625,-858.1322631835938,-856.8582153320312,-2.6676485538482666,1.3936104774475098,0.05683653801679611,-0.1117790937423706,0.1536073386669159,1.532552573735302e-08,0.9997735023498535,-0.00011324601655360311,0.0,-15.35495662689209,476000
4.530710220336914,856.6075439453125,856.61328125,856.601806640625,-857.9005126953125,-856.6403198242188,-2.716578722000122,1.4563316106796265,0.05706886947154999,-0.12824460864067078,0.15400686860084534,1.7466058821469232e-08,0.9997620582580566,-0.0001189700560644269,0.0,-15.729848861694336,477000
4.001064300537109,857.2562255859375,857.2562255859375,857.2562255859375,-858.5147094726562,-857.2572021484375,-2.60992169380188,1.352441668510437,0.054659854620695114,0.020283764228224754,0.15375129878520966,1.5011105247708656e-08,0.9997773766517639,-0.00011132011422887444,0.0,-15.095251083374023,478000
5.072084426879883,856.8475341796875,856.8499755859375,856.8450317382812,-858.1497802734375,-856.8441772460938,-2.6012537479400635,1.295673131942749,0.05872819945216179,-0.08578069508075714,0.15329045057296753,1.4064060138707646e-08,0.9997840523719788,-0.0001079906287486665,0.0,-15.147542953491211,479000
3.943851947784424,857.544677734375,857.5451049804688,857.544189453125,-858.7644653320312,-857.5270385742188,-2.5895965099334717,1.3521708250045776,0.05734752118587494,-0.019981805235147476,0.15380460023880005,1.4598962039258367e-08,0.999780535697937,-0.00010974481119774282,0.0,-15.059706687927246,480000
4.5860676765441895,857.651123046875,857.6596069335938,857.6427001953125,-858.9160766601562,-857.6363525390625,-2.5813324451446533,1.301621437072754,0.05833069607615471,-0.0024209313560277224,0.15299369394779205,1.506647961946328e-08,0.9997766613960266,-0.0001116728744818829,0.0,-15.176079750061035,481000
4.268396377563477,857.611328125,857.6118774414062,857.61083984375,-858.8676147460938,-857.603271484375,-2.5798940658569336,1.3155566453933716,0.058173276484012604,-0.04710661247372627,0.15267454087734222,1.5805468933649536e-08,0.9997725486755371,-0.00011373566667316481,0.0,-15.124164581298828,482000
4.272302150726318,857.934814453125,857.9349365234375,857.9346923828125,-859.2106323242188,-857.951171875,-2.545714855194092,1.2862743139266968,0.056911397725343704,0.022898437455296516,0.15283572673797607,1.3178720337236882e-08,0.9997904300689697,-0.00010480669152457267,0.0,-14.871383666992188,483000
2840.685302734375,858.294677734375,858.2950439453125,858.2943115234375,-859.5532836914062,-858.2908325195312,-2.356074810028076,1.0936307907104492,0.06115151196718216,0.2002253532409668,0.15184198319911957,1.4495842748374344e-08,0.9997796416282654,-0.00011016943608410656,0.0,-13.865884780883789,484000
5.295723915100098,858.5725708007812,858.5726318359375,858.572509765625,-859.8131713867188,-858.6015625,-2.4582531452178955,1.2466254234313965,0.05816468223929405,0.08473096787929535,0.1516483873128891,1.4365525657922262e-08,0.9997841715812683,-0.00010792488319566473,0.0,-14.325020790100098,485000
5.110689163208008,859.050048828125,859.0517578125,859.0484008789062,-860.267578125,-859.038330078125,-2.461876153945923,1.2325801849365234,0.058576375246047974,0.047388311475515366,0.15107209980487823,1.5235967154580976e-08,0.9997763633728027,-0.00011181498848600313,0.0,-14.43409538269043,486000
5.299585819244385,858.5479736328125,858.5486450195312,858.5473022460938,-859.8438720703125,-858.5932006835938,-2.496238946914673,1.2455179691314697,0.057796891778707504,-0.018918100744485855,0.15094387531280518,1.4527678615650075e-08,0.999785840511322,-0.00010710609785746783,0.0,-14.724810600280762,487000
4.511996746063232,859.2581787109375,859.2698974609375,859.2463989257812,-860.5684204101562,-859.2955322265625,-2.626660108566284,1.353761911392212,0.05729152634739876,-0.09326102584600449,0.15082091093063354,1.4426654537658123e-08,0.9997830390930176,-0.00010849302634596825,0.0,-15.540323257446289,488000
5.53923225402832,859.813232421875,859.8141479492188,859.8123168945312,-861.057861328125,-859.8165893554688,-2.384641408920288,1.1433509588241577,0.05829166620969772,0.19255144894123077,0.1511295884847641,1.4211797960683725e-08,0.9997849464416504,-0.00010752084199339151,0.0,-14.059276580810547,489000
4.667689800262451,859.3273315429688,859.36865234375,859.2860107421875,-860.54052734375,-859.305419921875,-2.5083725452423096,1.2732446193695068,0.057510796934366226,0.04933539405465126,0.15093664824962616,1.2993148779116837e-08,0.9997952580451965,-0.00010239330003969371,0.0,-14.905357360839844,490000
4.008182525634766,859.7764892578125,859.9409790039062,859.6119995117188,-860.9315185546875,-859.6747436523438,-2.5418107509613037,1.2850440740585327,0.056677136570215225,-0.02574334293603897,0.15016627311706543,1.541452121500697e-08,0.9997782707214355,-0.00011089586041634902,0.0,-15.141478538513184,491000
4.306118965148926,859.7247314453125,859.7249145507812,859.7245483398438,-860.9716796875,-859.750732421875,-2.4891738891601562,1.2682794332504272,0.05763557553291321,0.0003564635699149221,0.150518998503685,1.3625678363382576e-08,0.9997910261154175,-0.00010449910769239068,0.0,-14.856094360351562,492000
4.238614559173584,859.6915283203125,859.6929321289062,859.6901245117188,-860.8939208984375,-859.66064453125,-2.43605375289917,1.2027587890625,0.057068582624197006,0.0991397500038147,0.15053550899028778,1.399648752453686e-08,0.9997861385345459,-0.00010693354124668986,0.0,-14.442625999450684,493000
4.340279579162598,860.2738037109375,860.2748413085938,860.2727661132812,-861.5072021484375,-860.274169921875,-2.3805489540100098,1.14751398563385,0.05801182612776756,0.12313840538263321,0.14998143911361694,1.3152689604112311e-08,0.9997912049293518,-0.00010441598715260625,0.0,-14.253744125366211,494000
2856.085205078125,860.1905517578125,860.1913452148438,860.189697265625,-861.3986206054688,-860.1583862304688,-2.5247788429260254,1.2845194339752197,0.058745626360177994,-0.005571439396589994,0.14850381016731262,2.0475099518080242e-05,0.9997767210006714,-0.00011164680472575128,-0.0002830912999343127,-15.205992698669434,495000
5.038591384887695,860.331298828125,860.3340454101562,860.32861328125,-861.43896484375,-860.296630859375,-2.497194290161133,1.354835867881775,0.05652020499110222,-0.05148059129714966,0.14974844455718994,1.5223118765561594e-08,0.9997771382331848,-0.00011142755101900548,0.0,-14.954612731933594,496000
4.458478927612305,860.776611328125,860.7766723632812,860.7765502929688,-861.9835205078125,-860.7748413085938,-2.4897308349609375,1.28103768825531,0.05283160135149956,-0.02291342429816723,0.14828935265541077,1.4926021307815063e-08,0.999779224395752,-0.00011041831749025732,0.0,-14.964101791381836,497000
4.997466564178467,860.3258056640625,860.3264770507812,860.3250732421875,-861.5797729492188,-860.356689453125,-2.527097225189209,1.3040152788162231,0.053192783147096634,-0.04007328674197197,0.1489381492137909,1.5139974607336626e-08,0.9997819662094116,-0.0001090184086933732,0.0,-15.15717887878418,498000
2859.065673828125,860.751220703125,860.7512817382812,860.7511596679688,-861.8729248046875,-860.702880859375,-2.379181146621704,1.2091553211212158,0.05807466432452202,0.07148107141256332,0.14835040271282196,1.4509176082810882e-08,0.9997819662094116,-0.00010901740461122245,0.0,-14.34177303314209,499000
3.7518930435180664,861.3380126953125,861.339599609375,861.33642578125,-862.571533203125,-861.3545532226562,-2.4355356693267822,1.218578577041626,0.05784175172448158,0.02829626575112343,0.14871127903461456,1.3290039291291578e-08,0.9997897148132324,-0.00010513480810914189,0.0,-14.756317138671875,500000
