critic/q_loss,critic/q_mean,critic/q_max,critic/q_min,actor/total_loss,actor/q_loss,actor/bc_loss,actor/entropy_loss,actor/mse,beta/beta_loss,beta/beta,encoder/encoder_loss,encoder/dot_mean,encoder/log_dot_mean,encoder/kl_target_mean,encoder/nll_raw_mean,step
452.5390625,-0.01119971927255392,0.09357224404811859,-0.108396515250206,-1.5354366302490234,-0.16842180490493774,9.694526672363281,-11.061541557312012,0.37805336713790894,19.46450424194336,0.9997000694274902,0.19493260979652405,0.9869323968887329,-0.006571928970515728,-0.4479166269302368,8.958333015441895,0
23.504493713378906,60.06083679199219,60.06306457519531,60.058528900146484,-65.85694122314453,-60.080902099609375,-8.51707935333252,2.7410449981689453,0.0822952538728714,4.124026775360107,0.7982750535011292,0.0005562783335335553,0.9992241859436035,-0.00038801052141934633,-0.0022185184061527252,-8.73274040222168,1000
8.514121055603027,87.53025817871094,87.5342025756836,87.52631378173828,-94.42462158203125,-87.5968017578125,-11.247567176818848,4.41974401473999,0.06508775055408478,1.118412971496582,0.6930909156799316,3.318063318147324e-05,0.999181866645813,-0.0004091887385584414,-0.00036017707316204906,-11.726289749145508,2000
10.643739700317383,109.38987731933594,109.39151763916016,109.38822174072266,-116.82290649414062,-109.38099670410156,-12.45511245727539,5.0132012367248535,0.06290677189826965,0.3729187548160553,0.6411628127098083,2.282314994772605e-07,0.9991085529327393,-0.00044585089199244976,0.0,-12.923425674438477,3000
11.277093887329102,128.79415893554688,128.79421997070312,128.79405212402344,-135.74261474609375,-128.824462890625,-11.772159576416016,4.854002952575684,0.0670844167470932,0.802038311958313,0.6272215843200684,0.003041166113689542,0.9988717436790466,-0.0005643159383907914,-0.004152098670601845,-12.24254035949707,4000
8.476277351379395,145.71925354003906,145.72161865234375,145.7169189453125,-152.94570922851562,-145.7617950439453,-13.205681800842285,6.0217766761779785,0.05455224588513374,-0.14461223781108856,0.640580952167511,0.0005570396897383034,0.9971765875816345,-0.0014129227492958307,-0.0022931895218789577,-13.872547149658203,5000
8.296272277832031,161.4506378173828,161.45169067382812,161.44956970214844,-168.89788818359375,-161.41336059570312,-13.41246509552002,5.927937030792236,0.054976556450128555,-0.2742076516151428,0.6545239686965942,9.773052624950651e-07,0.9981846809387207,-0.0009081435855478048,0.0,-14.41246509552002,6000
11.963621139526367,176.15231323242188,176.1534881591797,176.151123046875,-183.4866485595703,-176.19293212890625,-12.654175758361816,5.360458850860596,0.06176687777042389,0.1963224858045578,0.6608339548110962,9.21287719393149e-05,0.9985744953155518,-0.0007130588637664914,-0.0006002734880894423,-13.850861549377441,7000
8.48669719696045,190.05947875976562,190.0604705810547,190.05848693847656,-196.9438934326172,-190.03213500976562,-13.113099098205566,6.201336860656738,0.05496456101536751,-0.3632371723651886,0.6611677408218384,5.597271979240759e-07,0.9986162185668945,-0.0006921761087141931,0.0,-14.287755966186523,8000
10.345497131347656,203.45635986328125,203.4568328857422,203.4558868408203,-210.29490661621094,-203.42294311523438,-12.518074989318848,5.646122455596924,0.06111504137516022,-0.1597668081521988,0.6657667756080627,0.0006944400374777615,0.9986987113952637,-0.000650866306386888,-0.002966685453429818,-13.759172439575195,9000
12.089309692382812,215.74896240234375,215.74913024902344,215.74879455566406,-222.61801147460938,-215.73626708984375,-12.782211303710938,5.900467395782471,0.059385862201452255,-0.1573726236820221,0.6700800657272339,0.0004808333469554782,0.9982857704162598,-0.0008575639221817255,-0.0020938930101692677,-14.19963264465332,10000
12.61134147644043,227.7581787109375,227.75819396972656,227.75814819335938,-234.23170471191406,-227.685302734375,-12.091395378112793,5.545003414154053,0.05823694169521332,0.4367772936820984,0.6698037385940552,0.00023774715373292565,0.9982925653457642,-0.0008541572606191039,-0.001667969161644578,-13.4054594039917,11000
8.691394805908203,239.10952758789062,239.1095428466797,239.10951232910156,-245.98269653320312,-239.12774658203125,-11.898507118225098,5.0435686111450195,0.06201520562171936,0.3095405399799347,0.6623024940490723,7.787658978486434e-05,0.9982641339302063,-0.000868380768224597,-0.0005531159113161266,-13.407087326049805,12000
244.7828369140625,248.5528564453125,248.62782287597656,248.47789001464844,-255.03419494628906,-248.41217041015625,-12.658681869506836,6.036667823791504,0.05657176300883293,-0.16799746453762054,0.664614737033844,3.2711024687159806e-05,0.9985485672950745,-0.0007260350976139307,-0.00035551507608033717,-14.410314559936523,13000
11.054759979248047,258.80267333984375,258.828857421875,258.7765197753906,-265.396728515625,-258.7532653808594,-12.659879684448242,6.0164079666137695,0.055498115718364716,-0.3735221326351166,0.6693299412727356,2.1003434085287154e-05,0.9986625909805298,-0.0006689692381769419,-0.0003474050317890942,-14.568304061889648,14000
280.0625,267.9967041015625,268.0113525390625,267.9820251464844,-274.3104248046875,-267.9575500488281,-12.454343795776367,6.101456642150879,0.0575626865029335,0.023189781233668327,0.6660109162330627,0.000417036353610456,0.9988882541656494,-0.00055606325622648,-0.0012771895853802562,-14.33627700805664,15000
12.266368865966797,277.53167724609375,277.53375244140625,277.5296325683594,-284.1209716796875,-277.51177978515625,-12.442488670349121,5.833281993865967,0.057776760309934616,-0.25015705823898315,0.6611754894256592,3.8879807107150555e-05,0.998935341835022,-0.0005325062666088343,-0.000390729313949123,-14.360750198364258,16000
11.698013305664062,286.7888488769531,286.7911071777344,286.7865905761719,-293.0212707519531,-286.8401184082031,-11.451403617858887,5.270263195037842,0.059821613132953644,0.38387835025787354,0.655795693397522,0.0005999210407026112,0.9989194869995117,-0.0005404500989243388,-0.0015311833703890443,-13.575401306152344,17000
13.395248413085938,294.81884765625,294.82080078125,294.8168640136719,-301.193603515625,-294.87445068359375,-11.287810325622559,4.968664646148682,0.06130421906709671,0.5677719712257385,0.6593251824378967,4.276251274859533e-05,0.9988651871681213,-0.0005675852298736572,-0.0005744258523918688,-13.479923248291016,18000
357.3385925292969,303.7710266113281,303.7736511230469,303.7684020996094,-309.9028015136719,-303.7380065917969,-11.778984069824219,5.614184379577637,0.061247166246175766,0.18641437590122223,0.6592311859130859,0.0003860227589029819,0.9986461400985718,-0.0006771939806640148,-0.0016644804272800684,-13.98818588256836,19000
11.3094482421875,311.7993469238281,311.8017578125,311.79693603515625,-318.18524169921875,-311.8758239746094,-11.710655212402344,5.401243686676025,0.05607319623231888,0.08113092184066772,0.6527594923973083,0.00021536607528105378,0.9983676671981812,-0.0008165650069713593,-0.0009204145753756166,-14.325460433959961,20000
11.71674633026123,319.38641357421875,319.386474609375,319.3863525390625,-325.2247314453125,-319.406494140625,-11.46511173248291,5.646878242492676,0.0574738010764122,0.04933738708496094,0.6526915431022644,0.0003790475020650774,0.9983352422714233,-0.0008328077383339405,-0.0013209106400609016,-14.106419563293457,21000
11.101238250732422,326.6755065917969,326.6756591796875,326.67535400390625,-332.87249755859375,-326.668701171875,-11.508247375488281,5.30445671081543,0.060677528381347656,0.12700074911117554,0.6504209041595459,2.4128186851157807e-05,0.9988020062446594,-0.0005992049118503928,-0.000306055968394503,-14.057353973388672,22000
11.931041717529297,333.78619384765625,333.7870178222656,333.78533935546875,-339.8184814453125,-333.82171630859375,-11.290571212768555,5.293797969818115,0.057650063186883926,0.21846817433834076,0.6471099257469177,3.674651338769763e-07,0.998885452747345,-0.0005574449896812439,0.0,-14.212491989135742,23000
11.84190559387207,340.61199951171875,340.61376953125,340.6101989746094,-346.8199462890625,-340.6606140136719,-11.810630798339844,5.651296615600586,0.05631721019744873,-0.31795018911361694,0.642737090587616,1.0983787888108054e-06,0.9989197254180908,-0.0005403204122558236,-5.6178378144977614e-05,-14.837778091430664,24000
9.544904708862305,347.52783203125,347.5308837890625,347.5248107910156,-353.3511657714844,-347.5362854003906,-11.212143898010254,5.397281169891357,0.05983952805399895,0.015464697033166885,0.6412434577941895,0.0008296638261526823,0.9989483952522278,-0.0005259610479697585,-0.001802403829060495,-14.041074752807617,25000
11.826578140258789,353.702392578125,353.7024841308594,353.70233154296875,-359.77435302734375,-353.70953369140625,-11.551704406738281,5.486863613128662,0.05667027458548546,-0.2830953598022461,0.6332461833953857,3.800092827077606e-07,0.9988571405410767,-0.0005716238520108163,0.0,-14.468927383422852,26000
11.103759765625,360.0922546386719,360.09283447265625,360.0916748046875,-365.8653564453125,-360.09930419921875,-11.370370864868164,5.604321479797363,0.0533762127161026,0.17625340819358826,0.632554292678833,3.323603152693977e-07,0.9989316463470459,-0.0005343306111171842,0.0,-14.375436782836914,27000
9.71324348449707,366.0460205078125,366.0461730957031,366.0458679199219,-371.8046569824219,-366.031494140625,-10.52478313446045,4.7516093254089355,0.06160486489534378,0.4994383752346039,0.6331697702407837,2.7125696533403243e-07,0.9990387558937073,-0.0004807853256352246,0.0,-13.650944709777832,28000
11.241843223571777,371.718994140625,371.71966552734375,371.7182922363281,-377.53790283203125,-371.7524719238281,-11.171524047851562,5.386107444763184,0.056716203689575195,0.14073273539543152,0.6265248656272888,5.5113672715378925e-05,0.9989697337150574,-0.0005152717349119484,-0.000550325377844274,-14.345666885375977,29000
9.36159610748291,377.71221923828125,377.71295166015625,377.7114562988281,-383.36065673828125,-377.7348327636719,-10.960076332092285,5.334269046783447,0.0556698814034462,-0.11328205466270447,0.6234554648399353,7.148431905079633e-05,0.9990317225456238,-0.00048426317516714334,-0.0006396002718247473,-14.414785385131836,30000
11.72053050994873,382.89208984375,382.8922424316406,382.8919372558594,-388.64312744140625,-382.8933410644531,-11.043025016784668,5.293237209320068,0.05867359787225723,0.035561125725507736,0.6214943528175354,3.347818346810527e-05,0.9990156888961792,-0.0004922995576635003,-0.0003618561604525894,-14.610837936401367,31000
11.52612018585205,388.52655029296875,388.55157470703125,388.5015563964844,-394.1927185058594,-388.5403137207031,-10.615140914916992,4.962724208831787,0.06049436703324318,0.227129265666008,0.614918053150177,0.0010886832606047392,0.9990525245666504,-0.0004738761344924569,-0.0025909156538546085,-14.187676429748535,32000
597.78662109375,393.50018310546875,393.5208435058594,393.47955322265625,-398.9491271972656,-393.4057922363281,-10.05777645111084,4.5144219398498535,0.06284461915493011,0.4816816747188568,0.6122419834136963,2.075015800073743e-06,0.9975906610488892,-0.0012056941632181406,0.0,-13.369773864746094,33000
11.631218910217285,398.7562255859375,398.7570495605469,398.75543212890625,-404.406494140625,-398.7981262207031,-10.746034622192383,5.137653350830078,0.05664053559303284,-0.1827428638935089,0.6069673299789429,0.00011952668864978477,0.9988214373588562,-0.0005895107751712203,-0.0006861783913336694,-14.786771774291992,34000
9.045969009399414,403.9567565917969,403.9593200683594,403.9541931152344,-409.5118103027344,-403.9412841796875,-10.413392066955566,4.842879772186279,0.06072716787457466,0.09875796735286713,0.6047789454460144,2.9456924721671385e-07,0.999022364616394,-0.0004889642586931586,0.0,-14.241109848022461,35000
10.244678497314453,408.6159973144531,408.6170959472656,408.6148986816406,-413.9217224121094,-408.6220397949219,-10.32539176940918,5.025681972503662,0.05876472592353821,0.08435896039009094,0.5996395945549011,2.2948816535972583e-07,0.9991163611412048,-0.00044193322537466884,0.0,-14.228469848632812,36000
10.858196258544922,413.8786926269531,413.87890625,413.87847900390625,-419.2104797363281,-413.8609619140625,-10.60009765625,5.25058650970459,0.056290727108716965,-0.13347631692886353,0.5981037616729736,0.0003053804684896022,0.9990971088409424,-0.0004515399341471493,-0.001194350072182715,-14.588191986083984,37000
10.862396240234375,418.15216064453125,418.1575012207031,418.1468200683594,-423.8605041503906,-418.16949462890625,-10.553763389587402,4.862760543823242,0.05527762323617935,-0.09400243312120438,0.5950228571891785,1.971678648260422e-05,0.999139130115509,-0.0004305449256207794,-0.0002777851768769324,-14.89918041229248,38000
13.963277816772461,423.16925048828125,423.17559814453125,423.16290283203125,-428.44818115234375,-423.2010803222656,-10.024362564086914,4.777245044708252,0.05742551386356354,0.3887883424758911,0.5914599299430847,0.00043333962094038725,0.999031662940979,-0.0004842782218474895,-0.001302239834330976,-13.82497787475586,39000
9.412849426269531,427.6012878417969,427.60302734375,427.59954833984375,-432.8067932128906,-427.6543884277344,-9.969086647033691,4.816680908203125,0.05753549188375473,0.16165922582149506,0.5897333025932312,2.6772829642141005e-07,0.9990503787994385,-0.00047495163744315505,0.0,-14.005237579345703,40000
8.147459030151367,432.403564453125,432.4063415527344,432.40081787109375,-437.7666015625,-432.4412536621094,-9.657577514648438,4.3322038650512695,0.06056872382760048,0.16054067015647888,0.5851534605026245,2.2369157193224964e-07,0.9991244077682495,-0.00043790071504190564,0.0,-14.005253791809082,41000
11.68917465209961,436.54864501953125,436.5496826171875,436.5476379394531,-441.94647216796875,-436.5584411621094,-10.81903076171875,5.431007385253906,0.05120124667882919,-0.3144415616989136,0.5829532146453857,2.2201049887371482e-07,0.9991389513015747,-0.00043062138138338923,0.0,-15.354100227355957,42000
10.471339225769043,440.77166748046875,440.771728515625,440.7716369628906,-445.9118347167969,-440.8024597167969,-10.116372108459473,5.006975173950195,0.05629090592265129,0.13294807076454163,0.5825739502906799,2.520162070140941e-07,0.9990806579589844,-0.0004597681399900466,0.0,-14.391090393066406,43000
11.20759391784668,445.06732177734375,445.0685119628906,445.0661315917969,-450.31549072265625,-445.083984375,-10.374136924743652,5.142626762390137,0.05398349091410637,-0.19489334523677826,0.5771486759185791,8.562605216866359e-05,0.9991350173950195,-0.000432592467404902,-0.0005787528934888542,-14.982933044433594,44000
10.977770805358887,449.08941650390625,449.090576171875,449.0882568359375,-454.09429931640625,-449.08050537109375,-10.0267915725708,5.013007164001465,0.05843017250299454,-0.18612946569919586,0.5760037899017334,2.1481019985003513e-07,0.9991456270217896,-0.0004273208905942738,0.0,-14.525915145874023,45000
9.977145195007324,453.16900634765625,453.16937255859375,453.16864013671875,-458.23419189453125,-453.1629638671875,-10.385530471801758,5.314304828643799,0.057086069136857986,-0.5276281237602234,0.5688128471374512,0.00018601493502501398,0.9991744756698608,-0.0004128340515308082,-0.0008531161583960056,-15.339361190795898,46000
9.79147720336914,456.7175598144531,456.71759033203125,456.717529296875,-461.62469482421875,-456.687744140625,-9.748224258422852,4.811281204223633,0.060398466885089874,0.06893936544656754,0.5671189427375793,2.482434524608834e-07,0.9990849494934082,-0.0004576263017952442,0.0,-14.413926124572754,47000
10.722198486328125,460.9906005859375,460.9908447265625,460.9903869628906,-466.0574645996094,-460.9407043457031,-10.206488609313965,5.089730739593506,0.05513698607683182,-0.4549139142036438,0.5647415518760681,3.1975375236470427e-07,0.9990096688270569,-0.0004953386960551143,0.0,-15.394659996032715,48000
10.461193084716797,464.8810729980469,464.8819580078125,464.88018798828125,-469.88018798828125,-464.8603820800781,-9.794827461242676,4.775025367736816,0.05765175819396973,-0.07905617356300354,0.5584322810173035,2.5797652369874413e-07,0.9990822672843933,-0.0004589975578710437,-8.076184712990653e-06,-14.720124244689941,49000
10.920923233032227,468.1482849121094,468.1490173339844,468.1475524902344,-473.09765625,-468.1061096191406,-9.933981895446777,4.942451477050781,0.05494265258312225,-0.15872865915298462,0.5564514994621277,2.3061573983795824e-07,0.9991148710250854,-0.0004426979285199195,0.0,-14.892148971557617,50000
11.16795539855957,472.5355529785156,472.53643798828125,472.53466796875,-477.2315368652344,-472.5308532714844,-9.508185386657715,4.8075056076049805,0.05606743320822716,0.2215263694524765,0.5483921766281128,2.2573038904738496e-07,0.999143660068512,-0.0004282716545276344,0.0,-14.492307662963867,51000
878.4635620117188,476.52239990234375,476.5237731933594,476.5210266113281,-481.4245300292969,-476.5016784667969,-9.569912910461426,4.647051811218262,0.057307444512844086,-0.07454361021518707,0.5495942234992981,2.5162846213788725e-05,0.9991400241851807,-0.00043007757631130517,-0.00031418324215337634,-14.56109619140625,52000
9.877803802490234,480.0401611328125,480.0420227050781,480.03826904296875,-484.9547119140625,-480.0701599121094,-9.213168144226074,4.328619480133057,0.05841574817895889,0.29076144099235535,0.5497094392776489,1.9430355280292133e-07,0.9991809129714966,-0.0004096234333701432,0.0,-14.031440734863281,53000
10.172107696533203,483.849365234375,483.8501281738281,483.8486022949219,-488.8870544433594,-483.8777770996094,-9.314802169799805,4.305514335632324,0.06204899027943611,0.24729961156845093,0.543734073638916,1.0199197276961058e-05,0.9991668462753296,-0.00041668477933853865,-0.0001990638265851885,-14.203592300415039,54000
10.940733909606934,487.16290283203125,487.16290283203125,487.1628723144531,-491.97686767578125,-487.1889953613281,-9.578612327575684,4.790745735168457,0.05312041565775871,-0.2743344008922577,0.5386132001876831,1.8880822949540743e-07,0.9991942644119263,-0.0004029356350656599,0.0,-15.135045051574707,55000
9.172029495239258,490.5275573730469,490.5275573730469,490.5275573730469,-495.2818908691406,-490.5448913574219,-9.010717391967773,4.273707389831543,0.05884477123618126,0.13640448451042175,0.5387662649154663,5.507946525540319e-07,0.9992214441299438,-0.00038934205076657236,-4.034709490952082e-05,-14.037843704223633,56000
10.406124114990234,494.0287170410156,494.0299072265625,494.02752685546875,-498.92236328125,-494.103515625,-9.101576805114746,4.282713413238525,0.05879703536629677,0.2868366837501526,0.5326068997383118,7.329660729737952e-05,0.9992583990097046,-0.0003708761651068926,-0.0005371322040446103,-14.42404842376709,57000
9.041147232055664,497.4300537109375,497.4302062988281,497.429931640625,-502.22503662109375,-497.4461669921875,-9.226702690124512,4.4478607177734375,0.059558846056461334,-0.025165479630231857,0.531123697757721,1.5837836997434351e-07,0.9992681741714478,-0.00036598718725144863,0.0,-14.728992462158203,58000
10.533943176269531,499.82684326171875,499.8312683105469,499.8223876953125,-504.4590759277344,-499.8394470214844,-9.08350944519043,4.463859558105469,0.05810670927166939,0.024835949763655663,0.5294274091720581,1.458000440379692e-07,0.9992913007736206,-0.00035443552769720554,0.0,-14.54820442199707,59000
9.608755111694336,503.2993469238281,503.2995910644531,503.2991027832031,-508.06573486328125,-503.28851318359375,-9.380646705627441,4.6034626960754395,0.05466122552752495,-0.3724502921104431,0.5275327563285828,1.463761520881235e-07,0.9992950558662415,-0.00035254034446552396,0.0,-15.108190536499023,60000
8.866961479187012,506.9000549316406,506.90008544921875,506.9000244140625,-511.4700927734375,-506.895263671875,-8.878335952758789,4.30353307723999,0.0546860434114933,0.2008817046880722,0.5204737186431885,1.4427580197207135e-07,0.9992945194244385,-0.00035283525357954204,0.0,-14.19070053100586,61000
9.645462036132812,510.2286071777344,510.2286071777344,510.2286071777344,-514.6622314453125,-510.1990661621094,-8.793511390686035,4.33032751083374,0.05798479542136192,0.23175795376300812,0.5173963308334351,0.0005848671426065266,0.9992970824241638,-0.0003515200223773718,-0.0020529211033135653,-14.17953872680664,62000
11.59710693359375,513.2659912109375,513.2659912109375,513.2659912109375,-517.8953247070312,-513.2227783203125,-8.930150985717773,4.257607936859131,0.05963519215583801,-0.029953062534332275,0.5156126618385315,0.0004188294697087258,0.999284029006958,-0.00035806308733299375,-0.0012802515411749482,-14.471378326416016,63000
10.262320518493652,515.9129638671875,515.9129638671875,515.9129638671875,-520.4921875,-515.9840087890625,-9.04457950592041,4.53637170791626,0.055058762431144714,-0.14325416088104248,0.5147659778594971,4.1586881707189605e-05,0.9992309212684631,-0.00038465147372335196,-0.0004032960277982056,-14.822826385498047,64000
10.250486373901367,519.458740234375,519.4588012695312,519.4586791992188,-523.9224243164062,-519.4697875976562,-8.772720336914062,4.320068836212158,0.05462326854467392,0.14424273371696472,0.5136580467224121,1.6554861304030055e-07,0.9992477893829346,-0.00037618738133460283,0.0,-14.481152534484863,65000
10.122417449951172,522.45361328125,522.4567260742188,522.450439453125,-527.0576782226562,-522.4799194335938,-8.97239875793457,4.3946380615234375,0.05620041862130165,-0.29009243845939636,0.5101643800735474,1.7178186340061075e-07,0.9992390871047974,-0.00038055417826399207,0.0,-15.034810066223145,66000
8.94554328918457,525.0557861328125,525.0571899414062,525.0543823242188,-529.525634765625,-525.1141967773438,-8.586657524108887,4.175250053405762,0.05708877742290497,-0.03862248733639717,0.5016347765922546,1.6741692832056287e-07,0.9992557764053345,-0.0003722143592312932,0.0,-14.561677932739258,67000
9.362588882446289,528.159423828125,528.1597290039062,528.1591186523438,-532.6254272460938,-528.1548461914062,-8.951958656311035,4.481362819671631,0.054479725658893585,-0.22245222330093384,0.5048028826713562,1.4400237091649615e-07,0.9993010759353638,-0.0003495272540021688,0.0,-15.078975677490234,68000
8.617116928100586,530.666015625,530.6663818359375,530.6655883789062,-535.1414794921875,-530.6516723632812,-8.661693572998047,4.171902656555176,0.058983899652957916,-0.1391865760087967,0.4914357662200928,0.00011442155664553866,0.9992754459381104,-0.00036233250284567475,-0.000669773668050766,-14.845609664916992,69000
1097.489501953125,534.0018310546875,534.001953125,534.0016479492188,-538.3829345703125,-533.9732666015625,-8.642913818359375,4.233269691467285,0.05857602134346962,0.15871888399124146,0.499889999628067,9.525629866402596e-05,0.9992308616638184,-0.0003846609324682504,-0.0006112333503551781,-14.423009872436523,70000
7.690471649169922,536.772216796875,536.7723388671875,536.7721557617188,-540.97998046875,-536.78369140625,-8.438104629516602,4.2418212890625,0.05785231664776802,0.3291715085506439,0.49613896012306213,0.0002910033508669585,0.9992417097091675,-0.00037923932541161776,-0.0010667935712262988,-14.39605712890625,71000
9.847090721130371,539.4083251953125,539.4083251953125,539.4082641601562,-543.6206665039062,-539.4325561523438,-8.152986526489258,3.9649150371551514,0.06015421450138092,0.02296169474720955,0.4927532970905304,2.7008029519492993e-06,0.9992399215698242,-0.00038012253935448825,-0.00010061975626740605,-14.481966018676758,72000
8.952140808105469,542.3270263671875,542.3270263671875,542.3270263671875,-546.6694946289062,-542.3162231445312,-8.772132873535156,4.4188642501831055,0.05413335934281349,-0.4346284568309784,0.4903171956539154,1.5409224829454615e-07,0.9992707371711731,-0.00036471892963163555,0.0,-15.244523048400879,73000
7.755897045135498,545.1049194335938,545.1049194335938,545.1049194335938,-549.4442138671875,-545.0902099609375,-8.537224769592285,4.183257579803467,0.05484159290790558,-0.023650700226426125,0.4860365092754364,1.603227417490416e-07,0.9992651343345642,-0.00036751508014276624,0.0,-14.926557540893555,74000
10.46639633178711,547.5146484375,547.5165405273438,547.5128173828125,-551.8184814453125,-547.5311889648438,-8.222564697265625,3.9353177547454834,0.059020183980464935,0.16845278441905975,0.488543301820755,0.0002734965237323195,0.9992514848709106,-0.0003743255219887942,-0.0010349360527470708,-14.597620010375977,75000
11.45927619934082,549.9403076171875,549.9423828125,549.9382934570312,-554.1035766601562,-549.9395751953125,-8.046920776367188,3.8829309940338135,0.05840732157230377,0.1587086319923401,0.4844444990158081,7.399497008009348e-06,0.9992289543151855,-0.0003855922259390354,-0.00016925441741477698,-14.177509307861328,76000
7.285080909729004,552.6707763671875,552.6727294921875,552.6688842773438,-556.9467163085938,-552.744384765625,-8.457597732543945,4.255242347717285,0.05375031754374504,-0.1423848569393158,0.4799749553203583,3.065967177917628e-07,0.9990265965461731,-0.00048684614012017846,0.0,-15.153515815734863,77000
9.930570602416992,555.0548706054688,555.05615234375,555.0535888671875,-559.2606201171875,-555.1101684570312,-8.229665756225586,4.079244613647461,0.05481092259287834,0.018717776983976364,0.4782509505748749,5.567781045101583e-05,0.9990962743759155,-0.000452005653642118,-0.0004707832995336503,-14.865406036376953,78000
8.460672378540039,557.5791625976562,557.579345703125,557.5789794921875,-561.6193237304688,-557.6055297851562,-7.863489627838135,3.8496899604797363,0.05703866109251976,0.16734856367111206,0.47618141770362854,3.95720089727547e-05,0.999144434928894,-0.0004278734268154949,-0.0003940687165595591,-14.257366180419922,79000
9.58293628692627,559.78369140625,559.7839965820312,559.7833251953125,-563.8959350585938,-559.7396850585938,-8.019832611083984,3.8635568618774414,0.05585628002882004,0.05896073579788208,0.47357624769210815,1.8631533293955727e-07,0.9992086887359619,-0.000395740382373333,0.0,-14.457876205444336,80000
9.341754913330078,562.4481201171875,562.4488525390625,562.4473876953125,-566.4583129882812,-562.4319458007812,-8.337019920349121,4.310685157775879,0.05307827889919281,-0.2818297743797302,0.47220078110694885,0.0003418494015932083,0.9992616176605225,-0.0003692645695991814,-0.0011565195163711905,-15.124563217163086,81000
10.002062797546387,565.0659790039062,565.0659790039062,565.0659790039062,-569.0466918945312,-565.0714721679688,-8.261371612548828,4.286142826080322,0.054919127374887466,-0.3378349542617798,0.46948137879371643,0.0001937902270583436,0.9993089437484741,-0.0003456072008702904,-0.0008704841020517051,-15.134934425354004,82000
9.825815200805664,567.0818481445312,567.0819091796875,567.081787109375,-571.2215576171875,-567.1246948242188,-7.628112316131592,3.531270742416382,0.05997267737984657,0.2659623324871063,0.46458593010902405,1.4703923056913482e-07,0.9992926120758057,-0.0003537916927598417,0.0,-14.207547187805176,83000
9.471861839294434,569.6378173828125,569.6411743164062,569.6343994140625,-573.7634887695312,-569.6627197265625,-7.888232707977295,3.787466049194336,0.0592515766620636,0.08235335350036621,0.4618116021156311,1.3230274475972692e-07,0.999335765838623,-0.00033221859484910965,0.0,-14.750946044921875,84000
9.499438285827637,572.2327880859375,572.2351684570312,572.2303466796875,-576.10595703125,-572.2620849609375,-7.789916038513184,3.9460713863372803,0.05544070526957512,-0.1845332682132721,0.46119430661201477,6.985488289501518e-05,0.9993361234664917,-0.000331997056491673,-0.0007330055814236403,-14.658466339111328,85000
9.5234375,574.293212890625,574.2970581054688,574.2894287109375,-578.08740234375,-574.2666625976562,-7.915370941162109,4.094593048095703,0.05600247532129288,-0.13182035088539124,0.4561998248100281,3.8932017787374207e-07,0.9993525147438049,-0.00032380898483097553,-3.37403871526476e-05,-14.772260665893555,86000
9.06557559967041,576.2969970703125,576.29736328125,576.2965698242188,-580.24267578125,-576.3251342773438,-8.273365020751953,4.3558478355407715,0.05101293697953224,-0.2675834000110626,0.4575013816356659,9.042009878612589e-06,0.9993784427642822,-0.00031086732633411884,-0.00018757132056634873,-15.597423553466797,87000
9.995906829833984,578.499755859375,578.5001831054688,578.499267578125,-582.3576049804688,-578.4702758789062,-8.076449394226074,4.189144611358643,0.051141317933797836,-0.23797102272510529,0.4551236033439636,0.00022278109099715948,0.9993590116500854,-0.0003205428074579686,-0.0009336746297776699,-15.29403018951416,88000
9.260448455810547,580.8642578125,580.8651123046875,580.8634033203125,-584.8766479492188,-580.8182373046875,-7.8301920890808105,3.771789073944092,0.05648954585194588,0.04551871493458748,0.45233047008514404,1.1821019541002897e-07,0.9993618726730347,-0.00031910903635434806,0.0,-14.981630325317383,89000
10.406774520874023,582.9915771484375,582.9920043945312,582.9911499023438,-586.8673706054688,-583.021240234375,-7.727103233337402,3.8809919357299805,0.056358013302087784,0.007594711612910032,0.4521925747394562,9.529020644549746e-06,0.9993528127670288,-0.00032366462983191013,-0.00021475304674822837,-14.689821243286133,90000
9.778307914733887,585.0450439453125,585.0497436523438,585.0404052734375,-588.8568725585938,-585.0265502929688,-7.511064529418945,3.680711030960083,0.058418236672878265,0.15384037792682648,0.44931259751319885,1.549846615489514e-07,0.9992790222167969,-0.0003605710226111114,0.0,-14.174402236938477,91000
9.857257843017578,587.6820068359375,587.6823120117188,587.681640625,-591.5396728515625,-587.7232666015625,-7.849390506744385,4.032944202423096,0.053821414709091187,-0.27319419384002686,0.44411227107048035,2.1734786059823819e-07,0.9991581439971924,-0.0004210268671158701,0.0,-15.0642728805542,92000
8.198566436767578,590.0621337890625,590.062744140625,590.0615844726562,-593.9608764648438,-590.0513916015625,-7.382532596588135,3.4730231761932373,0.0585317425429821,0.14097602665424347,0.44440001249313354,2.3119804382076836e-07,0.9991486072540283,-0.0004257884284015745,0.0,-14.454490661621094,93000
7.997829437255859,592.5859985351562,592.58642578125,592.5855712890625,-596.3477172851562,-592.5841064453125,-7.753522872924805,3.989901304244995,0.05478950962424278,-0.21110782027244568,0.4414816200733185,1.4088524835642602e-07,0.999311089515686,-0.00034455221612006426,0.0,-14.963394165039062,94000
9.156988143920898,594.287841796875,594.341552734375,594.2341918945312,-598.0091552734375,-594.2427368164062,-6.857577323913574,3.09116268157959,0.06167013570666313,0.589552640914917,0.43537846207618713,5.265834988676943e-05,0.9993448257446289,-0.00032763421768322587,-0.0004551026504486799,-13.409988403320312,95000
9.763858795166016,596.12109375,596.121337890625,596.1209106445312,-599.9019165039062,-596.1271362304688,-7.314364910125732,3.5395874977111816,0.05916866287589073,0.1781216412782669,0.43767911195755005,1.3151703569747042e-05,0.9993452429771423,-0.0003274306654930115,-0.0003106595540884882,-14.543298721313477,96000
8.44801139831543,598.8831176757812,598.8834838867188,598.8827514648438,-602.4963989257812,-598.8751831054688,-7.518093109130859,3.8968279361724854,0.05394158139824867,-0.058447252959012985,0.4348154664039612,1.268421669919917e-07,0.999347448348999,-0.0003263245744165033,0.0,-14.804000854492188,97000
9.169950485229492,600.76513671875,600.7656860351562,600.7645263671875,-604.393798828125,-600.7696533203125,-7.455160617828369,3.8309991359710693,0.055638283491134644,-0.07003215700387955,0.43227165937423706,1.250848526979098e-07,0.9993442893028259,-0.0003279243828728795,0.0,-14.885974884033203,98000
7.592402458190918,602.8724365234375,602.8728637695312,602.8720092773438,-606.5603637695312,-602.9024658203125,-7.322768688201904,3.664841651916504,0.05490925908088684,0.0372769720852375,0.4294484555721283,1.215094158624197e-07,0.9993585348129272,-0.00032081385143101215,0.0,-14.67451286315918,99000
8.276666641235352,604.1168212890625,604.11767578125,604.115966796875,-607.83203125,-604.0801391601562,-7.109616279602051,3.357748508453369,0.0586857944726944,0.16993246972560883,0.43055883049964905,1.1134775945720321e-07,0.9993796348571777,-0.00031020957976579666,0.0,-14.43586540222168,100000
8.174358367919922,606.55517578125,606.5565185546875,606.5538940429688,-610.19677734375,-606.4869384765625,-7.488150596618652,3.7783024311065674,0.05631132051348686,-0.18842753767967224,0.42726269364356995,2.1360323444241658e-05,0.9993601441383362,-0.0003199945203959942,-0.0002898988896049559,-15.246920585632324,101000
7.793438911437988,608.2487182617188,608.2487182617188,608.2487182617188,-611.9320678710938,-608.2969360351562,-7.377894878387451,3.74273419380188,0.053227588534355164,-0.08391346037387848,0.4259803593158722,9.91235395986223e-08,0.999414324760437,-0.0002928827307187021,0.0,-15.119514465332031,102000
8.351025581359863,609.9283447265625,609.9284057617188,609.92822265625,-613.6175537109375,-609.9307250976562,-7.373683452606201,3.6868302822113037,0.0568758025765419,0.004601537249982357,0.4224923849105835,0.00016413307457696646,0.9993708729743958,-0.00031463842606171966,-0.0008917194791138172,-14.907464027404785,103000
8.171917915344238,612.1885986328125,612.1976318359375,612.1795654296875,-615.689208984375,-612.1823120117188,-7.2275471687316895,3.7206459045410156,0.058172181248664856,0.03716089949011803,0.42164289951324463,1.2001696347851976e-07,0.9993729591369629,-0.0003135797451250255,0.0,-14.716190338134766,104000
7.041016101837158,614.260009765625,614.260009765625,614.260009765625,-617.8261108398438,-614.28271484375,-7.069947719573975,3.5265471935272217,0.055713262408971786,0.0529998242855072,0.4194609224796295,1.1853719428245313e-07,0.9993733167648315,-0.00031340064015239477,0.0,-14.509098052978516,105000
8.196696281433105,616.2344360351562,616.3518676757812,616.1170043945312,-619.6669921875,-616.073486328125,-6.9557204246521,3.3622639179229736,0.059357378631830215,0.020930305123329163,0.4184812605381012,0.001011448446661234,0.9993717670440674,-0.00031416563433595,-0.0019888225942850113,-14.430671691894531,106000
8.421401977539062,618.473876953125,618.478515625,618.46923828125,-622.0202026367188,-618.46728515625,-6.9781622886657715,3.4252429008483887,0.056767240166664124,0.13607917726039886,0.41513946652412415,1.1201370853086701e-07,0.9993839263916016,-0.00030808348674327135,0.0,-14.547603607177734,107000
1498.9210205078125,619.6309814453125,619.6312255859375,619.6307983398438,-622.9635009765625,-619.58984375,-6.865045547485352,3.4914016723632812,0.0567031130194664,0.1991206407546997,0.4142310321331024,0.0004307362833060324,0.9993782043457031,-0.0003109625540673733,-0.0022343473974615335,-14.494780540466309,108000
7.451080799102783,622.093994140625,622.0941162109375,622.0939331054688,-625.5421142578125,-622.1126708984375,-6.855441570281982,3.426013946533203,0.05653247609734535,0.11274457722902298,0.41271325945854187,1.4992910735145415e-07,0.9993064403533936,-0.00034683567355386913,0.0,-14.47877311706543,109000
8.34842586517334,623.738037109375,623.744384765625,623.7316284179688,-627.1597900390625,-623.7653198242188,-7.013825416564941,3.619396686553955,0.05492088571190834,0.004072511103004217,0.41153934597969055,2.178072406877618e-07,0.9991859793663025,-0.00040710894973017275,0.0,-14.70591926574707,110000
8.379426956176758,625.452392578125,625.45263671875,625.4522094726562,-628.85693359375,-625.41357421875,-7.092895984649658,3.6495282649993896,0.056096382439136505,-0.056533344089984894,0.4088706076145172,3.092241627200565e-07,0.9990488290786743,-0.0004757483839057386,0.0,-15.023829460144043,111000
7.74511194229126,627.69140625,627.6915893554688,627.6912231445312,-631.400634765625,-627.6972045898438,-7.3349103927612305,3.631493330001831,0.055935438722372055,-0.4067978262901306,0.4021129608154297,0.00011956829257542267,0.9991943836212158,-0.00040292670018970966,-0.0006862320587970316,-15.784424781799316,112000
6.471236228942871,629.49560546875,629.4967041015625,629.4945068359375,-633.077392578125,-629.5031127929688,-7.06484842300415,3.490513801574707,0.057515013962984085,-0.13486160337924957,0.40250182151794434,0.0005354845779947937,0.99925696849823,-0.00037161121144890785,-0.0014484872808679938,-15.079596519470215,113000
9.788164138793945,630.4755859375,630.4925537109375,630.4586791992188,-634.0451049804688,-630.5084838867188,-7.110413074493408,3.57376766204834,0.05577496439218521,-0.29637303948402405,0.4046905040740967,2.758998220997455e-07,0.9990990161895752,-0.0004506419354584068,0.0,-15.395350456237793,114000
8.461126327514648,632.20166015625,632.2021484375,632.2012329101562,-635.6493530273438,-632.2239379882812,-6.609102249145508,3.183692693710327,0.054285358637571335,0.18411415815353394,0.40211722254753113,1.415739063759247e-07,0.9993138909339905,-0.00034310505725443363,0.0,-14.473159790039062,115000
6.604001522064209,634.34716796875,634.3489379882812,634.345458984375,-637.7642822265625,-634.374267578125,-6.862724781036377,3.4726924896240234,0.053948335349559784,-0.007277028169482946,0.39576736092567444,1.1602784866227012e-07,0.9993831515312195,-0.0003084922500420362,0.0,-14.870346069335938,116000
7.676600933074951,635.7154541015625,635.7157592773438,635.7151489257812,-639.1084594726562,-635.6983642578125,-6.849677085876465,3.4395577907562256,0.05280163884162903,0.07610403746366501,0.398383766412735,1.0012848861151724e-07,0.9994103312492371,-0.00029489328153431416,0.0,-14.919267654418945,117000
8.302305221557617,637.18994140625,637.1917724609375,637.1880493164062,-640.4528198242188,-637.1995239257812,-6.515657424926758,3.262360095977783,0.059196073561906815,0.2691288888454437,0.39815229177474976,1.3174729929232853e-07,0.9993628263473511,-0.0003186794638168067,0.0,-14.191926002502441,118000
7.405969619750977,638.728515625,638.7289428710938,638.7280883789062,-641.9492797851562,-638.7633056640625,-6.348652362823486,3.1626718044281006,0.055582497268915176,0.24154649674892426,0.39454004168510437,8.590785910200793e-06,0.9993377923965454,-0.0003311899199616164,-0.00018230831483379006,-14.043495178222656,119000
7.991933822631836,640.3622436523438,640.3627319335938,640.3617553710938,-643.7000122070312,-640.40087890625,-6.738072395324707,3.4389898777008057,0.05882027745246887,-0.01691453345119953,0.39229705929756165,8.250396786024794e-05,0.9991711378097534,-0.00041456479812040925,-0.000570927164517343,-14.882808685302734,120000
7.673654556274414,642.329345703125,642.330810546875,642.3278198242188,-645.7628173828125,-642.339599609375,-6.736083030700684,3.3128952980041504,0.057754844427108765,-0.02316754125058651,0.38799285888671875,1.6106200462218112e-07,0.9992808103561401,-0.0003596578608267009,0.0,-14.94778823852539,121000
7.530656337738037,643.835205078125,643.835693359375,643.8347778320312,-647.1227416992188,-643.89111328125,-6.096189498901367,2.864565134048462,0.0594916008412838,0.3907702565193176,0.38959285616874695,0.00011039293167414144,0.9993718266487122,-0.0003141351626254618,-0.0006573830032721162,-13.670842170715332,122000
8.1422119140625,645.3803100585938,645.3812866210938,645.3793334960938,-648.5025634765625,-645.3411254882812,-6.392045974731445,3.2306108474731445,0.0579698421061039,0.14689433574676514,0.38954851031303406,1.1212434714025221e-07,0.9993948936462402,-0.0003026252961717546,0.0,-14.374687194824219,123000
1617.3525390625,647.595703125,647.595947265625,647.595458984375,-650.7732543945312,-647.5751342773438,-6.27230167388916,3.0741641521453857,0.05498960241675377,0.20582683384418488,0.38462600111961365,9.730523942153013e-08,0.9994260668754578,-0.000287017785012722,0.0,-14.146745681762695,124000
8.043083190917969,648.694091796875,648.6954345703125,648.6926879882812,-651.94140625,-648.6395263671875,-6.660472393035889,3.358571767807007,0.05582943931221962,0.025570150464773178,0.3841938376426697,8.916431681882386e-08,0.9994513392448425,-0.0002743633231148124,0.0,-14.995805740356445,125000
6.857979774475098,650.39990234375,650.4004516601562,650.3993530273438,-653.703857421875,-650.3687744140625,-6.5355939865112305,3.2005298137664795,0.058017484843730927,-0.0481087863445282,0.3819035589694977,7.987199523995514e-08,0.9994823932647705,-0.0002588288625702262,0.0,-14.895284652709961,126000
7.470817565917969,652.1529541015625,652.153564453125,652.15234375,-655.3529052734375,-652.179443359375,-6.615891456604004,3.4424502849578857,0.053607311099767685,-0.0980052575469017,0.38230887055397034,4.537248514679959e-06,0.9994800090789795,-0.00026001257356256247,-0.00013343602768145502,-15.035404205322266,127000
8.637128829956055,654.0321044921875,654.0324096679688,654.03173828125,-657.3170166015625,-654.043212890625,-6.736067771911621,3.4622840881347656,0.0523114912211895,-0.21394646167755127,0.38059598207473755,7.272308266692562e-08,0.9995008707046509,-0.0002496049564797431,0.0,-15.439882278442383,128000
8.324342727661133,655.0878295898438,655.0880126953125,655.087646484375,-658.255615234375,-655.1019287109375,-6.581015110015869,3.4272923469543457,0.0556488074362278,-0.05377088487148285,0.37561699748039246,0.0008787764236330986,0.9995089769363403,-0.0002455467183608562,-0.0018534398404881358,-15.10177230834961,129000
7.661220550537109,656.6522216796875,656.6524658203125,656.6520385742188,-659.7667846679688,-656.6693725585938,-6.197648525238037,3.100196361541748,0.05930182710289955,0.1456700563430786,0.37548503279685974,6.930511631253466e-08,0.9995121359825134,-0.00024395198852289468,0.0,-14.357341766357422,130000
7.409456253051758,658.5416870117188,658.5419921875,658.5413818359375,-661.726318359375,-658.5928955078125,-6.285511016845703,3.152094841003418,0.055200014263391495,0.03600727766752243,0.3748268187046051,7.697985893173609e-08,0.9994871616363525,-0.0002564541937317699,0.0,-14.724501609802246,131000
7.313632011413574,659.7996826171875,659.7999877929688,659.79931640625,-662.9479370117188,-659.7600708007812,-6.29819917678833,3.1103591918945312,0.05803978070616722,0.021597588434815407,0.37455636262893677,6.612182801291056e-08,0.999519944190979,-0.00024005514569580555,0.0,-14.64315128326416,132000
7.028585433959961,661.164794921875,661.1654052734375,661.1642456054688,-664.2691650390625,-661.20263671875,-6.332908630371094,3.266345977783203,0.05370001867413521,0.0019752439111471176,0.37225544452667236,6.809413122255137e-08,0.9995149374008179,-0.00024255765310954303,0.0,-14.815738677978516,133000
7.799099922180176,662.251708984375,662.2518310546875,662.2515869140625,-665.3811645507812,-662.2794189453125,-5.8963093757629395,2.7945806980133057,0.06164770945906639,0.3648875951766968,0.3694174289703369,0.00020102858252357692,0.9995005130767822,-0.0002497625246178359,-0.0012485614279285073,-13.650276184082031,134000
7.276370525360107,664.279296875,664.279296875,664.279296875,-667.5497436523438,-664.2651977539062,-6.623061180114746,3.338472604751587,0.05268518254160881,-0.31482192873954773,0.36579516530036926,0.00010863436909858137,0.9995081424713135,-0.0002459610113874078,-0.0006519386661238968,-15.577695846557617,135000
6.380512237548828,665.1549682617188,665.1568603515625,665.153076171875,-668.2561645507812,-665.1805419921875,-6.172314643859863,3.09668231010437,0.054089877754449844,0.16379417479038239,0.3685627579689026,6.840041777422812e-08,0.9995142221450806,-0.00024292708258144557,0.0,-14.680142402648926,136000
6.309733867645264,667.1287841796875,667.1292114257812,667.1283569335938,-670.2962646484375,-667.1336669921875,-6.60109806060791,3.4384829998016357,0.05250437557697296,-0.289039671421051,0.3642194867134094,6.641635508231047e-08,0.9995236396789551,-0.00023819915077183396,0.0,-15.715518951416016,137000
8.185314178466797,668.57080078125,668.5708618164062,668.5707397460938,-671.7056884765625,-668.5808715820312,-6.319344520568848,3.1944990158081055,0.05618533864617348,-0.12628023326396942,0.36498263478279114,6.25563770881854e-05,0.9995118379592896,-0.00024411294725723565,-0.0004961058730259538,-15.138057708740234,138000
6.381972312927246,669.7174072265625,669.7183837890625,669.7163696289062,-672.8347778320312,-669.703125,-6.495438098907471,3.3637428283691406,0.05344860255718231,-0.39048266410827637,0.3620862364768982,7.051863804008462e-08,0.9995092153549194,-0.00024545248015783727,0.0,-15.695609092712402,139000
6.523185729980469,670.9823608398438,670.9823608398438,670.9823608398438,-673.8956909179688,-670.9856567382812,-6.288130283355713,3.3781275749206543,0.05445582792162895,-0.1712222844362259,0.3590085208415985,8.19961059050911e-08,0.9994808435440063,-0.0002596348349470645,0.0,-15.267036437988281,140000
7.811556816101074,672.3278198242188,672.328369140625,672.3272705078125,-675.3915405273438,-672.3475952148438,-6.154659748077393,3.1107194423675537,0.05409463495016098,0.008177956566214561,0.36100584268569946,9.5538382538507e-08,0.9994428157806396,-0.00027864056755788624,0.0,-14.842339515686035,141000
1754.186767578125,674.0240478515625,674.02978515625,674.0183715820312,-676.9950561523438,-673.9927368164062,-6.142557621002197,3.140287160873413,0.05406408756971359,-0.001538406708277762,0.3588363826274872,8.558231456845533e-08,0.9994664192199707,-0.0002668145461939275,0.0,-14.927205085754395,142000
6.658102512359619,675.1011962890625,675.1023559570312,675.10009765625,-678.05810546875,-675.0842895507812,-5.894861698150635,2.921008586883545,0.05779212713241577,0.22521694004535675,0.35776299238204956,1.2517922698407347e-07,0.9993878602981567,-0.0003061468596570194,0.0,-14.28670883178711,143000
6.882017135620117,676.922607421875,676.9226684570312,676.9224853515625,-679.9949340820312,-676.932373046875,-5.823603630065918,2.761042356491089,0.056163571774959564,0.05511903390288353,0.35390231013298035,1.2163026497091778e-07,0.9993875026702881,-0.0003062971227336675,0.0,-14.500868797302246,144000
6.452713966369629,678.264404296875,678.2644653320312,678.2642822265625,-681.1543579101562,-678.2884521484375,-5.662564754486084,2.7966105937957764,0.0588388592004776,0.22505320608615875,0.3549139201641083,0.0005183507455512881,0.999428391456604,-0.0002858628868125379,-0.0014253923436626792,-13.9634428024292,145000
7.259199142456055,679.71240234375,679.71240234375,679.7123413085938,-682.6445922851562,-679.7251586914062,-5.851693630218506,2.9322352409362793,0.05767376720905304,0.14585649967193604,0.35298293828964233,1.4109215840107936e-07,0.9993528127670288,-0.0003236552875023335,0.0,-14.442922592163086,146000
3562.086181640625,680.5595703125,680.5596313476562,680.5595703125,-683.4112548828125,-680.5192260742188,-5.677117347717285,2.7851181030273438,0.05916135385632515,0.24271953105926514,0.35293951630592346,1.9557535779313184e-05,0.9993319511413574,-0.00033412326592952013,-0.0002797246852423996,-14.017574310302734,147000
7.5782551765441895,681.685791015625,681.687744140625,681.683837890625,-684.6900024414062,-681.7044067382812,-5.956625461578369,2.9710259437561035,0.056077275425195694,0.04518403857946396,0.35243740677833557,0.0003140561457257718,0.9993463754653931,-0.00032691354863345623,-0.0011088931933045387,-14.783318519592285,148000
7.5062055587768555,682.86572265625,682.865966796875,682.865478515625,-685.7205200195312,-682.8992309570312,-5.584996223449707,2.763711452484131,0.06042933464050293,0.300178200006485,0.3489820659160614,1.586244070495013e-05,0.9993677139282227,-0.00031621678499504924,-0.0002496976812835783,-14.0987548828125,149000
7.155574798583984,684.3767700195312,684.3768310546875,684.376708984375,-687.2374877929688,-684.3858642578125,-5.562188625335693,2.7105789184570312,0.05735747888684273,0.37050876021385193,0.34790733456611633,1.2586782531798235e-06,0.9992663264274597,-0.0003669112338684499,-6.69704531901516e-05,-13.671695709228516,150000
8.498893737792969,685.3103637695312,685.312255859375,685.3084716796875,-688.2621459960938,-685.314697265625,-6.009311676025391,3.061868906021118,0.05572885647416115,-0.06032194942235947,0.3461361825466156,1.9321566924190847e-07,0.9992584586143494,-0.000370863766875118,0.0,-15.045066833496094,151000
7.646739959716797,686.9024658203125,686.9036254882812,686.9013061523438,-689.7643432617188,-686.8856201171875,-5.5313334465026855,2.652616024017334,0.05969482287764549,0.20883555710315704,0.34544119238853455,2.075661029721232e-07,0.9992340803146362,-0.00038306755595840514,0.0,-14.089042663574219,152000
6.874944686889648,688.387939453125,688.3898315429688,688.3860473632812,-691.3327026367188,-688.40087890625,-5.520772457122803,2.588923454284668,0.05939381197094917,0.3402257561683655,0.3442831039428711,9.371931810164824e-05,0.9994348287582397,-0.00028265072614885867,-0.0006132617709226906,-14.14785099029541,153000
6.638983726501465,689.935791015625,689.9365844726562,689.9349365234375,-692.6869506835938,-689.9221801757812,-5.54340934753418,2.778639316558838,0.05611211434006691,0.2503840923309326,0.342439204454422,2.4135120838764124e-05,0.9994611740112305,-0.0002694697759579867,-0.0003076301363762468,-14.33326530456543,154000
6.461925029754639,690.7642822265625,690.7651977539062,690.7633666992188,-693.5899658203125,-690.7688598632812,-5.6097412109375,2.788633346557617,0.057250164449214935,0.13381575047969818,0.3410244584083557,7.861198980663175e-08,0.999499499797821,-0.00025029334938153625,0.0,-14.268383026123047,155000
6.513092041015625,692.0045166015625,692.004638671875,692.0043334960938,-694.8131103515625,-691.9917602539062,-5.4571638107299805,2.6358213424682617,0.06156342104077339,0.1676994115114212,0.33690959215164185,8.238714599428931e-08,0.9994910359382629,-0.00025451669353060424,0.0,-13.997245788574219,156000
7.0421462059021,693.447265625,693.4473876953125,693.4472045898438,-696.2635498046875,-693.4109497070312,-5.572817325592041,2.720205783843994,0.061107270419597626,0.0931498184800148,0.3402867317199707,0.00017543214198667556,0.9993287324905396,-0.000335732038365677,-0.0010942881926894188,-14.38644790649414,157000
6.10499382019043,694.759765625,694.7630615234375,694.7564086914062,-697.6292724609375,-694.78759765625,-5.594563961029053,2.752852201461792,0.05704916641116142,0.23133441805839539,0.3381824493408203,4.261522462911671e-06,0.9992365837097168,-0.0003818300901912153,-0.0001322865573456511,-14.397514343261719,158000
5.544633388519287,695.80029296875,695.8004760742188,695.8001708984375,-698.4415893554688,-695.7557373046875,-5.38958215713501,2.7037248611450195,0.059438616037368774,0.0727759376168251,0.33712393045425415,2.275289261888247e-06,0.9978914260864258,-0.001055412576533854,0.0,-14.22372817993164,159000
5.682703018188477,696.8369140625,696.8370971679688,696.8367309570312,-699.6358642578125,-696.8544311523438,-5.856518745422363,3.075082778930664,0.05287376418709755,-0.10259285569190979,0.3341282606124878,3.180315104600595e-07,0.9992010593414307,-0.00039964739698916674,0.0,-15.331518173217773,160000
7.335572242736816,697.638427734375,697.6387939453125,697.6380004882812,-700.365478515625,-697.6727294921875,-5.153385162353516,2.460632085800171,0.06043413281440735,0.5251056551933289,0.33359548449516296,1.304360210951927e-07,0.9993897080421448,-0.0003052151296287775,0.0,-13.447365760803223,161000
1882.245361328125,698.956787109375,698.9576416015625,698.9559936523438,-701.736328125,-698.9573364257812,-5.369796276092529,2.590848922729492,0.05855619162321091,0.16497260332107544,0.3319375216960907,1.182978550673397e-07,0.999401330947876,-0.00029938388615846634,0.0,-14.171228408813477,162000
6.779415130615234,700.1416015625,700.1438598632812,700.139404296875,-702.9199829101562,-700.1654052734375,-5.629677772521973,2.8751063346862793,0.05412033200263977,-0.0834084004163742,0.33092284202575684,7.498012166706758e-08,0.9995139837265015,-0.00024306331761181355,0.0,-14.966920852661133,163000
6.719982624053955,701.0020751953125,701.004150390625,701.0,-703.760009765625,-701.0126342773438,-5.3309502601623535,2.5835845470428467,0.059109535068273544,0.2680034339427948,0.3311851918697357,1.1270748956349053e-07,0.9995112419128418,-0.0002444286074023694,0.0,-14.247245788574219,164000
6.976945400238037,702.46484375,702.4673461914062,702.4622802734375,-705.270263671875,-702.48828125,-5.66641092300415,2.8844285011291504,0.054718270897865295,-0.11420297622680664,0.3256731331348419,1.958476332220016e-07,0.9993616938591003,-0.00031922999187372625,0.0,-15.069826126098633,165000
6.89443302154541,703.20654296875,703.2091064453125,703.2040405273438,-705.9547119140625,-703.2265014648438,-5.32300329208374,2.594801425933838,0.06003222241997719,0.2242828905582428,0.325812429189682,1.8633338072504557e-07,0.9993999600410461,-0.00030011916533112526,0.0,-14.08187484741211,166000
6.407687187194824,704.964111328125,704.9649047851562,704.96337890625,-707.6810913085938,-704.9541625976562,-5.230402946472168,2.50349497795105,0.057039737701416016,0.19174210727214813,0.3264131247997284,3.918668517144397e-05,0.9995903968811035,-0.00020481357933022082,-0.0004640649422071874,-14.009721755981445,167000
8.84367847442627,706.041748046875,706.044921875,706.03857421875,-708.8241577148438,-706.0564575195312,-5.417023181915283,2.6493637561798096,0.05805769935250282,0.11514147371053696,0.32657113671302795,1.221207810431224e-07,0.9994248151779175,-0.0002876553335227072,0.0,-14.524858474731445,168000
6.569546699523926,706.81689453125,706.817626953125,706.8162231445312,-709.5416259765625,-706.8352661132812,-5.474582672119141,2.7682769298553467,0.055513568222522736,0.12134315818548203,0.3249834179878235,1.0779659476156667e-07,0.9994485378265381,-0.0002757826296146959,0.0,-14.735212326049805,169000
7.236150741577148,707.754638671875,707.7548828125,707.75439453125,-710.4595947265625,-707.7650146484375,-5.41049337387085,2.7159616947174072,0.05892485752701759,-0.0548633337020874,0.3244287669658661,8.437977783160022e-08,0.9994968175888062,-0.00025161964003928006,0.0,-14.724328994750977,170000
6.698215007781982,709.2003173828125,709.2005004882812,709.2001953125,-711.917236328125,-709.1856689453125,-5.406052589416504,2.674513339996338,0.057901833206415176,0.040181610733270645,0.3231639862060547,0.00019746192265301943,0.9994856119155884,-0.00025722221471369267,-0.000881269050296396,-14.71227741241455,171000
5.703709602355957,709.8314819335938,709.83154296875,709.8314208984375,-712.4860229492188,-709.8626098632812,-5.421278953552246,2.797858953475952,0.05859628692269325,-0.13889089226722717,0.3202047348022461,1.238514687429415e-05,0.9991745948791504,-0.00041289598448202014,-0.00022907659877091646,-14.935376167297363,172000
5.930010795593262,711.1514892578125,711.1517333984375,711.1512451171875,-713.8696899414062,-711.1583251953125,-5.479758262634277,2.7683537006378174,0.055042050778865814,-0.15347638726234436,0.31951162219047546,7.081870023739611e-08,0.9995306730270386,-0.00023472101020161062,0.0,-15.153154373168945,173000
7.4697723388671875,711.93359375,712.109375,711.7577514648438,-714.4195556640625,-711.7973022460938,-5.293478965759277,2.6712212562561035,0.05754590407013893,0.12769652903079987,0.31880924105644226,1.7370831528751296e-07,0.999356746673584,-0.00032172162900678813,0.0,-14.598386764526367,174000
6.383474349975586,712.7761840820312,712.7769165039062,712.7754516601562,-715.4934692382812,-712.821044921875,-5.185803413391113,2.51336407661438,0.05909973010420799,0.19852328300476074,0.31713414192199707,1.0131220733455848e-06,0.9986746311187744,-0.0006631738506257534,0.0,-14.206050872802734,175000
7.082147598266602,713.662109375,713.6636352539062,713.6605834960938,-716.3966064453125,-713.68798828125,-5.494429111480713,2.78584361076355,0.054999690502882004,-0.08240056037902832,0.3175385296344757,1.6517599021881324e-07,0.9992403388023376,-0.0003799322876147926,0.0,-15.26916217803955,176000
7.116640567779541,714.8964233398438,714.8967895507812,714.8960571289062,-717.483642578125,-714.8877563476562,-5.5617828369140625,2.965902328491211,0.054025646299123764,-0.16875851154327393,0.3161596953868866,1.5735281522211153e-07,0.9992600679397583,-0.00037004047771915793,0.0,-15.43895149230957,177000
5.659059524536133,715.7435302734375,715.7435913085938,715.743408203125,-718.3726806640625,-715.746337890625,-5.28638219833374,2.660043954849243,0.057223282754421234,-0.041533879935741425,0.3119739890098572,2.4874181690393016e-05,0.9993147850036621,-0.0003426772018428892,-0.0003121830814052373,-14.814912796020508,178000
6.2257914543151855,716.6195068359375,716.6195678710938,716.6195068359375,-719.1915283203125,-716.58544921875,-5.251705169677734,2.645620107650757,0.057295139878988266,-0.0077236308716237545,0.3123140335083008,1.0998505217685306e-07,0.9993815422058105,-0.0003093041304964572,0.0,-14.691813468933105,179000
6.184001922607422,718.347900390625,718.347900390625,718.3478393554688,-720.9202880859375,-718.3486328125,-5.467978477478027,2.8962934017181396,0.05359915271401405,-0.17789480090141296,0.3103518784046173,1.1761972018575761e-07,0.9993642568588257,-0.000317914760671556,0.0,-15.387749671936035,180000
6.6718292236328125,719.318603515625,719.3186645507812,719.318603515625,-721.9591674804688,-719.3056030273438,-5.307894706726074,2.654341459274292,0.055989742279052734,-0.029538454487919807,0.3118995428085327,1.0215305934480057e-07,0.9994059801101685,-0.0002970635541714728,0.0,-14.992258071899414,181000
6.605954647064209,720.042724609375,720.0431518554688,720.0422973632812,-722.769775390625,-720.0585327148438,-5.091694355010986,2.380457639694214,0.06310895085334778,0.07753543555736542,0.30716243386268616,2.1230647689662874e-05,0.9994221925735474,-0.0002889306633733213,-0.00040008133510127664,-14.472280502319336,182000
7.277283668518066,721.0209350585938,721.0216064453125,721.020263671875,-723.6058349609375,-721.0197143554688,-5.1555280685424805,2.569424629211426,0.05727939307689667,0.06345247477293015,0.30983832478523254,9.634631226163037e-08,0.9994152784347534,-0.00029242876917123795,0.0,-14.760072708129883,183000
5.703494548797607,721.9765014648438,721.9788208007812,721.9741821289062,-724.5416259765625,-721.990234375,-5.2350029945373535,2.683588743209839,0.058783818036317825,-0.11093545705080032,0.3080941438674927,8.285640262784e-08,0.9994615316390991,-0.00026925650308839977,0.0,-15.04669189453125,184000
2019.603759765625,723.848388671875,723.8486938476562,723.84814453125,-726.3004150390625,-723.8115844726562,-4.905731678009033,2.416905403137207,0.0614146925508976,0.302849143743515,0.3068004250526428,4.045736204716377e-05,0.9994465708732605,-0.0002767666010186076,-0.0005197734571993351,-13.953116416931152,185000
6.951469421386719,724.9598388671875,724.9598999023438,724.959716796875,-727.5568237304688,-724.9708251953125,-5.1460862159729,2.560084819793701,0.057689227163791656,0.05005138739943504,0.30570361018180847,0.00040945858927443624,0.9994440078735352,-0.0002780600916594267,-0.001732094562612474,-14.776779174804688,186000
5.770831108093262,724.9383544921875,724.9390869140625,724.9376831054688,-727.5096435546875,-724.9398803710938,-5.106004238128662,2.536235809326172,0.056322790682315826,-0.0271734781563282,0.3057566285133362,8.480629531959494e-08,0.9994565844535828,-0.000271765748038888,0.0,-14.824456214904785,187000
6.4875383377075195,726.41455078125,726.4147338867188,726.4144287109375,-729.0848388671875,-726.4656372070312,-5.3837056159973145,2.7645041942596436,0.05469822883605957,-0.23649226129055023,0.30436912178993225,7.950334435236073e-08,0.9994743466377258,-0.0002628652728162706,0.0,-15.666694641113281,188000
2067.343017578125,727.7684326171875,727.7686157226562,727.7682495117188,-730.156982421875,-727.7633056640625,-5.103325843811035,2.7096309661865234,0.05121733993291855,-0.039318837225437164,0.30318060517311096,8.055708633492031e-08,0.9994713068008423,-0.0002643649931997061,0.0,-14.900087356567383,189000
6.194924831390381,728.116455078125,728.1211547851562,728.1116943359375,-730.5496215820312,-728.0939331054688,-5.0705671310424805,2.614866256713867,0.0565752238035202,-0.003421763190999627,0.30076339840888977,8.170057697043376e-08,0.9994751214981079,-0.00026247522328048944,0.0,-14.740316390991211,190000
6.221905708312988,728.9486083984375,728.9525756835938,728.944580078125,-731.3987426757812,-728.879150390625,-5.028492450714111,2.5088906288146973,0.05531736835837364,0.028834857046604156,0.2973208725452423,0.00017649316578172147,0.9994979500770569,-0.0002510620397515595,-0.0008315150043927133,-14.57071590423584,191000
5.373166084289551,730.1153564453125,730.1154174804688,730.115234375,-732.5617065429688,-730.1376342773438,-5.20510196685791,2.7810089588165283,0.054677564650774,-0.12480475008487701,0.30076107382774353,8.255286229541525e-05,0.9995130300521851,-0.00024352686887141317,-0.0005689409445039928,-15.156791687011719,192000
5.9108171463012695,731.247314453125,731.2473754882812,731.2471923828125,-733.7559814453125,-731.2620239257812,-4.926305770874023,2.432375431060791,0.057518370449543,0.03861214220523834,0.2992705702781677,7.638648469310283e-08,0.9994899034500122,-0.0002550638746470213,0.0,-14.539384841918945,193000
7.937567234039307,731.20361328125,731.2069091796875,731.2003784179688,-733.7713623046875,-731.194580078125,-5.082123279571533,2.505371332168579,0.0565294586122036,-0.10254154354333878,0.29805049300193787,7.455278705492674e-08,0.9994957447052002,-0.0002521772403270006,0.0,-15.139259338378906,194000
5.687614440917969,732.659912109375,732.6619262695312,732.6578979492188,-735.1639404296875,-732.6689453125,-4.94944429397583,2.4544808864593506,0.05605307221412659,-0.010209592059254646,0.2973373830318451,6.600676982770892e-08,0.9995216727256775,-0.00023919664090499282,0.0,-14.68542766571045,195000
6.472728729248047,733.598876953125,733.5989379882812,733.5987548828125,-736.052734375,-733.5919189453125,-4.88200044631958,2.421217441558838,0.059082839637994766,0.059570811688899994,0.2977142333984375,8.917551781451039e-07,0.9995314478874207,-0.00023431031149812043,-5.7681896578287706e-05,-14.540075302124023,196000
2083.431396484375,734.83447265625,734.8349609375,734.8339233398438,-737.1560668945312,-734.7908935546875,-4.9745049476623535,2.6093428134918213,0.05436612665653229,-0.0351557619869709,0.294501930475235,0.00016287989274132997,0.999549150466919,-0.000225466035772115,-0.0011271972907707095,-14.816852569580078,197000
6.997544288635254,735.096435546875,735.097900390625,735.094970703125,-737.4441528320312,-735.0064086914062,-5.078033447265625,2.6403005123138428,0.05614731088280678,-0.09131735563278198,0.29428693652153015,5.428321969702665e-08,0.9995627403259277,-0.00021868561452720314,0.0,-15.17159652709961,198000
5.289638519287109,736.58935546875,736.5894165039062,736.58935546875,-739.0604248046875,-736.57763671875,-4.643961429595947,2.161210775375366,0.06207515299320221,0.050789281725883484,0.2930396497249603,0.0001642255811020732,0.9995490312576294,-0.00022550304129254073,-0.0008016133797354996,-14.145998001098633,199000
5.874295234680176,737.0819091796875,737.082275390625,737.08154296875,-739.489013671875,-737.099853515625,-4.974422931671143,2.58528995513916,0.05609843507409096,0.024617062881588936,0.2915262281894684,5.6826028327350286e-08,0.99955815076828,-0.0002209460362792015,0.0,-14.756855010986328,200000
6.188440322875977,737.909423828125,737.9221801757812,737.8966064453125,-740.3701782226562,-737.9080200195312,-5.032979965209961,2.570793628692627,0.0550222210586071,-0.09741393476724625,0.2902587354183197,5.7278423781781385e-08,0.9995492696762085,-0.00022539286874234676,0.0,-15.324676513671875,201000
5.934080123901367,738.8245849609375,738.8262939453125,738.8229370117188,-741.0758666992188,-738.7918701171875,-4.863045692443848,2.5790510177612305,0.05230453237891197,-0.03820532560348511,0.29127541184425354,5.7760964011777105e-08,0.9995464086532593,-0.00022684877330902964,0.0,-14.919986724853516,202000
6.182745933532715,740.103515625,740.1039428710938,740.1031494140625,-742.4440307617188,-740.106689453125,-4.758028507232666,2.4207417964935303,0.054315242916345596,0.13595853745937347,0.2897108793258667,5.7099615702327355e-08,0.9995548725128174,-0.000222579954424873,0.0,-14.356010437011719,203000
6.439182281494141,740.4644775390625,740.4644775390625,740.4644165039062,-742.957275390625,-740.4788818359375,-4.482868194580078,2.004486083984375,0.06444327533245087,0.38651299476623535,0.2885453402996063,8.236600592681498e-07,0.9995499849319458,-0.0002250680117867887,-5.574121678364463e-05,-13.646790504455566,204000
6.434018135070801,741.40478515625,741.4080810546875,741.4014282226562,-743.8067016601562,-741.3803100585938,-4.866642475128174,2.4402735233306885,0.0582222044467926,0.008500504307448864,0.28561949729919434,5.548966086621476e-08,0.9995631575584412,-0.00021846154413651675,0.0,-14.950057983398438,205000
5.69908332824707,741.9653930664062,741.9655151367188,741.9652709960938,-744.3788452148438,-741.9575805664062,-4.7178850173950195,2.2966105937957764,0.057939816266298294,0.06562712788581848,0.2858383059501648,5.426558047361141e-08,0.9995652437210083,-0.00021739292424172163,0.0,-14.626694679260254,206000
6.542312145233154,742.5352783203125,742.535400390625,742.5352172851562,-744.937744140625,-742.5760498046875,-5.1289520263671875,2.7672951221466064,0.050405122339725494,-0.30650633573532104,0.2856454849243164,5.7379839546456424e-08,0.9995574355125427,-0.0002213018451584503,0.0,-15.752626419067383,207000
5.677119255065918,743.5972290039062,743.5974731445312,743.5969848632812,-745.96875,-743.64697265625,-4.686652183532715,2.36484694480896,0.06081004813313484,0.16210989654064178,0.28570762276649475,5.420068305284076e-08,0.9995642900466919,-0.0002178701979573816,0.0,-14.510555267333984,208000
6.0565314292907715,743.9881591796875,743.9893798828125,743.9869995117188,-746.4475708007812,-744.026611328125,-4.933984279632568,2.512986660003662,0.05643908306956291,-0.1339772492647171,0.2838272750377655,8.005263225641102e-05,0.9995766282081604,-0.00021171300613787025,-0.000559730629902333,-15.234888076782227,209000
5.227231502532959,744.7447509765625,744.7507934570312,744.7386474609375,-747.0294799804688,-744.74462890625,-4.892890453338623,2.6080069541931152,0.05526624619960785,-0.12958766520023346,0.28229182958602905,5.659608959263096e-08,0.9995615482330322,-0.00021924416068941355,0.0,-15.181352615356445,210000
5.563549041748047,745.7698974609375,745.7708129882812,745.7689819335938,-748.0968627929688,-745.8253173828125,-4.592928409576416,2.321436643600464,0.057621538639068604,0.15712878108024597,0.281482070684433,5.171429151573648e-08,0.999577522277832,-0.00021125935018062592,0.0,-14.27897834777832,211000
2145.651123046875,746.3099365234375,746.3102416992188,746.3096313476562,-748.6239013671875,-746.2374267578125,-4.494253158569336,2.1077959537506104,0.059732239693403244,0.13875135779380798,0.2816517651081085,5.3571660885154415e-08,0.9995704889297485,-0.00021475134417414665,0.0,-14.228915214538574,212000
5.913136005401611,747.3648681640625,747.3657836914062,747.364013671875,-749.6776733398438,-747.3443603515625,-4.696816921234131,2.3635456562042236,0.05940629541873932,0.04602903127670288,0.2812359929084778,5.245473033710368e-08,0.9995719790458679,-0.00021403134451247752,0.0,-14.691916465759277,213000
6.476253032684326,748.1328735351562,748.1331176757812,748.1326293945312,-750.5328369140625,-748.1380004882812,-4.710154056549072,2.315277338027954,0.05760009214282036,-0.04595460370182991,0.27902495861053467,5.29905292978583e-08,0.9995734691619873,-0.00021329913579393178,0.0,-14.88022518157959,214000
6.220409393310547,749.2047119140625,749.211669921875,749.19775390625,-751.5379638671875,-749.208251953125,-4.897709369659424,2.5679843425750732,0.05600636079907417,-0.25319600105285645,0.2782161831855774,6.806093551858794e-06,0.9996185302734375,-0.00019074976444244385,-0.00016343450988642871,-15.577669143676758,215000
4.736058235168457,749.6763916015625,749.6773681640625,749.6754760742188,-751.9995727539062,-749.6650390625,-4.711668491363525,2.377157211303711,0.05458017438650131,-0.1314438283443451,0.2750212848186493,4.9477911545636744e-08,0.9995818734169006,-0.00020907149882987142,0.0,-14.875126838684082,216000
6.168772220611572,750.4864501953125,750.487060546875,750.48583984375,-752.7571411132812,-750.5004272460938,-4.864861488342285,2.6081326007843018,0.05160452425479889,-0.1844336837530136,0.2768996059894562,5.4084530631826055e-08,0.9995726346969604,-0.00021370573085732758,0.0,-15.448076248168945,217000
6.306232452392578,751.925048828125,751.9251098632812,751.9249877929688,-754.195556640625,-751.9298095703125,-4.64477014541626,2.379031181335449,0.05576372891664505,0.0028671426698565483,0.2735241651535034,5.9563923571204214e-08,0.9995533227920532,-0.00022339026327244937,0.0,-14.87472915649414,218000
5.634857654571533,752.3692626953125,752.3693237304688,752.3692016601562,-754.768798828125,-752.3868408203125,-4.867280006408691,2.4853711128234863,0.05434689298272133,-0.244698166847229,0.2754760980606079,6.08171575322558e-08,0.9995472431182861,-0.00022640349925495684,0.0,-15.590785026550293,219000
6.069589614868164,753.4136962890625,753.4137573242188,753.41357421875,-755.7042236328125,-753.4347534179688,-4.364632606506348,2.0951623916625977,0.05786837637424469,0.12310480326414108,0.2747686803340912,5.1215405250104595e-08,0.9995807409286499,-0.00020963838323950768,0.0,-14.243118286132812,220000
4.9835357666015625,754.0909423828125,754.0909423828125,754.0908813476562,-756.294189453125,-754.0803833007812,-4.501359462738037,2.2875447273254395,0.056277163326740265,-0.0581352598965168,0.27310794591903687,5.2251927229463035e-08,0.9995761513710022,-0.00021195883164182305,0.0,-14.617515563964844,221000
6.062222957611084,754.279541015625,754.281982421875,754.2770385742188,-756.607421875,-754.2587890625,-4.778187274932861,2.429591655731201,0.05408366397023201,-0.22507663071155548,0.272754430770874,4.6589946123276604e-08,0.9995989799499512,-0.00020053144544363022,0.0,-15.468894958496094,222000
5.41551399230957,755.7551879882812,755.7577514648438,755.7526245117188,-758.0477905273438,-755.7376098632812,-4.645153999328613,2.3349740505218506,0.056368932127952576,-0.1233825832605362,0.27122047543525696,4.792915930806885e-08,0.9995920062065125,-0.00020400990615598857,0.0,-15.079748153686523,223000
6.423791885375977,756.2367553710938,756.2373046875,756.2362060546875,-758.4912109375,-756.2421264648438,-4.600484371185303,2.3513922691345215,0.054445020854473114,-0.06802582740783691,0.2696141302585602,4.6488146665524255e-08,0.9996000528335571,-0.0001999935630010441,0.0,-14.911758422851562,224000
6.496426582336426,756.6006469726562,756.6012573242188,756.6000366210938,-758.91064453125,-756.556396484375,-4.686330795288086,2.332075357437134,0.05639028921723366,-0.10544233024120331,0.26976996660232544,4.2999111826702574e-08,0.9996159672737122,-0.0001920327340485528,0.0,-15.250761032104492,225000
5.834546089172363,757.2862548828125,757.2864379882812,757.2861328125,-759.458984375,-757.2808227539062,-4.4459075927734375,2.2677528858184814,0.05758298933506012,-0.04395878314971924,0.2688414752483368,0.00026563636492937803,0.9996044635772705,-0.00019779177091550082,-0.0011007870780304074,-14.62705135345459,226000
5.870855808258057,757.887939453125,757.8880615234375,757.8878784179688,-760.0902099609375,-757.913818359375,-4.565680503845215,2.3892533779144287,0.055544670671224594,-0.03730640560388565,0.2677857279777527,5.163345306868905e-08,0.9995799660682678,-0.00021004254813306034,0.0,-14.914972305297852,227000
6.631346225738525,758.721923828125,758.7230224609375,758.7208862304688,-760.977783203125,-758.7199096679688,-4.479423999786377,2.2215662002563477,0.057644639164209366,-0.03139645233750343,0.2676435708999634,4.346028248392031e-08,0.9996107220649719,-0.0001946560514625162,0.0,-14.85120964050293,228000
4.91459846496582,759.6512451171875,759.6519165039062,759.650634765625,-761.8427124023438,-759.6497802734375,-4.238056659698486,2.0450968742370605,0.06101099029183388,0.18048600852489471,0.26694628596305847,4.553339039148341e-08,0.9996041655540466,-0.00019793625688180327,0.0,-14.064277648925781,229000
5.652902603149414,759.7542114257812,759.7611694335938,759.7472534179688,-762.0159912109375,-759.7598876953125,-4.5698418617248535,2.3137125968933105,0.05729583278298378,-0.06014001742005348,0.2660606801509857,4.9624773623691e-08,0.9995843172073364,-0.00020784340449608862,0.0,-15.150341033935547,230000
5.392703056335449,761.4154663085938,761.4204711914062,761.4104614257812,-763.6354370117188,-761.4400024414062,-4.4227118492126465,2.2272746562957764,0.05472521111369133,0.12623581290245056,0.2657930850982666,4.4027867573959156e-08,0.9996122121810913,-0.00019388938380870968,0.0,-14.563261032104492,231000
5.122773170471191,762.0066528320312,762.0081176757812,762.0051879882812,-764.2107543945312,-762.02783203125,-4.30718469619751,2.124265193939209,0.05965876579284668,0.1195998564362526,0.2634531557559967,4.1911583537057595e-08,0.9996199607849121,-0.00019002985209226608,0.0,-14.391413688659668,232000
5.170636177062988,762.6888427734375,762.689697265625,762.6880493164062,-764.9277954101562,-762.7476806640625,-4.463865280151367,2.2837624549865723,0.05587161332368851,-0.02909616194665432,0.2619685232639313,4.576160250735484e-08,0.9996105432510376,-0.00019476382294669747,0.0,-14.879987716674805,233000
6.444267272949219,763.3345947265625,763.3347778320312,763.33447265625,-765.46923828125,-763.3070678710938,-4.468095779418945,2.3059377670288086,0.055297624319791794,-0.014900337904691696,0.2633092403411865,1.0754327377071604e-05,0.9996097683906555,-0.00019512782455421984,-0.00020558583491947502,-15.03593635559082,234000
5.360910415649414,764.1790771484375,764.1802368164062,764.177978515625,-766.4129028320312,-764.164794921875,-4.63712215423584,2.3890349864959717,0.0535108782351017,-0.2512088418006897,0.26273080706596375,4.820270049776809e-08,0.999590277671814,-0.00020486849825829268,0.0,-15.669750213623047,235000
5.712580680847168,764.6224365234375,764.623046875,764.6217651367188,-766.875,-764.6310424804688,-4.524980545043945,2.28102970123291,0.056239817291498184,-0.19164037704467773,0.26118025183677673,4.1632166158933614e-08,0.9996176362037659,-0.00019120387150906026,0.0,-15.315500259399414,236000
4.77008056640625,764.867431640625,764.8720703125,764.8627319335938,-766.9859008789062,-764.8411254882812,-4.206814765930176,2.0620176792144775,0.05936539173126221,0.16303670406341553,0.260528564453125,7.681433089601342e-07,0.9996116161346436,-0.00019422618788667023,-5.387986311689019e-05,-14.20661735534668,237000
5.737093448638916,766.0775146484375,766.07763671875,766.0773315429688,-768.1769409179688,-766.09814453125,-4.226262092590332,2.147432804107666,0.057182565331459045,0.12829014658927917,0.2594868242740631,9.183827205561101e-05,0.9996070861816406,-0.00019647687440738082,-0.000599751656409353,-14.382682800292969,238000
5.286029815673828,766.64599609375,766.6488037109375,766.6432495117188,-768.8050537109375,-766.649658203125,-4.1712422370910645,2.015869379043579,0.05796924605965614,0.035419099032878876,0.2569495737552643,3.128327807644382e-05,0.9996013641357422,-0.0001993689511436969,-0.00034985915408469737,-14.488059997558594,239000
6.088115692138672,767.3225708007812,767.323486328125,767.3216552734375,-769.4127197265625,-767.3528442382812,-4.095769882202148,2.035879135131836,0.0615202821791172,0.2027517706155777,0.2592315077781677,5.2974495901025875e-08,0.999571681022644,-0.00021421810379251838,0.0,-14.028549194335938,240000
5.953267574310303,768.4085693359375,768.4093627929688,768.4077758789062,-770.4346313476562,-768.3717041015625,-4.234825134277344,2.171862840652466,0.05804077908396721,0.0755247250199318,0.2560550272464752,4.455007740489236e-08,0.9996092915534973,-0.00019538534979801625,0.0,-14.49771499633789,241000
5.443845748901367,768.9912109375,768.9915161132812,768.9909057617188,-771.224365234375,-769.0210571289062,-4.28737735748291,2.084059953689575,0.0586579255759716,0.060040559619665146,0.2562147080898285,4.888606142117169e-08,0.9995904564857483,-0.0002048076130449772,0.0,-14.88924789428711,242000
6.19904899597168,769.8671875,769.8672485351562,769.8671264648438,-772.0411376953125,-769.9093017578125,-4.399563312530518,2.2677173614501953,0.0572628378868103,-0.11240842193365097,0.25644803047180176,4.38998419838299e-08,0.9996145963668823,-0.00019273330690339208,0.0,-15.077339172363281,243000
6.319943904876709,771.07275390625,771.07275390625,771.0726928710938,-773.1892700195312,-771.0733642578125,-4.220327854156494,2.1044325828552246,0.056611210107803345,0.03989424183964729,0.25611114501953125,0.0002555011596996337,0.9996126890182495,-0.0001936908665811643,-0.0009993676794692874,-14.69998550415039,244000
5.152866363525391,771.4828491210938,771.4833374023438,771.4823608398438,-773.641357421875,-771.4779052734375,-4.3229217529296875,2.1594948768615723,0.05670657381415367,-0.06880997121334076,0.25442740321159363,4.7677435333071116e-08,0.9995956420898438,-0.0002022232802119106,0.0,-15.046096801757812,245000
5.583531379699707,772.178955078125,772.1793212890625,772.1785278320312,-774.28955078125,-772.219970703125,-4.3145432472229,2.244917392730713,0.056417156010866165,-0.07792738825082779,0.25269046425819397,4.035127432189256e-08,0.9996291399002075,-0.0001854486035881564,0.0,-15.01102352142334,246000
6.156250953674316,772.3525390625,772.353515625,772.3515014648438,-774.4940185546875,-772.3829345703125,-4.029409408569336,1.9183247089385986,0.059857327491045,0.18936637043952942,0.2534654140472412,3.991310393303138e-08,0.9996317028999329,-0.000184176184120588,0.0,-14.161531448364258,247000
7.2944488525390625,772.97607421875,772.9765625,772.9755859375,-775.1620483398438,-773.022216796875,-4.22304630279541,2.0831692218780518,0.058173201978206635,0.02481851913034916,0.25271445512771606,4.792192598301881e-08,0.9995995759963989,-0.0002002333931159228,0.0,-14.918314933776855,248000
6.519686698913574,773.932373046875,773.9324340820312,773.9323120117188,-775.9918823242188,-773.9436645507812,-4.225595474243164,2.177340030670166,0.05724528804421425,-0.16740535199642181,0.2513936161994934,4.577906054237246e-08,0.9996023178100586,-0.00019886235531885177,0.0,-14.859447479248047,249000
5.163219928741455,774.8028564453125,774.8030395507812,774.802734375,-776.8740844726562,-774.81787109375,-4.293032169342041,2.236798048019409,0.05213526263833046,0.05975482985377312,0.25147485733032227,4.0945138835013495e-08,0.9996219873428345,-0.00018903729505836964,0.0,-15.017313003540039,250000
5.459869861602783,775.6981201171875,775.6981201171875,775.6980590820312,-777.6993408203125,-775.6669311523438,-4.266022205352783,2.2336456775665283,0.051989324390888214,-0.024854252114892006,0.25048020482063293,4.294779643032598e-08,0.9996126890182495,-0.00019367813365533948,0.0,-14.989264488220215,251000
5.718809127807617,776.2967529296875,776.2967529296875,776.2967529296875,-778.421142578125,-776.3012084960938,-4.199692726135254,2.079801082611084,0.05685504898428917,0.07374852150678635,0.24985180795192719,4.157993060971421e-08,0.9996212720870972,-0.0001893712324090302,0.0,-14.742889404296875,252000
4.847579002380371,776.39208984375,776.5059204101562,776.2783203125,-778.4356079101562,-776.3235473632812,-4.231513023376465,2.11946702003479,0.058106932789087296,-0.02619042433798313,0.24907425045967102,4.177120160875347e-08,0.9996221661567688,-0.0001889278064481914,0.0,-15.027637481689453,253000
5.997502326965332,777.0636596679688,777.0637817382812,777.0635375976562,-779.0941162109375,-777.0109252929688,-4.136034965515137,2.0528838634490967,0.0567818321287632,0.016177818179130554,0.24869771301746368,4.234265560398853e-08,0.9996181726455688,-0.0001909497514134273,0.0,-14.725484848022461,254000
5.535065174102783,777.3861694335938,777.3865966796875,777.3857421875,-779.4465942382812,-777.4053344726562,-4.28205680847168,2.2407705783843994,0.053011033684015274,-0.04816041141748428,0.24800904095172882,1.8770348106045276e-05,0.9996117353439331,-0.00019414431881159544,-0.00027114892145618796,-15.218494415283203,255000
5.584046363830566,777.56689453125,777.5676879882812,777.5660400390625,-779.592529296875,-777.5401611328125,-4.174867630004883,2.12252140045166,0.05640676990151405,-0.006698072887957096,0.24767780303955078,4.477989179463293e-08,0.9996113777160645,-0.00019434469868429005,0.0,-14.895583152770996,256000
2336.654052734375,778.7825317382812,778.7825927734375,778.782470703125,-780.7704467773438,-778.7343139648438,-4.121973514556885,2.085844039916992,0.057863060384988785,0.00881985854357481,0.24733944237232208,3.7071117731102277e-08,0.9996408224105835,-0.0001795956923160702,0.0,-14.860540390014648,257000
6.190583229064941,778.5108032226562,778.5111694335938,778.5104370117188,-780.608642578125,-778.5828247070312,-4.192763805389404,2.166940450668335,0.05189644545316696,-0.039995767176151276,0.24588383734226227,4.0496686892765865e-08,0.9996247291564941,-0.00018765311688184738,0.0,-15.1105375289917,258000
4.562175750732422,779.7261962890625,779.7276000976562,779.724853515625,-781.7540283203125,-779.7188720703125,-4.112461090087891,2.0773186683654785,0.05786241218447685,-0.08260045200586319,0.24588386714458466,3.978976792495814e-08,0.9996315240859985,-0.00018427018949296325,0.0,-14.915824890136719,259000
5.908256530761719,780.0584716796875,780.0587768554688,780.0581665039062,-782.0861206054688,-780.1019287109375,-4.2453742027282715,2.2611660957336426,0.05609511956572533,-0.14968501031398773,0.24497050046920776,3.343279075807004e-08,0.9996607303619385,-0.0001696701510809362,0.0,-15.380367279052734,260000
5.349984169006348,781.2688598632812,781.2689208984375,781.268798828125,-783.2620239257812,-781.28076171875,-4.069622993469238,2.0883595943450928,0.05740885064005852,0.07139016687870026,0.24465936422348022,3.542500337516685e-08,0.9996455311775208,-0.00017726003716234118,0.0,-14.646671295166016,261000
5.445254325866699,781.8465576171875,781.8465576171875,781.8465576171875,-783.8978881835938,-781.818115234375,-4.179012775421143,2.0992419719696045,0.05662557855248451,-0.04024803265929222,0.2443104088306427,3.619253163833491e-08,0.9996468424797058,-0.00017661316087469459,0.0,-15.168876647949219,262000
5.166017532348633,781.93896484375,781.9393920898438,781.9385986328125,-783.831787109375,-781.8797607421875,-4.053595542907715,2.1015853881835938,0.055318284779787064,0.015769122168421745,0.2419801950454712,3.396508674313736e-08,0.9996561408042908,-0.00017193166422657669,0.0,-14.7909517288208,263000
2383.81640625,782.6173095703125,782.6173706054688,782.6172485351562,-784.5985717773438,-782.5330200195312,-4.055537223815918,1.9900002479553223,0.05627371370792389,-0.04466048255562782,0.24223828315734863,3.476890242382069e-08,0.9996548891067505,-0.00017258981824852526,0.0,-14.966489791870117,264000
4.930435657501221,783.3699951171875,783.3699951171875,783.3699340820312,-785.3970336914062,-783.39208984375,-4.0009636878967285,1.9960291385650635,0.056252364069223404,0.03596362844109535,0.24116523563861847,3.387760472151058e-08,0.9996619820594788,-0.000169018458109349,0.0,-14.672529220581055,265000
5.52894926071167,783.9234619140625,783.9235229492188,783.9234619140625,-785.9248657226562,-783.9469604492188,-4.1058197021484375,2.127903461456299,0.05654863640666008,-0.04465614631772041,0.23701976239681244,3.388739600040935e-08,0.9996589422225952,-0.000170534651260823,0.0,-15.046731948852539,266000
4.848565101623535,784.84521484375,784.8456420898438,784.8447265625,-786.808349609375,-784.8724975585938,-3.945685625076294,2.0098016262054443,0.059105873107910156,-0.019811945036053658,0.2400137335062027,3.149462202145514e-08,0.9996684193611145,-0.000165814213687554,0.0,-14.600994110107422,267000
4.252260684967041,785.8379516601562,785.8379516601562,785.8379516601562,-787.8035888671875,-785.8561401367188,-3.9168388843536377,1.9693694114685059,0.05615277215838432,0.0601060725748539,0.23770304024219513,3.347422961041957e-08,0.9996609091758728,-0.00016955492901615798,0.0,-14.665077209472656,268000
5.910845756530762,785.9649658203125,785.9652709960938,785.9647216796875,-787.9215698242188,-785.9644165039062,-3.982816219329834,2.0256187915802,0.05814410001039505,0.037627607583999634,0.23740001022815704,3.3003047406054975e-08,0.9996562004089355,-0.00017189464415423572,0.0,-14.814071655273438,269000
4.428204536437988,786.3073120117188,786.3076171875,786.3070068359375,-788.3782958984375,-786.3088989257812,-4.1570024490356445,2.087563991546631,0.05620649829506874,-0.1871444135904312,0.2378537654876709,3.1463397220932166e-08,0.9996716976165771,-0.00016419067105744034,0.0,-15.664873123168945,270000
6.091569900512695,786.933837890625,786.935546875,786.9321899414062,-788.8361206054688,-786.9087524414062,-3.847311496734619,1.9199422597885132,0.05532597005367279,0.0960618332028389,0.23697127401828766,3.064981868305949e-08,0.9996780157089233,-0.00016098000924102962,0.0,-14.369956970214844,271000
4.580940246582031,787.480224609375,787.4805297851562,787.4799194335938,-789.43896484375,-787.4795532226562,-3.8870811462402344,1.9276717901229858,0.06222400814294815,0.07520849257707596,0.23696419596672058,3.351782140725845e-08,0.9996553659439087,-0.00017233542166650295,0.0,-14.642918586730957,272000
5.856736660003662,787.7742309570312,787.7742919921875,787.774169921875,-789.705078125,-787.7952270507812,-3.8153152465820312,1.9054474830627441,0.056781087070703506,0.09952526539564133,0.2366042584180832,3.047434660174986e-08,0.9996749758720398,-0.00016252031491603702,0.0,-14.184574127197266,273000
5.878283500671387,787.95751953125,787.957763671875,787.9573364257812,-789.8528442382812,-787.9446411132812,-3.7883148193359375,1.8801440000534058,0.055879998952150345,0.08928714692592621,0.23509608209133148,3.326683994941959e-08,0.9996640682220459,-0.00016799461445771158,0.0,-14.426730155944824,274000
5.509162902832031,788.4119873046875,788.4130859375,788.4108276367188,-790.2968139648438,-788.3882446289062,-3.937462329864502,2.028899669647217,0.05555083975195885,0.07831279933452606,0.23378628492355347,3.4989987796052446e-08,0.9996504783630371,-0.00017478459631092846,0.0,-14.766910552978516,275000
5.9985270500183105,788.3075561523438,788.3084716796875,788.306640625,-790.2403564453125,-788.287109375,-4.299535751342773,2.346322774887085,0.05282380059361458,-0.28398415446281433,0.23400016129016876,3.1347589413144306e-08,0.9996697902679443,-0.0001651028433116153,0.0,-16.232755661010742,276000
2412.28369140625,789.7175903320312,789.7180786132812,789.7171020507812,-791.6266479492188,-789.7145385742188,-3.8558974266052246,1.9437825679779053,0.05588596686720848,-0.06420101225376129,0.2335418313741684,3.288941741175222e-08,0.9996649622917175,-0.00016755159595049918,0.0,-14.713582992553711,277000
5.141246318817139,789.7499389648438,789.7501220703125,789.749755859375,-791.6356201171875,-789.7274169921875,-3.8779523372650146,1.9697303771972656,0.055449478328228,0.01790812984108925,0.23033317923545837,3.300632300806683e-08,0.9996622800827026,-0.00016887063975445926,0.0,-14.708845138549805,278000
6.1741204261779785,790.6712036132812,790.6712646484375,790.671142578125,-792.6328735351562,-790.6790771484375,-3.840393543243408,1.8866229057312012,0.055701445788145065,0.023502234369516373,0.22891128063201904,2.9544066748599107e-08,0.999678373336792,-0.00016082228103186935,0.0,-14.601197242736816,279000
5.2367048263549805,791.1041259765625,791.1041259765625,791.1041259765625,-793.0927734375,-791.1124267578125,-3.913691282272339,1.9333258867263794,0.056134458631277084,-0.04966991767287254,0.23094475269317627,2.9760965247760396e-08,0.9996788501739502,-0.000160615163622424,0.0,-14.994559288024902,280000
5.48051643371582,792.13525390625,792.1370239257812,792.133544921875,-794.0265502929688,-792.1423950195312,-3.845646858215332,1.9614696502685547,0.05534430965781212,0.07919742912054062,0.23207519948482513,3.515183522040388e-08,0.999652087688446,-0.00017397210467606783,0.0,-14.774539947509766,281000
5.598710060119629,791.8944091796875,791.8953857421875,791.8934326171875,-793.847412109375,-791.8992919921875,-4.02211332321167,2.0739948749542236,0.05407838895916939,-0.081557497382164,0.23100754618644714,4.200188413960859e-06,0.999670684337616,-0.00016467140812892467,-0.00012813704961445183,-15.429605484008789,282000
5.624209880828857,792.896484375,792.8980712890625,792.8948974609375,-794.8712158203125,-792.9479370117188,-3.7518532276153564,1.8285757303237915,0.0583343468606472,0.033374007791280746,0.23103569447994232,0.00010444717190694064,0.9996752738952637,-0.00016235241491813213,-0.0006393561488948762,-14.425274848937988,283000
5.216567039489746,793.4615478515625,793.4615478515625,793.4614868164062,-795.3294677734375,-793.4348754882812,-3.9394967555999756,2.044931411743164,0.05336778610944748,-0.11221513897180557,0.22929154336452484,1.1936662303924095e-05,0.9996663928031921,-0.00016681841225363314,-0.00021615010336972773,-15.055143356323242,284000
4.674069881439209,793.9641723632812,793.9656982421875,793.962646484375,-795.92138671875,-793.9944458007812,-3.8348746299743652,1.907974123954773,0.057132963091135025,0.09079152345657349,0.22951991856098175,2.904836371442343e-08,0.99968421459198,-0.00015789069584570825,0.0,-14.701483726501465,285000
2452.611328125,794.166015625,794.1661987304688,794.165771484375,-796.0420532226562,-794.1460571289062,-3.7388265132904053,1.8428598642349243,0.057427845895290375,0.06875075399875641,0.22715425491333008,2.8992465317401184e-08,0.9996850490570068,-0.0001574818161316216,0.0,-14.494905471801758,286000
2436.941162109375,794.989990234375,794.9901123046875,794.9899291992188,-796.8900146484375,-794.9928588867188,-3.733609437942505,1.8364161252975464,0.05626163259148598,0.06353931874036789,0.22718311846256256,3.1691900659325256e-08,0.9996671080589294,-0.00016645716095808893,0.0,-14.456366539001465,287000
5.774279594421387,794.7730712890625,794.77734375,794.7688598632812,-796.7017822265625,-794.7982177734375,-3.898658275604248,1.9951339960098267,0.054298289120197296,-0.05360890552401543,0.22763115167617798,3.2995018273140886e-08,0.999660849571228,-0.00016959589265752584,0.0,-15.240290641784668,288000
2457.768310546875,795.2333984375,795.2346801757812,795.2320556640625,-797.0568237304688,-795.1958618164062,-3.651106834411621,1.7901467084884644,0.05773739889264107,0.06876448541879654,0.22591355443000793,0.00041086910641752183,0.999669075012207,-0.00016549865540582687,-0.0015603036154061556,-14.266202926635742,289000
6.3230881690979,796.1475219726562,796.1488647460938,796.1461791992188,-798.0438232421875,-796.1737060546875,-3.7414417266845703,1.8713284730911255,0.05792083591222763,0.01481351163238287,0.2264053076505661,2.947706434497377e-08,0.9996832609176636,-0.00015835679369047284,0.0,-14.714612007141113,290000
6.1903510093688965,796.562255859375,796.5635375976562,796.5609130859375,-798.3643798828125,-796.5328979492188,-3.7699954509735107,1.9385427236557007,0.054536912590265274,-0.04722236469388008,0.22585922479629517,3.103998125197904e-08,0.999671220779419,-0.00016442213382106274,0.0,-14.95297622680664,291000
5.174623489379883,796.977294921875,796.9774780273438,796.9771728515625,-798.8502197265625,-797.0092163085938,-3.740053653717041,1.8990634679794312,0.05503249168395996,0.04015200957655907,0.2247101366519928,2.920629071923031e-08,0.9996810555458069,-0.0001594886853126809,0.0,-14.857914924621582,292000
2447.654541015625,796.954833984375,796.9552001953125,796.9544677734375,-798.796875,-796.942138671875,-3.84684681892395,1.9921393394470215,0.0563807412981987,-0.06675320118665695,0.223420187830925,3.18127888476738e-08,0.9996684789657593,-0.0001657959946896881,0.0,-15.227255821228027,293000
6.1207451820373535,797.9942626953125,797.9945068359375,797.9939575195312,-799.838134765625,-797.9982299804688,-3.6449711322784424,1.8050490617752075,0.057791683822870255,0.09912022203207016,0.222022145986557,3.14304280379929e-08,0.9996725916862488,-0.00016372965183109045,0.0,-14.37358283996582,294000
5.357075214385986,798.6517333984375,798.6517944335938,798.6516723632812,-800.47119140625,-798.6384887695312,-3.808363676071167,1.9756754636764526,0.05484287813305855,-0.04313642159104347,0.22276128828525543,2.7869125673873896e-08,0.9996877908706665,-0.00015610337140969932,0.0,-15.105998039245605,295000
5.205994606018066,798.846435546875,798.8466796875,798.8461303710938,-800.6773681640625,-798.87109375,-3.8270506858825684,2.020751953125,0.05545208603143692,-0.06382051110267639,0.22184498608112335,3.421727257091334e-08,0.9996591210365295,-0.0001704482128843665,0.0,-15.208297729492188,296000
4.649198532104492,799.80029296875,799.848388671875,799.7521362304688,-801.5133056640625,-799.6838989257812,-3.743678331375122,1.9142369031906128,0.06026628613471985,-0.035744182765483856,0.22333984076976776,2.9037963145128742e-08,0.9996830821037292,-0.00015846066526137292,0.0,-14.749494552612305,297000
5.3377685546875,800.5921630859375,800.5923461914062,800.5919799804688,-802.4798583984375,-800.6353759765625,-3.663879632949829,1.8193868398666382,0.059915389865636826,0.09447059035301208,0.22025258839130402,3.362623601788073e-08,0.9996604323387146,-0.00016979948850348592,0.0,-14.70034122467041,298000
5.459728240966797,801.4185791015625,801.4205322265625,801.4165649414062,-803.2371826171875,-801.4390258789062,-3.805553913116455,2.0073583126068115,0.055490050464868546,-0.07453712821006775,0.22053813934326172,3.277545346236366e-08,0.9996665716171265,-0.00016671008779667318,0.0,-15.210415840148926,299000
5.560625076293945,801.9317626953125,801.932373046875,801.9312133789062,-803.7288208007812,-801.931884765625,-3.7737579345703125,1.9767789840698242,0.053636543452739716,-0.13073031604290009,0.2206364870071411,3.367720680103048e-08,0.9996653199195862,-0.0001673755032243207,0.0,-15.245508193969727,300000
5.63965368270874,802.3233642578125,802.323486328125,802.3231811523438,-804.0991821289062,-802.2872314453125,-3.696822166442871,1.8848954439163208,0.05449986085295677,-0.03363970294594765,0.21997803449630737,3.158125849722637e-08,0.9996695518493652,-0.0001652398641454056,0.0,-15.011866569519043,301000
5.582230091094971,802.1513671875,802.1527709960938,802.1499633789062,-803.9661865234375,-802.1354370117188,-3.770530939102173,1.9397367238998413,0.057512830942869186,-0.06389757990837097,0.2204611748456955,3.00905540484564e-08,0.999678373336792,-0.00016081602370832115,0.0,-15.242976188659668,302000
4.52888298034668,803.1142578125,803.11572265625,803.1127319335938,-804.90966796875,-803.1439819335938,-3.528564214706421,1.7628793716430664,0.05817355215549469,0.11077465862035751,0.21979118883609772,4.722427547676489e-06,0.9996829032897949,-0.00015856605023145676,-0.0001357973669655621,-14.202144622802734,303000
5.947009086608887,803.7073974609375,803.7073974609375,803.7073364257812,-805.3876342773438,-803.7122192382812,-3.3974668979644775,1.7220165729522705,0.06258276104927063,0.22098475694656372,0.2188076376914978,0.00012347433948889375,0.9996690154075623,-0.00016549394058529288,-0.0009742861147969961,-13.76999282836914,304000
5.645962715148926,804.1726684570312,804.1744384765625,804.1708984375,-805.9956665039062,-804.21142578125,-3.6387481689453125,1.854472041130066,0.05430019274353981,0.06322877109050751,0.2179577797651291,3.006758930723663e-08,0.9996809363365173,-0.00015953430556692183,0.0,-14.713899612426758,305000
5.917076110839844,804.596435546875,804.603271484375,804.5895385742188,-806.3960571289062,-804.592041015625,-3.585759401321411,1.7817271947860718,0.059074919670820236,0.08716662228107452,0.21715833246707916,2.9721247685188246e-08,0.9996859431266785,-0.00015704725228715688,0.0,-14.540404319763184,306000
5.190248489379883,804.86962890625,804.8701171875,804.869140625,-806.6739501953125,-804.8446655273438,-3.6588592529296875,1.829595685005188,0.05386512354016304,0.02307765930891037,0.21639038622379303,2.899858131399924e-08,0.9996864795684814,-0.0001567665603943169,0.0,-14.972954750061035,307000
5.699663162231445,805.5118408203125,805.5120849609375,805.5116577148438,-807.3277587890625,-805.4935302734375,-3.5169477462768555,1.6827232837677002,0.05803140997886658,0.08791252225637436,0.21595054864883423,2.783221297875116e-08,0.9996894598007202,-0.00015529239317402244,0.0,-14.4188871383667,308000
4.998239040374756,806.0343017578125,806.0347290039062,806.0338134765625,-807.8923950195312,-806.0831298828125,-3.5839412212371826,1.7746659517288208,0.05791915953159332,1.6976380720734596e-05,0.2158484011888504,2.7782814271404277e-08,0.9996874332427979,-0.0001563012192491442,0.0,-14.843704223632812,309000
5.6947174072265625,806.4481201171875,806.4483642578125,806.4478759765625,-808.1529541015625,-806.4790649414062,-3.6117613315582275,1.9378771781921387,0.05554426088929176,0.01188523881137371,0.21576786041259766,2.779630747795636e-08,0.9996850490570068,-0.00015750380407553166,0.0,-14.842571258544922,310000
4.561919689178467,807.23095703125,807.2311401367188,807.2307739257812,-809.0128173828125,-807.2421875,-3.494342803955078,1.723708987236023,0.05773043632507324,0.08852511644363403,0.21568338572978973,3.425129335710153e-08,0.999658465385437,-0.00017076604126486927,0.0,-14.48493480682373,311000
4.88871431350708,807.5081787109375,807.5083618164062,807.508056640625,-809.187744140625,-807.4384765625,-3.6045358180999756,1.8552879095077515,0.05612950399518013,0.010291146114468575,0.21384423971176147,3.2758194379312044e-08,0.9996616840362549,-0.00016918344772420824,0.0,-14.700475692749023,312000
5.05998420715332,808.3536376953125,808.3536376953125,808.3535766601562,-810.042236328125,-808.3367919921875,-3.3568179607391357,1.6513619422912598,0.05748088285326958,0.2211834043264389,0.21398714184761047,9.524172492092475e-05,0.9996730089187622,-0.00016349685029126704,-0.0006106083164922893,-13.837545394897461,313000
4.68735933303833,808.6815185546875,808.6817016601562,808.6813354492188,-810.3535766601562,-808.6895751953125,-3.313930034637451,1.6498838663101196,0.061682503670454025,0.21907202899456024,0.21374163031578064,0.00017815499450080097,0.999657392501831,-0.00017133283836301416,-0.0010130719747394323,-13.774017333984375,314000
4.668139934539795,809.1072387695312,809.10888671875,809.1055908203125,-810.7838134765625,-809.1302490234375,-3.5501253604888916,1.896531581878662,0.05540814995765686,0.017234301194548607,0.21242846548557281,3.241427748434944e-08,0.9996674060821533,-0.00016631736070849001,0.0,-14.767107963562012,315000
4.2400383949279785,809.2584228515625,809.2589111328125,809.2578735351562,-811.0093994140625,-809.2066040039062,-3.5074198246002197,1.7046711444854736,0.05681953951716423,-0.01109608169645071,0.2106306403875351,2.940370080750654e-08,0.9996833205223083,-0.00015834116493351758,0.0,-14.711647033691406,316000
5.07295560836792,809.3372802734375,809.3377075195312,809.3369140625,-811.0682983398438,-809.3282470703125,-3.6342623233795166,1.8942151069641113,0.05220041051506996,-0.02504369243979454,0.21126461029052734,3.071495413564662e-08,0.9996725916862488,-0.00016371812671422958,0.0,-15.358256340026855,317000
5.44009256362915,810.2814331054688,810.2822265625,810.2806396484375,-812.070068359375,-810.3049926757812,-3.5349833965301514,1.769874095916748,0.05829337611794472,-0.09860677272081375,0.21064980328083038,3.228218403705796e-08,0.9996671676635742,-0.00016644650895614177,0.0,-14.833285331726074,318000
6.151333808898926,810.9895629882812,810.989990234375,810.9891357421875,-812.817626953125,-811.0027465820312,-3.774603843688965,1.9596953392028809,0.05103844404220581,-0.16512902081012726,0.2110612541437149,5.540103302337229e-06,0.9996604919433594,-0.00016978103667497635,-0.00014715998258907348,-15.883214950561523,319000
5.4975996017456055,811.0682983398438,811.0684204101562,811.0681762695312,-812.7999877929688,-811.0979614257812,-3.433199644088745,1.7312089204788208,0.057992123067379,0.08913295716047287,0.21076402068138123,1.6786649212008342e-05,0.999661922454834,-0.00016905704978853464,-0.00025646103313192725,-14.580076217651367,320000
2564.188720703125,811.4473876953125,811.4474487304688,811.4473876953125,-813.0818481445312,-811.4388427734375,-3.3139405250549316,1.670985221862793,0.056126270443201065,0.06392905116081238,0.2095414102077484,0.00026958275702781975,0.9996674656867981,-0.00016627696459181607,-0.0010278407717123628,-14.008816719055176,321000
4.602165222167969,812.1841430664062,812.1871337890625,812.18115234375,-813.9498291015625,-812.2062377929688,-3.4888973236083984,1.7452983856201172,0.05638641491532326,-0.027866927906870842,0.21030110120773315,3.144184290704288e-08,0.9996685981750488,-0.00016573409084230661,0.0,-14.83404541015625,322000
2541.269775390625,811.7862548828125,811.7874145507812,811.78515625,-813.4019165039062,-811.6796875,-3.6250932216644287,1.90291428565979,0.05593893304467201,-0.0780191570520401,0.20934119820594788,3.349042287936754e-08,0.9996602535247803,-0.00016985248657874763,0.0,-15.459739685058594,323000
5.193690776824951,812.5899658203125,812.5903930664062,812.5895385742188,-814.3983764648438,-812.6350708007812,-3.5288455486297607,1.7655695676803589,0.0547172911465168,-0.021874764934182167,0.20798595249652863,3.6214586884852906e-08,0.9996490478515625,-0.00017548672622069716,0.0,-15.074970245361328,324000
5.269909858703613,813.1239624023438,813.1248779296875,813.123046875,-814.9108276367188,-813.1480712890625,-3.471149206161499,1.7083675861358643,0.05893669277429581,0.01968083344399929,0.20758527517318726,5.009716551285237e-05,0.9996645450592041,-0.0001677452091826126,-0.00044273174717091024,-14.871833801269531,325000
5.055274963378906,813.5860595703125,813.5890502929688,813.5830688476562,-815.3820190429688,-813.6255493164062,-3.5240633487701416,1.767552137374878,0.05740142613649368,-0.049510661512613297,0.20729322731494904,3.2727985654901204e-08,0.9996662735939026,-0.00016687583411112428,0.0,-15.003576278686523,326000
5.8124260902404785,813.5740966796875,813.574951171875,813.5731811523438,-815.2516479492188,-813.5418701171875,-3.4437875747680664,1.7339926958084106,0.05744161084294319,0.05179540440440178,0.20519115030765533,5.7653855947137345e-06,0.9996802806854248,-0.0001598546077730134,-0.0001503119128756225,-14.947660446166992,327000
4.994617462158203,814.259033203125,814.2623901367188,814.2557373046875,-815.9581298828125,-814.2623291015625,-3.4225399494171143,1.7267754077911377,0.05897131934762001,0.01557073649019003,0.20695653557777405,2.983804137102197e-08,0.9996765851974487,-0.00016171719471458346,0.0,-14.792025566101074,328000
4.4000701904296875,814.5560913085938,814.5565185546875,814.5556640625,-816.2891235351562,-814.5623168945312,-3.4782440662384033,1.7514817714691162,0.05666225403547287,-0.022434726357460022,0.20659250020980835,2.8583484024125028e-08,0.999685525894165,-0.0001572348119225353,0.0,-15.002485275268555,329000
5.3013715744018555,814.6582641601562,814.6607666015625,814.65576171875,-816.4718017578125,-814.7127685546875,-3.5372068881988525,1.7781693935394287,0.05648849904537201,-0.10343741625547409,0.20609726011753082,2.8507882277040153e-08,0.9996868371963501,-0.00015660077042412013,0.0,-15.266983032226562,330000
4.8035125732421875,815.2900390625,815.2900390625,815.2899780273438,-816.9899291992188,-815.306640625,-3.2584433555603027,1.575148582458496,0.06305450946092606,0.18025462329387665,0.20645098388195038,2.4980270296737217e-08,0.9997063875198364,-0.00014681453467346728,0.0,-14.134163856506348,331000
2573.517333984375,815.1102905273438,815.1102905273438,815.1102905273438,-816.8063354492188,-815.096435546875,-3.4986393451690674,1.788747787475586,0.05797558277845383,-0.10345165431499481,0.20206999778747559,2.8588472034130064e-08,0.9996862411499023,-0.0001568925508763641,0.0,-15.269315719604492,332000
2565.409912109375,815.7943115234375,815.7945556640625,815.7941284179688,-817.4995727539062,-815.77001953125,-3.2957019805908203,1.5661580562591553,0.06083719804883003,0.08822484314441681,0.2028903365135193,2.4838042733676957e-08,0.9997049570083618,-0.00014751807611901313,0.0,-14.40383243560791,333000
5.768961429595947,816.1444091796875,816.1449584960938,816.1439208984375,-817.7947387695312,-816.1240234375,-3.406963586807251,1.7362711429595947,0.05826236307621002,0.013236808590590954,0.2041909396648407,0.0006037415587343276,0.999691367149353,-0.00015431767678819597,-0.0015872063813731074,-14.84904956817627,334000
4.82887077331543,816.3439331054688,816.3445434570312,816.3433227539062,-818.0506591796875,-816.3528442382812,-3.2475578784942627,1.5497208833694458,0.05812374874949455,0.05642548203468323,0.20328834652900696,2.9128655043564322e-08,0.9996817111968994,-0.00015915546100586653,0.0,-14.286551475524902,335000
5.301858901977539,817.2766723632812,817.2769775390625,817.2763671875,-818.9694213867188,-817.2543334960938,-3.3739819526672363,1.6588689088821411,0.05521503835916519,-0.02760724164545536,0.20245443284511566,2.984623392876529e-08,0.999681830406189,-0.00015911788796074688,0.0,-14.913768768310547,336000
2577.072509765625,817.3909301757812,817.3909912109375,817.390869140625,-819.012451171875,-817.3448486328125,-3.2128210067749023,1.5452454090118408,0.059306684881448746,0.14001072943210602,0.2017313539981842,2.8811699692710135e-08,0.9996811747550964,-0.00015942679601721466,0.0,-14.151607513427734,337000
4.611363410949707,818.1594848632812,818.1640014648438,818.1549682617188,-819.822021484375,-818.1560668945312,-3.3984484672546387,1.7324892282485962,0.05603897571563721,-0.011944274418056011,0.1999291181564331,2.8464924639592937e-08,0.9996880292892456,-0.00015600284677930176,0.0,-14.94525146484375,338000
4.502769470214844,818.5706787109375,818.5723876953125,818.5689086914062,-820.237548828125,-818.5799560546875,-3.2961623668670654,1.6385407447814941,0.05904947221279144,0.11411857604980469,0.20217901468276978,2.8566343956981655e-08,0.9996838569641113,-0.00015808557509444654,0.0,-14.537668228149414,339000
5.355449676513672,819.204345703125,819.204833984375,819.203857421875,-820.8399047851562,-819.2173461914062,-3.394874334335327,1.7723379135131836,0.05723872780799866,-0.05276469513773918,0.20120304822921753,1.8496911025067675e-06,0.9996812343597412,-0.00015941198216751218,-8.460299432044849e-05,-15.090502738952637,340000
2590.748046875,818.6744384765625,818.683349609375,818.6655883789062,-820.3099975585938,-818.6336669921875,-3.3827645778656006,1.7064142227172852,0.05619613081216812,-0.04623764380812645,0.20108821988105774,3.1581639632349834e-05,0.999685525894165,-0.0001572465553181246,-0.0003518126904964447,-15.072711944580078,341000
5.288443565368652,820.2169189453125,820.2218627929688,820.2119750976562,-821.89697265625,-820.2181396484375,-3.4371325969696045,1.758283257484436,0.05476570129394531,-0.10491029918193817,0.20057474076747894,2.9218032437938746e-08,0.999683141708374,-0.00015845330199226737,0.0,-15.222417831420898,342000
5.704286098480225,820.0640869140625,820.0682983398438,820.0598754882812,-821.7389526367188,-820.1239013671875,-3.277188301086426,1.6621147394180298,0.05817294120788574,0.07765911519527435,0.19975022971630096,2.953188094068082e-08,0.999679684638977,-0.00016013634740374982,0.0,-14.547672271728516,343000
5.459878921508789,820.4085083007812,820.4099731445312,820.4070434570312,-822.030029296875,-820.4520263671875,-3.266606569290161,1.688618540763855,0.057937055826187134,0.11329012364149094,0.19969680905342102,2.6100757111180428e-08,0.9996998310089111,-0.00015012432413641363,0.0,-14.569046020507812,344000
4.943446159362793,821.3533935546875,821.3623657226562,821.344482421875,-822.9454345703125,-821.3594970703125,-3.359933376312256,1.7739710807800293,0.056420452892780304,-0.034390147775411606,0.19914580881595612,2.6218769377805984e-08,0.9996949434280396,-0.00015252790763042867,0.0,-15.01738166809082,345000
5.330468654632568,821.2984619140625,821.2991333007812,821.2977905273438,-822.9342041015625,-821.3445434570312,-3.300457715988159,1.7108299732208252,0.05649620667099953,-0.029813801869750023,0.19890384376049042,2.6277326981016813e-08,0.9996987581253052,-0.00015065456682350487,0.0,-14.83818244934082,346000
5.044473648071289,821.9596557617188,821.9956665039062,821.9236450195312,-823.605224609375,-821.9544677734375,-3.3229706287384033,1.6722582578659058,0.05680171772837639,0.03364183008670807,0.19684813916683197,2.5038247031261562e-08,0.9997020959854126,-0.00014895590720698237,0.0,-14.853052139282227,347000
4.669257164001465,822.3764038085938,822.3779296875,822.3748779296875,-824.0340576171875,-822.395751953125,-3.4054365158081055,1.7671208381652832,0.056361909955739975,-0.0944795310497284,0.1962384432554245,2.6127635166517393e-08,0.9996962547302246,-0.0001518901262897998,0.0,-15.321706771850586,348000
5.487360954284668,821.980712890625,821.9810180664062,821.98046875,-823.6517944335938,-821.9588623046875,-3.2969777584075928,1.6040400266647339,0.058559663593769073,-0.0300280898809433,0.1972227692604065,2.2791065035221436e-08,0.9997173547744751,-0.0001413232967024669,0.0,-14.8811674118042,349000
4.953004837036133,823.2965698242188,823.3128662109375,823.2802734375,-824.8462524414062,-823.2327270507812,-3.310502290725708,1.696948766708374,0.059210341423749924,-0.029991038143634796,0.19661903381347656,2.45698661416327e-08,0.9997047185897827,-0.00014765997184440494,0.0,-14.917058944702148,350000
5.330049514770508,823.0279541015625,823.030029296875,823.02587890625,-824.5675048828125,-823.0118408203125,-3.243199348449707,1.6875717639923096,0.05799887329339981,0.005562620237469673,0.19702334702014923,2.4261149533799653e-08,0.9997087121009827,-0.0001456432801205665,0.0,-14.754790306091309,351000
4.684353351593018,823.6591186523438,823.6635131835938,823.6547241210938,-825.2646484375,-823.6691284179688,-3.0694661140441895,1.4739446640014648,0.06127980351448059,0.17031337320804596,0.19610679149627686,2.2531544630055578e-08,0.999717652797699,-0.00014118579565547407,0.0,-13.865999221801758,352000
5.077540397644043,823.6064453125,823.6093139648438,823.6036376953125,-825.2568359375,-823.6268920898438,-3.3476078510284424,1.717632532119751,0.053819529712200165,0.0035658860579133034,0.194362074136734,2.532006782018925e-08,0.9997045993804932,-0.00014769597328267992,0.0,-15.196314811706543,353000
5.10158634185791,824.0023193359375,824.0057373046875,823.9989624023438,-825.6316528320312,-823.9783935546875,-3.297682762145996,1.6443854570388794,0.05885644629597664,-0.041856423020362854,0.1947793811559677,2.3755744038567173e-08,0.9997120499610901,-0.00014397338964045048,0.0,-15.05026626586914,354000
4.321183204650879,824.638916015625,824.6404418945312,824.6373901367188,-826.2247314453125,-824.6002197265625,-3.310228109359741,1.685758352279663,0.05584244430065155,-0.005466070957481861,0.19547052681446075,2.5542757242646985e-08,0.9997050166130066,-0.00014751819253433496,0.0,-15.07564640045166,355000
4.560345649719238,825.169921875,825.170654296875,825.1692504882812,-826.7977294921875,-825.140380859375,-3.402333974838257,1.7450133562088013,0.057377126067876816,-0.10858440399169922,0.1939023733139038,0.0005070171318948269,0.9997209310531616,-0.00013956057955510914,-0.0014076381921768188,-15.640020370483398,356000
4.906704425811768,825.578369140625,825.578857421875,825.5778198242188,-827.1768798828125,-825.6065673828125,-3.1194541454315186,1.5491191148757935,0.05983131751418114,0.004025755450129509,0.1944761425256729,2.2350254980096906e-08,0.999720573425293,-0.00013973680324852467,0.0,-14.35940933227539,357000
6.004924774169922,825.123046875,825.1248779296875,825.1211547851562,-826.72705078125,-825.1614990234375,-3.444164752960205,1.8785737752914429,0.05316821113228798,-0.18554896116256714,0.19269117712974548,2.2051169779047086e-08,0.9997222423553467,-0.00013886424130760133,0.0,-15.858833312988281,358000
5.151261329650879,825.8580322265625,825.8594360351562,825.8565673828125,-827.3851318359375,-825.8278198242188,-3.2853310108184814,1.7280277013778687,0.05668015405535698,-0.035388533025979996,0.19256721436977386,2.100317431086296e-08,0.9997305870056152,-0.00013472026330418885,0.0,-14.977317810058594,359000
4.716909408569336,826.274658203125,826.2764282226562,826.27294921875,-827.8138427734375,-826.2179565429688,-3.2449471950531006,1.6490617990493774,0.05683800205588341,-0.01689414493739605,0.19203142821788788,2.1629473323514503e-08,0.9997260570526123,-0.0001369627279927954,0.0,-15.081226348876953,360000
4.3699445724487305,826.9735717773438,826.976806640625,826.9703369140625,-828.6006469726562,-827.00244140625,-3.1318352222442627,1.533637285232544,0.06025930121541023,0.03449506685137749,0.1915789395570755,2.1326775012653343e-08,0.9997276067733765,-0.00013620726531371474,0.0,-14.55114459991455,361000
4.123170375823975,827.9613037109375,827.9767456054688,827.9459228515625,-829.5402221679688,-827.9655151367188,-3.389026165008545,1.8143463134765625,0.052931442856788635,-0.16905856132507324,0.19136278331279755,2.212511063248712e-08,0.9997214078903198,-0.00013931153807789087,0.0,-15.767581939697266,362000
5.322684288024902,827.6650390625,827.6651611328125,827.6649780273438,-829.2399291992188,-827.673583984375,-3.3056793212890625,1.7393033504486084,0.054614994674921036,-0.10810374468564987,0.19102713465690613,2.1717900366979848e-08,0.9997254014015198,-0.0001373059640172869,0.0,-15.410310745239258,363000
5.685973167419434,828.5589599609375,828.5610961914062,828.5567626953125,-830.1066284179688,-828.549560546875,-3.1289405822753906,1.5718892812728882,0.05958770215511322,0.03646210953593254,0.1899292767047882,6.06657522439491e-05,0.9997364282608032,-0.00013177821529097855,-0.00048701107152737677,-14.659416198730469,364000
5.748177528381348,828.223388671875,828.2266845703125,828.2201538085938,-829.771728515625,-828.2045288085938,-3.163198471069336,1.5960270166397095,0.057326823472976685,0.10223308950662613,0.19059576094150543,1.9003795870276008e-08,0.9997420310974121,-0.00012899907596874982,0.0,-14.747509002685547,365000
5.079564094543457,829.0521850585938,829.0523681640625,829.052001953125,-830.6148071289062,-829.0811767578125,-3.055440902709961,1.521773338317871,0.05864831432700157,0.08095280081033707,0.19069620966911316,2.0840428049950788e-08,0.9997303485870361,-0.00013484287774190307,0.0,-14.294049263000488,366000
4.774592876434326,828.95947265625,828.9596557617188,828.9592895507812,-830.5144653320312,-828.9640502929688,-3.028932571411133,1.4785059690475464,0.059938009828329086,0.10714652389287949,0.1900721788406372,4.7473284212173894e-05,0.9997242093086243,-0.00013789649528916925,-0.0004316264239605516,-14.214838027954102,367000
5.25057315826416,829.3873291015625,829.3873901367188,829.3872680664062,-831.0001220703125,-829.4501953125,-3.1032655239105225,1.5533276796340942,0.05927730351686478,0.06558119505643845,0.1890677958726883,2.1167220864981573e-08,0.9997260570526123,-0.00013696131645701826,0.0,-14.576556205749512,368000
4.013417720794678,830.517822265625,830.5179443359375,830.5176391601562,-832.1357421875,-830.5274047851562,-3.1263527870178223,1.5179879665374756,0.0558040626347065,-0.02688167802989483,0.18815955519676208,0.0002236165601061657,0.9997059106826782,-0.00014705292414873838,-0.0009352408233098686,-14.696277618408203,369000
4.746540546417236,830.5651245117188,830.5651245117188,830.5651245117188,-832.1444091796875,-830.5875244140625,-3.198256015777588,1.6413642168045044,0.058893974870443344,-0.05596638843417168,0.18827709555625916,3.248412383527466e-08,0.9996682405471802,-0.00016592181054875255,0.0,-15.09400749206543,370000
5.071451663970947,830.2432861328125,830.2433471679688,830.2432250976562,-831.8731079101562,-830.3168334960938,-3.1371912956237793,1.5809366703033447,0.055587396025657654,-0.032660793513059616,0.18871931731700897,1.5203600014501717e-06,0.9996719360351562,-0.00016405331552959979,-7.67160818213597e-05,-14.84861946105957,371000
5.093499183654785,830.2924194335938,830.3070678710938,830.2777709960938,-831.8411254882812,-830.2865600585938,-2.980497121810913,1.4258906841278076,0.05867433547973633,0.15349721908569336,0.18775838613510132,4.0331293860162987e-08,0.9996273517608643,-0.0001863382349256426,0.0,-14.152994155883789,372000
4.4741315841674805,831.2191162109375,831.2212524414062,831.217041015625,-832.7509155273438,-831.2105102539062,-3.1613974571228027,1.6209933757781982,0.05897871032357216,-0.01973230205476284,0.18696975708007812,0.00030079358839429915,0.999652087688446,-0.00017397524788975716,-0.001518558245152235,-15.004849433898926,373000
4.9844255447387695,832.2539672851562,832.2588500976562,832.2490844726562,-833.783447265625,-832.2671508789062,-3.225325107574463,1.7090353965759277,0.05501948297023773,-0.11475960910320282,0.18678109347820282,2.151695116481278e-05,0.9996651411056519,-0.00016742770094424486,-0.0002906367590185255,-15.312479019165039,374000
2673.41748046875,832.3619995117188,832.3621826171875,832.36181640625,-833.8108520507812,-832.281494140625,-2.996615409851074,1.4672629833221436,0.06038888916373253,0.019884780049324036,0.18441136181354523,2.6628571347941943e-08,0.9996932148933411,-0.00015339096717070788,0.0,-14.24928092956543,375000
5.376622676849365,832.0782470703125,832.0784301757812,832.0780639648438,-833.6065673828125,-832.0942993164062,-2.991553544998169,1.4792977571487427,0.05843380093574524,0.07998040318489075,0.1864098310470581,2.567922052776339e-08,0.999699056148529,-0.0001504763786215335,0.0,-14.306862831115723,376000
5.6442084312438965,832.3189697265625,832.3204956054688,832.3174438476562,-833.7119140625,-832.2464599609375,-3.054943799972534,1.5894906520843506,0.05734578147530556,0.03849136829376221,0.18614758551120758,2.962956280327944e-08,0.9996801614761353,-0.00015991521649993956,0.0,-14.693723678588867,377000
5.561150074005127,833.3614501953125,833.361572265625,833.3613891601562,-834.90966796875,-833.361083984375,-3.2266104221343994,1.678030252456665,0.05423130840063095,-0.05710374936461449,0.1853603720664978,2.6205297487535972e-08,0.9996985197067261,-0.00015074883413035423,0.0,-15.510927200317383,378000
6.046762466430664,833.1812133789062,833.1812133789062,833.1812133789062,-834.7616577148438,-833.2273559570312,-2.9702765941619873,1.43596613407135,0.058909907937049866,0.02933482825756073,0.18500377237796783,4.2196494177915156e-05,0.9996960759162903,-0.00015196745516732335,-0.0004064358363393694,-14.4407320022583,379000
5.23598575592041,833.2882690429688,833.288330078125,833.2882080078125,-834.829833984375,-833.3318481445312,-3.1759607791900635,1.677972674369812,0.05478380620479584,-0.08178897202014923,0.18433339893817902,3.0059609343879856e-06,0.9996997714042664,-0.0001501437509432435,-0.00010858227324206382,-15.324496269226074,380000
4.278420925140381,834.580322265625,834.5803833007812,834.580322265625,-836.0746459960938,-834.5719604492188,-3.1285312175750732,1.6258273124694824,0.05763068050146103,-0.056250400841236115,0.1845511943101883,2.4672808649484068e-05,0.9997158050537109,-0.00014209978689905256,-0.00031065987423062325,-15.277109146118164,381000
2689.347900390625,834.85595703125,834.8563842773438,834.8555297851562,-836.1689453125,-834.781005859375,-3.030884027481079,1.6429368257522583,0.05205719918012619,-0.030761616304516792,0.18315787613391876,2.4651312102719203e-08,0.9997053146362305,-0.0001473531301598996,0.0,-14.599721908569336,382000
2712.067138671875,834.8389892578125,834.840087890625,834.8379516601562,-836.295166015625,-834.8123168945312,-2.972224235534668,1.4893862009048462,0.05517375469207764,0.13566894829273224,0.18356405198574066,2.4061154846322097e-08,0.9997079372406006,-0.00014607135381083935,0.0,-14.497673034667969,383000
4.538975238800049,834.424072265625,834.4244995117188,834.423583984375,-835.9146728515625,-834.4024047851562,-3.1058435440063477,1.5935605764389038,0.05580367520451546,-0.0382198728621006,0.18234750628471375,2.3666434145752646e-08,0.9997127056121826,-0.000143666475196369,0.0,-15.0670166015625,384000
5.519176483154297,834.7381591796875,834.7405395507812,834.73583984375,-836.1627197265625,-834.7015991210938,-3.0977110862731934,1.6366122961044312,0.05472015216946602,-0.04306945949792862,0.18299120664596558,0.0001602620759513229,0.9997203350067139,-0.00013984758697915822,-0.0008907490409910679,-15.089923858642578,385000
4.673319339752197,835.3493041992188,835.349853515625,835.3487548828125,-836.8212280273438,-835.3681030273438,-3.022465229034424,1.5693519115447998,0.05493691563606262,-0.03318101167678833,0.18046613037586212,2.0251388122005665e-08,0.9997324347496033,-0.00013379903975874186,0.0,-14.827323913574219,386000
4.1768317222595215,835.830322265625,835.8306884765625,835.8299560546875,-837.2725219726562,-835.7898559570312,-2.9705727100372314,1.4879217147827148,0.05662540718913078,0.11607223004102707,0.18121330440044403,3.647284393082373e-05,0.999722957611084,-0.0001385304785799235,-0.0003779275866691023,-14.517906188964844,387000
5.327277660369873,836.6423950195312,836.642578125,836.6422119140625,-838.1222534179688,-836.65087890625,-3.0925092697143555,1.621146321296692,0.05637434497475624,-0.06577690690755844,0.17968879640102386,1.9745208135191206e-08,0.9997339844703674,-0.00013299970305524766,0.0,-15.0895414352417,388000
4.5635271072387695,836.7996826171875,836.7997436523438,836.7996215820312,-838.2457275390625,-836.7657470703125,-2.990196466445923,1.5101699829101562,0.056181494146585464,0.02333848923444748,0.18076522648334503,2.0179259152541817e-08,0.9997345805168152,-0.00013272310025058687,0.0,-14.716869354248047,389000
2701.75048828125,836.7919921875,836.7920532226562,836.7919311523438,-838.150390625,-836.7039184570312,-2.8502964973449707,1.4038200378417969,0.05928095802664757,0.09676361829042435,0.1811598539352417,1.9261300110429147e-08,0.9997426271438599,-0.00012870351201854646,0.0,-13.998046875,390000
4.978233814239502,837.3577880859375,837.3590087890625,837.3566284179688,-838.7271728515625,-837.286865234375,-3.0119330883026123,1.5716789960861206,0.05711803212761879,-0.011760947294533253,0.18008290231227875,2.002434840164824e-08,0.9997351169586182,-0.00013244501315057278,0.0,-14.808670997619629,391000
4.9378437995910645,837.9310302734375,837.9310913085938,837.930908203125,-839.4157104492188,-837.9437255859375,-2.9920601844787598,1.5200601816177368,0.05887550488114357,-0.03479880839586258,0.17855331301689148,2.061931780872328e-08,0.9997298121452332,-0.00013508653501048684,0.0,-14.790580749511719,392000
3.9568090438842773,838.2811889648438,838.2817993164062,838.2805786132812,-839.818115234375,-838.3064575195312,-2.9300873279571533,1.418436050415039,0.05568791553378105,0.024541275575757027,0.17923840880393982,2.1437013941749683e-08,0.9997257590293884,-0.00013713470252696425,0.0,-14.5934476852417,393000
5.382554054260254,838.706787109375,838.7081909179688,838.705322265625,-840.1707763671875,-838.7159423828125,-3.145509719848633,1.6906838417053223,0.05599483847618103,-0.13121522963047028,0.17889326810836792,2.196562221001841e-08,0.9997221231460571,-0.0001389466051477939,0.0,-15.582219123840332,394000
3.915191650390625,838.9461669921875,838.9472045898438,838.945068359375,-840.3931884765625,-838.9371337890625,-3.0595059394836426,1.6034375429153442,0.053275950253009796,-0.029437551274895668,0.17759940028190613,2.0544598910987588e-08,0.999730110168457,-0.00013496822793968022,0.0,-15.208745956420898,395000
5.04810094833374,839.2381591796875,839.2386474609375,839.2376708984375,-840.6597290039062,-839.2163696289062,-3.0265302658081055,1.5831644535064697,0.05735616758465767,-0.10425525903701782,0.17889857292175293,2.040684066173526e-08,0.9997332096099854,-0.000133380715851672,0.0,-15.156576156616211,396000
4.597224235534668,839.6853637695312,839.800048828125,839.5706787109375,-841.0281372070312,-839.59912109375,-2.948211431503296,1.5191484689712524,0.05606311559677124,0.06741855293512344,0.1786607950925827,6.429749191738665e-05,0.9997321963310242,-0.00013390395906753838,-0.0005014351918362081,-14.753896713256836,397000
5.5106353759765625,839.168212890625,839.1689453125,839.1675415039062,-840.6278076171875,-839.1907958984375,-2.8215503692626953,1.384497880935669,0.05869238078594208,0.15444415807724,0.17655164003372192,1.9966105213597984e-08,0.9997342824935913,-0.0001328836369793862,0.0,-14.031206130981445,398000
2720.957763671875,839.9671630859375,839.9673461914062,839.9669189453125,-841.365478515625,-839.9283447265625,-2.880342721939087,1.4432282447814941,0.05626596510410309,0.03882872685790062,0.1759895235300064,4.873855141340755e-05,0.9997361302375793,-0.0001319290604442358,-0.0004369826056063175,-14.518482208251953,399000
4.689453125,839.855712890625,839.8563232421875,839.8551635742188,-841.2899780273438,-839.8260498046875,-2.950164318084717,1.4862303733825684,0.05707668885588646,-0.035711560398340225,0.17719092965126038,2.0002531186946726e-08,0.9997358322143555,-0.0001320934243267402,0.0,-14.8952054977417,400000
4.710693359375,839.9429931640625,839.9432373046875,839.9427490234375,-841.4111328125,-839.95849609375,-2.9680275917053223,1.515353798866272,0.05531923100352287,-0.042604442685842514,0.17674845457077026,1.4441137636822532e-06,0.9997402429580688,-0.0001298639108426869,-7.499932689825073e-05,-15.025871276855469,401000
2722.627197265625,840.3190307617188,840.319091796875,840.3189697265625,-841.7538452148438,-840.27880859375,-3.0411698818206787,1.5661593675613403,0.05508759990334511,-0.08906257152557373,0.17486432194709778,1.9292082598099114e-08,0.999740719795227,-0.00012965254427399486,0.0,-15.265039443969727,402000
4.289636611938477,841.171142578125,841.1712036132812,841.1710815429688,-842.6569213867188,-841.1806030273438,-3.115272283554077,1.6389858722686768,0.05611415579915047,-0.2024826556444168,0.17544223368167877,1.9005295115448462e-08,0.9997415542602539,-0.00012923982285428792,0.0,-15.781774520874023,403000
5.279838562011719,840.9014282226562,840.9369506835938,840.8659057617188,-842.3223266601562,-840.8994750976562,-2.939155340194702,1.5163151025772095,0.05539167299866676,-0.03452390432357788,0.17626264691352844,1.9527998773583022e-08,0.9997417330741882,-0.00012914299441035837,0.0,-14.869049072265625,404000
5.27117395401001,841.664306640625,841.6654663085938,841.6632080078125,-843.1184692382812,-841.6898193359375,-2.8799643516540527,1.4512966871261597,0.059894297271966934,0.1089848130941391,0.17650669813156128,0.00012625013187061995,0.9997442960739136,-0.00012787256855517626,-0.0007024406804703176,-14.546344757080078,405000
4.47573184967041,842.1583251953125,842.1619873046875,842.1546630859375,-843.5927734375,-842.1587524414062,-3.0167834758758545,1.582777976989746,0.05500677973031998,-0.09796352684497833,0.17487971484661102,1.901706170315265e-08,0.9997427463531494,-0.00012864891323260963,0.0,-15.268298149108887,406000
5.186370849609375,842.4730224609375,842.4734497070312,842.47265625,-843.9205322265625,-842.4576416015625,-2.991032838821411,1.5281387567520142,0.056222010403871536,-0.12371253967285156,0.17468233406543732,2.1254676241255765e-08,0.9997261762619019,-0.00013692319043911994,0.0,-15.256855010986328,407000
4.7099432945251465,842.0353393554688,842.0381469726562,842.0325317382812,-843.4479370117188,-842.0345458984375,-3.039064407348633,1.6256839036941528,0.054865412414073944,-0.1794363111257553,0.17423607409000397,2.0570738001879363e-08,0.9997313618659973,-0.00013433959975373,0.0,-15.601743698120117,408000
4.67924690246582,842.33154296875,842.3319091796875,842.3312377929688,-843.7846069335938,-842.3530883789062,-2.950068950653076,1.5185350179672241,0.055969879031181335,-0.051752969622612,0.1747927963733673,2.260561515754489e-08,0.999719500541687,-0.00014027430734131485,0.0,-15.111523628234863,409000
5.085658550262451,843.3704833984375,843.3706665039062,843.3702392578125,-844.808349609375,-843.3864135742188,-2.847729206085205,1.4257636070251465,0.056675441563129425,0.043779999017715454,0.175010085105896,2.1209547895750802e-08,0.9997265338897705,-0.00013671013584826142,0.0,-14.675737380981445,410000
5.170655250549316,842.976318359375,842.9782104492188,842.9744873046875,-844.3816528320312,-843.0194702148438,-2.871396780014038,1.509223461151123,0.05321400240063667,0.02757257968187332,0.17420069873332977,2.0359461672114776e-08,0.9997298717498779,-0.000135074311401695,0.0,-14.761666297912598,411000
4.471040725708008,843.6575927734375,843.6586303710938,843.6565551757812,-845.0941162109375,-843.7097778320312,-2.822676181793213,1.4383292198181152,0.05750928074121475,0.014959027990698814,0.1729230135679245,2.0842897185957554e-08,0.9997310638427734,-0.00013450527330860496,0.0,-14.58614730834961,412000
4.707088947296143,844.203369140625,844.2072143554688,844.199462890625,-845.6624145507812,-844.23046875,-2.9532370567321777,1.5212717056274414,0.05399344116449356,-0.010017302818596363,0.1737290322780609,2.177114666324087e-08,0.9997246861457825,-0.0001376675791107118,0.0,-15.317028045654297,413000
4.766312122344971,844.6278686523438,844.6298828125,844.6258544921875,-846.047119140625,-844.6569213867188,-2.906365156173706,1.5161749124526978,0.056168634444475174,-0.06123267114162445,0.17369374632835388,2.218032690848304e-08,0.9997222423553467,-0.00013887175009585917,0.0,-15.028646469116211,414000
2756.664306640625,844.2950439453125,844.2991333007812,844.291015625,-845.7120361328125,-844.2505493164062,-2.8736929893493652,1.4122281074523926,0.05905202403664589,-0.024838769808411598,0.1715012639760971,2.0993057958662575e-08,0.9997289180755615,-0.00013555098848883063,0.0,-14.946712493896484,415000
4.195796966552734,844.80908203125,844.8096313476562,844.80859375,-846.2778930664062,-844.8438720703125,-2.9892683029174805,1.5552343130111694,0.056059326976537704,-0.1322346180677414,0.1724853366613388,0.00021834355720784515,0.9997263550758362,-0.00013682994176633656,-0.000923888583201915,-15.635038375854492,416000
5.3713765144348145,844.2354736328125,844.2405395507812,844.23046875,-845.6097412109375,-844.1639404296875,-2.8909318447113037,1.4451414346694946,0.05710980296134949,-0.035978447645902634,0.17152661085128784,1.8862934325625247e-08,0.9997448921203613,-0.00012757384683936834,0.0,-15.010305404663086,417000
5.507607460021973,844.850341796875,844.8511962890625,844.8495483398438,-846.2335205078125,-844.9070434570312,-2.7595736980438232,1.433123230934143,0.056513164192438126,0.14430411159992218,0.17119911313056946,2.079534411336681e-08,0.9997320771217346,-0.0001339662412647158,0.0,-14.260810852050781,418000
4.669584274291992,845.5515747070312,845.5518188476562,845.5513305664062,-846.9346923828125,-845.5601806640625,-2.7946975231170654,1.420172095298767,0.056319091469049454,0.07771167159080505,0.17094305157661438,2.0102199016491795e-08,0.9997363686561584,-0.00013184109411668032,0.0,-14.60107135772705,419000
3.8934712409973145,845.9322509765625,845.9329833984375,845.9315795898438,-847.3740234375,-845.977294921875,-2.828907012939453,1.4322023391723633,0.055505719035863876,0.0014630829682573676,0.16929946839809418,1.8188792694218137e-08,0.9997457265853882,-0.00012714184413198382,0.0,-14.81199836730957,420000
4.9809393882751465,846.3450317382812,846.3452758789062,846.3447875976562,-847.7135009765625,-846.3131103515625,-2.773761034011841,1.3733795881271362,0.058249663561582565,0.027676159515976906,0.17030595242977142,2.067029214458671e-08,0.9997320771217346,-0.00013396315625868738,0.0,-14.627532958984375,421000
4.7191267013549805,846.4234619140625,846.4324340820312,846.41455078125,-847.8486938476562,-846.4632568359375,-2.7313027381896973,1.3458616733551025,0.058179572224617004,0.09419193863868713,0.17035113275051117,2.0936543165817056e-08,0.9997304081916809,-0.00013481148926075548,0.0,-14.34609317779541,422000
5.309237480163574,846.4183349609375,846.4185791015625,846.4181518554688,-847.8392333984375,-846.4190673828125,-2.961439371109009,1.5412733554840088,0.053738951683044434,-0.10269031673669815,0.16931872069835663,5.278221215121448e-05,0.9997327327728271,-0.0001336241839453578,-0.00045436416985467076,-15.549551010131836,423000
4.0039520263671875,847.5604248046875,847.5609130859375,847.5598754882812,-849.0015258789062,-847.592529296875,-2.7480082511901855,1.3389853239059448,0.06096847727894783,0.020539114251732826,0.1697198748588562,2.23045475422623e-08,0.9997231960296631,-0.00013841336476616561,0.0,-14.586729049682617,424000
5.044887542724609,847.63134765625,847.6328735351562,847.6297607421875,-849.0798950195312,-847.6531372070312,-2.8777148723602295,1.4509227275848389,0.055213067680597305,-0.09177366644144058,0.1681879609823227,2.1550302875539273e-08,0.9997241497039795,-0.00013792869867756963,0.0,-15.15009880065918,425000
4.44426155090332,848.2369384765625,848.2373657226562,848.2365112304688,-849.5528564453125,-848.2152099609375,-2.8128392696380615,1.4752100706100464,0.05425414815545082,0.003496323712170124,0.16899654269218445,0.00030631807749159634,0.999723494052887,-0.00013825790665578097,-0.001094269915483892,-14.82203483581543,426000
6.506288528442383,848.6026611328125,848.6032104492188,848.60205078125,-849.95947265625,-848.558349609375,-2.844494104385376,1.443359613418579,0.05576090142130852,0.006407319102436304,0.16829974949359894,4.5409597078105435e-05,0.999712347984314,-0.00014385704707819968,-0.00042173732072114944,-15.054862976074219,427000
4.7829270362854,848.3739013671875,848.3742065429688,848.37353515625,-849.7752075195312,-848.4104614257812,-2.617029905319214,1.252259373664856,0.05959776043891907,0.17242030799388885,0.16869355738162994,2.407375987445448e-08,0.9997109174728394,-0.00014456167991738766,0.0,-13.941003799438477,428000
4.197288513183594,848.8599243164062,848.8604736328125,848.859375,-850.2431030273438,-848.8997802734375,-2.7453038692474365,1.4020010232925415,0.06034639850258827,-0.021762320771813393,0.16611988842487335,1.9541699813885316e-08,0.9997373819351196,-0.00013131809828337282,0.0,-14.598556518554688,429000
4.7668986320495605,849.4999389648438,849.4999389648438,849.4999389648438,-850.8681030273438,-849.4588623046875,-2.8672707080841064,1.4580192565917969,0.05830860882997513,-0.00979641079902649,0.16725470125675201,1.0484491212991998e-06,0.9997314214706421,-0.00013427739031612873,-6.38333149254322e-05,-15.225646018981934,430000
5.472362995147705,849.2625732421875,849.2626342773438,849.2625122070312,-850.6188354492188,-849.2732543945312,-2.7476646900177,1.4021294116973877,0.05788557603955269,0.0627872422337532,0.16689497232437134,2.068090054763161e-08,0.9997305274009705,-0.00013473871513269842,0.0,-14.650766372680664,431000
2808.32373046875,849.8973388671875,849.8973999023438,849.8972778320312,-851.2606811523438,-849.9129028320312,-2.877332925796509,1.5295358896255493,0.05690670758485794,-0.013871118426322937,0.16725166141986847,2.1239635827896564e-08,0.9997287392616272,-0.00013564820983447134,0.0,-15.403448104858398,432000
4.532538414001465,849.6605224609375,849.6650390625,849.656005859375,-851.0440673828125,-849.73046875,-2.5804758071899414,1.266916275024414,0.05852000042796135,0.0937885195016861,0.16643026471138,7.837118755560368e-05,0.999732494354248,-0.00013376213610172272,-0.0005538866971619427,-13.834616661071777,433000
5.555047035217285,850.69482421875,850.6957397460938,850.69384765625,-852.0380249023438,-850.6926879882812,-2.7510483264923096,1.405678629875183,0.056432124227285385,0.009823066182434559,0.16583235561847687,2.15572697470634e-08,0.9997233748435974,-0.00013833545381203294,0.0,-14.84742546081543,434000
5.129773139953613,850.6571044921875,850.6574096679688,850.65673828125,-851.9642944335938,-850.6666870117188,-2.713040590286255,1.415390133857727,0.05651315674185753,0.03859179466962814,0.16536065936088562,2.193632830937986e-08,0.9997231364250183,-0.00013844206114299595,0.0,-14.634127616882324,435000
2812.41064453125,850.9207153320312,850.9207153320312,850.9207153320312,-852.2150268554688,-850.847900390625,-2.8494555950164795,1.4823037385940552,0.05551626533269882,-0.04434439167380333,0.1662292331457138,2.0708124992552257e-08,0.9997292757034302,-0.0001353985717287287,0.0,-15.369379043579102,436000
4.598828315734863,851.1064453125,851.1065063476562,851.1063842773438,-852.5181884765625,-851.1581420898438,-2.868563652038574,1.5085713863372803,0.05456828698515892,-0.1285085529088974,0.16493569314479828,2.304457893842482e-06,0.9997353553771973,-0.00013233079516794533,-9.49200039030984e-05,-15.520299911499023,437000
4.099285125732422,851.4292602539062,851.4337158203125,851.4248046875,-852.8229370117188,-851.4441528320312,-2.6164543628692627,1.2376710176467896,0.05990097299218178,0.11617076396942139,0.16520491242408752,1.8476844942938442e-08,0.9997457265853882,-0.0001271510700462386,0.0,-14.099384307861328,438000
4.501806735992432,851.8662109375,851.86865234375,851.86376953125,-853.2488403320312,-851.8823852539062,-2.7387943267822266,1.3722996711730957,0.05529312416911125,-0.030118275433778763,0.16412505507469177,1.9888762636810497e-08,0.9997353553771973,-0.00013233715435490012,0.0,-14.912284851074219,439000
4.519417762756348,851.40625,851.4345703125,851.3779296875,-852.8219604492188,-851.4136352539062,-2.707339286804199,1.299038052558899,0.05856524035334587,0.024945978075265884,0.16493727266788483,2.0061321492903517e-08,0.9997378587722778,-0.00013108203711453825,0.0,-14.820720672607422,440000
4.441631317138672,851.9193725585938,851.922607421875,851.9161376953125,-853.2799072265625,-851.9260864257812,-2.7307326793670654,1.3769171237945557,0.05947509780526161,-0.03344237804412842,0.16037094593048096,9.717521606944501e-05,0.9997442960739136,-0.0001278539712075144,-0.0008131882059387863,-14.905237197875977,441000
4.937395095825195,851.8458251953125,851.8463134765625,851.8453369140625,-853.1617431640625,-851.8710327148438,-2.6083390712738037,1.3176475763320923,0.05878143757581711,0.06036069989204407,0.16387003660202026,1.9484920343870726e-08,0.9997365474700928,-0.00013173413753975183,0.0,-14.207855224609375,442000
3.5634353160858154,852.1251831054688,852.1253051757812,852.1250610351562,-853.4381713867188,-852.13720703125,-2.810529947280884,1.5095524787902832,0.05419895052909851,-0.04154206067323685,0.16279225051403046,2.2016010348124837e-08,0.9997223615646362,-0.00013881857739761472,0.0,-15.355012893676758,443000
2805.655029296875,852.6143188476562,852.6143188476562,852.6143188476562,-853.9354858398438,-852.5918579101562,-2.623523235321045,1.2799365520477295,0.060071855783462524,0.0700632706284523,0.16313493251800537,1.8318084826773884e-08,0.99974524974823,-0.00012739640078507364,0.0,-14.3198881149292,444000
5611.51318359375,852.0853881835938,852.0885009765625,852.082275390625,-853.3246459960938,-851.9994506835938,-2.721971035003662,1.3967852592468262,0.05891717970371246,0.020525967702269554,0.1634332686662674,0.000338400510372594,0.9997409582138062,-0.00012955101556144655,-0.00115029641892761,-14.810823440551758,445000
2805.97900390625,853.08349609375,853.0849609375,853.08203125,-854.4535522460938,-853.0979614257812,-2.7105398178100586,1.3549189567565918,0.05605844035744667,0.050913624465465546,0.16302381455898285,2.2754402806413054e-08,0.9997178912162781,-0.00014107927563600242,0.0,-14.937926292419434,446000
4.38789176940918,852.5609130859375,852.5610961914062,852.5607299804688,-853.989501953125,-852.5972900390625,-2.795037031173706,1.4028230905532837,0.05622554570436478,-0.054034262895584106,0.16213884949684143,2.0225911612214986e-08,0.9997357130050659,-0.00013213428610470146,0.0,-15.283014297485352,447000
5.379080772399902,852.899169921875,852.8992309570312,852.8990478515625,-854.2518310546875,-852.9317016601562,-2.7100603580474854,1.3899589776992798,0.05438937991857529,-0.002870751777663827,0.1620810627937317,8.687494846526533e-05,0.9997246265411377,-0.00013770206714980304,-0.0005830159643664956,-14.916778564453125,448000
3.860459327697754,853.4208374023438,853.4210205078125,853.420654296875,-854.8058471679688,-853.4467163085938,-2.6865179538726807,1.327391266822815,0.057461339980363846,-0.027191901579499245,0.1621948480606079,1.892974310635509e-08,0.9997431039810181,-0.00012846631580032408,0.0,-14.878318786621094,449000
2822.918701171875,854.140380859375,854.1406860351562,854.1400756835938,-855.4157104492188,-854.0971069335938,-2.7110748291015625,1.392431378364563,0.05555916577577591,-0.01485891081392765,0.16149170696735382,0.0003983332135248929,0.9997316002845764,-0.00013421813491731882,-0.0012480326695367694,-15.006938934326172,450000
2817.0986328125,854.118408203125,854.1185302734375,854.1182861328125,-855.3887939453125,-854.0658569335938,-2.7585275173187256,1.435603380203247,0.05401754379272461,-0.0296662375330925,0.16107113659381866,2.195996273712808e-08,0.9997196197509766,-0.00014018177171237767,0.0,-15.261545181274414,451000
4.022922039031982,854.0682373046875,854.068359375,854.0680541992188,-855.3670654296875,-854.0471801757812,-2.7481794357299805,1.4282543659210205,0.05445908010005951,-0.00867967214435339,0.15995532274246216,2.16906759220592e-08,0.9997247457504272,-0.0001376181753585115,0.0,-15.224021911621094,452000
4.665129661560059,854.0986328125,854.0986938476562,854.0985717773438,-855.4483032226562,-854.0933227539062,-2.6443161964416504,1.2893025875091553,0.05780268460512161,0.03341560810804367,0.16098077595233917,2.212057914618981e-08,0.999721884727478,-0.00013904820661991835,0.0,-14.663044929504395,453000
5.071159839630127,854.3516845703125,854.3538208007812,854.3494873046875,-855.6898803710938,-854.3507080078125,-2.779400110244751,1.44022798538208,0.054946914315223694,-0.10294276475906372,0.15998876094818115,2.1360413882121065e-08,0.9997266530990601,-0.0001367039221804589,0.0,-15.544095993041992,454000
4.771787643432617,855.2737426757812,855.2749633789062,855.2725219726562,-856.646728515625,-855.3180541992188,-2.646791934967041,1.3180873394012451,0.05685363709926605,-0.017016824334859848,0.15950065851211548,0.00033706618705764413,0.9997193813323975,-0.00014031822502147406,-0.001148270326666534,-14.823395729064941,455000
5.260519504547119,854.8592529296875,854.859375,854.8590698242188,-856.1436767578125,-854.86767578125,-2.6123476028442383,1.336344838142395,0.05473625659942627,0.07072290778160095,0.160063698887825,2.375925056696815e-08,0.9997110962867737,-0.00014446210116147995,0.0,-14.603833198547363,456000
5.334471702575684,855.2244262695312,855.2247314453125,855.22412109375,-856.5028076171875,-855.2264404296875,-2.5572030544281006,1.2808243036270142,0.05848986282944679,0.08676023036241531,0.15977254509925842,2.2539307309443757e-08,0.9997201561927795,-0.00013993968605063856,0.0,-14.403621673583984,457000
4.189550399780273,855.2505493164062,855.4510498046875,855.050048828125,-856.3798828125,-855.0626220703125,-2.7100155353546143,1.3927557468414307,0.05690741539001465,-0.023370664566755295,0.15919126570224762,2.0819314272557676e-08,0.999730110168457,-0.00013493506412487477,0.0,-15.115097999572754,458000
2822.78759765625,856.0850830078125,856.0856323242188,856.0845336914062,-857.3330078125,-856.0333862304688,-2.6657934188842773,1.3661469221115112,0.059346962720155716,-0.04001230746507645,0.1596166342496872,2.1361451274515275e-08,0.999725341796875,-0.00013734816457144916,0.0,-14.926312446594238,459000
2830.122802734375,856.4232177734375,856.4234619140625,856.4230346679688,-857.664306640625,-856.3497314453125,-2.7806715965270996,1.4661502838134766,0.0533052459359169,-0.12540651857852936,0.1586756557226181,2.1559884544330998e-08,0.9997265934944153,-0.0001367235672660172,0.0,-15.624224662780762,460000
4.5159454345703125,856.353271484375,856.353271484375,856.3532104492188,-857.640869140625,-856.3719482421875,-2.6122608184814453,1.3433172702789307,0.05869013071060181,0.024852599948644638,0.15819551050662994,2.108966334901652e-08,0.9997297525405884,-0.00013513077283278108,0.0,-14.718376159667969,461000
4.984148979187012,857.0474243164062,857.0474853515625,857.04736328125,-858.4223022460938,-857.0643310546875,-2.7824203968048096,1.4244439601898193,0.055437248200178146,-0.1632753312587738,0.15752112865447998,0.00019892913405783474,0.9997345209121704,-0.00013272653450258076,-0.000882259220816195,-15.810935020446777,462000
4.073788642883301,856.9580078125,856.9580688476562,856.9580078125,-858.2222900390625,-856.9424438476562,-2.5330893993377686,1.253207802772522,0.05819693207740784,0.09940778464078903,0.15744511783123016,2.103127805241911e-08,0.9997310638427734,-0.0001344802149105817,0.0,-14.311575889587402,463000
2834.290283203125,857.125732421875,857.1260986328125,857.1254272460938,-858.376953125,-857.0794677734375,-2.660531759262085,1.3630602359771729,0.05646418780088425,0.008053814060986042,0.15766723453998566,2.2106490860096528e-08,0.999721884727478,-0.0001390479737892747,0.0,-15.140007019042969,464000
4.644235610961914,857.1253662109375,857.1253662109375,857.1253051757812,-858.385986328125,-857.1122436523438,-2.5472917556762695,1.2735401391983032,0.05747478827834129,0.04958640784025192,0.15356962382793427,2.392801512485221e-08,0.9997130632400513,-0.0001434745208825916,0.0,-14.419218063354492,465000
4.013945579528809,858.0172119140625,858.0176391601562,858.0167846679688,-859.2754516601562,-858.0276489257812,-2.598825454711914,1.3510217666625977,0.05590801686048508,0.006032684817910194,0.1574409455060959,2.380927277556566e-08,0.9997110962867737,-0.00014445887063629925,0.0,-14.70367431640625,466000
4.044195652008057,858.0610961914062,858.0724487304688,858.0497436523438,-859.3412475585938,-858.0778198242188,-2.6213879585266113,1.3580000400543213,0.053917352110147476,0.011052258312702179,0.15581120550632477,0.00016815983690321445,0.9997158646583557,-0.00014205783372744918,-0.0008108835900202394,-14.990232467651367,467000
2843.101318359375,858.4163818359375,858.4182739257812,858.4144897460938,-859.6364135742188,-858.3922729492188,-2.6092147827148438,1.3650610446929932,0.05617363005876541,-0.030061131343245506,0.15461833775043488,2.1450860643312808e-08,0.9997250437736511,-0.00013747742923442274,0.0,-14.880807876586914,468000
4.401241779327393,858.9464111328125,858.9476318359375,858.9451293945312,-860.1878051757812,-858.975830078125,-2.392279863357544,1.1803148984909058,0.05923469737172127,0.11990933120250702,0.15615974366664886,0.00016423134366050363,0.9997238516807556,-0.00013810236123390496,-0.0008013007463887334,-13.686845779418945,469000
5.887608528137207,858.4871826171875,858.48876953125,858.485595703125,-859.7908935546875,-858.4976196289062,-2.654848575592041,1.361582636833191,0.0528581365942955,-0.03884776309132576,0.1555483192205429,2.3546370186977583e-08,0.9997117519378662,-0.0001441311469534412,0.0,-15.20504379272461,470000
4.494349479675293,859.2280883789062,859.2281494140625,859.22802734375,-860.546630859375,-859.2731323242188,-2.5478134155273438,1.274319052696228,0.05765072628855705,0.032179851084947586,0.1555253565311432,6.85781124047935e-05,0.9997400045394897,-0.00013000419130548835,-0.0005268325330689549,-14.62261962890625,471000
3.7000160217285156,859.8651733398438,859.8898315429688,859.8405151367188,-861.1515502929688,-859.8056030273438,-2.7008750438690186,1.3549432754516602,0.05291781947016716,-0.09376779198646545,0.1558295041322708,2.1892411439239368e-08,0.9997246265411377,-0.00013768253847956657,0.0,-15.516107559204102,472000
6.5101423263549805,858.961669921875,858.9651489257812,858.958251953125,-860.1642456054688,-858.8994140625,-2.4841573238372803,1.2193093299865723,0.059643372893333435,0.1152004823088646,0.15385091304779053,9.925521453624242e-07,0.9997220635414124,-0.00013898347970098257,-6.196492904564366e-05,-14.355823516845703,473000
4.0425872802734375,860.1563720703125,860.1571044921875,860.1555786132812,-861.3681030273438,-860.1511840820312,-2.6477129459381104,1.4307671785354614,0.05437472462654114,-0.03484848886728287,0.15456131100654602,1.9858443778275614e-08,0.9997371435165405,-0.00013144631520844996,0.0,-15.222904205322266,474000
5.063066005706787,860.337646484375,860.338134765625,860.3370971679688,-861.6822509765625,-860.400634765625,-2.624915361404419,1.343317985534668,0.05766618251800537,-0.019843298941850662,0.15483015775680542,2.0361445862704386e-08,0.9997345209121704,-0.00013276228855829686,0.0,-15.28390121459961,475000
5735.0322265625,860.357666015625,860.357666015625,860.3576049804688,-861.5558471679688,-860.2854614257812,-2.645522356033325,1.3750971555709839,0.05644366145133972,-0.09466393291950226,0.15407794713974,1.9412420115827445e-08,0.9997392892837524,-0.0001303706521866843,0.0,-15.241729736328125,476000
4.47554874420166,860.060302734375,860.0632934570312,860.0573120117188,-861.3619384765625,-860.09765625,-2.681342840194702,1.4170619249343872,0.057403869926929474,-0.09716833382844925,0.15382276475429535,1.913313241175274e-08,0.9997411370277405,-0.00012945666094310582,0.0,-15.563468933105469,477000
3.940704345703125,860.5634765625,860.5635375976562,860.5634155273438,-861.8225708007812,-860.5634155273438,-2.6235570907592773,1.3643996715545654,0.055043239146471024,0.004369879607111216,0.15366286039352417,1.9008831841915708e-08,0.999740481376648,-0.0001297713752137497,0.0,-15.158880233764648,478000
5.271529197692871,859.8953857421875,859.9010620117188,859.8897705078125,-861.12109375,-859.8212280273438,-2.5663180351257324,1.2664707899093628,0.059085115790367126,-0.049695659428834915,0.15406881272792816,1.828133555648037e-08,0.9997485876083374,-0.0001257211552001536,0.0,-14.949089050292969,479000
3.9387450218200684,860.8427734375,860.8429565429688,860.8426513671875,-862.0572509765625,-860.8206787109375,-2.5463650226593018,1.309800148010254,0.057954929769039154,0.012091652490198612,0.1531883180141449,1.793806703176415e-08,0.9997499585151672,-0.00012503389734774828,0.0,-14.82817268371582,480000
4.747725486755371,860.944580078125,860.9452514648438,860.9439086914062,-862.2228393554688,-860.9384155273438,-2.593392848968506,1.3089849948883057,0.057383615523576736,-0.005602718330919743,0.15279604494571686,1.638402480352852e-08,0.9997613430023193,-0.00011933995119761676,0.0,-15.225333213806152,481000
4.390161037445068,860.8916015625,860.8936157226562,860.8895874023438,-862.156005859375,-860.8790283203125,-2.561830997467041,1.284866213798523,0.0577818937599659,-0.017091825604438782,0.15285784006118774,5.30840679857647e-07,0.9997492432594299,-0.00012539280578494072,-4.583761256071739e-05,-14.998080253601074,482000
4.13559627532959,861.3078002929688,861.30810546875,861.3074951171875,-862.5864868164062,-861.3299560546875,-2.5241639614105225,1.2676658630371094,0.057155825197696686,0.025862086564302444,0.15212489664554596,1.6679809533570733e-08,0.9997574687004089,-0.00012126305227866396,0.0,-14.797050476074219,483000
2863.7763671875,861.7527465820312,861.754638671875,861.7508544921875,-862.9979248046875,-861.7462158203125,-2.327012062072754,1.0753200054168701,0.06185993179678917,0.22801385819911957,0.1522698700428009,1.7276784447517457e-08,0.9997532367706299,-0.00012339538079686463,0.0,-13.676779747009277,484000
5.289600849151611,861.964599609375,861.96630859375,861.962890625,-863.2101440429688,-861.9912719726562,-2.4966156482696533,1.2777522802352905,0.05579153448343277,0.04919206723570824,0.1507110297679901,1.8418521818830413e-08,0.9997465014457703,-0.00012676151527557522,0.0,-14.533602714538574,485000
5.235404014587402,862.1886596679688,862.1897583007812,862.1875610351562,-863.394775390625,-862.1776733398438,-2.5094797611236572,1.2923831939697266,0.05848904699087143,-0.0010456489399075508,0.15160763263702393,1.635359758722643e-08,0.9997583627700806,-0.00012082632747478783,0.0,-14.764522552490234,486000
5.333395957946777,861.7837524414062,861.7842407226562,861.7832641601562,-863.0916748046875,-861.832763671875,-2.4889461994171143,1.2300158739089966,0.05772429332137108,-0.003131312318146229,0.15109989047050476,1.6814457381997272e-08,0.9997574090957642,-0.000121309443784412,0.0,-14.693716049194336,487000
4.518481254577637,862.4970703125,862.4988403320312,862.4952392578125,-863.7971801757812,-862.5248413085938,-2.5867087841033936,1.3143646717071533,0.05779993161559105,-0.05470757558941841,0.15111513435840607,1.6831057436661467e-08,0.9997552037239075,-0.00012240817886777222,0.0,-15.322047233581543,488000
5.768598556518555,863.024169921875,863.0244140625,863.0239868164062,-864.268310546875,-863.0276489257812,-2.424830198287964,1.184133768081665,0.057449378073215485,0.1393127590417862,0.15062977373600006,1.8685353708747243e-08,0.9997459650039673,-0.00012704942491836846,0.0,-14.361166954040527,489000
4.691132545471191,862.572998046875,862.573486328125,862.5724487304688,-863.8233642578125,-862.5928955078125,-2.5030317306518555,1.2725658416748047,0.05788751319050789,0.055172666907310486,0.15101610124111176,1.6643912914560133e-08,0.9997575879096985,-0.00012122601037845016,0.0,-14.856178283691406,490000
3.8736796379089355,863.4115600585938,863.4120483398438,863.4110717773438,-864.7088012695312,-863.4454956054688,-2.5514018535614014,1.288071632385254,0.05542455241084099,-0.024043463170528412,0.1496303826570511,1.8619516595208552e-08,0.9997429847717285,-0.000128492945805192,0.0,-15.145467758178711,491000
4.357110500335693,863.123291015625,863.1234741210938,863.1231079101562,-864.3622436523438,-863.1509399414062,-2.487704277038574,1.276426911354065,0.058829084038734436,0.010161211714148521,0.15081967413425446,1.6665348212541176e-08,0.9997575879096985,-0.00012122368934797123,0.0,-14.78496265411377,492000
4.167759895324707,863.135009765625,863.1354370117188,863.1346435546875,-864.3348388671875,-863.1021728515625,-2.4207589626312256,1.188140630722046,0.05774089694023132,0.09616370499134064,0.1505117565393448,2.062903270427796e-08,0.9997320771217346,-0.0001339682494290173,0.0,-14.457874298095703,493000
4.293377876281738,863.7723388671875,863.8193969726562,863.725341796875,-864.9598388671875,-863.7244873046875,-2.387251377105713,1.1519416570663452,0.058545179665088654,0.11040662974119186,0.14975909888744354,1.8298496939905817e-08,0.999744713306427,-0.00012764945859089494,0.0,-14.317550659179688,494000
2879.30615234375,863.6669921875,863.66748046875,863.66650390625,-864.8601684570312,-863.6381225585938,-2.476611852645874,1.2545801401138306,0.05836629867553711,0.038336265832185745,0.1496615707874298,2.0791580027434975e-05,0.999740719795227,-0.0001296541595365852,-0.0002853513869922608,-14.89006233215332,495000
5.09611177444458,863.8792114257812,863.8800659179688,863.8783569335938,-864.988037109375,-863.843505859375,-2.4493296146392822,1.304829478263855,0.056970857083797455,-0.015186781994998455,0.14918555319309235,2.0718950111131562e-08,0.9997340440750122,-0.00013301323633641005,0.0,-14.743149757385254,496000
4.326556205749512,864.4823608398438,864.4823608398438,864.4823608398438,-865.6849365234375,-864.4839477539062,-2.3391189575195312,1.1381516456604004,0.056143712252378464,0.12212672084569931,0.14911505579948425,1.968489549142305e-08,0.9997360706329346,-0.00013197079533711076,0.0,-14.068105697631836,497000
4.952386379241943,864.0919189453125,864.1007690429688,864.0830688476562,-865.3426513671875,-864.1192016601562,-2.5445637702941895,1.3210970163345337,0.054743554443120956,-0.05847126990556717,0.1489151418209076,1.984921205178125e-08,0.9997375011444092,-0.00013127588317729533,0.0,-15.280717849731445,498000
2884.209716796875,864.50830078125,864.5084838867188,864.5081176757812,-865.587158203125,-864.454833984375,-2.3871467113494873,1.254791498184204,0.05731222406029701,0.04843650385737419,0.14766554534435272,4.560158686217619e-06,0.999761700630188,-0.00011916726361960173,-0.00013450445840135217,-14.482418060302734,499000
3.602653741836548,864.9142456054688,864.9169921875,864.9114990234375,-866.1532592773438,-864.927001953125,-2.4673948287963867,1.2411539554595947,0.05653205141425133,0.007570292335003614,0.14775867760181427,1.656007242445412e-08,0.9997564554214478,-0.00012180012708995491,0.0,-14.876943588256836,500000
