critic/q_loss,critic/q_mean,critic/q_max,critic/q_min,actor/total_loss,actor/q_loss,actor/bc_loss,actor/entropy_loss,actor/mse,beta/beta_loss,beta/beta,encoder/encoder_loss,encoder/dot_mean,encoder/kl_target_mean,encoder/nll_raw_mean,step
452.5390625,-0.01119971927255392,0.09357224404811859,-0.108396515250206,-1.5354366302490234,-0.16842180490493774,9.694526672363281,-11.061541557312012,0.37805336713790894,19.372241973876953,0.9997000694274902,0.6173936128616333,0.3645111322402954,-0.4201442003250122,8.958333015441895,0
21.040550231933594,59.69268035888672,59.72443389892578,59.661590576171875,-65.66402435302734,-59.69536209106445,-8.759197235107422,2.7905375957489014,0.08268676698207855,3.9071459770202637,0.7988412380218506,0.027013633400201797,0.49307939410209656,0.406810462474823,-8.86214828491211,1000
9.364957809448242,86.93441772460938,86.9362564086914,86.9321060180664,-94.05005645751953,-86.99479675292969,-11.43102741241455,4.375771999359131,0.06677434593439102,1.3994823694229126,0.6956009864807129,0.021573446691036224,0.5604968070983887,0.5150271654129028,-11.748363494873047,2000
11.62325382232666,108.42477416992188,108.42549133300781,108.42407989501953,-116.01578521728516,-108.44036865234375,-12.918309211730957,5.342892169952393,0.05962572246789932,-0.13786108791828156,0.6470134258270264,0.01389649324119091,0.6012649536132812,0.563076376914978,-13.101046562194824,3000
226.73402404785156,127.2843017578125,127.28434753417969,127.28427124023438,-134.4732666015625,-127.2550048828125,-12.369970321655273,5.151700019836426,0.06229684129357338,0.5115344524383545,0.638495147228241,0.02881079725921154,0.599539577960968,0.5376927852630615,-12.427570343017578,4000
8.563835144042969,143.41989135742188,143.4219207763672,143.41781616210938,-151.2422637939453,-143.4787139892578,-13.732336044311523,5.968775749206543,0.05838986113667488,-0.0816458985209465,0.65789395570755,0.01967870444059372,0.6162630319595337,0.5848895907402039,-13.902973175048828,5000
8.872374534606934,158.45516967773438,158.49972534179688,158.41062927246094,-166.27561950683594,-158.36927795410156,-14.054590225219727,6.148254871368408,0.05795466527342796,-0.5090742707252502,0.6674305200576782,0.011366698890924454,0.5845310688018799,0.5960826873779297,-14.244739532470703,6000
11.871636390686035,171.96376037597656,171.96478271484375,171.96273803710938,-179.74179077148438,-171.98416137695312,-13.3221435546875,5.564521312713623,0.0589652918279171,-0.027527183294296265,0.68450528383255,0.014186282642185688,0.5764907598495483,0.5759285688400269,-13.649852752685547,7000
9.36650276184082,184.726806640625,184.77279663085938,184.68081665039062,-192.56643676757812,-184.6451416015625,-14.23384952545166,6.312561511993408,0.055680304765701294,-0.37094560265541077,0.6942436695098877,0.009562565013766289,0.597499430179596,0.6049871444702148,-14.47127914428711,8000
12.221893310546875,196.45794677734375,196.54861450195312,196.36729431152344,-203.8058624267578,-196.34622192382812,-13.727873802185059,6.26823091506958,0.06070385128259659,0.0022340654395520687,0.7001736760139465,0.016278063878417015,0.5800995826721191,0.5802733898162842,-13.865715980529785,9000
13.713245391845703,207.5823974609375,207.59190368652344,207.57286071777344,-215.52769470214844,-207.5784149169922,-13.81201171875,5.86273717880249,0.05837694928050041,-0.16255773603916168,0.7073640823364258,0.013289518654346466,0.5861715078353882,0.587580680847168,-14.037205696105957,10000
12.321685791015625,218.38632202148438,218.38905334472656,218.38360595703125,-225.99754333496094,-218.27096557617188,-13.621498107910156,5.8949103355407715,0.05921878665685654,0.35106831789016724,0.7123029828071594,0.014609253033995628,0.5955662727355957,0.5714635848999023,-13.583770751953125,11000
10.736680030822754,228.25669860839844,228.25794982910156,228.2554473876953,-235.8895263671875,-228.2821807861328,-13.1419095993042,5.534563064575195,0.06296643614768982,0.19192524254322052,0.7118785381317139,0.010596387088298798,0.5701916217803955,0.569575309753418,-13.437736511230469,12000
1039.598388671875,236.72024536132812,236.7209014892578,236.71957397460938,-244.3946533203125,-236.59576416015625,-14.044098854064941,6.245213985443115,0.05808764323592186,-0.12547481060028076,0.7167671322822571,0.008866289630532265,0.6077492237091064,0.5987352132797241,-14.282492637634277,13000
12.024837493896484,244.98873901367188,244.99745178222656,244.98004150390625,-253.10708618164062,-244.95608520507812,-14.299357414245605,6.14833927154541,0.0565006323158741,-0.034597042948007584,0.7262005805969238,0.01128246821463108,0.5647681951522827,0.6053900718688965,-14.577301025390625,14000
251.93359375,252.67123413085938,252.67152404785156,252.6709442138672,-260.4601135253906,-252.6512451171875,-14.12047290802002,6.311611652374268,0.05872008576989174,0.12521964311599731,0.7275222539901733,0.012230735272169113,0.6048434972763062,0.5923994779586792,-14.301666259765625,15000
14.875645637512207,260.1560363769531,260.1597595214844,260.1523132324219,-267.8780822753906,-260.1627197265625,-14.167037963867188,6.451679229736328,0.05680498108267784,-0.032915886491537094,0.7245798707008362,0.010378185659646988,0.5968784093856812,0.5941036939620972,-14.229531288146973,16000
12.280105590820312,267.739501953125,267.73974609375,267.7392272949219,-275.49200439453125,-267.78680419921875,-13.396356582641602,5.691159725189209,0.05896845832467079,0.45959171652793884,0.7197985649108887,0.01501824613660574,0.586662769317627,0.5754326581954956,-13.668647766113281,17000
13.725138664245605,273.62115478515625,273.6606140136719,273.5816650390625,-281.63214111328125,-273.70220947265625,-13.087993621826172,5.158059120178223,0.06347762793302536,0.46113136410713196,0.7235504984855652,0.01070885919034481,0.5795239806175232,0.568092942237854,-13.427203178405762,18000
306.22711181640625,280.24395751953125,280.2693176269531,280.2186279296875,-287.9472351074219,-280.2103271484375,-13.738502502441406,6.001591682434082,0.05921123921871185,0.1987971067428589,0.7333938479423523,0.011710798367857933,0.5814241766929626,0.582659125328064,-13.892998695373535,19000
14.173931121826172,285.9974365234375,286.00555419921875,285.9893493652344,-293.7778625488281,-286.0374755859375,-14.083504676818848,6.343118190765381,0.056527938693761826,-0.06078202277421951,0.7312927842140198,0.008538044057786465,0.6028854846954346,0.5990747809410095,-14.398712158203125,20000
14.094077110290527,291.7144775390625,291.7144775390625,291.7144470214844,-299.3573303222656,-291.7352294921875,-13.916423797607422,6.294300556182861,0.056248072534799576,0.25858795642852783,0.7346169352531433,0.010630516335368156,0.6029171347618103,0.5966700911521912,-14.265405654907227,21000
12.995006561279297,297.0206298828125,297.0206604003906,297.0206298828125,-304.83441162109375,-297.015625,-13.866564750671387,6.047789573669434,0.05860063061118126,0.044306982308626175,0.7321791052818298,0.015004822053015232,0.6495770215988159,0.5843501091003418,-13.960058212280273,22000
14.02346134185791,302.050048828125,302.0505065917969,302.0495910644531,-310.0711669921875,-302.0663757324219,-13.725341796875,5.720540523529053,0.06049380451440811,0.16289383172988892,0.7364841103553772,0.009726627729833126,0.6123014688491821,0.590721607208252,-14.125558853149414,23000
16.633319854736328,307.0960998535156,307.09625244140625,307.095947265625,-315.08087158203125,-307.09405517578125,-14.300442695617676,6.313632488250732,0.05445016920566559,-0.36294975876808167,0.7345228791236877,0.009057916700839996,0.5745179653167725,0.6054400205612183,-14.69095230102539,24000
10.664854049682617,311.82061767578125,311.8212585449219,311.8199462890625,-319.8116760253906,-311.8565673828125,-13.61717414855957,5.662086486816406,0.06150631234049797,0.1571236401796341,0.732607364654541,0.015386301092803478,0.5914603471755981,0.5799488425254822,-13.911094665527344,25000
14.804361343383789,315.87451171875,315.8746032714844,315.8744201660156,-323.636962890625,-315.8761291503906,-14.256699562072754,6.495884895324707,0.05559559538960457,-0.1302642673254013,0.7276819348335266,0.008957462385296822,0.5965964198112488,0.5992468595504761,-14.373326301574707,26000
13.063648223876953,320.31927490234375,320.3193054199219,320.31927490234375,-328.1047058105469,-320.3006896972656,-14.12244987487793,6.318419456481934,0.05780644342303276,0.18994756042957306,0.7331005930900574,0.010490288957953453,0.6152852177619934,0.5958468914031982,-14.189332962036133,27000
13.01215648651123,324.2128601074219,324.2129211425781,324.2127990722656,-331.8738098144531,-324.17877197265625,-13.603643417358398,5.908609867095947,0.058731868863105774,0.40537047386169434,0.73256516456604,0.010484246537089348,0.5510382056236267,0.5865492224693298,-13.931706428527832,28000
13.476907730102539,328.041015625,328.04229736328125,328.0397644042969,-335.8209228515625,-328.0736999511719,-14.155101776123047,6.4078826904296875,0.05639777332544327,-0.13801738619804382,0.7297763228416443,0.00869761686772108,0.5803231596946716,0.5976144075393677,-14.411479949951172,29000
14.74067211151123,331.76019287109375,331.760498046875,331.7598876953125,-339.6108093261719,-331.8030700683594,-13.923032760620117,6.115289688110352,0.0592065192759037,0.10352693498134613,0.7326602935791016,0.00972549244761467,0.5982476472854614,0.5973629951477051,-14.428895950317383,30000
14.690875053405762,334.663818359375,334.663818359375,334.6637878417969,-342.6822204589844,-334.68634033203125,-14.325689315795898,6.329809665679932,0.05636615306138992,0.15879173576831818,0.7329704165458679,0.011928830295801163,0.6371299028396606,0.6036554574966431,-14.644668579101562,31000
15.588434219360352,338.418701171875,338.4187927246094,338.4186096191406,-346.31207275390625,-338.4884033203125,-13.794425010681152,5.970770835876465,0.05901544913649559,0.17719541490077972,0.7210732698440552,0.015015383251011372,0.640927791595459,0.5877771377563477,-14.145381927490234,32000
456.468994140625,342.14947509765625,342.1512756347656,342.147705078125,-349.8558044433594,-342.08538818359375,-13.76390552520752,5.993507385253906,0.055379949510097504,0.29823920130729675,0.7256555557250977,0.00918737705796957,0.5911879539489746,0.5874673128128052,-14.10009765625,33000
14.595834732055664,344.8038330078125,344.8038635253906,344.8038024902344,-352.802490234375,-344.85333251953125,-14.263921737670898,6.3147454261779785,0.05651559680700302,-0.39762723445892334,0.7234720587730408,0.009064150974154472,0.5780346989631653,0.6142077445983887,-14.944539070129395,34000
11.590192794799805,348.16607666015625,348.1669006347656,348.165283203125,-355.9920654296875,-348.1579895019531,-13.736563682556152,5.902509689331055,0.06096441671252251,0.10621794313192368,0.7153248190879822,0.010022439993917942,0.5580053925514221,0.5973763465881348,-14.362356185913086,35000
13.185742378234863,350.724609375,350.724853515625,350.7243957519531,-358.45050048828125,-350.74261474609375,-13.774663925170898,6.066771984100342,0.057834189385175705,0.04165884107351303,0.717291533946991,0.010984394699335098,0.5473088026046753,0.5992203950881958,-14.357484817504883,36000
14.960312843322754,353.8174133300781,353.8174743652344,353.8173522949219,-361.7658996582031,-353.774169921875,-14.03098201751709,6.03924036026001,0.0566895417869091,0.2474667876958847,0.7185233235359192,0.011220855638384819,0.5973128080368042,0.5974006652832031,-14.399069786071777,37000
16.22562026977539,356.2177429199219,356.21923828125,356.21624755859375,-364.11956787109375,-356.2446594238281,-13.965605735778809,6.090686321258545,0.056436534970998764,-0.0013563696993514895,0.7192003726959229,0.008902495726943016,0.6153193116188049,0.6010996103286743,-14.570261001586914,38000
16.155166625976562,359.06011962890625,359.0614929199219,359.0587463378906,-367.0048522949219,-359.095947265625,-13.621074676513672,5.7121663093566895,0.05835142731666565,0.2705482244491577,0.7222718000411987,0.010726472362875938,0.6242095828056335,0.5822334289550781,-13.892232894897461,39000
10.848623275756836,361.34783935546875,361.3504333496094,361.34521484375,-369.3265075683594,-361.396728515625,-13.865119934082031,5.935347557067871,0.05747351795434952,0.012504393234848976,0.7203561067581177,0.007779253181070089,0.6051526069641113,0.5964398384094238,-14.227272033691406,40000
10.624717712402344,364.09027099609375,364.0909118652344,364.0896301269531,-372.0015869140625,-364.1141052246094,-14.076058387756348,6.1885833740234375,0.05399280786514282,-0.33067867159843445,0.7164076566696167,0.0077690728940069675,0.6045714020729065,0.610933244228363,-14.758769989013672,41000
16.980667114257812,366.438232421875,366.4388122558594,366.4376525878906,-374.37591552734375,-366.44830322265625,-14.73743724822998,6.8098039627075195,0.051683053374290466,-0.620034396648407,0.7166070342063904,0.012194227427244186,0.5748478174209595,0.6259485483169556,-15.373456954956055,42000
15.238296508789062,368.66448974609375,368.6656799316406,368.6640319824219,-373.7242431640625,-365.80487060546875,-14.127541542053223,6.208157062530518,0.0560188852250576,0.16631543636322021,0.7172113656997681,0.007563927210867405,0.5892623066902161,0.5992496013641357,-14.472539901733398,43000
13.752399444580078,371.0491943359375,371.057861328125,371.04046630859375,-379.3445739746094,-371.06756591796875,-14.492137908935547,6.215129375457764,0.05494260787963867,-0.2489911913871765,0.7140074968338013,0.008013661950826645,0.609825611114502,0.6125441193580627,-15.01270866394043,44000
14.44108772277832,373.23101806640625,373.2327880859375,373.229248046875,-380.9065246582031,-373.2095031738281,-14.37226676940918,6.67521858215332,0.0521257258951664,-0.3054800033569336,0.7163369655609131,0.010233772918581963,0.5793827176094055,0.6096046566963196,-14.884332656860352,45000
16.32414436340332,375.46295166015625,375.46563720703125,375.4602355957031,-383.5682373046875,-375.473388671875,-14.637177467346191,6.542327880859375,0.054612524807453156,-0.5483834743499756,0.7091369032859802,0.010941939428448677,0.5851424336433411,0.6166484951972961,-15.299027442932129,46000
14.22927474975586,377.3663330078125,377.410400390625,377.32232666015625,-385.2732849121094,-377.2870178222656,-14.066329956054688,6.080056667327881,0.05721643567085266,-0.11029887944459915,0.7093915343284607,0.00994078814983368,0.576731264591217,0.6076875329017639,-14.703672409057617,47000
15.259965896606445,378.0972595214844,379.41619873046875,376.0309753417969,-385.4582214355469,-377.28863525390625,-14.65551471710205,6.485935688018799,0.0544716976583004,-0.8647584915161133,0.712668240070343,0.009537532925605774,0.5881660580635071,0.6291403770446777,-15.501920700073242,48000
16.914718627929688,375.60968017578125,377.8307189941406,371.6410827636719,-382.36724853515625,-374.46380615234375,-14.143453598022461,6.240009307861328,0.05525391921401024,0.13041065633296967,0.7036618590354919,0.007765426300466061,0.6004660129547119,0.6041538715362549,-14.572555541992188,49000
16.227340698242188,371.0313720703125,373.3808288574219,365.969482421875,-377.7975158691406,-369.68084716796875,-14.289794921875,6.173112392425537,0.0547369085252285,-0.13436104357242584,0.7049237489700317,0.01058448851108551,0.6394657492637634,0.6035194993019104,-14.67622184753418,50000
18.53888702392578,367.4051208496094,370.7690124511719,362.24798583984375,-374.058349609375,-366.0167236328125,-14.090984344482422,6.049347877502441,0.05525193363428116,-0.24353264272212982,0.7038360834121704,0.010881125926971436,0.6149464845657349,0.6020398736000061,-14.633770942687988,51000
510.60308837890625,363.7744445800781,367.21929931640625,356.4901123046875,-370.3470458984375,-362.2275390625,-13.97360610961914,5.854100704193115,0.05718308314681053,0.05972260609269142,0.7003597021102905,0.008901696652173996,0.6033356785774231,0.5980561971664429,-14.4693603515625,52000
17.327478408813477,359.7542419433594,363.77496337890625,352.2239685058594,-366.38323974609375,-358.3235168457031,-13.799799919128418,5.740089416503906,0.05799977853894234,0.4368802011013031,0.702491819858551,0.009076885879039764,0.6062566041946411,0.5887216925621033,-14.128276824951172,53000
18.06017303466797,356.4223937988281,359.9537353515625,347.3167724609375,-363.1212463378906,-355.0501708984375,-13.647372245788574,5.576285362243652,0.06083175167441368,0.3777545392513275,0.6940160989761353,0.008141770958900452,0.5824700593948364,0.5851868391036987,-14.00826644897461,54000
19.932212829589844,353.70849609375,356.5882873535156,342.7460632324219,-360.66534423828125,-352.53875732421875,-13.949645042419434,5.823053359985352,0.05547066405415535,-0.09555703401565552,0.6912598013877869,0.007516850717365742,0.6009227633476257,0.6062278151512146,-14.691896438598633,55000
18.541885375976562,351.7342529296875,354.7560729980469,339.83740234375,-358.23681640625,-350.28485107421875,-13.784189224243164,5.832215785980225,0.05974605679512024,0.05006711557507515,0.6914973855018616,0.010164808481931686,0.5866467952728271,0.5943067073822021,-14.27705192565918,56000
17.222095489501953,350.1825866699219,353.35394287109375,337.3820495605469,-357.1958923339844,-348.9320983886719,-14.215189933776855,5.951380252838135,0.05945641174912453,-0.10903994739055634,0.6864849328994751,0.010500315576791763,0.6153489947319031,0.6071879863739014,-14.76289176940918,57000
19.519935607910156,348.97369384765625,351.99273681640625,334.96368408203125,-355.6998291015625,-347.6553955078125,-14.036663055419922,5.992217063903809,0.055764298886060715,0.06583312153816223,0.6825463771820068,0.008532863110303879,0.6125985383987427,0.6010504961013794,-14.570453643798828,58000
18.93824005126953,346.5590515136719,350.20538330078125,331.9565734863281,-353.4058837890625,-345.177734375,-14.255970001220703,6.027835845947266,0.06016715243458748,-0.33179718255996704,0.6858804821968079,0.010441448539495468,0.6438745260238647,0.6035224795341492,-14.707040786743164,59000
17.087345123291016,345.669677734375,348.3978576660156,329.0633239746094,-352.70758056640625,-344.53521728515625,-14.302460670471191,6.130081653594971,0.054370712488889694,-0.32304084300994873,0.6860909461975098,0.005797429475933313,0.6092527508735657,0.6208973526954651,-15.107519149780273,60000
18.832244873046875,345.4647216796875,348.3323059082031,323.73358154296875,-352.03582763671875,-344.0516357421875,-13.769231796264648,5.785046577453613,0.05473432317376137,0.1424354612827301,0.679347574710846,0.009645946323871613,0.5650693774223328,0.5951186418533325,-14.272357940673828,61000
1562.1334228515625,344.537353515625,347.87066650390625,312.8541564941406,-351.16510009765625,-342.98004150390625,-13.600508689880371,5.415449142456055,0.05974991247057915,0.061757393181324005,0.6786386966705322,0.011000019498169422,0.5686964988708496,0.5885241031646729,-14.112503051757812,62000
23.205795288085938,344.69927978515625,347.9145812988281,305.7239685058594,-351.8218688964844,-343.5892639160156,-14.14354419708252,5.910947322845459,0.05901322513818741,-0.2724500596523285,0.6774473786354065,0.009585658088326454,0.5937894582748413,0.6100554466247559,-14.790526390075684,63000
14.067398071289062,345.8265380859375,348.392578125,339.4913330078125,-353.11407470703125,-344.724853515625,-14.17691707611084,5.787684440612793,0.05600357800722122,0.05209088698029518,0.6789899468421936,0.007514625787734985,0.6228354573249817,0.6072993278503418,-14.672285079956055,64000
10.958727836608887,349.4879150390625,352.0938415527344,334.4565124511719,-356.67095947265625,-348.53271484375,-13.94105339050293,5.802809715270996,0.057126857340335846,0.2528408467769623,0.6789911985397339,0.008196203038096428,0.5989900827407837,0.6042988300323486,-14.640522003173828,65000
12.581466674804688,352.9079895019531,353.31890869140625,348.9090270996094,-361.0387268066406,-352.81024169921875,-14.216327667236328,5.987844944000244,0.056041572242975235,-0.31164610385894775,0.6765788197517395,0.010190913453698158,0.5626445412635803,0.6221664547920227,-15.18587589263916,66000
10.855246543884277,357.8604431152344,359.8695983886719,351.8898620605469,-365.0183410644531,-356.66015625,-13.487014770507812,5.128824234008789,0.06091314181685448,0.3151310384273529,0.6722838282585144,0.0075284941121935844,0.5803998112678528,0.5937526226043701,-14.21780776977539,67000
60.489925384521484,361.08380126953125,363.4745788574219,208.63668823242188,-368.7040100097656,-360.2353210449219,-13.977303504943848,5.508619785308838,0.056468408554792404,-0.10152597725391388,0.6686298847198486,0.008147131651639938,0.5919805765151978,0.6074725985527039,-14.801557540893555,68000
11.79412841796875,364.17041015625,364.2680969238281,364.06707763671875,-372.26373291015625,-364.01007080078125,-13.95632266998291,5.702664375305176,0.05497920885682106,-0.21310003101825714,0.6655780673027039,0.008510252460837364,0.5961970090866089,0.605774998664856,-14.745931625366211,69000
386.5813293457031,366.9552001953125,369.31903076171875,176.67501831054688,-372.6484069824219,-364.60260009765625,-13.652196884155273,5.606382846832275,0.059155870229005814,-0.027747424319386482,0.6708381175994873,0.013936961069703102,0.5515981316566467,0.5878051519393921,-14.215401649475098,70000
12.975234031677246,371.59613037109375,371.89642333984375,370.681884765625,-379.8253173828125,-371.4130859375,-13.975300788879395,5.563073635101318,0.059553757309913635,0.03284047171473503,0.6701812744140625,0.008403935469686985,0.622395932674408,0.6024045944213867,-14.538091659545898,71000
27.441085815429688,373.960693359375,376.04150390625,335.7984619140625,-380.7647399902344,-372.7693176269531,-13.724777221679688,5.7293291091918945,0.05828797072172165,0.1145036518573761,0.6700851917266846,0.011776052415370941,0.6082020998001099,0.5975180864334106,-14.489385604858398,72000
141.1764678955078,378.1373596191406,380.1849670410156,117.6159439086914,-384.548828125,-376.4471740722656,-14.01938533782959,5.917720317840576,0.055667661130428314,-0.6213577389717102,0.66434246301651,0.012346809729933739,0.5716098546981812,0.6168482899665833,-15.036141395568848,73000
10.962105751037598,380.57025146484375,381.9295349121094,376.7474060058594,-388.0731201171875,-379.78155517578125,-14.038784980773926,5.747219085693359,0.05403900146484375,0.18536341190338135,0.6630421280860901,0.006929842755198479,0.588912844657898,0.6072951555252075,-14.71687126159668,74000
13.591806411743164,381.5680236816406,382.5846252441406,374.8047180175781,-389.05230712890625,-380.76239013671875,-13.830814361572266,5.5408935546875,0.052260056138038635,-0.03220229968428612,0.665261447429657,0.009236123412847519,0.604023814201355,0.595276951789856,-14.448715209960938,75000
11.965068817138672,384.2779846191406,387.6927490234375,377.956298828125,-391.6162414550781,-383.39739990234375,-13.933359146118164,5.714520454406738,0.05428508296608925,0.021003281697630882,0.6595227718353271,0.006904361303895712,0.5927529335021973,0.5981252193450928,-14.4808349609375,76000
9.9713134765625,386.6152038574219,388.2720642089844,381.41693115234375,-394.99822998046875,-386.20867919921875,-14.574145317077637,5.784609794616699,0.057829175144433975,-0.386403352022171,0.6511337757110596,0.007806689012795687,0.6241645812988281,0.6311361789703369,-15.464651107788086,77000
13.097850799560547,389.23333740234375,390.56622314453125,384.8874816894531,-396.56512451171875,-388.36285400390625,-14.149187088012695,5.946915149688721,0.054167523980140686,-0.23409411311149597,0.6595336198806763,0.010670964606106281,0.6239774823188782,0.6098875999450684,-14.900705337524414,78000
9.692850112915039,391.3302917480469,394.0142822265625,382.0562438964844,-398.5816345214844,-390.40802001953125,-13.516969680786133,5.3433451652526855,0.05564073845744133,0.06999921053647995,0.6565808057785034,0.009268127381801605,0.6005092859268188,0.5933094024658203,-14.190149307250977,79000
112.93069458007812,392.813232421875,393.307861328125,144.85398864746094,-401.4363708496094,-393.1512451171875,-13.63320255279541,5.348081588745117,0.05762896686792374,0.24536626040935516,0.6581783890724182,0.006726838648319244,0.5819042325019836,0.5937962532043457,-14.306497573852539,80000
150.63914489746094,396.58502197265625,398.32769775390625,365.0804443359375,-403.3618469238281,-395.1372985839844,-14.359344482421875,6.134803295135498,0.052878111600875854,-0.3987540602684021,0.6571813821792603,0.010433681309223175,0.6107468008995056,0.6160127520561218,-15.036454200744629,81000
16.947345733642578,398.1866455078125,399.73773193359375,341.70294189453125,-406.1084289550781,-397.73065185546875,-14.193723678588867,5.815951347351074,0.05443922430276871,-0.4376410245895386,0.6500954031944275,0.00828813761472702,0.6050504446029663,0.6189807653427124,-15.117531776428223,82000
13.631097793579102,398.45831298828125,398.5634460449219,398.353271484375,-406.75250244140625,-398.42352294921875,-13.128536224365234,4.799548149108887,0.05825071409344673,0.3547065854072571,0.6448574662208557,0.009799927473068237,0.5794564485549927,0.5838627815246582,-13.92939567565918,83000
12.104660987854004,400.34796142578125,401.7755126953125,390.7905578613281,-408.42254638671875,-399.9803161621094,-13.76666259765625,5.324428081512451,0.05595490708947182,-0.009201200678944588,0.6483762860298157,0.0077726454474031925,0.588176965713501,0.6054209470748901,-14.682286262512207,84000
62.175594329833984,402.148193359375,405.4527893066406,343.6885986328125,-409.6094970703125,-401.13153076171875,-13.559587478637695,5.08162260055542,0.05874962359666824,0.0764332041144371,0.6428214311599731,0.008009037002921104,0.5927623510360718,0.5942440032958984,-14.428316116333008,85000
46.62394714355469,402.4231872558594,404.2119140625,390.0422058105469,-409.1588134765625,-401.01104736328125,-13.789392471313477,5.641643524169922,0.053864408284425735,0.2105141133069992,0.6465092301368713,0.007632290478795767,0.5859793424606323,0.5968909859657288,-14.357610702514648,86000
10.180837631225586,402.6845397949219,406.0279235839844,395.54443359375,-410.2290344238281,-401.5867919921875,-14.343826293945312,5.701557159423828,0.05318475514650345,-0.3708863854408264,0.643149733543396,0.006585475988686085,0.6049535274505615,0.6266152858734131,-15.417390823364258,87000
14.531121253967285,404.00616455078125,407.0928039550781,399.33380126953125,-411.4451904296875,-402.94549560546875,-14.299457550048828,5.799779891967773,0.05270931124687195,-0.25459668040275574,0.6410290002822876,0.00754089280962944,0.620893657207489,0.6197770833969116,-15.272249221801758,88000
14.529760360717773,403.2228088378906,406.0103454589844,391.6044921875,-410.3441162109375,-402.1361083984375,-13.847555160522461,5.63954496383667,0.05408460274338722,0.0225356537848711,0.6403914093971252,0.008564433082938194,0.5956549644470215,0.6015921831130981,-14.630659103393555,89000
28.795001983642578,405.4233703613281,406.2345886230469,320.29229736328125,-413.9908142089844,-405.43609619140625,-14.143911361694336,5.5892014503479,0.055459968745708466,-0.11985849589109421,0.6413223147392273,0.007600912358611822,0.60826575756073,0.6092004179954529,-14.942143440246582,90000
147.23146057128906,407.707763671875,409.5541076660156,136.07174682617188,-414.965087890625,-406.7880554199219,-13.41530990600586,5.2382965087890625,0.05493047833442688,0.47206398844718933,0.6408289670944214,0.008196373470127583,0.5855434536933899,0.5792057514190674,-13.978886604309082,91000
182.17288208007812,408.93914794921875,410.39013671875,135.80569458007812,-417.3210144042969,-408.71636962890625,-14.03769588470459,5.433048725128174,0.058383483439683914,-0.21820487082004547,0.6324743032455444,0.009336620569229126,0.5901550054550171,0.6109809875488281,-14.923955917358398,92000
445.03448486328125,410.39776611328125,413.72113037109375,123.58151245117188,-417.4013366699219,-409.03387451171875,-13.446208953857422,5.078725814819336,0.05964653566479683,0.1838259994983673,0.6337045431137085,0.009038478136062622,0.5789145231246948,0.590855598449707,-14.153400421142578,93000
15.19940185546875,411.0809020996094,413.609375,403.2811279296875,-417.9268493652344,-409.554443359375,-13.99264907836914,5.6202287673950195,0.055579304695129395,-0.0448283925652504,0.63405841588974,0.007618173956871033,0.5866414308547974,0.6116999387741089,-14.872526168823242,94000
13.714426040649414,410.76898193359375,411.80560302734375,404.0664367675781,-418.5556640625,-410.1958923339844,-13.295575141906738,4.935805797576904,0.057943396270275116,0.4661995470523834,0.6243160963058472,0.009086132049560547,0.595348596572876,0.5823436975479126,-13.868587493896484,95000
12.227621078491211,411.63104248046875,414.0100402832031,405.4393005371094,-419.0008239746094,-410.7243347167969,-13.452746391296387,5.176275253295898,0.05668412521481514,0.22439256310462952,0.6329875588417053,0.007641926873475313,0.58770751953125,0.5923250317573547,-14.254347801208496,96000
68.88106536865234,413.5726623535156,415.902587890625,229.749755859375,-421.104736328125,-412.492431640625,-14.089163780212402,5.476863861083984,0.05313117429614067,-0.3928951025009155,0.6274112462997437,0.008016396313905716,0.6019940972328186,0.6147498488426208,-15.112756729125977,97000
205.35162353515625,414.62603759765625,417.31878662109375,88.63426208496094,-421.49395751953125,-413.0167236328125,-14.11818790435791,5.640958786010742,0.05589114874601364,-0.2609306871891022,0.6261812448501587,0.007681506685912609,0.5881270170211792,0.6132687330245972,-15.057598114013672,98000
194.77337646484375,416.17376708984375,419.55389404296875,116.57030487060547,-423.53094482421875,-415.5378112792969,-13.324250221252441,5.331113815307617,0.05548904836177826,0.06462743878364563,0.6246986389160156,0.012937348335981369,0.5421701073646545,0.5939480066299438,-14.476737022399902,99000
12.652591705322266,415.9209289550781,417.9212341308594,410.08026123046875,-423.45587158203125,-415.0487976074219,-13.605731010437012,5.1986613273620605,0.05475239083170891,-0.00619169045239687,0.6246060729026794,0.008684460073709488,0.5791721343994141,0.6000388860702515,-14.605567932128906,100000
176.67066955566406,417.132080078125,420.50811767578125,158.21958923339844,-425.3231506347656,-416.464599609375,-14.176863670349121,5.318294048309326,0.057433225214481354,-0.15863743424415588,0.6221543550491333,0.00874270312488079,0.6379745006561279,0.6119577884674072,-14.95327377319336,101000
12.671464920043945,417.0357666015625,419.77618408203125,406.986572265625,-424.6546325683594,-415.8067932128906,-13.97854995727539,5.130703449249268,0.05529440939426422,0.05423332005739212,0.6202219128608704,0.007046075537800789,0.6241507530212402,0.6090835332870483,-14.68309211730957,102000
213.43460083007812,416.6868896484375,419.5077819824219,405.8467712402344,-424.33099365234375,-415.6791076660156,-13.952000617980957,5.300106048583984,0.05625293403863907,-0.16069963574409485,0.6185206174850464,0.0093936612829566,0.6131483316421509,0.6017318964004517,-14.604642868041992,103000
12.161398887634277,416.318115234375,420.1581115722656,408.8622131347656,-423.6504821777344,-415.0482177734375,-13.59666919708252,4.994406700134277,0.06041684001684189,0.22833247482776642,0.6180548667907715,0.012093909084796906,0.6103132963180542,0.5868206024169922,-14.141194343566895,104000
96.42190551757812,415.273193359375,418.9677734375,199.31661987304688,-421.7055969238281,-413.6719665527344,-13.088218688964844,5.054610252380371,0.06061573699116707,0.3832590579986572,0.6095901727676392,0.01091781072318554,0.600806713104248,0.5655145645141602,-13.334615707397461,105000
8.797181129455566,417.4927062988281,419.5780944824219,406.3307800292969,-425.1933288574219,-417.09515380859375,-13.303991317749023,5.205820560455322,0.05668969824910164,-0.08169695734977722,0.613818347454071,0.013394811190664768,0.5436142683029175,0.5925191044807434,-14.285268783569336,106000
149.87754821777344,419.3730773925781,422.6357727050781,166.94851684570312,-426.31207275390625,-417.620361328125,-13.718461990356445,5.026756286621094,0.05666770786046982,0.17775996029376984,0.6169763207435608,0.008449526503682137,0.6109040975570679,0.5920642614364624,-14.33651351928711,107000
586.40625,419.58880615234375,423.7737121582031,106.68270874023438,-425.5304260253906,-417.52813720703125,-12.933304786682129,4.9310173988342285,0.06069401279091835,0.3827114701271057,0.6106094121932983,0.01567757874727249,0.5513368844985962,0.5720810890197754,-13.820402145385742,108000
11.521736145019531,418.57940673828125,421.7008056640625,412.03009033203125,-426.04132080078125,-417.5674743652344,-13.548856735229492,5.075002670288086,0.05753130465745926,0.03544776514172554,0.612215518951416,0.007294937036931515,0.5954775810241699,0.5911831855773926,-14.239084243774414,109000
14.805850982666016,418.54931640625,421.4757080078125,393.80938720703125,-425.7973937988281,-417.1104736328125,-14.072346687316895,5.385436534881592,0.05650408938527107,-0.21048416197299957,0.6096023321151733,0.007477591745555401,0.6194975972175598,0.6082155704498291,-14.915124893188477,110000
147.82273864746094,417.459228515625,421.16351318359375,97.24752044677734,-424.198974609375,-415.416748046875,-14.045500755310059,5.263282775878906,0.055833060294389725,-0.20243868231773376,0.60675448179245,0.00744224525988102,0.6186479330062866,0.6122128963470459,-14.892416000366211,111000
176.71038818359375,416.2176818847656,419.4332275390625,208.17776489257812,-422.9869689941406,-414.22998046875,-14.085648536682129,5.328664779663086,0.0550990104675293,-0.34687161445617676,0.5957673192024231,0.009875474497675896,0.6122140288352966,0.6158936619758606,-15.098165512084961,112000
13.390316009521484,415.656005859375,418.44158935546875,411.74053955078125,-422.68170166015625,-413.89337158203125,-13.952001571655273,5.163660049438477,0.05701642856001854,0.031693097203969955,0.6039144396781921,0.008142662234604359,0.6073542833328247,0.6080207228660583,-14.809676170349121,113000
399.1302490234375,412.06683349609375,416.4745178222656,77.09854125976562,-418.69525146484375,-410.07073974609375,-14.168783187866211,5.544280529022217,0.05459854379296303,-0.5898945331573486,0.6012722849845886,0.009502852335572243,0.6032559275627136,0.6181028485298157,-15.226349830627441,114000
282.4457092285156,413.2341613769531,416.9866943359375,242.07723999023438,-420.14361572265625,-411.52734375,-13.38593864440918,4.769642353057861,0.05791584402322769,0.21207557618618011,0.6020268201828003,0.008655705489218235,0.5781890153884888,0.5950638651847839,-14.370718002319336,115000
71.89323425292969,410.9779052734375,415.6301574707031,178.1016845703125,-418.0813903808594,-409.57354736328125,-13.680094718933105,5.172244071960449,0.05758025497198105,0.07032018154859543,0.5997365117073059,0.011491520330309868,0.5922603607177734,0.5962743759155273,-14.537416458129883,116000
16.09669303894043,411.784423828125,414.8996887207031,367.9758605957031,-419.1437683105469,-410.60302734375,-13.923407554626465,5.3826680183410645,0.05587859824299812,-0.23374642431735992,0.6039002537727356,0.008617602288722992,0.6141186952590942,0.6001952886581421,-14.698360443115234,117000
20.15902328491211,412.16015625,415.1488037109375,320.4341735839844,-419.69171142578125,-411.1863708496094,-13.403692245483398,4.898359298706055,0.05808017775416374,0.4770298898220062,0.6046183109283447,0.010466743260622025,0.6037253141403198,0.5876210927963257,-14.123893737792969,118000
9.698163032531738,412.92803955078125,415.72247314453125,402.8689880371094,-420.21356201171875,-411.67340087890625,-13.529547691345215,4.98936653137207,0.05537688732147217,0.18399257957935333,0.5975190997123718,0.007746710907667875,0.6122995018959045,0.5882040858268738,-14.142404556274414,119000
10.977008819580078,413.3887939453125,416.4984130859375,405.29681396484375,-420.75543212890625,-412.16339111328125,-13.698478698730469,5.106457710266113,0.05643046647310257,-0.17270515859127045,0.5946807265281677,0.007514950819313526,0.6021013259887695,0.6014957427978516,-14.680073738098145,120000
376.57550048828125,410.60687255859375,415.80010986328125,89.25215911865234,-416.7223815917969,-407.90802001953125,-13.811195373535156,4.996837139129639,0.0573204830288887,-0.019735774025321007,0.5926774144172668,0.007424606010317802,0.6210305690765381,0.6036736369132996,-14.700247764587402,121000
15.931835174560547,410.81878662109375,414.17022705078125,375.8125915527344,-418.6175231933594,-409.8907775878906,-13.02181625366211,4.295070648193359,0.061003122478723526,0.35938453674316406,0.5855633616447449,0.007480483502149582,0.597104549407959,0.5800533294677734,-13.698476791381836,122000
8.962631225585938,411.4896545410156,413.94525146484375,404.9181823730469,-418.96539306640625,-410.2962341308594,-13.275230407714844,4.606067657470703,0.056697823107242584,0.07321302592754364,0.5912818908691406,0.006223209202289581,0.5957772731781006,0.5947054028511047,-14.246505737304688,123000
485.8907775878906,413.8247985839844,416.728271484375,194.61984252929688,-420.5844421386719,-412.04705810546875,-13.48078727722168,4.94338321685791,0.05939175933599472,0.05037952959537506,0.5908991098403931,0.008218999020755291,0.6141555905342102,0.5908694267272949,-14.261280059814453,124000
13.189671516418457,416.8038330078125,420.0925598144531,407.679931640625,-424.0732116699219,-415.42791748046875,-13.516054153442383,4.870751857757568,0.055151019245386124,-0.06819659471511841,0.5875955820083618,0.011624960228800774,0.5762722492218018,0.603941023349762,-14.654975891113281,125000
10.580253601074219,419.82379150390625,422.0262145996094,413.0195007324219,-427.3978576660156,-418.7424621582031,-13.813440322875977,5.158046245574951,0.054278016090393066,-0.17159023880958557,0.5846810340881348,0.007247117348015308,0.6288274526596069,0.6124460101127625,-14.845165252685547,126000
94.20108032226562,420.9282531738281,424.07232666015625,181.96343994140625,-428.3199157714844,-419.6529846191406,-13.933024406433105,5.266078472137451,0.056866973638534546,-0.20433315634727478,0.5863834619522095,0.008159726858139038,0.6011499762535095,0.6075007915496826,-14.880939483642578,127000
10.424072265625,423.97796630859375,427.2308044433594,414.1981201171875,-431.61065673828125,-422.7919921875,-14.120079040527344,5.301420211791992,0.052255917340517044,-0.6292232275009155,0.5872682332992554,0.008384081535041332,0.5998870730400085,0.6213340163230896,-15.294880867004395,128000
120.05110168457031,422.6468200683594,426.76513671875,160.54904174804688,-429.5140075683594,-421.01019287109375,-13.462345123291016,4.958526611328125,0.05591914430260658,-0.053560443222522736,0.5760895609855652,0.00930219516158104,0.5670315623283386,0.598246157169342,-14.640621185302734,129000
11.48786449432373,422.3458251953125,425.40118408203125,402.2481384277344,-429.3204040527344,-420.8902282714844,-13.329230308532715,4.899041652679443,0.05621065944433212,0.12430845201015472,0.5764820575714111,0.007746524643152952,0.5817707777023315,0.5946087837219238,-14.285422325134277,130000
250.37738037109375,421.9554443359375,425.6289978027344,83.84734344482422,-428.9115905761719,-420.32513427734375,-13.497783660888672,4.911328315734863,0.06058382987976074,0.05099380761384964,0.5763232111930847,0.009869561530649662,0.6131410598754883,0.5902345180511475,-14.318867683410645,131000
405.7344055175781,420.8919677734375,425.6131896972656,106.74821472167969,-427.4735107421875,-418.9407043457031,-13.287338256835938,4.754512786865234,0.058576274663209915,0.17705212533473969,0.5786016583442688,0.007696067448705435,0.6032112836837769,0.5868653059005737,-14.18238639831543,132000
89.22325134277344,421.30682373046875,424.7961730957031,152.97030639648438,-429.20404052734375,-420.7169189453125,-13.32311725616455,4.835987567901611,0.05454925820231438,0.18434475362300873,0.5771658420562744,0.010096637532114983,0.5646175146102905,0.6005545854568481,-14.598711013793945,133000
15.129634857177734,421.20489501953125,424.60675048828125,402.3485107421875,-428.38958740234375,-420.0553894042969,-12.854667663574219,4.52048397064209,0.06027977541089058,0.35091277956962585,0.5791625380516052,0.009663736447691917,0.559698224067688,0.5759313702583313,-13.723045349121094,134000
290.74224853515625,420.09271240234375,424.12017822265625,103.54145812988281,-426.90704345703125,-417.92205810546875,-14.043289184570312,5.05828332901001,0.0533941388130188,-0.2665764093399048,0.5757384896278381,0.009411908686161041,0.6312958002090454,0.60931396484375,-14.889484405517578,135000
9.286517143249512,421.2206115722656,424.89666748046875,406.59783935546875,-428.6677551269531,-420.0310974121094,-13.266298294067383,4.62963342666626,0.0585249662399292,0.1490381956100464,0.5770568251609802,0.008814780041575432,0.569190502166748,0.5986253619194031,-14.4232177734375,136000
136.34922790527344,420.2952880859375,423.77508544921875,146.62509155273438,-427.61944580078125,-418.65728759765625,-14.388191223144531,5.426026821136475,0.05154953524470329,-0.448822557926178,0.5702210664749146,0.006224296987056732,0.6299588084220886,0.6236110329627991,-15.345701217651367,137000
65.38313293457031,420.9630126953125,424.5821533203125,246.97036743164062,-427.973388671875,-419.4731750488281,-13.79578971862793,5.295560836791992,0.05364276468753815,-0.41168296337127686,0.5725379586219788,0.010013828985393047,0.588157594203949,0.6136848330497742,-15.080921173095703,138000
28.759387969970703,421.9752197265625,425.5402526855469,314.3332824707031,-429.36053466796875,-420.77972412109375,-13.663557052612305,5.0827178955078125,0.05274052545428276,-0.2676030993461609,0.5704458355903625,0.011389763094484806,0.5625485181808472,0.6189895868301392,-15.249719619750977,139000
13.400968551635742,422.5477294921875,425.8005065917969,414.4507751464844,-430.5950012207031,-421.60577392578125,-13.80727767944336,4.818068027496338,0.05496145784854889,-0.05742746964097023,0.5718047022819519,0.00926140882074833,0.6303961277008057,0.6027442216873169,-14.739343643188477,140000
16.4049015045166,421.68951416015625,425.9095153808594,404.4246520996094,-429.1624755859375,-420.11273193359375,-13.633709907531738,4.58396053314209,0.05511867254972458,0.2867409884929657,0.5691015124320984,0.01133799459785223,0.6424422264099121,0.5908451676368713,-14.154073715209961,141000
392.207763671875,421.28753662109375,425.3486328125,152.2198028564453,-428.8655700683594,-420.15338134765625,-13.387609481811523,4.675429821014404,0.060061145573854446,0.094118632376194,0.569754958152771,0.007238345220685005,0.5797753930091858,0.5977456569671631,-14.566244125366211,142000
141.357666015625,420.2646484375,424.15740966796875,152.73046875,-427.7500305175781,-419.1563415527344,-13.466856956481934,4.873156547546387,0.054956771433353424,0.204603374004364,0.5677033066749573,0.007124030962586403,0.6017118096351624,0.5942214727401733,-14.24367618560791,143000
128.57872009277344,421.0018310546875,425.35723876953125,109.46163940429688,-428.9120788574219,-419.7951965332031,-13.888874053955078,4.772017955780029,0.053733520209789276,0.021490003913640976,0.5642386078834534,0.008409285917878151,0.6423558592796326,0.6053330898284912,-14.655436515808105,144000
310.8067321777344,420.1058044433594,424.9225769042969,81.58436584472656,-426.459716796875,-418.06732177734375,-12.767009735107422,4.37459659576416,0.060868438333272934,0.5999969840049744,0.5647450089454651,0.007818999700248241,0.5703970193862915,0.5730328559875488,-13.598426818847656,145000
18.772714614868164,420.9732971191406,424.6703186035156,363.3099365234375,-428.2911682128906,-419.5697021484375,-13.633996963500977,4.912541389465332,0.05468118563294411,-0.1213434636592865,0.5632866024971008,0.006821339949965477,0.6045973300933838,0.6039036512374878,-14.65988826751709,146000
1313.91162109375,419.0045166015625,424.7135314941406,54.69682312011719,-424.14385986328125,-415.4570617675781,-13.14697265625,4.460165023803711,0.062296126037836075,0.23688964545726776,0.5603571534156799,0.01138336956501007,0.5998016595840454,0.5766689777374268,-13.851661682128906,147000
10.655853271484375,421.5936279296875,424.0032958984375,417.09429931640625,-429.0403137207031,-420.3412780761719,-13.743613243103027,5.044575214385986,0.051523689180612564,-0.09050974249839783,0.5633996725082397,0.00839272327721119,0.5999300479888916,0.6086632013320923,-14.82540225982666,148000
8.964239120483398,424.6856994628906,427.7742004394531,418.3841247558594,-432.2230529785156,-423.77215576171875,-12.825469970703125,4.374581336975098,0.05909423157572746,0.15505194664001465,0.5596714019775391,0.009861646220088005,0.5573337078094482,0.5839101076126099,-13.933344841003418,149000
10.692593574523926,425.8848876953125,429.4853210449219,412.47735595703125,-433.2660217285156,-424.4858093261719,-13.23992919921875,4.459724426269531,0.05421143397688866,0.3476667106151581,0.5562026500701904,0.007802020292729139,0.588394284248352,0.5855985879898071,-13.95191764831543,150000
13.072392463684082,426.416748046875,429.90826416015625,411.9640808105469,-433.9836730957031,-425.0429992675781,-13.85147476196289,4.9108076095581055,0.05352400988340378,-0.1723579317331314,0.558788001537323,0.005294393748044968,0.6105924844741821,0.6146852970123291,-14.941316604614258,151000
9.314242362976074,429.97271728515625,432.5901184082031,425.4501037597656,-437.4847412109375,-428.6932373046875,-13.473979949951172,4.682450294494629,0.056555453687906265,-0.0751524269580841,0.5580097436904907,0.0068676527589559555,0.5955116748809814,0.6014173030853271,-14.565569877624512,152000
11.205230712890625,431.9056396484375,434.7192687988281,423.5675048828125,-439.57086181640625,-430.8822937011719,-13.13215446472168,4.443559169769287,0.055268920958042145,0.4607909619808197,0.5548200607299805,0.0062288036569952965,0.5947170257568359,0.5744861960411072,-13.74458122253418,153000
62.223968505859375,433.3612060546875,437.0870056152344,250.31370544433594,-441.3594665527344,-432.6280517578125,-12.921706199645996,4.190285682678223,0.06219370290637016,0.4513316750526428,0.5545515418052673,0.00982695072889328,0.6034328937530518,0.5744447708129883,-13.77015495300293,154000
61.82481384277344,435.60302734375,437.5355224609375,278.17889404296875,-443.7262268066406,-435.1474914550781,-13.027881622314453,4.449169158935547,0.05651503801345825,0.3039456605911255,0.5506437420845032,0.007635941728949547,0.5890540480613708,0.5873385071754456,-14.010438919067383,155000
8.673795700073242,438.8692321777344,441.3392028808594,434.2817687988281,-446.9993896484375,-437.8429260253906,-13.32258129119873,4.166121006011963,0.05794825404882431,0.26665186882019043,0.5550881624221802,0.007817931473255157,0.6156623363494873,0.5843312740325928,-13.977800369262695,156000
293.9222717285156,439.9326171875,443.6561584472656,138.22454833984375,-446.88934326171875,-438.1217346191406,-13.101348876953125,4.333743095397949,0.05961669236421585,0.24976307153701782,0.5488896369934082,0.007620870601385832,0.586429238319397,0.5853791236877441,-14.026206970214844,157000
10.080759048461914,442.46112060546875,445.5311279296875,432.854736328125,-449.9478454589844,-441.16064453125,-13.540584564208984,4.753375053405762,0.05474119633436203,-0.02046465314924717,0.5496131777763367,0.010301468893885612,0.5766692161560059,0.6047945022583008,-14.709892272949219,158000
7.3778791427612305,444.693359375,447.1055908203125,438.4949645996094,-452.9625549316406,-443.7670593261719,-13.27049446105957,4.07499885559082,0.05769512802362442,0.3237747550010681,0.5450632572174072,0.009612164460122585,0.6331913471221924,0.5854911804199219,-13.925233840942383,159000
8.130699157714844,446.1435546875,448.8984375,438.05548095703125,-454.1307373046875,-444.8761901855469,-13.737744331359863,4.483184337615967,0.057063039392232895,-0.09373699873685837,0.5448538064956665,0.006290271412581205,0.6190768480300903,0.609129786491394,-14.725713729858398,160000
8.892351150512695,448.04388427734375,450.5864562988281,441.5702819824219,-455.8648376464844,-446.94268798828125,-13.341440200805664,4.419267654418945,0.05548607558012009,0.15682314336299896,0.5507264733314514,0.005607819650322199,0.6064853072166443,0.5914119482040405,-14.145803451538086,161000
394.09796142578125,449.0389709472656,452.6225891113281,21.71072769165039,-455.9039306640625,-447.3572692871094,-12.994436264038086,4.4477972984313965,0.055754199624061584,0.283917099237442,0.5494948625564575,0.006514207925647497,0.5770797729492188,0.5862140655517578,-14.087179183959961,162000
286.7730712890625,451.04443359375,454.291259765625,101.13856506347656,-458.0743408203125,-449.23834228515625,-13.470399856567383,4.634390354156494,0.054719939827919006,-0.07048219442367554,0.544685423374176,0.006523155607283115,0.6064750552177429,0.6047471761703491,-14.739646911621094,163000
6.961012840270996,453.99603271484375,456.3701171875,449.4274597167969,-461.89599609375,-453.1883544921875,-12.954156875610352,4.246507167816162,0.05533812940120697,0.19514945149421692,0.538153350353241,0.007049080915749073,0.5739777088165283,0.5888615846633911,-14.073007583618164,164000
357.0612487792969,455.21697998046875,458.5790710449219,86.86908721923828,-462.23846435546875,-453.52197265625,-13.366235733032227,4.6497392654418945,0.05586095154285431,0.10789933055639267,0.5416808724403381,0.006619879510253668,0.5967550277709961,0.5940495729446411,-14.381032943725586,165000
184.4364471435547,456.97210693359375,460.5667724609375,145.90579223632812,-464.43670654296875,-455.47802734375,-13.405059814453125,4.446369171142578,0.05770517885684967,-0.056418225169181824,0.5401422381401062,0.007903504185378551,0.6010010242462158,0.5977495908737183,-14.41775894165039,166000
8.6517333984375,459.34625244140625,462.50274658203125,453.8230285644531,-467.1387939453125,-458.09454345703125,-13.189640045166016,4.145393371582031,0.05982426926493645,0.49101516604423523,0.5435740351676941,0.0067831240594387054,0.6188516616821289,0.5863965749740601,-13.934146881103516,167000
252.36801147460938,460.66998291015625,463.5380554199219,230.39306640625,-467.6169128417969,-459.07373046875,-13.094464302062988,4.551262855529785,0.05889522284269333,0.3248426020145416,0.5410977005958557,0.006537098903208971,0.565876841545105,0.5909198522567749,-14.233290672302246,168000
7.756107807159424,463.82183837890625,466.6803894042969,458.2809143066406,-471.69696044921875,-462.69366455078125,-13.489849090576172,4.486549377441406,0.055760473012924194,0.020350567996501923,0.5376743078231812,0.007428417447954416,0.595665454864502,0.6038610339164734,-14.677916526794434,169000
246.18548583984375,465.4691467285156,468.75006103515625,111.89168548583984,-472.5078430175781,-463.9244079589844,-13.205430030822754,4.622013092041016,0.054898228496313095,0.2475181668996811,0.5344005823135376,0.0071189384907484055,0.5829476118087769,0.5877019166946411,-14.07015609741211,170000
9.931967735290527,469.775634765625,471.58087158203125,458.48004150390625,-477.7593688964844,-468.6497802734375,-13.84462833404541,4.735040664672852,0.05073428526520729,-0.2826714813709259,0.535996675491333,0.00672451127320528,0.6093624830245972,0.6161297559738159,-14.973672866821289,171000
7.641083240509033,471.5384521484375,473.9925842285156,467.5615539550781,-479.3539733886719,-470.38446044921875,-13.520235061645508,4.550734519958496,0.05624387413263321,0.02201022580265999,0.5349742770195007,0.006551988422870636,0.5985579490661621,0.6033154726028442,-14.67530345916748,172000
111.74374389648438,473.86138916015625,476.2778625488281,166.35694885253906,-481.95635986328125,-472.842041015625,-13.704744338989258,4.590420722961426,0.05627318099141121,-0.0837751105427742,0.529970109462738,0.007412594743072987,0.6159192323684692,0.6117432117462158,-14.876603126525879,173000
183.78219604492188,476.307861328125,478.9647521972656,159.29049682617188,-483.6768798828125,-474.8914794921875,-13.293670654296875,4.508277893066406,0.05980292335152626,-0.09131591767072678,0.5306056141853333,0.006480952724814415,0.5934861302375793,0.5945332646369934,-14.419038772583008,174000
8.551408767700195,477.71331787109375,480.6664733886719,472.56011962890625,-485.56768798828125,-476.58123779296875,-13.381328582763672,4.394857883453369,0.05403408408164978,0.1706053614616394,0.5289920568466187,0.007356209214776754,0.6121703386306763,0.5961893200874329,-14.31136703491211,175000
406.8443908691406,478.68548583984375,481.2006530761719,89.34781646728516,-486.5057373046875,-477.0680847167969,-14.151786804199219,4.714139461517334,0.05229821801185608,-0.437466025352478,0.5268715620040894,0.006858794018626213,0.6430034041404724,0.6236774325370789,-15.23331069946289,176000
137.63987731933594,480.323486328125,482.8934020996094,378.9790344238281,-488.029541015625,-479.17840576171875,-13.655606269836426,4.804476737976074,0.050758033990859985,-0.48830950260162354,0.5324583649635315,0.007653325796127319,0.589964747428894,0.6184700727462769,-15.174152374267578,177000
7.689281463623047,482.13323974609375,484.7320861816406,476.50927734375,-489.912353515625,-481.075439453125,-13.450757026672363,4.613840103149414,0.05546329542994499,-0.149976447224617,0.5295663475990295,0.00793658010661602,0.594934344291687,0.6004115343093872,-14.567606925964355,178000
55.601173400878906,481.43426513671875,484.25323486328125,272.1817321777344,-489.95159912109375,-481.2757568359375,-13.020929336547852,4.345105171203613,0.05748423933982849,0.27447032928466797,0.5324477553367615,0.007478108163923025,0.58800208568573,0.5784244537353516,-13.772722244262695,179000
8.187309265136719,484.27056884765625,486.48248291015625,477.5943908691406,-492.8847961425781,-483.66815185546875,-13.990568161010742,4.773934841156006,0.053052064031362534,-0.38263335824012756,0.5220212936401367,0.0057291304692626,0.6122406125068665,0.6268448233604431,-15.386980056762695,180000
9.394550323486328,486.639404296875,489.8030700683594,478.549072265625,-493.7076721191406,-484.6738586425781,-13.644204139709473,4.610374927520752,0.053363487124443054,-0.26307564973831177,0.5223211646080017,0.006890903692692518,0.584671139717102,0.6228418946266174,-15.123812675476074,181000
318.607177734375,485.201416015625,489.2549743652344,79.6545181274414,-492.4481201171875,-483.24774169921875,-13.443379402160645,4.2430243492126465,0.060596663504838943,0.27455687522888184,0.5290079116821289,0.007886268198490143,0.6132485866546631,0.5916860103607178,-14.294456481933594,182000
10.254244804382324,485.84112548828125,488.6333312988281,481.6575622558594,-493.836669921875,-484.69720458984375,-13.379362106323242,4.239908218383789,0.05749345198273659,0.1610686331987381,0.5252439975738525,0.007859410718083382,0.611763596534729,0.5913225412368774,-14.267902374267578,183000
214.7304229736328,486.87139892578125,490.3724060058594,169.73875427246094,-494.3327941894531,-485.3455810546875,-13.469100952148438,4.481906890869141,0.05509447678923607,-0.3080889582633972,0.5251613259315491,0.007284767925739288,0.5874658823013306,0.6077653169631958,-14.756275177001953,184000
486.79547119140625,488.755615234375,491.5793151855469,114.73697662353516,-497.11663818359375,-488.12518310546875,-13.228315353393555,4.23683500289917,0.056249212473630905,0.14382287859916687,0.5244584679603577,0.011950116604566574,0.6013022661209106,0.5873867273330688,-14.236745834350586,185000
217.22727966308594,490.068359375,493.5921936035156,272.9013977050781,-497.2491455078125,-488.35784912109375,-13.330889701843262,4.439610958099365,0.05538592487573624,0.06632882356643677,0.5238595604896545,0.006045348010957241,0.5991507768630981,0.5922034978866577,-14.343263626098633,186000
8.737777709960938,490.9337463378906,494.3445739746094,481.7724609375,-498.5940856933594,-489.4281005859375,-13.601211547851562,4.435199737548828,0.0519765205681324,0.11813835799694061,0.5254626870155334,0.006567562930285931,0.6338696479797363,0.6058336496353149,-14.547103881835938,187000
25.60407829284668,490.488037109375,493.3932189941406,394.8408203125,-498.7904052734375,-489.5502624511719,-13.801204681396484,4.561069011688232,0.05414113029837608,-0.1403447687625885,0.5186721086502075,0.00641206419095397,0.6265571713447571,0.6160422563552856,-14.985280990600586,188000
769.3280639648438,491.2855529785156,494.6683349609375,208.92575073242188,-498.3435363769531,-489.29205322265625,-13.34996509552002,4.298501491546631,0.056744303554296494,0.07405831664800644,0.5139885544776917,0.005889573134481907,0.6073881983757019,0.600671648979187,-14.49222183227539,189000
8.401309967041016,492.19903564453125,494.5386962890625,484.6045837402344,-500.0829772949219,-490.9498596191406,-13.704399108886719,4.571288585662842,0.05346167832612991,-0.08645898103713989,0.5201972126960754,0.005379033274948597,0.604256808757782,0.6101858615875244,-14.7930908203125,190000
14.24636173248291,491.82470703125,494.9600830078125,434.7423400878906,-499.5079040527344,-490.88653564453125,-12.733244895935059,4.111877918243408,0.060226693749427795,0.3405948877334595,0.5163586735725403,0.00746939005330205,0.5493196249008179,0.5831032991409302,-14.028141021728516,191000
10.670525550842285,492.16058349609375,495.1372375488281,483.1220703125,-500.1417236328125,-490.9527587890625,-13.752208709716797,4.563241958618164,0.055375296622514725,-0.30118829011917114,0.5089081525802612,0.005014212802052498,0.6189587116241455,0.6122769117355347,-14.939393997192383,192000
8.44859790802002,492.9383544921875,495.7489929199219,485.9042053222656,-500.9905090332031,-491.9184265136719,-13.266007423400879,4.193930625915527,0.05365893617272377,0.18534711003303528,0.5200068354606628,0.00596157182008028,0.6004331111907959,0.5925565958023071,-14.200023651123047,193000
157.99867248535156,493.30908203125,496.388427734375,229.53396606445312,-501.36651611328125,-492.51287841796875,-13.415599822998047,4.561952114105225,0.05548698827624321,-0.3650233745574951,0.5164754390716553,0.008672358468174934,0.5672268271446228,0.6145138144493103,-15.199638366699219,194000
7.66126823425293,494.90020751953125,496.4927978515625,487.8610534667969,-503.47503662109375,-494.2779235839844,-13.587238311767578,4.39014196395874,0.052532125264406204,0.05856653302907944,0.5122458338737488,0.005629814229905605,0.620265781879425,0.6019878387451172,-14.453620910644531,195000
7.069581985473633,497.4469909667969,499.5836181640625,492.3150329589844,-505.5395812988281,-496.6562194824219,-12.979471206665039,4.0960869789123535,0.055672354996204376,0.23984068632125854,0.514497697353363,0.006821701303124428,0.5774281024932861,0.5889449119567871,-14.251449584960938,196000
549.8603515625,498.5917053222656,501.5556640625,191.44911193847656,-505.7264709472656,-496.9696044921875,-13.040487289428711,4.283644676208496,0.05590933933854103,-0.06136860325932503,0.5101764798164368,0.008417116478085518,0.5801708698272705,0.5923060774803162,-14.33696174621582,197000
9.289766311645508,498.94427490234375,502.2294616699219,488.8592834472656,-506.8255920410156,-497.6611328125,-13.471906661987305,4.307419300079346,0.056533828377723694,-0.14239279925823212,0.5106775164604187,0.00535229779779911,0.5994710922241211,0.6048462390899658,-14.795309066772461,198000
6.044578552246094,501.410400390625,503.3898010253906,494.47412109375,-509.54315185546875,-500.6151123046875,-12.904595375061035,3.976573944091797,0.054895248264074326,0.41587504744529724,0.5108861923217773,0.005804466083645821,0.5884698033332825,0.5851840972900391,-13.9832763671875,199000
7.559279441833496,502.7008972167969,504.7572937011719,497.8561706542969,-510.9736022949219,-501.9220886230469,-13.382181167602539,4.330655097961426,0.052796244621276855,0.01917213201522827,0.5101273655891418,0.0051911394111812115,0.6013785600662231,0.6003756523132324,-14.495525360107422,200000
8.007987976074219,503.32891845703125,506.0921936035156,497.509521484375,-511.5284729003906,-502.325927734375,-13.960929870605469,4.758393287658691,0.050673339515924454,-0.24293456971645355,0.5059889554977417,0.005857427138835192,0.6118768453598022,0.6213964223861694,-15.29149055480957,201000
9.788902282714844,503.6727294921875,505.9141540527344,496.5205993652344,-511.84967041015625,-502.9139404296875,-13.173824310302734,4.238105773925781,0.054106682538986206,-0.00411556800827384,0.5088180899620056,0.006830732338130474,0.5812236666679382,0.6004956960678101,-14.502663612365723,202000
8.968814849853516,503.4295959472656,506.27783203125,491.63385009765625,-511.456298828125,-502.364501953125,-13.209817886352539,4.118030548095703,0.056909117847681046,0.27393054962158203,0.504079282283783,0.00846483651548624,0.6111950874328613,0.5840221643447876,-13.9812650680542,203000
7.586195468902588,503.7603759765625,506.49267578125,498.5742492675781,-512.204345703125,-502.93280029296875,-13.112269401550293,3.840679883956909,0.05797133222222328,0.419253408908844,0.5002760291099548,0.006917858961969614,0.611722469329834,0.5801165699958801,-13.787818908691406,204000
144.14544677734375,503.90185546875,507.2479553222656,234.90541076660156,-512.0996704101562,-503.03515625,-13.26540470123291,4.2008490562438965,0.05618319660425186,-0.12936517596244812,0.5074856877326965,0.006415105424821377,0.5850493907928467,0.6064707040786743,-14.628740310668945,205000
53.478607177734375,506.0992736816406,508.7990417480469,491.84625244140625,-513.9738159179688,-505.0923156738281,-13.029558181762695,4.148087501525879,0.055427465587854385,0.16414380073547363,0.5008847713470459,0.006465395912528038,0.5750746130943298,0.5997735857963562,-14.450469970703125,206000
351.0340881347656,505.137451171875,508.9775085449219,105.02216339111328,-513.0479736328125,-503.96795654296875,-13.46917724609375,4.389132499694824,0.055757369846105576,-0.22148971259593964,0.5033800005912781,0.005901572294533253,0.5956836938858032,0.6110087633132935,-14.923800468444824,207000
45.1752815246582,507.21728515625,510.3738708496094,314.6491394042969,-515.4415283203125,-506.49029541015625,-12.835123062133789,3.883899688720703,0.0593000166118145,0.27568313479423523,0.49329596757888794,0.007119573652744293,0.5785053372383118,0.5830461978912354,-14.150362968444824,208000
8.018854141235352,509.31500244140625,511.6660461425781,504.3455810546875,-518.0174560546875,-508.4523010253906,-13.811437606811523,4.246284008026123,0.054266318678855896,-0.1503986269235611,0.4972730576992035,0.008253604173660278,0.628494143486023,0.6113536953926086,-14.967354774475098,209000
7.276490211486816,510.32220458984375,513.057373046875,502.1360778808594,-518.9872436523438,-509.46185302734375,-14.002089500427246,4.476695537567139,0.054145392030477524,-0.21422705054283142,0.49476221203804016,0.008638817816972733,0.6484270095825195,0.6093399524688721,-14.811698913574219,210000
418.7408752441406,510.81671142578125,513.9793701171875,183.18795776367188,-518.0072021484375,-509.2889709472656,-12.700447082519531,3.982231855392456,0.05851287767291069,0.21324680745601654,0.4917775094509125,0.006049339659512043,0.571872353553772,0.5805695056915283,-13.773283004760742,211000
553.5059814453125,512.9630126953125,515.1091918945312,156.44967651367188,-520.5549926757812,-511.7147216796875,-12.952829360961914,4.112533092498779,0.05671576038002968,0.016103683039546013,0.49438968300819397,0.006511013954877853,0.5751668214797974,0.5895283818244934,-14.242511749267578,212000
7.390814781188965,515.2498779296875,517.544677734375,502.9872741699219,-524.0420532226562,-514.5385131835938,-13.388006210327148,3.884474039077759,0.05883796885609627,0.21770036220550537,0.4953855872154236,0.007315536495298147,0.6202648878097534,0.5900152921676636,-14.19848346710205,213000
8.783218383789062,516.0628662109375,518.9801635742188,508.66876220703125,-524.157470703125,-515.251220703125,-13.058306694030762,4.152039051055908,0.05535807088017464,0.19862614572048187,0.4932260811328888,0.005485932342708111,0.5750331878662109,0.5938650369644165,-14.37826156616211,214000
160.93618774414062,517.6091918945312,520.6201171875,303.3556823730469,-525.6575317382812,-516.3695068359375,-13.665992736816406,4.3779706954956055,0.05316457524895668,-0.10423917323350906,0.4932577311992645,0.009146759286522865,0.6108821034431458,0.6109248399734497,-14.980159759521484,215000
6.671387672424316,519.6094970703125,521.8943481445312,515.1139526367188,-527.9942626953125,-518.6529541015625,-13.504226684570312,4.162924289703369,0.05534723773598671,-0.09113844484090805,0.49680453538894653,0.005657401401549578,0.6141002178192139,0.6006003618240356,-14.598586082458496,216000
6.269599914550781,521.8032836914062,524.61376953125,516.2066040039062,-529.9425048828125,-520.7958374023438,-13.396397590637207,4.2497735023498535,0.05779175087809563,-0.11432243883609772,0.4910357892513275,0.005922439508140087,0.5990613698959351,0.606324315071106,-14.791486740112305,217000
18.116687774658203,523.1796264648438,526.2680053710938,475.7602844238281,-531.286376953125,-522.0299072265625,-13.088298797607422,3.83182692527771,0.057097021490335464,0.25899434089660645,0.49234455823898315,0.007175948470830917,0.6052837371826172,0.5877928733825684,-14.196100234985352,218000
7.196337699890137,524.34423828125,527.55908203125,516.0003051757812,-532.4511108398438,-523.0252685546875,-13.977760314941406,4.551962375640869,0.05107046663761139,-0.45291081070899963,0.48824697732925415,0.005451867822557688,0.6090224981307983,0.6298682689666748,-15.471742630004883,219000
6.400195598602295,526.6774291992188,529.2640380859375,520.83251953125,-534.5899658203125,-525.649658203125,-12.938712120056152,3.998382806777954,0.05463099852204323,0.3336186110973358,0.49267578125,0.005642876960337162,0.5798771977424622,0.5988544225692749,-14.281184196472168,220000
6.336444854736328,526.753662109375,529.7930297851562,519.530029296875,-534.8103637695312,-525.5994873046875,-13.307245254516602,4.096386432647705,0.055824294686317444,0.058664076030254364,0.48967111110687256,0.005791118368506432,0.6088082790374756,0.5979464054107666,-14.450651168823242,221000
38.94523620605469,526.4564208984375,529.3109741210938,519.6871337890625,-534.9370727539062,-525.4051513671875,-13.842504501342773,4.310634136199951,0.05331665277481079,-0.32305198907852173,0.48718470335006714,0.004958592355251312,0.6215075254440308,0.6167947053909302,-15.118910789489746,222000
8.879804611206055,528.4810791015625,528.8093872070312,528.1550903320312,-537.27685546875,-528.1260986328125,-13.420278549194336,4.269530773162842,0.05340607836842537,-0.2636646330356598,0.4854850471019745,0.006060114596039057,0.5845696926116943,0.6133590936660767,-14.944211959838867,223000
7.901615142822266,529.9155883789062,532.7042846679688,524.5153198242188,-537.962158203125,-528.8524780273438,-13.43934154510498,4.329659938812256,0.05106460675597191,-0.027822043746709824,0.4866948127746582,0.005608680658042431,0.5876046419143677,0.6073222160339355,-14.815019607543945,224000
8.042365074157715,530.1637573242188,533.367919921875,523.0413208007812,-538.73291015625,-529.0932006835938,-13.68281364440918,4.043087959289551,0.055448777973651886,-0.024048401042819023,0.4883408546447754,0.006146016996353865,0.6343198418617249,0.6051647663116455,-14.685040473937988,225000
98.9483642578125,529.5682373046875,532.711669921875,285.9413146972656,-537.5342407226562,-528.4037475585938,-13.018437385559082,3.8879265785217285,0.055579107254743576,0.42147010564804077,0.4861733615398407,0.006982622668147087,0.6042392253875732,0.585174560546875,-14.005464553833008,226000
8.334639549255371,529.4985961914062,532.9393310546875,519.2525634765625,-537.5742797851562,-528.410400390625,-13.491523742675781,4.32761812210083,0.05363991856575012,-0.14385376870632172,0.48396357893943787,0.006097692996263504,0.5908437967300415,0.6136165857315063,-14.890859603881836,227000
21.283430099487305,529.1890869140625,532.1414794921875,516.3367919921875,-537.1790771484375,-528.0479736328125,-13.32501220703125,4.19393253326416,0.0530678927898407,0.01520809531211853,0.4851682782173157,0.005769812036305666,0.5956946611404419,0.6037709712982178,-14.587882995605469,228000
8.18042278289795,529.4141845703125,532.4464721679688,517.7581176757812,-537.3662109375,-528.27978515625,-13.143698692321777,4.057236194610596,0.054057471454143524,0.10070979595184326,0.485495001077652,0.0047762710601091385,0.6044124364852905,0.5964231491088867,-14.285884857177734,229000
6.8217926025390625,530.8788452148438,533.6430053710938,526.2965698242188,-538.8527221679688,-529.707275390625,-13.32443618774414,4.179008960723877,0.051968034356832504,0.11280383914709091,0.4814329743385315,0.005471343174576759,0.6119917631149292,0.6044486165046692,-14.488500595092773,230000
6.494298458099365,531.77880859375,534.2800903320312,527.0079956054688,-540.2689208984375,-531.0323486328125,-13.272775650024414,4.036179542541504,0.05151926353573799,0.0671367198228836,0.48341497778892517,0.005691478960216045,0.6065481901168823,0.6032946705818176,-14.488855361938477,231000
6.4551568031311035,532.8006591796875,534.8847045898438,528.1168212890625,-541.3074340820312,-531.92138671875,-13.206673622131348,3.8206119537353516,0.05656123161315918,0.0809171125292778,0.4770023822784424,0.004844047129154205,0.6027393341064453,0.5956034064292908,-14.238765716552734,232000
7.425872802734375,534.1499633789062,536.3316040039062,528.0618286132812,-542.665283203125,-533.4134521484375,-13.2198486328125,3.9680089950561523,0.054727327078580856,-0.0043624937534332275,0.48190468549728394,0.005254133604466915,0.5988668203353882,0.6028333902359009,-14.553889274597168,233000
8.751189231872559,534.4951171875,537.2195434570312,522.0509643554688,-543.2019653320312,-533.68896484375,-13.552136421203613,4.039106369018555,0.05352164804935455,0.028652654960751534,0.47803473472595215,0.007909302599728107,0.6301314830780029,0.5942268371582031,-14.417132377624512,234000
165.33929443359375,536.3682250976562,539.4252319335938,281.4510803222656,-545.1674194335938,-535.6719360351562,-13.724998474121094,4.229501247406006,0.05544327199459076,-0.21215865015983582,0.4763427674770355,0.0054842568933963776,0.6287698745727539,0.6159638166427612,-15.030960083007812,235000
117.10569763183594,537.5889892578125,540.2352905273438,386.1893615722656,-546.2720947265625,-536.9053955078125,-13.732725143432617,4.366025447845459,0.05394871160387993,-0.3461225628852844,0.47307875752449036,0.0049538444727659225,0.6234369277954102,0.6143172979354858,-14.99212646484375,236000
367.0033874511719,537.671875,541.6057739257812,116.20755004882812,-544.677978515625,-535.9208984375,-12.349778175354004,3.5927250385284424,0.060018036514520645,0.18635977804660797,0.4805363416671753,0.006737574003636837,0.5586621761322021,0.5739938616752625,-13.572032928466797,237000
190.2543182373047,539.1661987304688,542.4850463867188,239.80426025390625,-547.2762451171875,-538.04150390625,-13.13140869140625,3.8966431617736816,0.058978866785764694,0.12626303732395172,0.48044976592063904,0.006409266032278538,0.6046412587165833,0.5872737765312195,-14.110870361328125,238000
7.923058032989502,541.4039306640625,544.1221923828125,528.632080078125,-549.4908447265625,-540.376708984375,-12.918695449829102,3.804572105407715,0.05799687281250954,0.19552572071552277,0.4727163016796112,0.007611516863107681,0.5985784530639648,0.5837186574935913,-13.969442367553711,239000
11.201509475708008,540.4188842773438,543.7091674804688,525.5297241210938,-548.1904296875,-539.1736450195312,-12.996953010559082,3.980182409286499,0.05650768056511879,-0.013245807029306889,0.47862210869789124,0.005574145819991827,0.5914527177810669,0.5928097367286682,-14.211118698120117,240000
52.52342224121094,541.68310546875,544.5514526367188,359.96087646484375,-549.3892211914062,-540.3865966796875,-13.048683166503906,4.046082019805908,0.05541481822729111,-0.11980773508548737,0.4719974100589752,0.0048339590430259705,0.5860385298728943,0.5980181097984314,-14.380019187927246,241000
7.117879867553711,542.4226684570312,544.9746704101562,534.886474609375,-550.8384399414062,-541.5289306640625,-13.381965637207031,4.072429656982422,0.052387841045856476,-8.514190267305821e-05,0.476407915353775,0.005239853635430336,0.6083756685256958,0.6074650287628174,-14.735143661499023,242000
305.3783264160156,540.4655151367188,544.4222412109375,86.46556854248047,-548.1200561523438,-539.124267578125,-13.233928680419922,4.238163948059082,0.05372574180364609,-0.12524890899658203,0.47318166494369507,0.005481754429638386,0.583911120891571,0.6068202257156372,-14.73753547668457,243000
9.127315521240234,542.1572875976562,544.56396484375,520.6128540039062,-550.2994384765625,-541.178955078125,-12.89250373840332,3.772028923034668,0.058144599199295044,0.11746680736541748,0.4707742929458618,0.005286688916385174,0.5939241051673889,0.5842074155807495,-14.002418518066406,244000
353.52239990234375,541.18701171875,544.7573852539062,270.1199035644531,-548.7723999023438,-539.630615234375,-13.026580810546875,3.884803295135498,0.057006724178791046,0.12184902280569077,0.46753010153770447,0.005266856402158737,0.5925869941711426,0.5971369743347168,-14.35500717163086,245000
8.10297679901123,541.3768310546875,543.9934692382812,537.9680786132812,-549.681640625,-540.481689453125,-13.210206031799316,4.0102715492248535,0.054847437888383865,0.010517364367842674,0.4702506363391876,0.0052083441987633705,0.5901268720626831,0.6076092720031738,-14.672727584838867,246000
37.1004638671875,540.079345703125,543.3211669921875,368.4338073730469,-548.2647705078125,-539.0013427734375,-12.764090538024902,3.5006842613220215,0.061758190393447876,0.35826370120048523,0.46451038122177124,0.007929042913019657,0.6062688231468201,0.5666313171386719,-13.520374298095703,247000
156.26390075683594,540.5325927734375,543.286376953125,403.318115234375,-548.6753540039062,-539.512939453125,-13.12015151977539,3.957792043685913,0.05940310284495354,-0.14172783493995667,0.46247702836990356,0.00709932204335928,0.5956043601036072,0.595844030380249,-14.489556312561035,248000
11.214641571044922,540.0662841796875,543.13037109375,521.6210327148438,-548.3727416992188,-538.911376953125,-13.462526321411133,4.001150608062744,0.0535397045314312,0.12347953766584396,0.46626415848731995,0.005804416257888079,0.625888466835022,0.5991335511207581,-14.48720932006836,249000
69.36448669433594,541.1568603515625,544.2047119140625,317.6324768066406,-549.8682250976562,-540.3116455078125,-13.613737106323242,4.057147026062012,0.05695915222167969,-0.1373542845249176,0.46061164140701294,0.004856653977185488,0.6233641505241394,0.6102062463760376,-14.845123291015625,250000
11.95041275024414,540.7138671875,543.6175537109375,519.4893798828125,-549.2537231445312,-539.9656982421875,-13.286806106567383,3.9988090991973877,0.052585989236831665,-0.11499182134866714,0.4615735113620758,0.006289886310696602,0.5850192904472351,0.6174414157867432,-14.98765754699707,251000
71.30943298339844,540.8801879882812,544.096435546875,301.3444519042969,-548.8417358398438,-539.3521728515625,-13.319395065307617,3.829850196838379,0.05357929691672325,0.14447137713432312,0.463901549577713,0.0056832823902368546,0.6139293909072876,0.599812388420105,-14.467048645019531,252000
9.25766372680664,539.8802490234375,542.7053833007812,519.6848754882812,-548.0429077148438,-538.5821533203125,-13.362260818481445,3.901477098464966,0.056927893310785294,0.05240770801901817,0.4605173170566559,0.005212818272411823,0.6184999942779541,0.6001240611076355,-14.43091106414795,253000
15.53724479675293,537.9310302734375,541.5663452148438,513.0006713867188,-545.7737426757812,-536.71728515625,-13.064229965209961,4.007745742797852,0.055007174611091614,-0.2535533308982849,0.46117261052131653,0.007898625917732716,0.5752502679824829,0.6023528575897217,-14.745601654052734,254000
20.276905059814453,536.284423828125,539.30224609375,502.618408203125,-544.0921630859375,-534.8428955078125,-13.111817359924316,3.862534284591675,0.05474845692515373,0.09238792955875397,0.4551994502544403,0.006969587877392769,0.5926513671875,0.6035142540931702,-14.637943267822266,255000
7.076533317565918,537.588623046875,540.132568359375,525.2012939453125,-546.1683349609375,-536.6940307617188,-13.372575759887695,3.8982715606689453,0.0547625869512558,-0.1311892569065094,0.46169161796569824,0.007772404700517654,0.6140807271003723,0.6045653223991394,-14.703350067138672,256000
822.419189453125,538.173583984375,541.2146606445312,370.44256591796875,-546.4528198242188,-537.245849609375,-13.269102096557617,4.062137126922607,0.05579543486237526,-0.17766398191452026,0.45311611890792847,0.004911328200250864,0.6021443605422974,0.6026933193206787,-14.514230728149414,257000
129.9606170654297,537.2777709960938,540.8574829101562,204.58395385742188,-545.6505126953125,-536.4010620117188,-13.32970142364502,4.080259323120117,0.056245844811201096,-0.14709635078907013,0.4543805420398712,0.0064636352472007275,0.5986099243164062,0.5990123748779297,-14.62399959564209,258000
6.305584907531738,539.6693115234375,542.134521484375,532.533203125,-548.2447509765625,-538.7694091796875,-13.335933685302734,3.860621452331543,0.052995603531599045,-0.037210579961538315,0.45835232734680176,0.00569955725222826,0.6080273389816284,0.6082500219345093,-14.717430114746094,259000
15.052555084228516,541.1100463867188,543.900634765625,481.35223388671875,-549.6339111328125,-540.0595703125,-13.593425750732422,4.019112586975098,0.05663292482495308,-0.21130511164665222,0.4558893144130707,0.006077110767364502,0.6198903918266296,0.6121498346328735,-14.905268669128418,260000
7.342144966125488,543.3125,545.8380737304688,534.152587890625,-551.6067504882812,-542.1649169921875,-13.212709426879883,3.770879030227661,0.055478427559137344,0.0508885532617569,0.45649829506874084,0.006483405828475952,0.5975150465965271,0.5990806221961975,-14.482766151428223,261000
8.119644165039062,543.4920654296875,546.168212890625,530.5061645507812,-551.6669921875,-542.3931274414062,-13.282844543457031,4.008993148803711,0.054523322731256485,-0.16720597445964813,0.4553700089454651,0.004682007245719433,0.5932608842849731,0.6083941459655762,-14.773204803466797,262000
10.073631286621094,542.6224975585938,545.413330078125,519.49267578125,-550.0792846679688,-541.0458984375,-12.9990234375,3.9656128883361816,0.054461583495140076,-0.0001310994557570666,0.45790472626686096,0.006582450121641159,0.5864423513412476,0.5931670665740967,-14.299267768859863,263000
946.060546875,543.283203125,547.0303344726562,263.91278076171875,-551.3731079101562,-541.8442993164062,-13.595819473266602,4.067026138305664,0.056633543223142624,-0.13699030876159668,0.45238304138183594,0.005409331526607275,0.6189335584640503,0.609275221824646,-14.854923248291016,264000
388.16650390625,544.8919677734375,547.7054443359375,189.8234100341797,-551.7318725585938,-542.7474365234375,-12.911349296569824,3.926927328109741,0.056179411709308624,0.01342025026679039,0.4550151824951172,0.007419904228299856,0.5806575417518616,0.5940830707550049,-14.379693031311035,265000
7.711061954498291,545.7327270507812,548.4647827148438,532.211181640625,-554.5956420898438,-544.94482421875,-13.593694686889648,3.9428722858428955,0.05573912709951401,0.013817333616316319,0.4527515172958374,0.006849475670605898,0.6362632513046265,0.6015937328338623,-14.66461181640625,266000
581.8872680664062,544.0146484375,548.3934326171875,94.31977844238281,-551.0234985351562,-541.7531127929688,-12.959598541259766,3.6892354488372803,0.06130867823958397,0.10251596570014954,0.452921986579895,0.006433084141463041,0.6077941656112671,0.5799864530563354,-13.817612648010254,267000
6.430988311767578,547.5941772460938,549.6167602539062,532.7730712890625,-555.7147827148438,-546.8048095703125,-12.789108276367188,3.879143476486206,0.05458708852529526,-0.010614778846502304,0.4564196467399597,0.006541587878018618,0.5680251717567444,0.6026509404182434,-14.529257774353027,268000
6.563805103302002,548.3182373046875,550.1304321289062,541.8291015625,-556.710205078125,-547.4834594726562,-13.287521362304688,4.060791492462158,0.05185713618993759,0.04932493716478348,0.45498910546302795,0.004904685541987419,0.599098801612854,0.6093471050262451,-14.799959182739258,269000
6.4388909339904785,550.277587890625,552.06201171875,546.58349609375,-558.9345092773438,-549.334228515625,-13.571757316589355,3.9714956283569336,0.051795706152915955,-0.11831589788198471,0.4460500478744507,0.005932747386395931,0.6104035973548889,0.6208240389823914,-15.192802429199219,270000
6.849931240081787,551.818115234375,553.8980712890625,541.9345703125,-559.9959106445312,-550.668212890625,-12.982479095458984,3.654813289642334,0.055320389568805695,0.15027235448360443,0.447092205286026,0.004417815245687962,0.5881301164627075,0.5960093140602112,-14.265483856201172,271000
160.9458465576172,552.776123046875,554.3453369140625,157.55718994140625,-561.2202758789062,-551.8893432617188,-12.898910522460938,3.567976474761963,0.057715337723493576,-0.07423299551010132,0.44612956047058105,0.0055913482792675495,0.5960291624069214,0.5873022079467773,-14.116456985473633,272000
6.785937309265137,555.5367431640625,557.5011596679688,542.4285888671875,-563.9364013671875,-554.716064453125,-12.839513778686523,3.61918306350708,0.056770436465740204,0.2931010127067566,0.4560339152812958,0.006746448576450348,0.6040888428688049,0.5763465166091919,-13.760071754455566,273000
6.950189590454102,557.1491088867188,559.4838256835938,551.1644897460938,-565.9247436523438,-556.3060302734375,-13.27859878540039,3.659932851791382,0.05310830846428871,0.04611128941178322,0.4473782479763031,0.005226870067417622,0.6135229468345642,0.6056078672409058,-14.57292366027832,274000
5.304654121398926,559.3197021484375,561.4523315429688,553.3992919921875,-567.9429931640625,-558.5172119140625,-13.206424713134766,3.780634641647339,0.053013887256383896,-0.12263139337301254,0.4452262818813324,0.00489807641133666,0.6072256565093994,0.6021658778190613,-14.48607063293457,275000
6.716721534729004,559.3510131835938,562.1676025390625,551.1644897460938,-567.7908935546875,-558.1787109375,-13.974342346191406,4.3622002601623535,0.04771896079182625,-0.5817384719848633,0.44782960414886475,0.005292646121233702,0.6088753938674927,0.6378613710403442,-15.952028274536133,276000
679.5245361328125,560.8621826171875,563.4689331054688,192.24819946289062,-569.3680419921875,-560.14111328125,-12.93179702758789,3.704899787902832,0.05565629154443741,-0.12950943410396576,0.44603201746940613,0.0075886063277721405,0.5824446678161621,0.597456693649292,-14.425461769104004,277000
6.124345302581787,562.9820556640625,564.5565185546875,557.2830200195312,-571.3297119140625,-561.6527099609375,-13.464447021484375,3.787477970123291,0.055900007486343384,-0.027012798935174942,0.43759679794311523,0.006036894395947456,0.6212707757949829,0.6039217114448547,-14.58413314819336,278000
7.874270439147949,564.562744140625,564.932861328125,562.502685546875,-573.7109375,-564.2989501953125,-13.044095993041992,3.632098436355591,0.05407325550913811,0.07311303168535233,0.4457114040851593,0.005799340084195137,0.6007486581802368,0.5966997146606445,-14.344094276428223,279000
8.620756149291992,566.9744873046875,569.0396118164062,561.3757934570312,-575.4888305664062,-565.80419921875,-13.16404914855957,3.4794163703918457,0.05554356426000595,0.12053180485963821,0.4441385567188263,0.004582009743899107,0.6179333329200745,0.5930728912353516,-14.349665641784668,280000
7.026390075683594,567.5278930664062,569.7919311523438,563.349365234375,-576.0164184570312,-566.4111328125,-13.456663131713867,3.851353168487549,0.051600828766822815,-0.11551772803068161,0.4396215081214905,0.005460161250084639,0.6134340763092041,0.6095300912857056,-14.791065216064453,281000
6.711407661437988,567.9718017578125,570.4139404296875,564.8783569335938,-576.271728515625,-566.9832763671875,-13.27999496459961,3.9915249347686768,0.05283081904053688,-0.14287209510803223,0.44067150354385376,0.005615202710032463,0.5936644077301025,0.6162253618240356,-15.007753372192383,282000
6.260493755340576,569.5620727539062,571.5615234375,563.376708984375,-578.2008666992188,-568.739990234375,-12.963321685791016,3.502439498901367,0.05790630355477333,0.3281782567501068,0.44693341851234436,0.005539762321859598,0.6036185622215271,0.5895304679870605,-14.134880065917969,283000
5.874384880065918,569.60888671875,572.0001831054688,562.8638305664062,-578.235595703125,-568.6902465820312,-13.424020767211914,3.878662109375,0.05388244614005089,0.0270083025097847,0.4409356117248535,0.006802734918892384,0.6139824390411377,0.6077606678009033,-14.786041259765625,284000
37.22090148925781,570.8740844726562,573.6333618164062,392.30145263671875,-579.6878051757812,-570.49951171875,-12.914546966552734,3.7262380123138428,0.05657133087515831,-0.02496747113764286,0.4386483132839203,0.005261202808469534,0.5787209272384644,0.5988239049911499,-14.354683876037598,285000
647.2938232421875,570.76904296875,574.0554809570312,76.62177276611328,-578.3558959960938,-569.1781005859375,-13.083429336547852,3.905669689178467,0.058396466076374054,0.021498316898941994,0.44274580478668213,0.005190729629248381,0.6027615070343018,0.5950117111206055,-14.315279006958008,286000
995.6254272460938,572.58935546875,575.2216796875,436.38885498046875,-581.0916748046875,-571.6064453125,-12.933585166931152,3.448359251022339,0.05719904974102974,0.20622500777244568,0.43189626932144165,0.005822149105370045,0.5989369750022888,0.5837727785110474,-14.005805969238281,287000
6.049132823944092,573.027099609375,575.77490234375,556.721923828125,-582.1098022460938,-572.2994995117188,-13.821749687194824,4.011501312255859,0.04692137986421585,-0.2817228138446808,0.4399468004703522,0.0037627550773322582,0.6300839185714722,0.6256570219993591,-15.235048294067383,288000
654.7520751953125,572.123779296875,576.1211547851562,83.82576751708984,-580.4592895507812,-571.3494262695312,-12.665409088134766,3.555546998977661,0.057959191501140594,0.13533349335193634,0.43702155351638794,0.006851731799542904,0.5872275829315186,0.5797187089920044,-13.830251693725586,289000
10.739057540893555,572.1177368164062,574.6543579101562,538.6248779296875,-580.5565795898438,-571.1524047851562,-13.105055809020996,3.7008767127990723,0.05635854974389076,0.0845957025885582,0.4402274489402771,0.005050721578299999,0.6125330328941345,0.5893597602844238,-14.123587608337402,290000
7.191458225250244,572.8240966796875,574.9450073242188,565.2556762695312,-581.5062255859375,-572.2047119140625,-13.05435848236084,3.75286602973938,0.05107994005084038,-0.09032469242811203,0.43072912096977234,0.005346869118511677,0.5876257419586182,0.6012005805969238,-14.431764602661133,291000
6.473247528076172,574.0579223632812,575.33447265625,572.224853515625,-583.0188598632812,-573.3729248046875,-13.375839233398438,3.7298896312713623,0.05080035701394081,-0.040812525898218155,0.43591687083244324,0.005226755049079657,0.6210407018661499,0.6064049005508423,-14.660238265991211,292000
643.6890869140625,571.9674072265625,576.0542602539062,75.37747192382812,-579.6204833984375,-570.0621337890625,-13.252071380615234,3.6937386989593506,0.057860877364873886,-0.2858737111091614,0.4343799948692322,0.006425220984965563,0.6102948188781738,0.60270756483078,-14.556404113769531,293000
6.535666465759277,574.2279052734375,576.3843383789062,570.466796875,-582.7765502929688,-573.2493896484375,-13.064801216125488,3.5376510620117188,0.05117573216557503,0.01234208419919014,0.43259263038635254,0.005386988166719675,0.6148312091827393,0.5976015329360962,-14.283355712890625,294000
46.97354507446289,574.8692626953125,577.1912231445312,408.2960205078125,-583.68505859375,-574.1739501953125,-13.15256118774414,3.6414618492126465,0.05469071492552757,0.022784685716032982,0.43442532420158386,0.005694492720067501,0.6079736948013306,0.5936671495437622,-14.278292655944824,295000
6.614140510559082,576.2539672851562,578.300537109375,571.3795776367188,-584.9778442382812,-575.56884765625,-13.128979682922363,3.7199769020080566,0.055329784750938416,-0.056928690522909164,0.4327273368835449,0.004566446878015995,0.5965834856033325,0.6049244999885559,-14.794556617736816,296000
50.48390197753906,576.0123291015625,578.2333984375,405.554443359375,-584.6553955078125,-575.5362548828125,-12.756170272827148,3.6370058059692383,0.05917598307132721,0.15970171988010406,0.4345545768737793,0.006334017496556044,0.5906095504760742,0.5809664726257324,-13.928764343261719,297000
6.5579328536987305,577.0219116210938,579.596923828125,568.8438720703125,-585.3517456054688,-575.7930908203125,-13.26723861694336,3.708564043045044,0.050878189504146576,-0.008958890102803707,0.43151533603668213,0.005327585153281689,0.605144202709198,0.605955958366394,-14.67713737487793,298000
7.2237701416015625,577.1881103515625,579.8674926757812,564.1012573242188,-585.8909301757812,-576.294189453125,-13.174375534057617,3.577665328979492,0.05233997479081154,-0.2830318510532379,0.42522338032722473,0.005523055791854858,0.6038538217544556,0.6016386151313782,-14.646149635314941,299000
8.564311981201172,576.6029663085938,579.8074951171875,561.0185546875,-584.9451904296875,-575.32080078125,-13.299697875976562,3.6752724647521973,0.049804482609033585,0.14772756397724152,0.43243932723999023,0.005198199767619371,0.6172773241996765,0.5974242687225342,-14.286913871765137,300000
6.9246063232421875,576.0674438476562,578.51123046875,567.6931762695312,-584.3883056640625,-574.8885498046875,-13.194292068481445,3.6945314407348633,0.05237976089119911,0.07613793015480042,0.4293779730796814,0.00582154979929328,0.6070634722709656,0.6019558906555176,-14.479005813598633,301000
34.89672088623047,575.9403076171875,577.5769653320312,420.27886962890625,-584.84423828125,-575.068603515625,-13.582773208618164,3.807105779647827,0.05571652576327324,-0.27562376856803894,0.4259629249572754,0.006452480331063271,0.6356149911880493,0.6088883876800537,-14.78551197052002,302000
93.49403381347656,576.8267822265625,580.156494140625,334.9588928222656,-585.276123046875,-576.0093994140625,-12.843957901000977,3.5772266387939453,0.05583733692765236,0.15947507321834564,0.42959725856781006,0.005155203863978386,0.5992511510848999,0.5848092436790466,-13.947050094604492,303000
7.314864158630371,577.9317016601562,580.353759765625,568.4332885742188,-586.4175415039062,-576.98291015625,-12.70059585571289,3.265983819961548,0.05865733325481415,0.12446391582489014,0.42000511288642883,0.006937230937182903,0.5916435122489929,0.5816363096237183,-13.907733917236328,304000
10.509326934814453,578.441162109375,579.3968505859375,567.4680786132812,-587.201416015625,-577.837646484375,-13.009209632873535,3.645473003387451,0.052642133086919785,-0.06472566723823547,0.4241475760936737,0.004673403687775135,0.5917911529541016,0.6048763990402222,-14.534501075744629,305000
32.33399200439453,578.3302001953125,581.070556640625,418.9425048828125,-586.9640502929688,-577.324951171875,-13.252704620361328,3.613591194152832,0.05563852936029434,-0.036845769733190536,0.4169592261314392,0.006576784886419773,0.612731397151947,0.5957911014556885,-14.40988826751709,306000
6.940066337585449,578.385009765625,580.6358032226562,567.9074096679688,-586.6976318359375,-577.199951171875,-13.24415111541748,3.746443748474121,0.051978349685668945,-0.04830607771873474,0.4231337010860443,0.004765539895743132,0.6115164756774902,0.5987737774848938,-14.497766494750977,307000
7.055931568145752,579.1776123046875,581.3369750976562,568.0678100585938,-587.6482543945312,-578.242919921875,-12.998441696166992,3.593108654022217,0.05249858275055885,0.07390446215867996,0.4258061647415161,0.005120061803609133,0.6048889756202698,0.5960110425949097,-14.277429580688477,308000
6.412769317626953,580.9852294921875,583.0645141601562,572.4811401367188,-589.5924682617188,-580.14208984375,-12.932662963867188,3.482311725616455,0.05616648867726326,0.20391276478767395,0.42011013627052307,0.005330605432391167,0.5984476804733276,0.5945883989334106,-14.34078598022461,309000
6.693120956420898,580.7589111328125,583.0877685546875,569.9537353515625,-588.9360961914062,-579.8211059570312,-12.690080642700195,3.575096368789673,0.05462990328669548,0.11445744335651398,0.42153316736221313,0.0055261217057704926,0.5728030204772949,0.5905829071998596,-14.266448020935059,310000
16.67698097229004,579.8931274414062,582.8223266601562,528.1583251953125,-589.0082397460938,-579.667236328125,-12.780817031860352,3.4398224353790283,0.05566035211086273,0.10037854313850403,0.42626258730888367,0.005992572288960218,0.5845561027526855,0.5931411981582642,-14.19054126739502,311000
7.204684734344482,581.9602661132812,584.417236328125,558.4369506835938,-590.7604370117188,-581.0631713867188,-13.268119812011719,3.570866823196411,0.05367312207818031,0.1403064727783203,0.41812825202941895,0.004615703597664833,0.6148729920387268,0.6003572344779968,-14.440706253051758,312000
7.295341968536377,582.2796630859375,584.8242797851562,571.8477172851562,-590.7880249023438,-581.45068359375,-12.642069816589355,3.3047378063201904,0.056568123400211334,0.16570453345775604,0.4192620515823364,0.005166303366422653,0.584078311920166,0.5801409482955933,-13.820789337158203,313000
61.681480407714844,582.0458984375,582.864990234375,459.0088806152344,-590.619140625,-581.5965576171875,-12.332633972167969,3.3100779056549072,0.059926874935626984,0.3101809024810791,0.42175132036209106,0.006530549377202988,0.5690127015113831,0.5755462646484375,-13.674100875854492,314000
6.003710746765137,583.8248291015625,585.9147338867188,576.939697265625,-592.766357421875,-583.01220703125,-13.151933670043945,3.397787570953369,0.05413033068180084,0.12629370391368866,0.4210045337677002,0.004952223040163517,0.6193994283676147,0.5944575667381287,-14.216949462890625,315000
66.38025665283203,583.7466430664062,585.9227905273438,342.48944091796875,-592.1998901367188,-582.8990478515625,-12.882210731506348,3.581354856491089,0.06118744984269142,-0.10434272885322571,0.4154196083545685,0.004923098720610142,0.6023255586624146,0.5898973941802979,-14.129679679870605,316000
228.43589782714844,584.3702392578125,586.8123168945312,190.21566772460938,-593.452392578125,-583.988525390625,-13.202425956726074,3.7386159896850586,0.05441863089799881,-0.33900192379951477,0.4198443591594696,0.004928531590849161,0.5983892679214478,0.6170732975006104,-15.075390815734863,317000
7.523431301116943,585.353515625,586.6368408203125,574.2496337890625,-593.6519775390625,-584.4322509765625,-12.719058990478516,3.4993069171905518,0.05175628513097763,0.15338553488254547,0.42409318685531616,0.005442749708890915,0.5809611082077026,0.5937622785568237,-14.23533821105957,318000
232.44140625,584.4564208984375,588.2313232421875,172.9729766845703,-592.2213745117188,-582.58935546875,-13.49454116821289,3.8625705242156982,0.04989444464445114,-0.19828832149505615,0.41434165835380554,0.005424225702881813,0.6136795282363892,0.6150882244110107,-15.054713249206543,319000
239.90469360351562,585.4141845703125,587.4319458007812,268.26702880859375,-594.2833862304688,-585.004150390625,-12.641897201538086,3.3626744747161865,0.05576498061418533,0.10656771063804626,0.41635990142822266,0.005475099664181471,0.5931205749511719,0.5812389850616455,-13.87719440460205,320000
677.006591796875,585.634521484375,589.0961303710938,51.53829574584961,-594.14208984375,-584.58251953125,-12.85745620727539,3.2979092597961426,0.05729685723781586,0.03485128656029701,0.41689133644104004,0.008191525936126709,0.6113041639328003,0.584205150604248,-13.79135513305664,321000
9.413869857788086,585.531005859375,587.9873657226562,565.053466796875,-593.9458618164062,-584.4931640625,-13.005306243896484,3.5525829792022705,0.05358825623989105,0.04330549016594887,0.41194233298301697,0.005232791416347027,0.5951600074768066,0.6022442579269409,-14.45559310913086,322000
683.4370727539062,586.21923828125,589.3209228515625,91.51551055908203,-594.0144653320312,-584.7669677734375,-12.83670711517334,3.589231491088867,0.05569940060377121,-0.2221173495054245,0.414766401052475,0.00459952000528574,0.5865234732627869,0.5994075536727905,-14.50436019897461,323000
6.479710578918457,588.159912109375,589.7373657226562,584.2924194335938,-596.7136840820312,-587.445556640625,-12.835681915283203,3.56756329536438,0.052958279848098755,-0.02065826579928398,0.4150397777557373,0.004763143602758646,0.5919039845466614,0.5998016595840454,-14.385126113891602,324000
8.743291854858398,588.9652099609375,591.1015014648438,556.02392578125,-597.8529663085938,-588.2588500976562,-13.069652557373047,3.4755167961120605,0.05681176856160164,-0.14586524665355682,0.41596734523773193,0.007273184135556221,0.6078605651855469,0.5998943448066711,-14.426076889038086,325000
6.830443859100342,590.2493896484375,592.5050659179688,581.1666870117188,-598.7409057617188,-589.0867919921875,-13.450931549072266,3.7968108654022217,0.05058927834033966,-0.25265347957611084,0.4140753149986267,0.00492550153285265,0.6108863353729248,0.6150319576263428,-15.008072853088379,326000
119.10909271240234,589.373779296875,592.7720947265625,303.13519287109375,-597.511474609375,-588.407470703125,-12.683404922485352,3.5794050693511963,0.06078566610813141,-0.21191614866256714,0.4085049033164978,0.008421703241765499,0.5791405439376831,0.5945079326629639,-14.282594680786133,327000
20.592666625976562,591.248779296875,593.337890625,508.8145446777344,-599.7525024414062,-590.3883666992188,-12.996466636657715,3.63232684135437,0.053456179797649384,-0.018594982102513313,0.40414008498191833,0.005713617894798517,0.5887693166732788,0.6014249324798584,-14.614072799682617,328000
325.99749755859375,591.2012939453125,594.3363037109375,84.76126098632812,-599.3956298828125,-590.1737060546875,-12.972574234008789,3.7506487369537354,0.05383816361427307,-0.054170235991477966,0.4245940148830414,0.0056846411898732185,0.5942875146865845,0.603445291519165,-14.4666748046875,329000
60.415435791015625,592.7963256835938,595.7457275390625,360.5082702636719,-601.6531982421875,-592.082275390625,-13.053281784057617,3.482358694076538,0.056979332119226456,-0.27685531973838806,0.40330973267555237,0.0044531868770718575,0.5896466970443726,0.6119750738143921,-14.80497932434082,330000
299.0062255859375,592.4462890625,594.1243286132812,474.651611328125,-601.0399169921875,-591.8179931640625,-12.298406600952148,3.076493263244629,0.05772126838564873,0.2563401758670807,0.4028201699256897,0.004486938938498497,0.5714482069015503,0.5689782500267029,-13.454225540161133,331000
1003.7325439453125,590.447998046875,595.0978393554688,32.83323669433594,-596.5470581054688,-587.2000732421875,-13.028242111206055,3.6812946796417236,0.060119446367025375,-0.1616763323545456,0.4105720818042755,0.004926638677716255,0.6029719114303589,0.5977604389190674,-14.37744426727295,332000
677.7948608398438,590.5096435546875,593.9530639648438,42.810848236083984,-597.4363403320312,-588.120849609375,-12.75483512878418,3.439337730407715,0.056544575840234756,0.10028743743896484,0.4105411469936371,0.0041190022602677345,0.5929355621337891,0.5866559743881226,-13.975276947021484,333000
40.21165084838867,590.2586669921875,593.5107421875,436.9613037109375,-598.8221435546875,-589.2607421875,-12.903360366821289,3.3419716358184814,0.057379886507987976,-0.012356418184936047,0.4078669846057892,0.006360711995512247,0.5949262976646423,0.6047995090484619,-14.640155792236328,334000
9.156850814819336,590.2388916015625,591.5349731445312,558.6461181640625,-598.711181640625,-589.4566650390625,-12.528860092163086,3.274369955062866,0.05651681870222092,0.28014111518859863,0.4088274836540222,0.004137972369790077,0.5779998898506165,0.5864431858062744,-13.884809494018555,335000
6.215847969055176,591.2792358398438,593.76806640625,576.8843994140625,-599.9188232421875,-590.1904296875,-13.277390480041504,3.5490291118621826,0.050974275916814804,-0.1985657811164856,0.4076111912727356,0.004976092837750912,0.6204899549484253,0.6038445830345154,-14.543294906616211,336000
968.1512451171875,590.2940673828125,593.6918334960938,288.9334716796875,-597.66064453125,-588.5919189453125,-12.342604637145996,3.273836374282837,0.061736829578876495,0.24707937240600586,0.40899014472961426,0.004379263613373041,0.5778330564498901,0.5811526775360107,-13.61988639831543,337000
5.350522041320801,592.890869140625,594.686279296875,585.231689453125,-602.0458984375,-592.3211059570312,-13.183095932006836,3.4583144187927246,0.05254404619336128,0.004651112016290426,0.4041745662689209,0.004108615685254335,0.6037564277648926,0.6069415807723999,-14.622627258300781,338000
240.99473571777344,593.8883056640625,597.1237182617188,120.1819839477539,-601.9649658203125,-592.6532592773438,-12.721452713012695,3.4097068309783936,0.05509277805685997,-0.054977066814899445,0.4085657596588135,0.004850405268371105,0.5865548849105835,0.5872635841369629,-14.056144714355469,339000
492.6575622558594,595.1849365234375,598.414794921875,85.21669006347656,-603.54052734375,-594.0529174804688,-12.741243362426758,3.2536773681640625,0.059842292219400406,-0.11066911369562149,0.3971506655216217,0.005564030725508928,0.5983680486679077,0.5896861553192139,-14.17879867553711,340000
871.1157836914062,595.4192504882812,598.1115112304688,306.1409912109375,-603.9539794921875,-594.4271850585938,-13.029788970947266,3.5029919147491455,0.056407660245895386,-0.09754486382007599,0.4045414328575134,0.00671936571598053,0.6057075262069702,0.5984911322593689,-14.323450088500977,341000
6.615148544311523,596.6380615234375,599.0640869140625,585.9130859375,-605.0446166992188,-595.6734008789062,-12.815017700195312,3.443777561187744,0.05276457592844963,0.06648251414299011,0.4058646857738495,0.004505150020122528,0.5795619487762451,0.5970211029052734,-14.348421096801758,342000
8.28488826751709,597.1824951171875,599.6322631835938,585.7098999023438,-605.5665893554688,-596.05419921875,-12.742870330810547,3.2304749488830566,0.05497797206044197,0.11482156813144684,0.40434834361076355,0.0047425138764083385,0.5905216932296753,0.5877676606178284,-14.116355895996094,343000
272.4931945800781,596.2320556640625,599.6714477539062,228.59364318847656,-604.5989379882812,-595.3299560546875,-12.719167709350586,3.4501724243164062,0.06050297990441322,0.04663766175508499,0.4071368873119354,0.0058647883124649525,0.5990064144134521,0.5842817425727844,-13.902233123779297,344000
10.431365013122559,598.181396484375,600.438232421875,538.0392456054688,-606.7514038085938,-597.52392578125,-12.479981422424316,3.252495527267456,0.05880460515618324,0.19715584814548492,0.39611977338790894,0.006162206642329693,0.5726932287216187,0.5801024436950684,-13.953155517578125,345000
8.387625694274902,597.6600341796875,599.9891967773438,578.1875610351562,-606.5867919921875,-596.64306640625,-13.191987991333008,3.2483174800872803,0.05378631874918938,0.04627888649702072,0.3999486565589905,0.004856641869992018,0.614905595779419,0.6046954989433289,-14.444554328918457,346000
9.505816459655762,596.0715942382812,598.78173828125,572.91455078125,-604.620361328125,-594.77783203125,-13.186529159545898,3.3440074920654297,0.053156740963459015,-0.12091784924268723,0.3980240821838379,0.0044826120138168335,0.6069865226745605,0.6082769632339478,-14.686223030090332,347000
7.883384704589844,596.7489013671875,599.5504760742188,581.4339599609375,-605.0440063476562,-595.5740966796875,-12.884883880615234,3.4149558544158936,0.05327063053846359,-0.12421416491270065,0.39564311504364014,0.004703233949840069,0.5823572874069214,0.600877583026886,-14.512088775634766,348000
6.2364044189453125,596.5244140625,598.7083740234375,594.0401000976562,-605.3117065429688,-595.569580078125,-13.070307731628418,3.3282124996185303,0.05332491174340248,-0.10289859771728516,0.40035173296928406,0.004513462074100971,0.6052958965301514,0.60944002866745,-14.71358871459961,349000
4.818853378295898,597.7025756835938,599.55810546875,592.9290771484375,-606.5776977539062,-597.025634765625,-12.991096496582031,3.439046621322632,0.05329569801688194,0.03182227164506912,0.403093546628952,0.004969435278326273,0.6005574464797974,0.6011829972267151,-14.483108520507812,350000
6.4404449462890625,598.185791015625,601.0247802734375,590.198974609375,-606.9092407226562,-597.161376953125,-12.862804412841797,3.1149420738220215,0.05869206786155701,0.17894260585308075,0.39191317558288574,0.004468388855457306,0.604725182056427,0.5845622420310974,-14.04458236694336,351000
5.439931869506836,599.5473022460938,601.4842529296875,593.2772216796875,-608.3342895507812,-598.7658081054688,-12.753902435302734,3.185431718826294,0.05627570301294327,0.21346116065979004,0.39357975125312805,0.0053293341770768166,0.5992770195007324,0.5816637873649597,-13.873966217041016,352000
5.955540657043457,600.3287353515625,602.3367919921875,596.4876708984375,-609.180419921875,-599.514404296875,-13.170833587646484,3.50481915473938,0.04970289021730423,-0.0804363265633583,0.3973006308078766,0.004703056067228317,0.5993930697441101,0.6063189506530762,-14.751275062561035,353000
436.7538757324219,599.0645141601562,603.0969848632812,60.04960250854492,-606.67822265625,-597.1403198242188,-12.949419975280762,3.411480188369751,0.05358119308948517,-0.0856170579791069,0.39315465092658997,0.0053727105259895325,0.6024606227874756,0.5905317068099976,-14.23582649230957,354000
5.451560020446777,600.1680908203125,602.6201171875,593.7551879882812,-608.9365234375,-599.147216796875,-13.297689437866211,3.508373737335205,0.05238556116819382,-0.031101077795028687,0.40132322907447815,0.004758266266435385,0.6175258159637451,0.6130243539810181,-14.879291534423828,355000
6.431573390960693,600.181396484375,602.647705078125,592.647705078125,-608.959228515625,-599.1754150390625,-13.158891677856445,3.3750457763671875,0.05147910118103027,-0.08313336223363876,0.39131495356559753,0.005896621383726597,0.6054637432098389,0.6082379817962646,-14.74254035949707,356000
5.865101337432861,599.4396362304688,601.6978759765625,594.2821655273438,-607.838623046875,-598.4740600585938,-12.638042449951172,3.273513078689575,0.051735930144786835,-0.0027881439309567213,0.3964492082595825,0.004759256262332201,0.5846898555755615,0.5950926542282104,-14.199185371398926,357000
8.821636199951172,597.5220336914062,600.462890625,581.5499267578125,-606.0446166992188,-596.2630615234375,-13.201980590820312,3.420389413833618,0.04972914606332779,-0.19760987162590027,0.3949568271636963,0.004342038184404373,0.6031067371368408,0.6197192668914795,-15.117569923400879,358000
6.476589202880859,598.7069702148438,601.1122436523438,590.7960205078125,-607.4207153320312,-597.6194458007812,-13.104646682739258,3.3033998012542725,0.05121028050780296,-0.19249407947063446,0.3861238658428192,0.0048370747826993465,0.5991156101226807,0.6110352277755737,-14.78341293334961,359000
585.3753662109375,597.088134765625,600.8697509765625,77.02649688720703,-604.7929077148438,-595.2569580078125,-13.03463077545166,3.4986705780029297,0.054630085825920105,-0.2555922865867615,0.395190566778183,0.004127021413296461,0.6074246168136597,0.6048370003700256,-14.56631851196289,360000
743.4509887695312,595.7130737304688,599.4882202148438,106.51286315917969,-602.792724609375,-593.6265869140625,-12.503738403320312,3.3376054763793945,0.05656861886382103,-0.002616115380078554,0.3878711462020874,0.004988102708011866,0.5754258632659912,0.5838215351104736,-13.901965141296387,361000
24.545557022094727,599.80419921875,601.6917114257812,594.5972900390625,-608.4385375976562,-598.8873291015625,-13.194107055664062,3.6428980827331543,0.05101512372493744,-0.299439013004303,0.39534810185432434,0.004581972025334835,0.5982814431190491,0.6152448654174805,-15.02991008758545,362000
7.755390644073486,599.68505859375,602.259521484375,587.020263671875,-607.8189086914062,-598.2702026367188,-13.08700942993164,3.5383036136627197,0.051907945424318314,-0.13106612861156464,0.3919247090816498,0.0050064558163285255,0.5940739512443542,0.6155285835266113,-14.946197509765625,363000
6.806617736816406,600.3814697265625,602.2634887695312,592.9970092773438,-609.400146484375,-599.5086669921875,-13.017026901245117,3.1255319118499756,0.05358606204390526,0.0015414936933666468,0.38820356130599976,0.0056981248781085014,0.6070406436920166,0.5936154723167419,-14.340368270874023,364000
6.509959697723389,599.4683837890625,602.1257934570312,587.1807250976562,-608.1136474609375,-598.3594970703125,-13.076215744018555,3.3220670223236084,0.0524144172668457,-0.03768308460712433,0.38795971870422363,0.004031632095575333,0.607710063457489,0.6018085479736328,-14.548693656921387,365000
7.145203590393066,598.367919921875,601.0338134765625,581.19677734375,-606.85205078125,-597.277099609375,-12.891867637634277,3.31691837310791,0.052846942096948624,0.11189261078834534,0.3949626088142395,0.0036886748857796192,0.5992951393127441,0.597025990486145,-14.255451202392578,366000
213.13885498046875,597.1634521484375,600.359375,427.31634521484375,-605.368408203125,-595.6264038085938,-12.859582901000977,3.117565155029297,0.05799118056893349,0.16357092559337616,0.3877902925014496,0.007014798931777477,0.6086470484733582,0.5863430500030518,-14.00136947631836,367000
658.8386840820312,594.935302734375,599.6287841796875,18.353694915771484,-602.26904296875,-592.69091796875,-12.757366180419922,3.1792330741882324,0.05524761602282524,0.13920927047729492,0.38747307658195496,0.004270895849913359,0.5948992967605591,0.5892417430877686,-14.058349609375,368000
14.641195297241211,595.0882568359375,597.8480224609375,536.8297119140625,-603.854736328125,-594.09619140625,-13.063892364501953,3.305361270904541,0.05333349481225014,-0.04922324791550636,0.38725706934928894,0.005480135791003704,0.6096271276473999,0.5998130440711975,-14.4190034866333,369000
8.47678279876709,594.3413696289062,596.4430541992188,571.9738159179688,-603.0764770507812,-593.3592529296875,-13.090727806091309,3.3734915256500244,0.05227435380220413,0.030117133632302284,0.38963016867637634,0.004795863758772612,0.6037622690200806,0.6015551686286926,-14.511909484863281,370000
9.597221374511719,594.8884887695312,598.05126953125,570.2650146484375,-603.2703247070312,-593.7095947265625,-12.712023735046387,3.1512913703918457,0.054064009338617325,0.11939145624637604,0.3869244456291199,0.004886175971478224,0.5969982743263245,0.5886377096176147,-14.032451629638672,371000
10.909163475036621,593.2429809570312,595.9676513671875,561.7627563476562,-601.6356811523438,-592.0744018554688,-12.790750503540039,3.2294669151306152,0.052697066217660904,-0.014310761354863644,0.3853297531604767,0.004086462315171957,0.5895290374755859,0.5952712297439575,-14.216954231262207,372000
6.229355812072754,593.4828491210938,595.9655151367188,586.5056762695312,-602.336669921875,-592.7064208984375,-12.862524032592773,3.232322931289673,0.049649741500616074,0.0965026468038559,0.39132606983184814,0.004748980514705181,0.5932350754737854,0.5983274579048157,-14.375158309936523,373000
7.668207168579102,593.7662353515625,596.015869140625,575.22412109375,-602.4147338867188,-592.892822265625,-12.958112716674805,3.4361894130706787,0.053615424782037735,-0.17900505661964417,0.3859763741493225,0.004807827062904835,0.5928882360458374,0.5995247960090637,-14.522174835205078,374000
686.0594482421875,593.530029296875,596.23486328125,11.280427932739258,-601.1875610351562,-592.0086669921875,-12.350330352783203,3.1714260578155518,0.05920780450105667,0.1784486174583435,0.3871007561683655,0.00491581205278635,0.582555890083313,0.5751671195030212,-13.62786865234375,375000
9.920970916748047,593.5928955078125,596.703857421875,576.962890625,-601.890380859375,-592.4100341796875,-12.591650009155273,3.1113243103027344,0.054098304361104965,0.08406095206737518,0.3893682062625885,0.004606662318110466,0.5886830687522888,0.590732216835022,-14.07767105102539,376000
267.1192932128906,592.8952026367188,596.4862670898438,302.0943908691406,-600.7013549804688,-591.6663818359375,-12.269857406616211,3.2348411083221436,0.05910095199942589,0.1397455781698227,0.38940295577049255,0.006802077405154705,0.5649218559265137,0.5762814283370972,-13.605127334594727,377000
177.75216674804688,595.6256103515625,597.0836791992188,335.09478759765625,-604.3099365234375,-594.6783447265625,-13.079389572143555,3.4478073120117188,0.053097717463970184,-0.22341176867485046,0.3821304440498352,0.005433705169707537,0.6038437485694885,0.6044604778289795,-14.655134201049805,378000
23.722087860107422,596.76513671875,599.322509765625,465.2717590332031,-605.1777954101562,-595.8483276367188,-12.400279998779297,3.070787191390991,0.05653337761759758,0.11275051534175873,0.38052159547805786,0.007088272832334042,0.564477801322937,0.5929319262504578,-14.269342422485352,379000
434.8489074707031,598.4398193359375,600.6779174804688,433.1862487792969,-607.1626586914062,-597.6761474609375,-12.927241325378418,3.4407424926757812,0.05454768240451813,-0.19452810287475586,0.3817707598209381,0.006146268453449011,0.6010435819625854,0.5983846783638,-14.357145309448242,380000
4.716711044311523,601.6253662109375,603.3989868164062,594.09521484375,-610.8345947265625,-600.7874755859375,-13.239442825317383,3.192309617996216,0.05491124093532562,-0.08543181419372559,0.3754577934741974,0.004978461656719446,0.6226974725723267,0.6019086241722107,-14.5715913772583,381000
701.64306640625,601.1944580078125,604.6033935546875,23.343246459960938,-608.4300537109375,-599.3280029296875,-12.295473098754883,3.1934258937835693,0.055120762437582016,0.03571554273366928,0.3794955909252167,0.00605033477768302,0.567941427230835,0.5854195952415466,-13.880698204040527,382000
723.1810302734375,602.4644775390625,606.2022094726562,42.24897003173828,-610.0247192382812,-600.5307006835938,-12.542757034301758,3.0487802028656006,0.05810541659593582,0.15772567689418793,0.37713688611984253,0.004820999223738909,0.5874166488647461,0.5809680223464966,-13.829131126403809,383000
307.97149658203125,604.507080078125,607.74462890625,212.84176635742188,-613.3487548828125,-603.219970703125,-13.352699279785156,3.223909616470337,0.056282900273799896,-0.22292520105838776,0.3680870831012726,0.006371595896780491,0.6340764164924622,0.6025310754776001,-14.524444580078125,384000
54.408660888671875,606.8111572265625,608.5154418945312,440.4764099121094,-616.0453491210938,-606.4090576171875,-12.86209487915039,3.225839853286743,0.05746036395430565,-0.06256256252527237,0.3758374750614166,0.0057884566485881805,0.5922623872756958,0.5970195531845093,-14.491520881652832,385000
966.49169921875,607.2679443359375,611.4641723632812,15.996362686157227,-614.0872802734375,-604.8818969726562,-12.348614692687988,3.1432552337646484,0.05607600510120392,0.23666879534721375,0.3767867386341095,0.004464513622224331,0.5683290362358093,0.5817903876304626,-13.865982055664062,386000
4.726297378540039,611.6946411132812,613.22216796875,606.1408081054688,-620.61962890625,-610.9603271484375,-12.872055053710938,3.2127606868743896,0.05276777595281601,0.11090466380119324,0.3826531767845154,0.004921392071992159,0.6053020358085632,0.5909199118614197,-14.033985137939453,387000
197.1915283203125,612.486572265625,614.431884765625,308.7582702636719,-621.6708984375,-612.2734375,-12.699796676635742,3.3022797107696533,0.05513583496212959,0.027590284124016762,0.37677934765815735,0.00366956926882267,0.5846668481826782,0.5932995080947876,-14.142909049987793,388000
5.407113075256348,614.8334350585938,616.7884521484375,610.430419921875,-623.5128173828125,-613.9732666015625,-12.473755836486816,2.9342215061187744,0.056127071380615234,0.12621912360191345,0.37198498845100403,0.004609467461705208,0.5819206237792969,0.5827651023864746,-13.951455116271973,389000
868.2514038085938,614.5668334960938,617.9996948242188,76.74237823486328,-622.4090576171875,-613.5069580078125,-11.882519721984863,2.980394124984741,0.06401392817497253,0.0919870063662529,0.3745628297328949,0.004641993902623653,0.5527563095092773,0.5630894899368286,-13.2246675491333,390000
10.317422866821289,617.4150390625,619.3427124023438,570.3787231445312,-626.247802734375,-616.0416870117188,-13.418436050415039,3.2123301029205322,0.05379791185259819,-0.12240290641784668,0.370780348777771,0.005666968412697315,0.6374907493591309,0.6013287305831909,-14.430826187133789,391000
4.980297088623047,618.2696533203125,620.5188598632812,611.9234619140625,-626.8845825195312,-617.41015625,-12.326589584350586,2.852161407470703,0.05824711546301842,0.25328654050827026,0.3696919083595276,0.005912134889513254,0.5719066858291626,0.5747637152671814,-13.752792358398438,392000
4.304737567901611,618.771728515625,620.50390625,615.5585327148438,-627.573486328125,-618.02099609375,-12.853694915771484,3.3012239933013916,0.052215952426195145,-0.046212002635002136,0.3749186098575592,0.004176920745521784,0.5954983234405518,0.6020857095718384,-14.418806076049805,393000
84.100830078125,619.134033203125,620.9172973632812,409.79290771484375,-628.5950317382812,-619.117919921875,-12.794588088989258,3.317500114440918,0.058185696601867676,-0.17516393959522247,0.3805606961250305,0.006058342754840851,0.5876511335372925,0.596314013004303,-14.376188278198242,394000
5.813895225524902,621.17431640625,623.0209350585938,614.6884155273438,-630.2770385742188,-620.3907470703125,-13.190656661987305,3.304386854171753,0.05075488239526749,-0.19659048318862915,0.372430682182312,0.003649788675829768,0.6121777892112732,0.6107784509658813,-14.710386276245117,395000
17.890901565551758,621.9820556640625,623.9749755859375,596.0524291992188,-630.514404296875,-621.1466674804688,-12.660383224487305,3.292668581008911,0.055759865790605545,-0.1727260947227478,0.3684508204460144,0.006402985192835331,0.5749821662902832,0.5979636907577515,-14.645963668823242,396000
4.777768135070801,623.654052734375,625.7435302734375,615.9485473632812,-632.5187377929688,-622.836669921875,-12.92642879486084,3.244354724884033,0.05499710142612457,-0.13665154576301575,0.3783981502056122,0.005806952249258757,0.5962816476821899,0.6052557229995728,-14.59292221069336,397000
6.2209930419921875,623.8893432617188,625.6046142578125,609.0471801757812,-632.5419311523438,-622.95654296875,-12.660537719726562,3.0751633644104004,0.05331503599882126,0.06666434556245804,0.37290850281715393,0.006286152638494968,0.5948745012283325,0.5854542255401611,-14.013019561767578,398000
838.3135375976562,623.2392578125,625.9773559570312,85.86068725585938,-631.0634155273438,-621.965087890625,-12.518227577209473,3.4199211597442627,0.056493569165468216,-0.04034053534269333,0.378149151802063,0.009325429797172546,0.5683578252792358,0.5896506309509277,-14.120891571044922,399000
6.537308692932129,625.2245483398438,626.8540649414062,592.5302124023438,-633.7769165039062,-624.22216796875,-12.758050918579102,3.2033321857452393,0.05454326421022415,-0.02963656559586525,0.36953064799308777,0.004800030961632729,0.5821359157562256,0.6026067733764648,-14.507638931274414,400000
628.7335205078125,623.7080688476562,627.0852661132812,43.80537033081055,-631.781982421875,-622.473876953125,-12.465317726135254,3.1572492122650146,0.058809854090213776,0.07952754199504852,0.37355053424835205,0.011157169938087463,0.5776151418685913,0.5837373733520508,-13.89169692993164,401000
1405.75927734375,625.3993530273438,627.771484375,321.95233154296875,-633.395751953125,-624.0643920898438,-12.527229309082031,3.195859432220459,0.06091397628188133,-0.1858590543270111,0.36612868309020996,0.005658288486301899,0.5740958452224731,0.5866448283195496,-14.119306564331055,402000
4.5861382484436035,627.98193359375,630.3162841796875,621.2168579101562,-636.9618530273438,-627.1826782226562,-13.05244255065918,3.2732458114624023,0.052760593593120575,-0.17866840958595276,0.36315104365348816,0.005784536246210337,0.5984259843826294,0.6105425357818604,-14.82790756225586,403000
8.547492980957031,628.6280517578125,630.7678833007812,622.7955322265625,-636.7220458984375,-627.1984252929688,-12.450826644897461,2.9271693229675293,0.05441415309906006,0.16097235679626465,0.36493387818336487,0.00531412148848176,0.5766837000846863,0.5793474316596985,-13.800996780395508,404000
6.404163360595703,627.68310546875,629.9324340820312,617.0470581054688,-636.6827392578125,-626.932861328125,-12.811370849609375,3.061525821685791,0.05201128497719765,0.08247250318527222,0.3694920539855957,0.005491781048476696,0.5919358730316162,0.5922207236289978,-14.13271713256836,405000
24.914203643798828,627.6334228515625,630.1103515625,619.03369140625,-636.5733032226562,-626.76513671875,-12.982403755187988,3.174241065979004,0.05073482170701027,-0.0650748535990715,0.3627435863018036,0.004835404455661774,0.6119567155838013,0.5955052971839905,-14.402250289916992,406000
8.396097183227539,627.9874267578125,629.9208984375,601.3994140625,-637.0680541992188,-627.1959228515625,-13.044938087463379,3.1728034019470215,0.05283289775252342,-0.0009694896871224046,0.3664706349372864,0.005434319376945496,0.6050736308097839,0.6063677072525024,-14.619874954223633,407000
71.43251037597656,626.7503662109375,629.88916015625,476.7525329589844,-635.3626708984375,-625.4379272460938,-13.072922706604004,3.1481740474700928,0.055303994566202164,-0.10238414257764816,0.36085423827171326,0.003894409630447626,0.609947919845581,0.6052748560905457,-14.609966278076172,408000
174.5377960205078,626.389892578125,629.379638671875,229.62452697753906,-634.254150390625,-624.4755249023438,-12.917417526245117,3.1387674808502197,0.057242799550294876,-0.0191016998142004,0.36417466402053833,0.005181735381484032,0.6085042357444763,0.5981237888336182,-14.232909202575684,409000
9.473042488098145,625.245361328125,627.53466796875,600.2911376953125,-633.3883056640625,-623.9679565429688,-12.441658020019531,3.021299362182617,0.055959850549697876,0.16936106979846954,0.36746495962142944,0.005360189825296402,0.5732564926147461,0.5957207083702087,-14.246320724487305,410000
353.9997253417969,624.428466796875,627.5257568359375,178.99630737304688,-633.2451782226562,-623.8055419921875,-12.487074851989746,3.0474061965942383,0.053293392062187195,0.026994414627552032,0.36409616470336914,0.005602680612355471,0.5801599025726318,0.5869485139846802,-14.073446273803711,411000
467.5338134765625,624.157958984375,625.2531127929688,207.01455688476562,-633.6278686523438,-624.215087890625,-12.389172554016113,2.976360321044922,0.054627083241939545,0.19386473298072815,0.36820679903030396,0.005099122412502766,0.5801650285720825,0.5760192275047302,-13.591020584106445,412000
134.7249298095703,626.0030517578125,628.309326171875,615.641845703125,-634.82861328125,-624.8060913085938,-13.071880340576172,3.0493640899658203,0.052877482026815414,-0.08695022761821747,0.36544013023376465,0.004613015800714493,0.6166443824768066,0.6007204651832581,-14.560047149658203,413000
8.573674201965332,626.0950317382812,628.71435546875,606.9722290039062,-634.8888549804688,-624.8504028320312,-13.220614433288574,3.1822144985198975,0.05283231660723686,-0.09689919650554657,0.3647838234901428,0.004394868388772011,0.6306498050689697,0.606613278388977,-14.599922180175781,414000
1419.02587890625,622.4598388671875,628.5372314453125,45.281532287597656,-629.5731811523438,-620.3077392578125,-12.293153762817383,3.0276994705200195,0.060183145105838776,-0.042118217796087265,0.358780175447464,0.005186071619391441,0.57865971326828,0.5817679762840271,-13.806756019592285,415000
6.115903377532959,625.2620849609375,627.6339111328125,610.0057983398438,-633.9501342773438,-624.2178955078125,-12.978752136230469,3.2465333938598633,0.04861361160874367,-0.045164093375205994,0.3669464886188507,0.0049936892464756966,0.5942769050598145,0.6134805083274841,-14.851739883422852,416000
8.521993637084961,624.4343872070312,627.2368774414062,601.935546875,-632.6552734375,-623.0294189453125,-12.870035171508789,3.244178533554077,0.04919585958123207,-0.14673136174678802,0.3663012385368347,0.0038011018186807632,0.5941325426101685,0.6089884042739868,-14.671531677246094,417000
14.18905258178711,625.5084228515625,628.2598876953125,593.4820556640625,-634.3301391601562,-624.6212158203125,-12.698202133178711,2.989269495010376,0.05558723583817482,0.2046481966972351,0.36099377274513245,0.0058993129059672356,0.5987470149993896,0.5812857151031494,-13.846057891845703,418000
7.77475118637085,625.024169921875,625.5393676757812,615.9041137695312,-634.4456787109375,-624.7581787109375,-12.82424545288086,3.136711359024048,0.05126455798745155,0.05879555642604828,0.3619658946990967,0.004281689412891865,0.5955536961555481,0.5984160900115967,-14.355358123779297,419000
10.642912864685059,627.5570068359375,629.5729370117188,567.2145385742188,-636.5511474609375,-626.729736328125,-12.656042098999023,2.8346524238586426,0.055519137531518936,0.12490905076265335,0.35078397393226624,0.0049114348366856575,0.5955994129180908,0.5877295732498169,-14.053882598876953,420000
73.5933837890625,629.049072265625,631.3880004882812,572.7677612304688,-637.474609375,-627.8456420898438,-12.441405296325684,2.8124144077301025,0.057973094284534454,0.24071501195430756,0.36528193950653076,0.005042951088398695,0.5856305956840515,0.582768976688385,-13.89590072631836,421000
278.0869445800781,628.880126953125,631.3173828125,248.2487030029297,-637.544921875,-627.66845703125,-12.876871109008789,3.000413179397583,0.05601666867733002,0.12695415318012238,0.36346206068992615,0.007944587618112564,0.6180646419525146,0.5839468240737915,-13.810014724731445,422000
5.869624137878418,630.3695678710938,631.6171875,623.8143310546875,-639.7396240234375,-629.7603759765625,-13.242107391357422,3.262863874435425,0.05129191651940346,-0.18673886358737946,0.35517263412475586,0.006716213189065456,0.6154480576515198,0.611697793006897,-14.842597961425781,423000
4.338619232177734,631.8237915039062,634.1770629882812,621.3609008789062,-640.386962890625,-630.978759765625,-12.426898002624512,3.018665313720703,0.05337884649634361,0.045850735157728195,0.35740363597869873,0.006041559390723705,0.5667816400527954,0.5938594341278076,-14.25517463684082,424000
139.3194122314453,631.182373046875,634.2976684570312,270.2350769042969,-639.1060180664062,-630.0357666015625,-12.202581405639648,3.132341146469116,0.0575561486184597,-0.08219647407531738,0.35426852107048035,0.00538029707968235,0.5611621737480164,0.5829687714576721,-13.932924270629883,425000
490.9795227050781,631.8597412109375,634.6859741210938,150.3168487548828,-640.2816162109375,-630.58642578125,-12.717735290527344,3.022548198699951,0.05516700819134712,0.0452517569065094,0.36039790511131287,0.004735902883112431,0.5964443683624268,0.5942099094390869,-14.147226333618164,426000
6.833116054534912,632.5975341796875,634.5560302734375,625.501708984375,-641.8408203125,-631.960205078125,-12.96483039855957,3.0842156410217285,0.04958368092775345,-0.14610594511032104,0.3612646162509918,0.0038907313719391823,0.6015864610671997,0.6036415100097656,-14.510346412658691,427000
4.752182483673096,634.348388671875,636.61962890625,630.1859741210938,-643.120849609375,-633.3485107421875,-12.58365249633789,2.811366081237793,0.05314270034432411,0.1284283548593521,0.35591357946395874,0.0041381604969501495,0.5963195562362671,0.5841308832168579,-13.891854286193848,428000
4.467402458190918,635.0409545898438,637.0241088867188,628.8487548828125,-643.9190063476562,-634.3797607421875,-12.64481258392334,3.1055877208709717,0.05510292202234268,0.2147214412689209,0.3565085530281067,0.00515866931527853,0.5866446495056152,0.5860974192619324,-14.080652236938477,429000
5.292481422424316,636.2081298828125,638.1739501953125,630.0576171875,-645.11767578125,-635.2452392578125,-12.962770462036133,3.0903592109680176,0.050886791199445724,-0.05329587683081627,0.35052886605262756,0.004188773222267628,0.6014379262924194,0.6043527126312256,-14.607745170593262,430000
5.676969528198242,637.88134765625,640.2301635742188,634.9959716796875,-646.916015625,-637.0659790039062,-12.863517761230469,3.0134642124176025,0.05372117459774017,0.08939435333013535,0.3577422499656677,0.004322039894759655,0.5985826253890991,0.59807288646698,-14.384936332702637,431000
828.9720458984375,638.2793579101562,641.7415161132812,134.3638458251953,-646.0950317382812,-636.6065063476562,-12.73049545288086,3.2419636249542236,0.05542099475860596,-0.05774044618010521,0.3534383773803711,0.005203602369874716,0.5979432463645935,0.5925875902175903,-14.280425071716309,432000
4.573397636413574,639.650390625,642.102294921875,630.3953857421875,-648.6525268554688,-638.8004150390625,-12.625718116760254,2.773643970489502,0.05607185140252113,0.1404394805431366,0.3555419147014618,0.005677632987499237,0.6022619009017944,0.5743780136108398,-13.536288261413574,433000
4.6822428703308105,639.8993530273438,642.108642578125,633.5231323242188,-648.996337890625,-639.0086059570312,-12.871033668518066,2.8832950592041016,0.05461319163441658,-0.026644455268979073,0.3573705554008484,0.004621068947017193,0.6092090606689453,0.5959100127220154,-14.298550605773926,434000
7.749156951904297,639.7991943359375,642.080810546875,625.2662353515625,-648.6510620117188,-638.9635009765625,-12.5811767578125,2.8936142921447754,0.055128201842308044,0.1016712486743927,0.3545722961425781,0.004373129457235336,0.5849162340164185,0.5863959193229675,-13.932987213134766,435000
801.3876953125,639.0162353515625,642.511962890625,41.10024642944336,-647.8076782226562,-638.1260986328125,-12.838180541992188,3.1566245555877686,0.05206557363271713,-0.08298099786043167,0.3525260388851166,0.0063093435019254684,0.5892794132232666,0.6037386655807495,-14.541471481323242,436000
5.7315144538879395,641.4560546875,643.3796997070312,617.2891845703125,-650.7354736328125,-640.7085571289062,-13.150108337402344,3.12319278717041,0.052164409309625626,-0.21540336310863495,0.3542047441005707,0.00616451958194375,0.6096975803375244,0.610723614692688,-14.904776573181152,437000
6.688904285430908,641.8654174804688,644.2845458984375,613.4947509765625,-650.7637939453125,-641.022216796875,-12.601724624633789,2.8601889610290527,0.05443606525659561,0.012665691785514355,0.3474801480770111,0.005115969106554985,0.5897406935691833,0.5914570093154907,-14.057222366333008,438000
4.593257904052734,643.390869140625,645.767578125,636.8960571289062,-652.2577514648438,-642.58984375,-12.723564147949219,3.0556774139404297,0.052356455475091934,-0.13026981055736542,0.3589191436767578,0.0044074347242712975,0.588212251663208,0.6053371429443359,-14.556814193725586,439000
13.668597221374512,644.26806640625,646.751220703125,546.9152221679688,-653.3317260742188,-643.7213745117188,-12.560855865478516,2.9505198001861572,0.054661378264427185,0.10674900561571121,0.35189589858055115,0.004121233243495226,0.586492657661438,0.5887766480445862,-14.094008445739746,440000
75.07606506347656,644.6207275390625,645.0328369140625,519.8548583984375,-653.9901733398438,-644.60546875,-12.520986557006836,3.1363184452056885,0.0536608062684536,-0.06830471754074097,0.3585338890552521,0.006021425593644381,0.5795514583587646,0.5929857492446899,-14.269458770751953,441000
7.151459693908691,647.1195068359375,648.7423706054688,645.4807739257812,-655.4034423828125,-645.8814086914062,-12.31541633605957,2.793408155441284,0.05317654088139534,0.10297703742980957,0.3443216383457184,0.004430924076586962,0.5830219984054565,0.5789271593093872,-13.806550025939941,442000
3.896998643875122,647.3751220703125,649.0484008789062,640.5442504882812,-656.5270385742188,-646.6249389648438,-12.841171264648438,2.939079761505127,0.05634891986846924,-0.09641364216804504,0.3537498712539673,0.00508274557068944,0.6037460565567017,0.6019273996353149,-14.477615356445312,443000
829.128173828125,646.9339599609375,649.9415283203125,16.170997619628906,-655.6849975585938,-645.8241577148438,-12.802456855773926,2.9415812492370605,0.0602668933570385,0.08592110127210617,0.3548653721809387,0.008366749621927738,0.6178444027900696,0.5812157392501831,-13.834192276000977,444000
1766.4691162109375,645.9728393554688,649.447998046875,3.875178813934326,-652.8499145507812,-642.8303833007812,-13.073351860046387,3.053837537765503,0.05231185629963875,-0.011052912101149559,0.3610500395298004,0.004182491451501846,0.6141654253005981,0.6029852628707886,-14.434284210205078,445000
825.3158569335938,647.83740234375,650.4699096679688,94.175048828125,-656.1499633789062,-646.4388427734375,-12.904767990112305,3.193673849105835,0.053672272711992264,-0.13952377438545227,0.35079172253608704,0.006580251269042492,0.6024672985076904,0.5976347327232361,-14.291093826293945,446000
4.178884983062744,649.2409057617188,651.1609497070312,644.706298828125,-658.158203125,-648.4189453125,-12.819866180419922,3.0806140899658203,0.05001428723335266,-0.06859611719846725,0.3490963578224182,0.005021486431360245,0.587477445602417,0.6023073196411133,-14.44778060913086,447000
5.481778144836426,650.1126708984375,652.3572998046875,644.5169677734375,-658.6715087890625,-649.1459350585938,-12.554780960083008,3.0292367935180664,0.05110448971390724,-0.09579717367887497,0.3451075851917267,0.005592361092567444,0.5790625810623169,0.6004822254180908,-14.338294982910156,448000
94.32295227050781,652.136474609375,653.8927001953125,641.625244140625,-660.628173828125,-651.1358642578125,-12.270853996276855,2.7785704135894775,0.05683838576078415,0.040355682373046875,0.34724798798561096,0.004441352561116219,0.5706667900085449,0.5823208689689636,-13.886612892150879,449000
1213.142578125,652.7227172851562,655.146728515625,450.6578674316406,-661.0462036132812,-651.0037841796875,-12.9713134765625,2.928886651992798,0.053374093025922775,0.004181639291346073,0.34897923469543457,0.006810449995100498,0.6178007125854492,0.5928162336349487,-14.173490524291992,450000
894.0247802734375,652.53564453125,655.5426635742188,194.64749145507812,-660.631103515625,-651.0728759765625,-12.562500953674316,3.004295825958252,0.055800192058086395,0.008963589556515217,0.3491387367248535,0.004444196820259094,0.5954567790031433,0.5888680219650269,-13.943015098571777,451000
6.147751331329346,653.0780029296875,653.5463256835938,648.5218505859375,-662.2886962890625,-652.5617065429688,-12.70938491821289,2.9823975563049316,0.05132715776562691,0.023950323462486267,0.3452341854572296,0.004148009233176708,0.5922590494155884,0.6032854318618774,-14.433063507080078,452000
5.717933654785156,655.2590942382812,657.3289794921875,638.7345581054688,-664.0426635742188,-654.187255859375,-12.771434783935547,2.9160044193267822,0.0535610057413578,0.0647190511226654,0.33719444274902344,0.003965736832469702,0.598314642906189,0.5966349840164185,-14.293717384338379,453000
5.132437705993652,655.704833984375,656.9949340820312,648.038818359375,-665.0410766601562,-655.0794067382812,-12.90917682647705,2.9475178718566895,0.050907034426927567,-0.03708334639668465,0.34261083602905273,0.004523330833762884,0.602347731590271,0.6024641990661621,-14.541702270507812,454000
20.74045181274414,657.1282958984375,658.744384765625,649.9471435546875,-665.8837890625,-656.2235107421875,-12.506818771362305,2.8465280532836914,0.05413181707262993,0.0735582634806633,0.34616440534591675,0.005200954619795084,0.5893292427062988,0.5882435441017151,-14.013799667358398,455000
4.558791160583496,657.1441040039062,658.9342041015625,650.4421997070312,-666.0958862304688,-656.3021240234375,-12.639097213745117,2.8453595638275146,0.05196208134293556,0.11662939935922623,0.3456280827522278,0.004632921889424324,0.600101113319397,0.5886099338531494,-14.006587982177734,456000
4.836531639099121,658.5618896484375,660.3089599609375,650.6541748046875,-667.595703125,-657.7966918945312,-12.657705307006836,2.8587286472320557,0.05262753739953041,0.15310350060462952,0.34419915080070496,0.004648926667869091,0.591800332069397,0.5943777561187744,-14.19174575805664,457000
246.0497589111328,658.35400390625,660.6881103515625,255.57077026367188,-667.6624755859375,-657.828857421875,-12.774084091186523,2.940467119216919,0.053896915167570114,-0.09063830971717834,0.3457319140434265,0.0038110343739390373,0.6023246049880981,0.5956449508666992,-14.215570449829102,458000
838.8502807617188,658.049560546875,660.530517578125,47.942020416259766,-665.563232421875,-656.0628662109375,-12.387142181396484,2.8867557048797607,0.0538458414375782,0.053663548082113266,0.34250906109809875,0.005625326186418533,0.5765887498855591,0.5893995761871338,-14.087125778198242,459000
1045.8470458984375,658.537841796875,662.0993041992188,194.865478515625,-666.8057861328125,-656.9834594726562,-12.898538589477539,3.0762178897857666,0.05968961864709854,-0.27938199043273926,0.34038493037223816,0.005189253017306328,0.608736515045166,0.5923681259155273,-14.277978897094727,460000
4.721264839172363,660.708740234375,662.8070678710938,650.3663940429688,-669.4163818359375,-659.7564697265625,-12.563802719116211,2.9038779735565186,0.052850667387247086,0.09762456268072128,0.34102556109428406,0.004454469308257103,0.583591103553772,0.5927358865737915,-14.249427795410156,461000
4.562323093414307,661.1316528320312,662.9452514648438,651.3541870117188,-670.3436889648438,-660.3409423828125,-12.951594352722168,2.9488322734832764,0.05273494869470596,-0.06974833458662033,0.3418160676956177,0.0049568889662623405,0.607426643371582,0.5968871116638184,-14.385786056518555,462000
4.7907280921936035,660.951904296875,661.88037109375,657.8023681640625,-670.0083618164062,-660.4607543945312,-12.381622314453125,2.8340394496917725,0.05509120598435402,0.039178475737571716,0.34022510051727295,0.005605471786111593,0.575263261795044,0.5856260061264038,-13.950977325439453,463000
1081.589599609375,659.578125,663.0784301757812,80.91399383544922,-666.7898559570312,-657.245361328125,-12.548210144042969,3.003736734390259,0.06034468114376068,-0.31109610199928284,0.34259575605392456,0.005665510892868042,0.5894215106964111,0.591856062412262,-14.015544891357422,464000
4.3148193359375,661.5479736328125,663.66162109375,656.536865234375,-670.40478515625,-660.6337890625,-12.662302017211914,2.8913066387176514,0.052894044667482376,0.0020803003571927547,0.34837374091148376,0.003521283622831106,0.600853443145752,0.5910389423370361,-14.018769264221191,465000
3.9006457328796387,662.1649780273438,663.6690673828125,657.3643798828125,-671.5012817382812,-661.5593872070312,-12.925248146057129,2.9833173751831055,0.051209427416324615,-0.03236614167690277,0.33777299523353577,0.00423892866820097,0.5949613451957703,0.6071414351463318,-14.56852912902832,466000
1084.9072265625,661.5294189453125,663.6791381835938,380.983154296875,-670.1954956054688,-660.3959350585938,-13.005470275878906,3.20590877532959,0.04963909089565277,-0.08043844252824783,0.3415832817554474,0.00460386648774147,0.6011927723884583,0.6058651208877563,-14.625600814819336,467000
846.5108642578125,661.8218383789062,664.8827514648438,8.047143936157227,-669.3994140625,-659.7584228515625,-12.551146507263184,2.910177707672119,0.05673186853528023,-0.06269826740026474,0.34235769510269165,0.004070152062922716,0.58650803565979,0.5928575992584229,-14.113601684570312,468000
97.67870330810547,661.9552001953125,665.3323364257812,406.3425598144531,-670.1727294921875,-660.853515625,-12.160748481750488,2.8415281772613525,0.054197922348976135,0.09581878781318665,0.342398077249527,0.004547956865280867,0.5798388719558716,0.5734411478042603,-13.406365394592285,469000
8.819948196411133,661.4230346679688,662.9066162109375,652.39404296875,-670.5332641601562,-660.5399169921875,-12.945489883422852,2.9521396160125732,0.05258118733763695,0.08380799740552902,0.3349969685077667,0.003977188840508461,0.6056036949157715,0.6027418375015259,-14.486135482788086,470000
595.140380859375,659.124267578125,663.9848022460938,191.96685791015625,-667.0892944335938,-658.18798828125,-11.797085762023926,2.895749568939209,0.06190112233161926,0.11737401783466339,0.3416191041469574,0.004462946206331253,0.548208475112915,0.5675047636032104,-13.346367835998535,471000
5.824628829956055,660.2402954101562,662.7966918945312,647.885009765625,-669.3402099609375,-659.1412963867188,-13.17536735534668,2.976433038711548,0.05109993740916252,-0.017107535153627396,0.33897849917411804,0.004291971679776907,0.6261374354362488,0.608625054359436,-14.592557907104492,472000
8.106386184692383,657.6190795898438,660.5344848632812,639.3764038085938,-666.4856567382812,-656.456787109375,-12.85018539428711,2.8212692737579346,0.052340298891067505,0.029642153531312943,0.3367128074169159,0.004536949098110199,0.6082643270492554,0.5924816727638245,-14.084163665771484,473000
10.20811653137207,656.1619262695312,659.4268798828125,633.6417236328125,-664.5248413085938,-654.8137817382812,-12.700523376464844,2.989454746246338,0.0509786531329155,-0.10763201862573624,0.3404630720615387,0.004571167752146721,0.5889933705329895,0.6070414781570435,-14.594844818115234,474000
10.905197143554688,655.0338745117188,657.14111328125,631.9992065429688,-663.968505859375,-653.9322509765625,-12.910196304321289,2.8739848136901855,0.05182525888085365,-0.07245107740163803,0.3373364806175232,0.004441268742084503,0.6038076877593994,0.6094567775726318,-14.713651657104492,475000
1786.7999267578125,653.56103515625,658.7122802734375,27.919322967529297,-662.1819458007812,-652.558837890625,-12.66851806640625,3.04539155960083,0.05707477778196335,-0.24806831777095795,0.3341308832168579,0.004136477597057819,0.599780797958374,0.5950092673301697,-14.175090789794922,476000
654.1271362304688,656.6748046875,659.3363647460938,347.10833740234375,-664.8334350585938,-655.1613159179688,-12.644939422607422,2.972809314727783,0.05672553554177284,-0.19467610120773315,0.3365876376628876,0.005558457225561142,0.5851802825927734,0.6004802584648132,-14.429536819458008,477000
3.8074512481689453,657.3966674804688,659.1460571289062,649.8942260742188,-666.4972534179688,-656.6727905273438,-12.86795425415039,3.043511390686035,0.04866595193743706,-0.02824835479259491,0.33528926968574524,0.004797930829226971,0.5937823057174683,0.5992695689201355,-14.455902099609375,478000
4.870255470275879,658.2431030273438,659.9680786132812,652.7486572265625,-667.3626708984375,-657.4930419921875,-12.564769744873047,2.6951534748077393,0.05605705454945564,0.12245041131973267,0.34020766615867615,0.004591507837176323,0.5949053168296814,0.5861614942550659,-13.972704887390137,479000
165.42373657226562,658.083251953125,660.0951538085938,272.27880859375,-667.3597412109375,-657.3778076171875,-12.884239196777344,2.9022772312164307,0.05370459705591202,-0.07904895395040512,0.33783429861068726,0.004144551232457161,0.6151797771453857,0.596858024597168,-14.183572769165039,480000
6.024508476257324,659.989990234375,662.2110595703125,647.8460083007812,-668.8252563476562,-658.9884643554688,-12.610063552856445,2.7732551097869873,0.0542287677526474,0.00876748375594616,0.33183419704437256,0.0037528479006141424,0.5838916301727295,0.6021743416786194,-14.42364501953125,481000
4.481714248657227,661.5416259765625,663.18115234375,656.912353515625,-670.6233520507812,-660.792724609375,-12.741519927978516,2.91086745262146,0.05225607380270958,-0.09986131638288498,0.3332674205303192,0.005229261238127947,0.5961090326309204,0.5994787812232971,-14.435723304748535,482000
4.668337821960449,662.8698120117188,664.4452514648438,653.2024536132812,-672.305908203125,-662.3262329101562,-12.731361389160156,2.7516932487487793,0.055413879454135895,-0.0559224896132946,0.32922613620758057,0.004596307873725891,0.609107494354248,0.5850121974945068,-13.957740783691406,483000
1081.273193359375,662.551025390625,665.1231689453125,351.54437255859375,-671.4509887695312,-662.137939453125,-11.986734390258789,2.673691987991333,0.0583612434566021,0.2545667290687561,0.33857399225234985,0.005723091773688793,0.5671632289886475,0.5632691383361816,-13.173644065856934,484000
5.42610502243042,662.6867065429688,664.837158203125,651.2189331054688,-671.6116943359375,-661.7261962890625,-12.764249801635742,2.8787431716918945,0.053241029381752014,0.04491625353693962,0.335954874753952,0.0046860333532094955,0.6015663743019104,0.5930873155593872,-14.168316841125488,485000
395.3260192871094,661.4703369140625,665.1974487304688,33.25762176513672,-670.8690185546875,-660.9527587890625,-12.660273551940918,2.744013786315918,0.05675540864467621,-0.008758644573390484,0.33046725392341614,0.005391925107687712,0.6022379398345947,0.5831876397132874,-13.78915786743164,486000
174.7897491455078,663.1181030273438,665.224365234375,656.643798828125,-671.88232421875,-662.2948608398438,-12.303277969360352,2.7157986164093018,0.05744936689734459,-0.08232451230287552,0.3225310444831848,0.004912386182695627,0.5741665363311768,0.5811115503311157,-13.813304901123047,487000
4.80977725982666,663.8734741210938,666.0653686523438,656.4944458007812,-673.2598876953125,-663.2969970703125,-12.970809936523438,3.007927656173706,0.0510779544711113,-0.10780104994773865,0.33346080780029297,0.00499288784340024,0.605782151222229,0.6024589538574219,-14.459293365478516,488000
5.528631687164307,665.2125244140625,667.0869750976562,655.4254150390625,-674.1574096679688,-664.281494140625,-12.492807388305664,2.616879463195801,0.054181814193725586,0.16642624139785767,0.326151579618454,0.004390415735542774,0.5810844898223877,0.5869896411895752,-13.876798629760742,489000
4.579705238342285,665.9671020507812,667.6141967773438,660.0017700195312,-674.8145141601562,-665.23974609375,-12.542253494262695,2.9674580097198486,0.051980067044496536,0.030841073021292686,0.3367351293563843,0.0044572544284164906,0.579014778137207,0.5975630879402161,-14.336202621459961,490000
5.036565780639648,666.1795654296875,667.7385864257812,658.6530151367188,-675.5925903320312,-665.6538696289062,-12.784322738647461,2.8455684185028076,0.05365463346242905,-0.1338106393814087,0.33772578835487366,0.004104230552911758,0.5998928546905518,0.6048034429550171,-14.580718994140625,491000
4.426738262176514,666.6113891601562,668.4783935546875,663.46728515625,-675.4835815429688,-665.7901000976562,-12.484077453613281,2.790571451187134,0.049619290977716446,0.060261767357587814,0.327921986579895,0.0051611121743917465,0.5860928297042847,0.590156078338623,-14.079277038574219,492000
3.950357437133789,667.0318603515625,668.8480224609375,657.1027221679688,-676.1159057617188,-666.2806396484375,-12.59320068359375,2.7579076290130615,0.051685284823179245,0.13643357157707214,0.33133530616760254,0.004779155366122723,0.5932852029800415,0.5929047465324402,-14.065793991088867,493000
3.64022159576416,667.8017578125,669.7581176757812,663.0962524414062,-676.7012939453125,-667.0025634765625,-12.331798553466797,2.6330671310424805,0.05384732782840729,0.07613426446914673,0.32908540964126587,0.003667691722512245,0.5797502398490906,0.5823675394058228,-13.814570426940918,494000
863.8109130859375,667.043212890625,670.2730712890625,43.7004508972168,-676.4351196289062,-666.3624877929688,-12.888636589050293,2.8159632682800293,0.05514425411820412,-0.13944560289382935,0.32887405157089233,0.00629972480237484,0.6178207397460938,0.5915325880050659,-14.136614799499512,495000
5.696742057800293,667.9736938476562,670.0580444335938,662.1207885742188,-677.0634765625,-667.0572509765625,-12.972346305847168,2.966111421585083,0.052797093987464905,-0.05982807278633118,0.3298145830631256,0.004984506871551275,0.6142984628677368,0.5984841585159302,-14.332260131835938,496000
84.49138641357422,667.8527221679688,669.7803955078125,641.2501220703125,-676.2846069335938,-666.7300415039062,-12.375070571899414,2.820472240447998,0.05304240435361862,-0.0037363821174949408,0.3260002136230469,0.005193340592086315,0.5793300867080688,0.5913585424423218,-14.101053237915039,497000
6.268338203430176,668.805908203125,670.6556396484375,662.9056396484375,-677.6798706054688,-667.663818359375,-12.93245792388916,2.916377067565918,0.05120665952563286,-0.12591636180877686,0.32748958468437195,0.004810658283531666,0.6033918857574463,0.6005936861038208,-14.514568328857422,498000
958.005126953125,667.7562255859375,670.7943725585938,124.39734649658203,-676.5215454101562,-667.004150390625,-12.36328125,2.8459055423736572,0.057776156812906265,0.0735507681965828,0.3280990719795227,0.0049174027517437935,0.5903255343437195,0.5737691521644592,-13.569507598876953,499000
3.7549028396606445,669.9793090820312,671.9328002929688,663.4284057617188,-679.1670532226562,-669.3367919921875,-12.695704460144043,2.8654119968414307,0.049722567200660706,-0.07171577215194702,0.322909414768219,0.0037481719627976418,0.5961191058158875,0.602915346622467,-14.375941276550293,500000
